{"273":{"EquivalenDuplicateOf":"0","FuncName":"main","IRPosInFunc":[38],"SrcLoc":"src/false.c:80","Type":"@!ABS$@$"},"274":{"EquivalenDuplicateOf":"0","FuncName":"main","IRPosInFunc":[39],"SrcLoc":"src/false.c:80","Type":"RETURN_BREAK_CONTINUE!DELSTMT"},"275":{"EquivalenDuplicateOf":"0","FuncName":"main","IRPosInFunc":[39],"SrcLoc":"src/false.c:80","Type":"STMT!DELSTMT"},"276":{"EquivalenDuplicateOf":"0","FuncName":"main","IRPosInFunc":[38,39],"SrcLoc":"src/false.c:80","Type":"STMT!TRAPSTMT"},"277":{"EquivalenDuplicateOf":"0","FuncName":"main","IRPosInFunc":[37],"SrcLoc":"src/false.c:79","Type":"STMT!TRAPSTMT"},"278":{"EquivalenDuplicateOf":"259","FuncName":"main","IRPosInFunc":[33],"SrcLoc":"src/false.c:75","Type":"CALL!SHUFFLEARGS$2$"},"279":{"EquivalenDuplicateOf":"260","FuncName":"main","IRPosInFunc":[33],"SrcLoc":"src/false.c:75","Type":"CALL!SHUFFLEARGS$2$"},"280":{"EquivalenDuplicateOf":"261","FuncName":"main","IRPosInFunc":[33],"SrcLoc":"src/false.c:75","Type":"CALL!SHUFFLEARGS$2$"},"281":{"EquivalenDuplicateOf":"260","FuncName":"main","IRPosInFunc":[33],"SrcLoc":"src/false.c:75","Type":"CALL!SHUFFLEARGS$2$"},"282":{"EquivalenDuplicateOf":"262","FuncName":"main","IRPosInFunc":[33],"SrcLoc":"src/false.c:75","Type":"CALL!SHUFFLEARGS$2$"},"283":{"EquivalenDuplicateOf":"263","FuncName":"main","IRPosInFunc":[33],"SrcLoc":"src/false.c:75","Type":"CALL!SHUFFLEARGS$2$"},"284":{"EquivalenDuplicateOf":"264","FuncName":"main","IRPosInFunc":[33],"SrcLoc":"src/false.c:75","Type":"CALL!SHUFFLEARGS$2$"},"285":{"EquivalenDuplicateOf":"262","FuncName":"main","IRPosInFunc":[33],"SrcLoc":"src/false.c:75","Type":"CALL!SHUFFLEARGS$2$"},"286":{"EquivalenDuplicateOf":"263","FuncName":"main","IRPosInFunc":[33],"SrcLoc":"src/false.c:75","Type":"CALL!SHUFFLEARGS$2$"},"287":{"EquivalenDuplicateOf":"262","FuncName":"main","IRPosInFunc":[33],"SrcLoc":"src/false.c:75","Type":"CALL!SHUFFLEARGS$2$"},"288":{"EquivalenDuplicateOf":"265","FuncName":"main","IRPosInFunc":[33],"SrcLoc":"src/false.c:75","Type":"CALL!SHUFFLEARGS$2$"},"289":{"EquivalenDuplicateOf":"266","FuncName":"main","IRPosInFunc":[33],"SrcLoc":"src/false.c:75","Type":"CALL!SHUFFLEARGS$2$"},"290":{"EquivalenDuplicateOf":"267","FuncName":"main","IRPosInFunc":[33],"SrcLoc":"src/false.c:75","Type":"CALL!SHUFFLEARGS$2$"},"291":{"EquivalenDuplicateOf":"265","FuncName":"main","IRPosInFunc":[33],"SrcLoc":"src/false.c:75","Type":"CALL!SHUFFLEARGS$2$"},"292":{"EquivalenDuplicateOf":"266","FuncName":"main","IRPosInFunc":[33],"SrcLoc":"src/false.c:75","Type":"CALL!SHUFFLEARGS$2$"},"293":{"EquivalenDuplicateOf":"265","FuncName":"main","IRPosInFunc":[33],"SrcLoc":"src/false.c:75","Type":"CALL!SHUFFLEARGS$2$"},"294":{"EquivalenDuplicateOf":"259","FuncName":"main","IRPosInFunc":[33],"SrcLoc":"src/false.c:75","Type":"CALL!SHUFFLEARGS$2$"},"295":{"EquivalenDuplicateOf":"260","FuncName":"main","IRPosInFunc":[33],"SrcLoc":"src/false.c:75","Type":"CALL!SHUFFLEARGS$2$"},"296":{"EquivalenDuplicateOf":"261","FuncName":"main","IRPosInFunc":[33],"SrcLoc":"src/false.c:75","Type":"CALL!SHUFFLEARGS$2$"},"297":{"EquivalenDuplicateOf":"260","FuncName":"main","IRPosInFunc":[33],"SrcLoc":"src/false.c:75","Type":"CALL!SHUFFLEARGS$2$"},"298":{"EquivalenDuplicateOf":"262","FuncName":"main","IRPosInFunc":[33],"SrcLoc":"src/false.c:75","Type":"CALL!SHUFFLEARGS$2$"},"299":{"EquivalenDuplicateOf":"263","FuncName":"main","IRPosInFunc":[33],"SrcLoc":"src/false.c:75","Type":"CALL!SHUFFLEARGS$2$"},"300":{"EquivalenDuplicateOf":"262","FuncName":"main","IRPosInFunc":[33],"SrcLoc":"src/false.c:75","Type":"CALL!SHUFFLEARGS$2$"},"301":{"EquivalenDuplicateOf":"259","FuncName":"main","IRPosInFunc":[33],"SrcLoc":"src/false.c:75","Type":"CALL!SHUFFLEARGS$2$"},"302":{"EquivalenDuplicateOf":"260","FuncName":"main","IRPosInFunc":[33],"SrcLoc":"src/false.c:75","Type":"CALL!SHUFFLEARGS$2$"},"303":{"EquivalenDuplicateOf":"252","FuncName":"main","IRPosInFunc":[29],"SrcLoc":"src/false.c:74","Type":"EQ$@1$@2$!GE$@1$@2$"},"304":{"EquivalenDuplicateOf":"233","FuncName":"main","IRPosInFunc":[29],"SrcLoc":"src/false.c:74","Type":"EQ$@1$@2$!BITSHR$@1$@2$"},"305":{"EquivalenDuplicateOf":"235","FuncName":"main","IRPosInFunc":[29],"SrcLoc":"src/false.c:74","Type":"EQ$@1$@2$!LT$@1$@2$"},"306":{"EquivalenDuplicateOf":"235","FuncName":"main","IRPosInFunc":[29],"SrcLoc":"src/false.c:74","Type":"EQ$@1$@2$!DIV$@2$@1$"},"307":{"EquivalenDuplicateOf":"239","FuncName":"main","IRPosInFunc":[29],"SrcLoc":"src/false.c:74","Type":"EQ$@1$@2$!MOD$@1$@2$"},"308":{"EquivalenDuplicateOf":"235","FuncName":"main","IRPosInFunc":[29],"SrcLoc":"src/false.c:74","Type":"EQ$@1$@2$!BITSHR$@2$@1$"},"309":{"EquivalenDuplicateOf":"235","FuncName":"main","IRPosInFunc":[29],"SrcLoc":"src/false.c:74","Type":"EQ$@1$@2$!GT$@2$@1$"},"310":{"EquivalenDuplicateOf":"235","FuncName":"main","IRPosInFunc":[29],"SrcLoc":"src/false.c:74","Type":"EQ$@1$@2$!MOD$@2$@1$"},"311":{"EquivalenDuplicateOf":"233","FuncName":"main","IRPosInFunc":[29],"SrcLoc":"src/false.c:74","Type":"EQ$@1$@2$!BITSHR$@1$@2$"},"312":{"EquivalenDuplicateOf":"241","FuncName":"main","IRPosInFunc":[29],"SrcLoc":"src/false.c:74","Type":"EQ$@1$@2$!CONSTVAL$0$"},"313":{"EquivalenDuplicateOf":"245","FuncName":"main","IRPosInFunc":[29],"SrcLoc":"src/false.c:74","Type":"EQ$@1$@2$!SUB$@2$@1$"},"314":{"EquivalenDuplicateOf":"235","FuncName":"main","IRPosInFunc":[29],"SrcLoc":"src/false.c:74","Type":"EQ$@1$@2$!BITSHL$@2$@1$"},"315":{"EquivalenDuplicateOf":"233","FuncName":"main","IRPosInFunc":[29],"SrcLoc":"src/false.c:74","Type":"EQ$@1$@2$!BITXOR$@1$@2$"},"316":{"EquivalenDuplicateOf":"236","FuncName":"main","IRPosInFunc":[29],"SrcLoc":"src/false.c:74","Type":"EQ$@1$@2$!BITNOT$@2$"},"317":{"EquivalenDuplicateOf":"241","FuncName":"main","IRPosInFunc":[29],"SrcLoc":"src/false.c:74","Type":"EQ$@1$@2$!OPERAND$@2$"},"318":{"EquivalenDuplicateOf":"241","FuncName":"main","IRPosInFunc":[29],"SrcLoc":"src/false.c:74","Type":"EQ$@1$@2$!NEG$@2$"},"319":{"EquivalenDuplicateOf":"233","FuncName":"main","IRPosInFunc":[29],"SrcLoc":"src/false.c:74","Type":"EQ$@1$@2$!OPERAND$@1$"},"320":{"EquivalenDuplicateOf":"233","FuncName":"main","IRPosInFunc":[29],"SrcLoc":"src/false.c:74","Type":"EQ$@1$@2$!SUB$@1$@2$"},"321":{"EquivalenDuplicateOf":"233","FuncName":"main","IRPosInFunc":[29],"SrcLoc":"src/false.c:74","Type":"EQ$@1$@2$!ADD$@1$@2$"},"322":{"EquivalenDuplicateOf":"235","FuncName":"main","IRPosInFunc":[29],"SrcLoc":"src/false.c:74","Type":"EQ$@1$@2$!DIV$@2$@1$"},"323":{"EquivalenDuplicateOf":"233","FuncName":"main","IRPosInFunc":[29],"SrcLoc":"src/false.c:74","Type":"EQ$@1$@2$!NEQ$@1$@2$"},"324":{"EquivalenDuplicateOf":"235","FuncName":"main","IRPosInFunc":[29],"SrcLoc":"src/false.c:74","Type":"EQ$@1$@2$!BITSHR$@2$@1$"},"325":{"EquivalenDuplicateOf":"233","FuncName":"main","IRPosInFunc":[29],"SrcLoc":"src/false.c:74","Type":"EQ$@1$@2$!BITSHL$@1$@2$"},"326":{"EquivalenDuplicateOf":"235","FuncName":"main","IRPosInFunc":[29],"SrcLoc":"src/false.c:74","Type":"EQ$@1$@2$!MOD$@2$@1$"},"327":{"EquivalenDuplicateOf":"235","FuncName":"main","IRPosInFunc":[29],"SrcLoc":"src/false.c:74","Type":"EQ$@1$@2$!BITAND$@1$@2$"},"328":{"EquivalenDuplicateOf":"226","FuncName":"main","IRPosInFunc":[25],"SrcLoc":"src/false.c:74","Type":"P!PRIGHTINC$P$"},"329":{"EquivalenDuplicateOf":"220","FuncName":"main","IRPosInFunc":[26],"SrcLoc":"src/false.c:74","Type":"PADD$A1$@2$!OPERAND$A1$"},"330":{"EquivalenDuplicateOf":"220","FuncName":"main","IRPosInFunc":[26],"SrcLoc":"src/false.c:74","Type":"C!ADD$C$-1$"},"331":{"EquivalenDuplicateOf":"0","FuncName":"main","IRPosInFunc":[24],"SrcLoc":"src/false.c:72","Type":"STMT!TRAPSTMT"},"332":{"EquivalenDuplicateOf":"202","FuncName":"main","IRPosInFunc":[21],"SrcLoc":"src/false.c:71","Type":"EQ$@1$@2$!GE$@1$@2$"},"333":{"EquivalenDuplicateOf":"183","FuncName":"main","IRPosInFunc":[21],"SrcLoc":"src/false.c:71","Type":"EQ$@1$@2$!BITSHR$@1$@2$"},"334":{"EquivalenDuplicateOf":"185","FuncName":"main","IRPosInFunc":[21],"SrcLoc":"src/false.c:71","Type":"EQ$@1$@2$!LT$@1$@2$"},"335":{"EquivalenDuplicateOf":"185","FuncName":"main","IRPosInFunc":[21],"SrcLoc":"src/false.c:71","Type":"EQ$@1$@2$!DIV$@2$@1$"},"336":{"EquivalenDuplicateOf":"189","FuncName":"main","IRPosInFunc":[21],"SrcLoc":"src/false.c:71","Type":"EQ$@1$@2$!MOD$@1$@2$"},"337":{"EquivalenDuplicateOf":"185","FuncName":"main","IRPosInFunc":[21],"SrcLoc":"src/false.c:71","Type":"EQ$@1$@2$!BITSHR$@2$@1$"},"338":{"EquivalenDuplicateOf":"185","FuncName":"main","IRPosInFunc":[21],"SrcLoc":"src/false.c:71","Type":"EQ$@1$@2$!GT$@2$@1$"},"339":{"EquivalenDuplicateOf":"185","FuncName":"main","IRPosInFunc":[21],"SrcLoc":"src/false.c:71","Type":"EQ$@1$@2$!MOD$@2$@1$"},"340":{"EquivalenDuplicateOf":"183","FuncName":"main","IRPosInFunc":[21],"SrcLoc":"src/false.c:71","Type":"EQ$@1$@2$!BITSHR$@1$@2$"},"341":{"EquivalenDuplicateOf":"191","FuncName":"main","IRPosInFunc":[21],"SrcLoc":"src/false.c:71","Type":"EQ$@1$@2$!CONSTVAL$0$"},"342":{"EquivalenDuplicateOf":"195","FuncName":"main","IRPosInFunc":[21],"SrcLoc":"src/false.c:71","Type":"EQ$@1$@2$!SUB$@2$@1$"},"343":{"EquivalenDuplicateOf":"185","FuncName":"main","IRPosInFunc":[21],"SrcLoc":"src/false.c:71","Type":"EQ$@1$@2$!BITSHL$@2$@1$"},"344":{"EquivalenDuplicateOf":"183","FuncName":"main","IRPosInFunc":[21],"SrcLoc":"src/false.c:71","Type":"EQ$@1$@2$!BITXOR$@1$@2$"},"345":{"EquivalenDuplicateOf":"186","FuncName":"main","IRPosInFunc":[21],"SrcLoc":"src/false.c:71","Type":"EQ$@1$@2$!BITNOT$@2$"},"346":{"EquivalenDuplicateOf":"191","FuncName":"main","IRPosInFunc":[21],"SrcLoc":"src/false.c:71","Type":"EQ$@1$@2$!OPERAND$@2$"},"347":{"EquivalenDuplicateOf":"191","FuncName":"main","IRPosInFunc":[21],"SrcLoc":"src/false.c:71","Type":"EQ$@1$@2$!NEG$@2$"},"348":{"EquivalenDuplicateOf":"183","FuncName":"main","IRPosInFunc":[21],"SrcLoc":"src/false.c:71","Type":"EQ$@1$@2$!OPERAND$@1$"},"349":{"EquivalenDuplicateOf":"183","FuncName":"main","IRPosInFunc":[21],"SrcLoc":"src/false.c:71","Type":"EQ$@1$@2$!SUB$@1$@2$"},"350":{"EquivalenDuplicateOf":"183","FuncName":"main","IRPosInFunc":[21],"SrcLoc":"src/false.c:71","Type":"EQ$@1$@2$!ADD$@1$@2$"},"351":{"EquivalenDuplicateOf":"185","FuncName":"main","IRPosInFunc":[21],"SrcLoc":"src/false.c:71","Type":"EQ$@1$@2$!DIV$@2$@1$"},"352":{"EquivalenDuplicateOf":"183","FuncName":"main","IRPosInFunc":[21],"SrcLoc":"src/false.c:71","Type":"EQ$@1$@2$!NEQ$@1$@2$"},"353":{"EquivalenDuplicateOf":"185","FuncName":"main","IRPosInFunc":[21],"SrcLoc":"src/false.c:71","Type":"EQ$@1$@2$!BITSHR$@2$@1$"},"354":{"EquivalenDuplicateOf":"183","FuncName":"main","IRPosInFunc":[21],"SrcLoc":"src/false.c:71","Type":"EQ$@1$@2$!BITSHL$@1$@2$"},"355":{"EquivalenDuplicateOf":"185","FuncName":"main","IRPosInFunc":[21],"SrcLoc":"src/false.c:71","Type":"EQ$@1$@2$!MOD$@2$@1$"},"356":{"EquivalenDuplicateOf":"185","FuncName":"main","IRPosInFunc":[21],"SrcLoc":"src/false.c:71","Type":"EQ$@1$@2$!BITAND$@1$@2$"},"357":{"EquivalenDuplicateOf":"176","FuncName":"main","IRPosInFunc":[17],"SrcLoc":"src/false.c:71","Type":"P!PRIGHTINC$P$"},"358":{"EquivalenDuplicateOf":"170","FuncName":"main","IRPosInFunc":[18],"SrcLoc":"src/false.c:71","Type":"PADD$A1$@2$!OPERAND$A1$"},"359":{"EquivalenDuplicateOf":"170","FuncName":"main","IRPosInFunc":[18],"SrcLoc":"src/false.c:71","Type":"C!ADD$C$-1$"},"360":{"EquivalenDuplicateOf":"147","FuncName":"main","IRPosInFunc":[12],"SrcLoc":"src/false.c:64","Type":"A!CONSTVAL$0$"},"361":{"EquivalenDuplicateOf":"104","FuncName":"main","IRPosInFunc":[9],"SrcLoc":"src/false.c:61","Type":"EQ$@1$@2$!BITNOT$@2$"},"362":{"EquivalenDuplicateOf":"104","FuncName":"main","IRPosInFunc":[9],"SrcLoc":"src/false.c:61","Type":"EQ$@1$@2$!OPERAND$@2$"},"363":{"EquivalenDuplicateOf":"104","FuncName":"main","IRPosInFunc":[9],"SrcLoc":"src/false.c:61","Type":"EQ$@1$@2$!NEG$@2$"},"364":{"EquivalenDuplicateOf":"104","FuncName":"main","IRPosInFunc":[9],"SrcLoc":"src/false.c:61","Type":"EQ$@1$@2$!ABS$@2$"},"365":{"EquivalenDuplicateOf":"71","FuncName":"main","IRPosInFunc":[4],"SrcLoc":"","Type":"ASSIGN$V1$@2$!DIV$@2$V1$"},"366":{"EquivalenDuplicateOf":"71","FuncName":"main","IRPosInFunc":[4],"SrcLoc":"","Type":"ASSIGN$V1$@2$!MOD$V1$@2$"},"367":{"EquivalenDuplicateOf":"71","FuncName":"main","IRPosInFunc":[4],"SrcLoc":"","Type":"ASSIGN$V1$@2$!BITSHR$@2$V1$"},"368":{"EquivalenDuplicateOf":"71","FuncName":"main","IRPosInFunc":[4],"SrcLoc":"","Type":"ASSIGN$V1$@2$!DIV$V1$@2$"},"369":{"EquivalenDuplicateOf":"71","FuncName":"main","IRPosInFunc":[4],"SrcLoc":"","Type":"ASSIGN$V1$@2$!BITSHR$V1$@2$"},"370":{"EquivalenDuplicateOf":"71","FuncName":"main","IRPosInFunc":[4],"SrcLoc":"","Type":"ASSIGN$V1$@2$!MOD$@2$V1$"},"371":{"EquivalenDuplicateOf":"71","FuncName":"main","IRPosInFunc":[4],"SrcLoc":"","Type":"ASSIGN$V1$@2$!DIV$@2$V1$"},"372":{"EquivalenDuplicateOf":"70","FuncName":"main","IRPosInFunc":[4],"SrcLoc":"","Type":"ASSIGN$V1$@2$!BITNOT$@2$"},"373":{"EquivalenDuplicateOf":"70","FuncName":"main","IRPosInFunc":[4],"SrcLoc":"","Type":"ASSIGN$V1$@2$!OPERAND$@2$"},"374":{"EquivalenDuplicateOf":"71","FuncName":"main","IRPosInFunc":[4],"SrcLoc":"","Type":"ASSIGN$V1$@2$!MOD$V1$@2$"},"375":{"EquivalenDuplicateOf":"71","FuncName":"main","IRPosInFunc":[4],"SrcLoc":"","Type":"ASSIGN$V1$@2$!BITSHR$@2$V1$"},"376":{"EquivalenDuplicateOf":"71","FuncName":"main","IRPosInFunc":[4],"SrcLoc":"","Type":"ASSIGN$V1$@2$!SUB$V1$@2$"},"377":{"EquivalenDuplicateOf":"71","FuncName":"main","IRPosInFunc":[4],"SrcLoc":"","Type":"ASSIGN$V1$@2$!SUB$@2$V1$"},"378":{"EquivalenDuplicateOf":"71","FuncName":"main","IRPosInFunc":[4],"SrcLoc":"","Type":"ASSIGN$V1$@2$!DIV$V1$@2$"},"379":{"EquivalenDuplicateOf":"71","FuncName":"main","IRPosInFunc":[4],"SrcLoc":"","Type":"ASSIGN$V1$@2$!MUL$V1$@2$"},"380":{"EquivalenDuplicateOf":"71","FuncName":"main","IRPosInFunc":[4],"SrcLoc":"","Type":"ASSIGN$V1$@2$!BITSHR$V1$@2$"},"381":{"EquivalenDuplicateOf":"70","FuncName":"main","IRPosInFunc":[4],"SrcLoc":"","Type":"ASSIGN$V1$@2$!CONSTVAL$0$"},"382":{"EquivalenDuplicateOf":"71","FuncName":"main","IRPosInFunc":[4],"SrcLoc":"","Type":"ASSIGN$V1$@2$!NEG$V1$"},"383":{"EquivalenDuplicateOf":"71","FuncName":"main","IRPosInFunc":[4],"SrcLoc":"","Type":"ASSIGN$V1$@2$!BITXOR$V1$@2$"},"384":{"EquivalenDuplicateOf":"70","FuncName":"main","IRPosInFunc":[4],"SrcLoc":"","Type":"ASSIGN$V1$@2$!CONSTVAL$1$"},"385":{"EquivalenDuplicateOf":"71","FuncName":"main","IRPosInFunc":[4],"SrcLoc":"","Type":"ASSIGN$V1$@2$!BITSHL$V1$@2$"},"386":{"EquivalenDuplicateOf":"71","FuncName":"main","IRPosInFunc":[4],"SrcLoc":"","Type":"ASSIGN$V1$@2$!BITSHL$@2$V1$"},"387":{"EquivalenDuplicateOf":"71","FuncName":"main","IRPosInFunc":[4],"SrcLoc":"","Type":"ASSIGN$V1$@2$!BITAND$V1$@2$"},"388":{"EquivalenDuplicateOf":"70","FuncName":"main","IRPosInFunc":[4],"SrcLoc":"","Type":"ASSIGN$V1$@2$!NEG$@2$"},"389":{"EquivalenDuplicateOf":"71","FuncName":"main","IRPosInFunc":[4],"SrcLoc":"","Type":"ASSIGN$V1$@2$!BITNOT$V1$"},"390":{"EquivalenDuplicateOf":"71","FuncName":"main","IRPosInFunc":[4],"SrcLoc":"","Type":"ASSIGN$V1$@2$!ADD$V1$@2$"},"391":{"EquivalenDuplicateOf":"70","FuncName":"main","IRPosInFunc":[4],"SrcLoc":"","Type":"ASSIGN$V1$@2$!OPERAND$V1$"},"392":{"EquivalenDuplicateOf":"71","FuncName":"main","IRPosInFunc":[4],"SrcLoc":"","Type":"ASSIGN$V1$@2$!MOD$@2$V1$"},"393":{"EquivalenDuplicateOf":"51","FuncName":"main","IRPosInFunc":[3],"SrcLoc":"","Type":"ASSIGN$V1$@2$!DIV$@2$V1$"},"394":{"EquivalenDuplicateOf":"51","FuncName":"main","IRPosInFunc":[3],"SrcLoc":"","Type":"ASSIGN$V1$@2$!GT$@2$V1$"},"395":{"EquivalenDuplicateOf":"51","FuncName":"main","IRPosInFunc":[3],"SrcLoc":"","Type":"ASSIGN$V1$@2$!MOD$V1$@2$"},"396":{"EquivalenDuplicateOf":"51","FuncName":"main","IRPosInFunc":[3],"SrcLoc":"","Type":"ASSIGN$V1$@2$!BITSHR$@2$V1$"},"397":{"EquivalenDuplicateOf":"51","FuncName":"main","IRPosInFunc":[3],"SrcLoc":"","Type":"ASSIGN$V1$@2$!GE$V1$@2$"},"398":{"EquivalenDuplicateOf":"51","FuncName":"main","IRPosInFunc":[3],"SrcLoc":"","Type":"ASSIGN$V1$@2$!DIV$V1$@2$"},"399":{"EquivalenDuplicateOf":"51","FuncName":"main","IRPosInFunc":[3],"SrcLoc":"","Type":"ASSIGN$V1$@2$!BITSHR$V1$@2$"},"400":{"EquivalenDuplicateOf":"51","FuncName":"main","IRPosInFunc":[3],"SrcLoc":"","Type":"ASSIGN$V1$@2$!LT$V1$@2$"},"401":{"EquivalenDuplicateOf":"51","FuncName":"main","IRPosInFunc":[3],"SrcLoc":"","Type":"ASSIGN$V1$@2$!LE$@2$V1$"},"402":{"EquivalenDuplicateOf":"51","FuncName":"main","IRPosInFunc":[3],"SrcLoc":"","Type":"ASSIGN$V1$@2$!MOD$@2$V1$"},"403":{"EquivalenDuplicateOf":"51","FuncName":"main","IRPosInFunc":[3],"SrcLoc":"","Type":"ASSIGN$V1$@2$!DIV$@2$V1$"},"404":{"EquivalenDuplicateOf":"49","FuncName":"main","IRPosInFunc":[3],"SrcLoc":"","Type":"ASSIGN$V1$@2$!BITNOT$@2$"},"405":{"EquivalenDuplicateOf":"49","FuncName":"main","IRPosInFunc":[3],"SrcLoc":"","Type":"ASSIGN$V1$@2$!OPERAND$@2$"},"406":{"EquivalenDuplicateOf":"51","FuncName":"main","IRPosInFunc":[3],"SrcLoc":"","Type":"ASSIGN$V1$@2$!MOD$V1$@2$"},"407":{"EquivalenDuplicateOf":"51","FuncName":"main","IRPosInFunc":[3],"SrcLoc":"","Type":"ASSIGN$V1$@2$!BITSHR$@2$V1$"},"408":{"EquivalenDuplicateOf":"51","FuncName":"main","IRPosInFunc":[3],"SrcLoc":"","Type":"ASSIGN$V1$@2$!SUB$V1$@2$"},"409":{"EquivalenDuplicateOf":"51","FuncName":"main","IRPosInFunc":[3],"SrcLoc":"","Type":"ASSIGN$V1$@2$!SUB$@2$V1$"},"410":{"EquivalenDuplicateOf":"49","FuncName":"main","IRPosInFunc":[3],"SrcLoc":"","Type":"ASSIGN$V1$@2$!ABS$@2$"},"411":{"EquivalenDuplicateOf":"51","FuncName":"main","IRPosInFunc":[3],"SrcLoc":"","Type":"ASSIGN$V1$@2$!DIV$V1$@2$"},"412":{"EquivalenDuplicateOf":"51","FuncName":"main","IRPosInFunc":[3],"SrcLoc":"","Type":"ASSIGN$V1$@2$!MUL$V1$@2$"},"413":{"EquivalenDuplicateOf":"51","FuncName":"main","IRPosInFunc":[3],"SrcLoc":"","Type":"ASSIGN$V1$@2$!BITSHR$V1$@2$"},"414":{"EquivalenDuplicateOf":"49","FuncName":"main","IRPosInFunc":[3],"SrcLoc":"","Type":"ASSIGN$V1$@2$!CONSTVAL$0$"},"415":{"EquivalenDuplicateOf":"51","FuncName":"main","IRPosInFunc":[3],"SrcLoc":"","Type":"ASSIGN$V1$@2$!NEG$V1$"},"416":{"EquivalenDuplicateOf":"51","FuncName":"main","IRPosInFunc":[3],"SrcLoc":"","Type":"ASSIGN$V1$@2$!BITXOR$V1$@2$"},"417":{"EquivalenDuplicateOf":"49","FuncName":"main","IRPosInFunc":[3],"SrcLoc":"","Type":"ASSIGN$V1$@2$!CONSTVAL$1$"},"418":{"EquivalenDuplicateOf":"51","FuncName":"main","IRPosInFunc":[3],"SrcLoc":"","Type":"ASSIGN$V1$@2$!BITSHL$V1$@2$"},"419":{"EquivalenDuplicateOf":"51","FuncName":"main","IRPosInFunc":[3],"SrcLoc":"","Type":"ASSIGN$V1$@2$!BITSHL$@2$V1$"},"420":{"EquivalenDuplicateOf":"51","FuncName":"main","IRPosInFunc":[3],"SrcLoc":"","Type":"ASSIGN$V1$@2$!BITAND$V1$@2$"},"421":{"EquivalenDuplicateOf":"49","FuncName":"main","IRPosInFunc":[3],"SrcLoc":"","Type":"ASSIGN$V1$@2$!NEG$@2$"},"422":{"EquivalenDuplicateOf":"51","FuncName":"main","IRPosInFunc":[3],"SrcLoc":"","Type":"ASSIGN$V1$@2$!BITNOT$V1$"},"423":{"EquivalenDuplicateOf":"51","FuncName":"main","IRPosInFunc":[3],"SrcLoc":"","Type":"ASSIGN$V1$@2$!ADD$V1$@2$"},"424":{"EquivalenDuplicateOf":"50","FuncName":"main","IRPosInFunc":[3],"SrcLoc":"","Type":"ASSIGN$V1$@2$!OPERAND$V1$"},"425":{"EquivalenDuplicateOf":"0","FuncName":"usage","IRPosInFunc":[16],"SrcLoc":"src/false.c:54","Type":"STMT!TRAPSTMT"},"426":{"EquivalenDuplicateOf":"0","FuncName":"usage","IRPosInFunc":[15],"SrcLoc":"src/false.c:53","Type":"STMT!TRAPSTMT"},"427":{"EquivalenDuplicateOf":"0","FuncName":"usage","IRPosInFunc":[5],"SrcLoc":"src/false.c:40","Type":"CALL!SHUFFLEARGS$2$"},"428":{"EquivalenDuplicateOf":"27","FuncName":"usage","IRPosInFunc":[5],"SrcLoc":"src/false.c:40","Type":"CALL!SHUFFLEARGS$2$"},"429":{"EquivalenDuplicateOf":"0","FuncName":"usage","IRPosInFunc":[5],"SrcLoc":"src/false.c:40","Type":"CALL!SHUFFLEARGS$2$"},"430":{"EquivalenDuplicateOf":"3","FuncName":"usage","IRPosInFunc":[1],"SrcLoc":"","Type":"ASSIGN$V1$@2$!DIV$@2$V1$"},"431":{"EquivalenDuplicateOf":"3","FuncName":"usage","IRPosInFunc":[1],"SrcLoc":"","Type":"ASSIGN$V1$@2$!MOD$V1$@2$"},"432":{"EquivalenDuplicateOf":"3","FuncName":"usage","IRPosInFunc":[1],"SrcLoc":"","Type":"ASSIGN$V1$@2$!BITSHR$@2$V1$"},"433":{"EquivalenDuplicateOf":"3","FuncName":"usage","IRPosInFunc":[1],"SrcLoc":"","Type":"ASSIGN$V1$@2$!DIV$V1$@2$"},"434":{"EquivalenDuplicateOf":"3","FuncName":"usage","IRPosInFunc":[1],"SrcLoc":"","Type":"ASSIGN$V1$@2$!BITSHR$V1$@2$"},"435":{"EquivalenDuplicateOf":"3","FuncName":"usage","IRPosInFunc":[1],"SrcLoc":"","Type":"ASSIGN$V1$@2$!MOD$@2$V1$"},"436":{"EquivalenDuplicateOf":"3","FuncName":"usage","IRPosInFunc":[1],"SrcLoc":"","Type":"ASSIGN$V1$@2$!DIV$@2$V1$"},"437":{"EquivalenDuplicateOf":"2","FuncName":"usage","IRPosInFunc":[1],"SrcLoc":"","Type":"ASSIGN$V1$@2$!BITNOT$@2$"},"438":{"EquivalenDuplicateOf":"2","FuncName":"usage","IRPosInFunc":[1],"SrcLoc":"","Type":"ASSIGN$V1$@2$!OPERAND$@2$"},"439":{"EquivalenDuplicateOf":"3","FuncName":"usage","IRPosInFunc":[1],"SrcLoc":"","Type":"ASSIGN$V1$@2$!MOD$V1$@2$"},"440":{"EquivalenDuplicateOf":"3","FuncName":"usage","IRPosInFunc":[1],"SrcLoc":"","Type":"ASSIGN$V1$@2$!BITSHR$@2$V1$"},"441":{"EquivalenDuplicateOf":"3","FuncName":"usage","IRPosInFunc":[1],"SrcLoc":"","Type":"ASSIGN$V1$@2$!SUB$V1$@2$"},"442":{"EquivalenDuplicateOf":"3","FuncName":"usage","IRPosInFunc":[1],"SrcLoc":"","Type":"ASSIGN$V1$@2$!SUB$@2$V1$"},"443":{"EquivalenDuplicateOf":"3","FuncName":"usage","IRPosInFunc":[1],"SrcLoc":"","Type":"ASSIGN$V1$@2$!DIV$V1$@2$"},"444":{"EquivalenDuplicateOf":"3","FuncName":"usage","IRPosInFunc":[1],"SrcLoc":"","Type":"ASSIGN$V1$@2$!MUL$V1$@2$"},"445":{"EquivalenDuplicateOf":"3","FuncName":"usage","IRPosInFunc":[1],"SrcLoc":"","Type":"ASSIGN$V1$@2$!BITSHR$V1$@2$"},"446":{"EquivalenDuplicateOf":"2","FuncName":"usage","IRPosInFunc":[1],"SrcLoc":"","Type":"ASSIGN$V1$@2$!CONSTVAL$0$"},"447":{"EquivalenDuplicateOf":"3","FuncName":"usage","IRPosInFunc":[1],"SrcLoc":"","Type":"ASSIGN$V1$@2$!NEG$V1$"},"448":{"EquivalenDuplicateOf":"3","FuncName":"usage","IRPosInFunc":[1],"SrcLoc":"","Type":"ASSIGN$V1$@2$!BITXOR$V1$@2$"},"449":{"EquivalenDuplicateOf":"2","FuncName":"usage","IRPosInFunc":[1],"SrcLoc":"","Type":"ASSIGN$V1$@2$!CONSTVAL$1$"},"450":{"EquivalenDuplicateOf":"3","FuncName":"usage","IRPosInFunc":[1],"SrcLoc":"","Type":"ASSIGN$V1$@2$!BITSHL$V1$@2$"},"451":{"EquivalenDuplicateOf":"3","FuncName":"usage","IRPosInFunc":[1],"SrcLoc":"","Type":"ASSIGN$V1$@2$!BITSHL$@2$V1$"},"452":{"EquivalenDuplicateOf":"3","FuncName":"usage","IRPosInFunc":[1],"SrcLoc":"","Type":"ASSIGN$V1$@2$!BITAND$V1$@2$"},"453":{"EquivalenDuplicateOf":"2","FuncName":"usage","IRPosInFunc":[1],"SrcLoc":"","Type":"ASSIGN$V1$@2$!NEG$@2$"},"454":{"EquivalenDuplicateOf":"3","FuncName":"usage","IRPosInFunc":[1],"SrcLoc":"","Type":"ASSIGN$V1$@2$!BITNOT$V1$"},"455":{"EquivalenDuplicateOf":"3","FuncName":"usage","IRPosInFunc":[1],"SrcLoc":"","Type":"ASSIGN$V1$@2$!ADD$V1$@2$"},"456":{"EquivalenDuplicateOf":"2","FuncName":"usage","IRPosInFunc":[1],"SrcLoc":"","Type":"ASSIGN$V1$@2$!OPERAND$V1$"},"457":{"EquivalenDuplicateOf":"3","FuncName":"usage","IRPosInFunc":[1],"SrcLoc":"","Type":"ASSIGN$V1$@2$!MOD$@2$V1$"}}