{

    "186": ["202"],
    "69": ["92","94"],
    "100": ["104"],
    "241": ["235"],
    "227": ["232"],
    "31": ["26","35","38","41"],
    "236": ["252"],
    "73": ["78","77","72","71","75","76","82","83","79","80","70","81","74","88","85","90","87","89","91","86","84"],
    "1": ["24"],
    "50": ["51","54","56","53","55","52","58","62","59","57","64","60","63","65","61","66"],
    "191": ["185"],
    "5": ["19","16","6","18","9","3","12","7","8","2","13","14","11","10","17","4","15","21","20","23","22"]

}
