{"275":{"EquivalenDuplicateOf":"0","FuncName":"main","IRPosInFunc":[52],"SrcLoc":"src/logname.c:86","Type":"@!ABS$@$"},"276":{"EquivalenDuplicateOf":"0","FuncName":"main","IRPosInFunc":[53],"SrcLoc":"src/logname.c:86","Type":"RETURN_BREAK_CONTINUE!DELSTMT"},"277":{"EquivalenDuplicateOf":"0","FuncName":"main","IRPosInFunc":[53],"SrcLoc":"src/logname.c:86","Type":"STMT!DELSTMT"},"278":{"EquivalenDuplicateOf":"0","FuncName":"main","IRPosInFunc":[52,53],"SrcLoc":"src/logname.c:86","Type":"STMT!TRAPSTMT"},"279":{"EquivalenDuplicateOf":"0","FuncName":"main","IRPosInFunc":[51],"SrcLoc":"src/logname.c:85","Type":"STMT!TRAPSTMT"},"280":{"EquivalenDuplicateOf":"0","FuncName":"main","IRPosInFunc":[49],"SrcLoc":"src/logname.c:84","Type":"CALL!SHUFFLEARGS$2$"},"281":{"EquivalenDuplicateOf":"0","FuncName":"main","IRPosInFunc":[48],"SrcLoc":"src/logname.c:80","Type":"STMT!TRAPSTMT"},"282":{"EquivalenDuplicateOf":"0","FuncName":"main","IRPosInFunc":[39],"SrcLoc":"src/logname.c:72","Type":"STMT!TRAPSTMT"},"283":{"EquivalenDuplicateOf":"0","FuncName":"main","IRPosInFunc":[37],"SrcLoc":"src/logname.c:71","Type":"CALL!SHUFFLEARGS$2$"},"284":{"EquivalenDuplicateOf":"0","FuncName":"main","IRPosInFunc":[26],"SrcLoc":"src/logname.c:67","Type":"STMT!TRAPSTMT"},"285":{"EquivalenDuplicateOf":"155","FuncName":"main","IRPosInFunc":[23],"SrcLoc":"src/logname.c:66","Type":"C!ADD$C$1$"},"286":{"EquivalenDuplicateOf":"155","FuncName":"main","IRPosInFunc":[23],"SrcLoc":"src/logname.c:66","Type":"C!CONSTVAL$0$"},"287":{"EquivalenDuplicateOf":"159","FuncName":"main","IRPosInFunc":[23],"SrcLoc":"src/logname.c:66","Type":"NEQ$@1$@2$!GE$@2$@1$"},"288":{"EquivalenDuplicateOf":"159","FuncName":"main","IRPosInFunc":[23],"SrcLoc":"src/logname.c:66","Type":"NEQ$@1$@2$!LE$@1$@2$"},"289":{"EquivalenDuplicateOf":"152","FuncName":"main","IRPosInFunc":[23],"SrcLoc":"src/logname.c:66","Type":"NEQ$@1$@2$!LT$@2$@1$"},"290":{"EquivalenDuplicateOf":"152","FuncName":"main","IRPosInFunc":[23],"SrcLoc":"src/logname.c:66","Type":"NEQ$@1$@2$!GT$@1$@2$"},"291":{"EquivalenDuplicateOf":"158","FuncName":"main","IRPosInFunc":[23],"SrcLoc":"src/logname.c:66","Type":"NEQ$@1$@2$!BITSHR$@1$@2$"},"292":{"EquivalenDuplicateOf":"159","FuncName":"main","IRPosInFunc":[23],"SrcLoc":"src/logname.c:66","Type":"NEQ$@1$@2$!BITSHR$@2$@1$"},"293":{"EquivalenDuplicateOf":"159","FuncName":"main","IRPosInFunc":[23],"SrcLoc":"src/logname.c:66","Type":"NEQ$@1$@2$!NEG$@2$"},"294":{"EquivalenDuplicateOf":"158","FuncName":"main","IRPosInFunc":[23],"SrcLoc":"src/logname.c:66","Type":"NEQ$@1$@2$!BITSHR$@1$@2$"},"295":{"EquivalenDuplicateOf":"159","FuncName":"main","IRPosInFunc":[23],"SrcLoc":"src/logname.c:66","Type":"NEQ$@1$@2$!BITOR$@1$@2$"},"296":{"EquivalenDuplicateOf":"159","FuncName":"main","IRPosInFunc":[23],"SrcLoc":"src/logname.c:66","Type":"NEQ$@1$@2$!CONSTVAL$1$"},"297":{"EquivalenDuplicateOf":"159","FuncName":"main","IRPosInFunc":[23],"SrcLoc":"src/logname.c:66","Type":"NEQ$@1$@2$!ABS$@2$"},"298":{"EquivalenDuplicateOf":"155","FuncName":"main","IRPosInFunc":[23],"SrcLoc":"src/logname.c:66","Type":"NEQ$@1$@2$!OPERAND$@1$"},"299":{"EquivalenDuplicateOf":"153","FuncName":"main","IRPosInFunc":[23],"SrcLoc":"src/logname.c:66","Type":"NEQ$@1$@2$!BITNOT$@1$"},"300":{"EquivalenDuplicateOf":"152","FuncName":"main","IRPosInFunc":[23],"SrcLoc":"src/logname.c:66","Type":"NEQ$@1$@2$!CONSTVAL$0$"},"301":{"EquivalenDuplicateOf":"140","FuncName":"main","IRPosInFunc":[19],"SrcLoc":"src/logname.c:64","Type":"CALL!SHUFFLEARGS$2$"},"302":{"EquivalenDuplicateOf":"141","FuncName":"main","IRPosInFunc":[19],"SrcLoc":"src/logname.c:64","Type":"CALL!SHUFFLEARGS$2$"},"303":{"EquivalenDuplicateOf":"142","FuncName":"main","IRPosInFunc":[19],"SrcLoc":"src/logname.c:64","Type":"CALL!SHUFFLEARGS$2$"},"304":{"EquivalenDuplicateOf":"141","FuncName":"main","IRPosInFunc":[19],"SrcLoc":"src/logname.c:64","Type":"CALL!SHUFFLEARGS$2$"},"305":{"EquivalenDuplicateOf":"143","FuncName":"main","IRPosInFunc":[19],"SrcLoc":"src/logname.c:64","Type":"CALL!SHUFFLEARGS$2$"},"306":{"EquivalenDuplicateOf":"144","FuncName":"main","IRPosInFunc":[19],"SrcLoc":"src/logname.c:64","Type":"CALL!SHUFFLEARGS$2$"},"307":{"EquivalenDuplicateOf":"145","FuncName":"main","IRPosInFunc":[19],"SrcLoc":"src/logname.c:64","Type":"CALL!SHUFFLEARGS$2$"},"308":{"EquivalenDuplicateOf":"143","FuncName":"main","IRPosInFunc":[19],"SrcLoc":"src/logname.c:64","Type":"CALL!SHUFFLEARGS$2$"},"309":{"EquivalenDuplicateOf":"144","FuncName":"main","IRPosInFunc":[19],"SrcLoc":"src/logname.c:64","Type":"CALL!SHUFFLEARGS$2$"},"310":{"EquivalenDuplicateOf":"143","FuncName":"main","IRPosInFunc":[19],"SrcLoc":"src/logname.c:64","Type":"CALL!SHUFFLEARGS$2$"},"311":{"EquivalenDuplicateOf":"146","FuncName":"main","IRPosInFunc":[19],"SrcLoc":"src/logname.c:64","Type":"CALL!SHUFFLEARGS$2$"},"312":{"EquivalenDuplicateOf":"147","FuncName":"main","IRPosInFunc":[19],"SrcLoc":"src/logname.c:64","Type":"CALL!SHUFFLEARGS$2$"},"313":{"EquivalenDuplicateOf":"148","FuncName":"main","IRPosInFunc":[19],"SrcLoc":"src/logname.c:64","Type":"CALL!SHUFFLEARGS$2$"},"314":{"EquivalenDuplicateOf":"146","FuncName":"main","IRPosInFunc":[19],"SrcLoc":"src/logname.c:64","Type":"CALL!SHUFFLEARGS$2$"},"315":{"EquivalenDuplicateOf":"147","FuncName":"main","IRPosInFunc":[19],"SrcLoc":"src/logname.c:64","Type":"CALL!SHUFFLEARGS$2$"},"316":{"EquivalenDuplicateOf":"146","FuncName":"main","IRPosInFunc":[19],"SrcLoc":"src/logname.c:64","Type":"CALL!SHUFFLEARGS$2$"},"317":{"EquivalenDuplicateOf":"140","FuncName":"main","IRPosInFunc":[19],"SrcLoc":"src/logname.c:64","Type":"CALL!SHUFFLEARGS$2$"},"318":{"EquivalenDuplicateOf":"141","FuncName":"main","IRPosInFunc":[19],"SrcLoc":"src/logname.c:64","Type":"CALL!SHUFFLEARGS$2$"},"319":{"EquivalenDuplicateOf":"142","FuncName":"main","IRPosInFunc":[19],"SrcLoc":"src/logname.c:64","Type":"CALL!SHUFFLEARGS$2$"},"320":{"EquivalenDuplicateOf":"141","FuncName":"main","IRPosInFunc":[19],"SrcLoc":"src/logname.c:64","Type":"CALL!SHUFFLEARGS$2$"},"321":{"EquivalenDuplicateOf":"143","FuncName":"main","IRPosInFunc":[19],"SrcLoc":"src/logname.c:64","Type":"CALL!SHUFFLEARGS$2$"},"322":{"EquivalenDuplicateOf":"144","FuncName":"main","IRPosInFunc":[19],"SrcLoc":"src/logname.c:64","Type":"CALL!SHUFFLEARGS$2$"},"323":{"EquivalenDuplicateOf":"143","FuncName":"main","IRPosInFunc":[19],"SrcLoc":"src/logname.c:64","Type":"CALL!SHUFFLEARGS$2$"},"324":{"EquivalenDuplicateOf":"140","FuncName":"main","IRPosInFunc":[19],"SrcLoc":"src/logname.c:64","Type":"CALL!SHUFFLEARGS$2$"},"325":{"EquivalenDuplicateOf":"141","FuncName":"main","IRPosInFunc":[19],"SrcLoc":"src/logname.c:64","Type":"CALL!SHUFFLEARGS$2$"},"326":{"EquivalenDuplicateOf":"120","FuncName":"main","IRPosInFunc":[11],"SrcLoc":"src/logname.c:57","Type":"A!CONSTVAL$0$"},"327":{"EquivalenDuplicateOf":"95","FuncName":"main","IRPosInFunc":[5],"SrcLoc":"","Type":"ASSIGN$V1$@2$!DIV$@2$V1$"},"328":{"EquivalenDuplicateOf":"95","FuncName":"main","IRPosInFunc":[5],"SrcLoc":"","Type":"ASSIGN$V1$@2$!MOD$V1$@2$"},"329":{"EquivalenDuplicateOf":"95","FuncName":"main","IRPosInFunc":[5],"SrcLoc":"","Type":"ASSIGN$V1$@2$!BITSHR$@2$V1$"},"330":{"EquivalenDuplicateOf":"95","FuncName":"main","IRPosInFunc":[5],"SrcLoc":"","Type":"ASSIGN$V1$@2$!DIV$V1$@2$"},"331":{"EquivalenDuplicateOf":"95","FuncName":"main","IRPosInFunc":[5],"SrcLoc":"","Type":"ASSIGN$V1$@2$!BITSHR$V1$@2$"},"332":{"EquivalenDuplicateOf":"95","FuncName":"main","IRPosInFunc":[5],"SrcLoc":"","Type":"ASSIGN$V1$@2$!MOD$@2$V1$"},"333":{"EquivalenDuplicateOf":"95","FuncName":"main","IRPosInFunc":[5],"SrcLoc":"","Type":"ASSIGN$V1$@2$!DIV$@2$V1$"},"334":{"EquivalenDuplicateOf":"94","FuncName":"main","IRPosInFunc":[5],"SrcLoc":"","Type":"ASSIGN$V1$@2$!BITNOT$@2$"},"335":{"EquivalenDuplicateOf":"94","FuncName":"main","IRPosInFunc":[5],"SrcLoc":"","Type":"ASSIGN$V1$@2$!OPERAND$@2$"},"336":{"EquivalenDuplicateOf":"95","FuncName":"main","IRPosInFunc":[5],"SrcLoc":"","Type":"ASSIGN$V1$@2$!MOD$V1$@2$"},"337":{"EquivalenDuplicateOf":"95","FuncName":"main","IRPosInFunc":[5],"SrcLoc":"","Type":"ASSIGN$V1$@2$!BITSHR$@2$V1$"},"338":{"EquivalenDuplicateOf":"95","FuncName":"main","IRPosInFunc":[5],"SrcLoc":"","Type":"ASSIGN$V1$@2$!SUB$V1$@2$"},"339":{"EquivalenDuplicateOf":"95","FuncName":"main","IRPosInFunc":[5],"SrcLoc":"","Type":"ASSIGN$V1$@2$!SUB$@2$V1$"},"340":{"EquivalenDuplicateOf":"95","FuncName":"main","IRPosInFunc":[5],"SrcLoc":"","Type":"ASSIGN$V1$@2$!DIV$V1$@2$"},"341":{"EquivalenDuplicateOf":"95","FuncName":"main","IRPosInFunc":[5],"SrcLoc":"","Type":"ASSIGN$V1$@2$!MUL$V1$@2$"},"342":{"EquivalenDuplicateOf":"95","FuncName":"main","IRPosInFunc":[5],"SrcLoc":"","Type":"ASSIGN$V1$@2$!BITSHR$V1$@2$"},"343":{"EquivalenDuplicateOf":"94","FuncName":"main","IRPosInFunc":[5],"SrcLoc":"","Type":"ASSIGN$V1$@2$!CONSTVAL$0$"},"344":{"EquivalenDuplicateOf":"95","FuncName":"main","IRPosInFunc":[5],"SrcLoc":"","Type":"ASSIGN$V1$@2$!NEG$V1$"},"345":{"EquivalenDuplicateOf":"95","FuncName":"main","IRPosInFunc":[5],"SrcLoc":"","Type":"ASSIGN$V1$@2$!BITXOR$V1$@2$"},"346":{"EquivalenDuplicateOf":"94","FuncName":"main","IRPosInFunc":[5],"SrcLoc":"","Type":"ASSIGN$V1$@2$!CONSTVAL$1$"},"347":{"EquivalenDuplicateOf":"95","FuncName":"main","IRPosInFunc":[5],"SrcLoc":"","Type":"ASSIGN$V1$@2$!BITSHL$V1$@2$"},"348":{"EquivalenDuplicateOf":"95","FuncName":"main","IRPosInFunc":[5],"SrcLoc":"","Type":"ASSIGN$V1$@2$!BITSHL$@2$V1$"},"349":{"EquivalenDuplicateOf":"95","FuncName":"main","IRPosInFunc":[5],"SrcLoc":"","Type":"ASSIGN$V1$@2$!BITAND$V1$@2$"},"350":{"EquivalenDuplicateOf":"94","FuncName":"main","IRPosInFunc":[5],"SrcLoc":"","Type":"ASSIGN$V1$@2$!NEG$@2$"},"351":{"EquivalenDuplicateOf":"95","FuncName":"main","IRPosInFunc":[5],"SrcLoc":"","Type":"ASSIGN$V1$@2$!BITNOT$V1$"},"352":{"EquivalenDuplicateOf":"95","FuncName":"main","IRPosInFunc":[5],"SrcLoc":"","Type":"ASSIGN$V1$@2$!ADD$V1$@2$"},"353":{"EquivalenDuplicateOf":"94","FuncName":"main","IRPosInFunc":[5],"SrcLoc":"","Type":"ASSIGN$V1$@2$!OPERAND$V1$"},"354":{"EquivalenDuplicateOf":"95","FuncName":"main","IRPosInFunc":[5],"SrcLoc":"","Type":"ASSIGN$V1$@2$!MOD$@2$V1$"},"355":{"EquivalenDuplicateOf":"75","FuncName":"main","IRPosInFunc":[4],"SrcLoc":"","Type":"ASSIGN$V1$@2$!DIV$@2$V1$"},"356":{"EquivalenDuplicateOf":"75","FuncName":"main","IRPosInFunc":[4],"SrcLoc":"","Type":"ASSIGN$V1$@2$!GT$@2$V1$"},"357":{"EquivalenDuplicateOf":"75","FuncName":"main","IRPosInFunc":[4],"SrcLoc":"","Type":"ASSIGN$V1$@2$!MOD$V1$@2$"},"358":{"EquivalenDuplicateOf":"75","FuncName":"main","IRPosInFunc":[4],"SrcLoc":"","Type":"ASSIGN$V1$@2$!BITSHR$@2$V1$"},"359":{"EquivalenDuplicateOf":"75","FuncName":"main","IRPosInFunc":[4],"SrcLoc":"","Type":"ASSIGN$V1$@2$!GE$V1$@2$"},"360":{"EquivalenDuplicateOf":"75","FuncName":"main","IRPosInFunc":[4],"SrcLoc":"","Type":"ASSIGN$V1$@2$!DIV$V1$@2$"},"361":{"EquivalenDuplicateOf":"75","FuncName":"main","IRPosInFunc":[4],"SrcLoc":"","Type":"ASSIGN$V1$@2$!BITSHR$V1$@2$"},"362":{"EquivalenDuplicateOf":"75","FuncName":"main","IRPosInFunc":[4],"SrcLoc":"","Type":"ASSIGN$V1$@2$!LT$V1$@2$"},"363":{"EquivalenDuplicateOf":"75","FuncName":"main","IRPosInFunc":[4],"SrcLoc":"","Type":"ASSIGN$V1$@2$!LE$@2$V1$"},"364":{"EquivalenDuplicateOf":"75","FuncName":"main","IRPosInFunc":[4],"SrcLoc":"","Type":"ASSIGN$V1$@2$!MOD$@2$V1$"},"365":{"EquivalenDuplicateOf":"75","FuncName":"main","IRPosInFunc":[4],"SrcLoc":"","Type":"ASSIGN$V1$@2$!DIV$@2$V1$"},"366":{"EquivalenDuplicateOf":"73","FuncName":"main","IRPosInFunc":[4],"SrcLoc":"","Type":"ASSIGN$V1$@2$!BITNOT$@2$"},"367":{"EquivalenDuplicateOf":"73","FuncName":"main","IRPosInFunc":[4],"SrcLoc":"","Type":"ASSIGN$V1$@2$!OPERAND$@2$"},"368":{"EquivalenDuplicateOf":"75","FuncName":"main","IRPosInFunc":[4],"SrcLoc":"","Type":"ASSIGN$V1$@2$!MOD$V1$@2$"},"369":{"EquivalenDuplicateOf":"75","FuncName":"main","IRPosInFunc":[4],"SrcLoc":"","Type":"ASSIGN$V1$@2$!BITSHR$@2$V1$"},"370":{"EquivalenDuplicateOf":"75","FuncName":"main","IRPosInFunc":[4],"SrcLoc":"","Type":"ASSIGN$V1$@2$!SUB$V1$@2$"},"371":{"EquivalenDuplicateOf":"75","FuncName":"main","IRPosInFunc":[4],"SrcLoc":"","Type":"ASSIGN$V1$@2$!SUB$@2$V1$"},"372":{"EquivalenDuplicateOf":"73","FuncName":"main","IRPosInFunc":[4],"SrcLoc":"","Type":"ASSIGN$V1$@2$!ABS$@2$"},"373":{"EquivalenDuplicateOf":"75","FuncName":"main","IRPosInFunc":[4],"SrcLoc":"","Type":"ASSIGN$V1$@2$!DIV$V1$@2$"},"374":{"EquivalenDuplicateOf":"75","FuncName":"main","IRPosInFunc":[4],"SrcLoc":"","Type":"ASSIGN$V1$@2$!MUL$V1$@2$"},"375":{"EquivalenDuplicateOf":"75","FuncName":"main","IRPosInFunc":[4],"SrcLoc":"","Type":"ASSIGN$V1$@2$!BITSHR$V1$@2$"},"376":{"EquivalenDuplicateOf":"73","FuncName":"main","IRPosInFunc":[4],"SrcLoc":"","Type":"ASSIGN$V1$@2$!CONSTVAL$0$"},"377":{"EquivalenDuplicateOf":"75","FuncName":"main","IRPosInFunc":[4],"SrcLoc":"","Type":"ASSIGN$V1$@2$!NEG$V1$"},"378":{"EquivalenDuplicateOf":"75","FuncName":"main","IRPosInFunc":[4],"SrcLoc":"","Type":"ASSIGN$V1$@2$!BITXOR$V1$@2$"},"379":{"EquivalenDuplicateOf":"73","FuncName":"main","IRPosInFunc":[4],"SrcLoc":"","Type":"ASSIGN$V1$@2$!CONSTVAL$1$"},"380":{"EquivalenDuplicateOf":"75","FuncName":"main","IRPosInFunc":[4],"SrcLoc":"","Type":"ASSIGN$V1$@2$!BITSHL$V1$@2$"},"381":{"EquivalenDuplicateOf":"75","FuncName":"main","IRPosInFunc":[4],"SrcLoc":"","Type":"ASSIGN$V1$@2$!BITSHL$@2$V1$"},"382":{"EquivalenDuplicateOf":"75","FuncName":"main","IRPosInFunc":[4],"SrcLoc":"","Type":"ASSIGN$V1$@2$!BITAND$V1$@2$"},"383":{"EquivalenDuplicateOf":"73","FuncName":"main","IRPosInFunc":[4],"SrcLoc":"","Type":"ASSIGN$V1$@2$!NEG$@2$"},"384":{"EquivalenDuplicateOf":"75","FuncName":"main","IRPosInFunc":[4],"SrcLoc":"","Type":"ASSIGN$V1$@2$!BITNOT$V1$"},"385":{"EquivalenDuplicateOf":"75","FuncName":"main","IRPosInFunc":[4],"SrcLoc":"","Type":"ASSIGN$V1$@2$!ADD$V1$@2$"},"386":{"EquivalenDuplicateOf":"74","FuncName":"main","IRPosInFunc":[4],"SrcLoc":"","Type":"ASSIGN$V1$@2$!OPERAND$V1$"},"387":{"EquivalenDuplicateOf":"0","FuncName":"usage","IRPosInFunc":[21],"SrcLoc":"src/logname.c:49","Type":"STMT!TRAPSTMT"},"388":{"EquivalenDuplicateOf":"0","FuncName":"usage","IRPosInFunc":[20],"SrcLoc":"src/logname.c:48","Type":"STMT!TRAPSTMT"},"389":{"EquivalenDuplicateOf":"52","FuncName":"usage","IRPosInFunc":[7],"SrcLoc":"src/logname.c:36","Type":"RETURN_BREAK_CONTINUE!DELSTMT"},"390":{"EquivalenDuplicateOf":"25","FuncName":"usage","IRPosInFunc":[3],"SrcLoc":"src/logname.c:35","Type":"@!ABS$@$"},"391":{"EquivalenDuplicateOf":"27","FuncName":"usage","IRPosInFunc":[4],"SrcLoc":"src/logname.c:35","Type":"NEQ$@1$@2$!BITSHR$@2$@1$"},"392":{"EquivalenDuplicateOf":"27","FuncName":"usage","IRPosInFunc":[4],"SrcLoc":"src/logname.c:35","Type":"NEQ$@1$@2$!LT$@1$@2$"},"393":{"EquivalenDuplicateOf":"0","FuncName":"usage","IRPosInFunc":[4],"SrcLoc":"src/logname.c:35","Type":"NEQ$@1$@2$!BITSHR$@1$@2$"},"394":{"EquivalenDuplicateOf":"26","FuncName":"usage","IRPosInFunc":[4],"SrcLoc":"src/logname.c:35","Type":"NEQ$@1$@2$!GE$@1$@2$"},"395":{"EquivalenDuplicateOf":"27","FuncName":"usage","IRPosInFunc":[4],"SrcLoc":"src/logname.c:35","Type":"NEQ$@1$@2$!GT$@2$@1$"},"396":{"EquivalenDuplicateOf":"33","FuncName":"usage","IRPosInFunc":[4],"SrcLoc":"src/logname.c:35","Type":"NEQ$@1$@2$!MOD$@1$@2$"},"397":{"EquivalenDuplicateOf":"27","FuncName":"usage","IRPosInFunc":[4],"SrcLoc":"src/logname.c:35","Type":"NEQ$@1$@2$!MOD$@2$@1$"},"398":{"EquivalenDuplicateOf":"27","FuncName":"usage","IRPosInFunc":[4],"SrcLoc":"src/logname.c:35","Type":"NEQ$@1$@2$!DIV$@2$@1$"},"399":{"EquivalenDuplicateOf":"26","FuncName":"usage","IRPosInFunc":[4],"SrcLoc":"src/logname.c:35","Type":"NEQ$@1$@2$!LE$@2$@1$"},"400":{"EquivalenDuplicateOf":"27","FuncName":"usage","IRPosInFunc":[4],"SrcLoc":"src/logname.c:35","Type":"NEQ$@1$@2$!BITSHR$@2$@1$"},"401":{"EquivalenDuplicateOf":"27","FuncName":"usage","IRPosInFunc":[4],"SrcLoc":"src/logname.c:35","Type":"NEQ$@1$@2$!NEG$@2$"},"402":{"EquivalenDuplicateOf":"27","FuncName":"usage","IRPosInFunc":[4],"SrcLoc":"src/logname.c:35","Type":"NEQ$@1$@2$!MUL$@1$@2$"},"403":{"EquivalenDuplicateOf":"0","FuncName":"usage","IRPosInFunc":[4],"SrcLoc":"src/logname.c:35","Type":"NEQ$@1$@2$!SUB$@1$@2$"},"404":{"EquivalenDuplicateOf":"0","FuncName":"usage","IRPosInFunc":[4],"SrcLoc":"src/logname.c:35","Type":"NEQ$@1$@2$!BITSHR$@1$@2$"},"405":{"EquivalenDuplicateOf":"27","FuncName":"usage","IRPosInFunc":[4],"SrcLoc":"src/logname.c:35","Type":"NEQ$@1$@2$!BITSHL$@2$@1$"},"406":{"EquivalenDuplicateOf":"0","FuncName":"usage","IRPosInFunc":[4],"SrcLoc":"src/logname.c:35","Type":"NEQ$@1$@2$!BITOR$@1$@2$"},"407":{"EquivalenDuplicateOf":"26","FuncName":"usage","IRPosInFunc":[4],"SrcLoc":"src/logname.c:35","Type":"NEQ$@1$@2$!CONSTVAL$1$"},"408":{"EquivalenDuplicateOf":"27","FuncName":"usage","IRPosInFunc":[4],"SrcLoc":"src/logname.c:35","Type":"NEQ$@1$@2$!ABS$@2$"},"409":{"EquivalenDuplicateOf":"0","FuncName":"usage","IRPosInFunc":[4],"SrcLoc":"src/logname.c:35","Type":"NEQ$@1$@2$!OPERAND$@1$"},"410":{"EquivalenDuplicateOf":"31","FuncName":"usage","IRPosInFunc":[4],"SrcLoc":"src/logname.c:35","Type":"NEQ$@1$@2$!NEG$@1$"},"411":{"EquivalenDuplicateOf":"27","FuncName":"usage","IRPosInFunc":[4],"SrcLoc":"src/logname.c:35","Type":"NEQ$@1$@2$!MOD$@2$@1$"},"412":{"EquivalenDuplicateOf":"27","FuncName":"usage","IRPosInFunc":[4],"SrcLoc":"src/logname.c:35","Type":"NEQ$@1$@2$!OPERAND$@2$"},"413":{"EquivalenDuplicateOf":"0","FuncName":"usage","IRPosInFunc":[4],"SrcLoc":"src/logname.c:35","Type":"NEQ$@1$@2$!BITSHL$@1$@2$"},"414":{"EquivalenDuplicateOf":"27","FuncName":"usage","IRPosInFunc":[4],"SrcLoc":"src/logname.c:35","Type":"NEQ$@1$@2$!DIV$@2$@1$"},"415":{"EquivalenDuplicateOf":"0","FuncName":"usage","IRPosInFunc":[4],"SrcLoc":"src/logname.c:35","Type":"NEQ$@1$@2$!ADD$@1$@2$"},"416":{"EquivalenDuplicateOf":"27","FuncName":"usage","IRPosInFunc":[4],"SrcLoc":"src/logname.c:35","Type":"NEQ$@1$@2$!BITAND$@1$@2$"},"417":{"EquivalenDuplicateOf":"0","FuncName":"usage","IRPosInFunc":[4],"SrcLoc":"src/logname.c:35","Type":"NEQ$@1$@2$!BITXOR$@1$@2$"},"418":{"EquivalenDuplicateOf":"2","FuncName":"usage","IRPosInFunc":[1],"SrcLoc":"","Type":"ASSIGN$V1$@2$!DIV$@2$V1$"},"419":{"EquivalenDuplicateOf":"2","FuncName":"usage","IRPosInFunc":[1],"SrcLoc":"","Type":"ASSIGN$V1$@2$!MOD$V1$@2$"},"420":{"EquivalenDuplicateOf":"2","FuncName":"usage","IRPosInFunc":[1],"SrcLoc":"","Type":"ASSIGN$V1$@2$!BITSHR$@2$V1$"},"421":{"EquivalenDuplicateOf":"2","FuncName":"usage","IRPosInFunc":[1],"SrcLoc":"","Type":"ASSIGN$V1$@2$!DIV$V1$@2$"},"422":{"EquivalenDuplicateOf":"2","FuncName":"usage","IRPosInFunc":[1],"SrcLoc":"","Type":"ASSIGN$V1$@2$!BITSHR$V1$@2$"},"423":{"EquivalenDuplicateOf":"2","FuncName":"usage","IRPosInFunc":[1],"SrcLoc":"","Type":"ASSIGN$V1$@2$!MOD$@2$V1$"},"424":{"EquivalenDuplicateOf":"2","FuncName":"usage","IRPosInFunc":[1],"SrcLoc":"","Type":"ASSIGN$V1$@2$!DIV$@2$V1$"},"425":{"EquivalenDuplicateOf":"2","FuncName":"usage","IRPosInFunc":[1],"SrcLoc":"","Type":"ASSIGN$V1$@2$!BITNOT$@2$"},"426":{"EquivalenDuplicateOf":"2","FuncName":"usage","IRPosInFunc":[1],"SrcLoc":"","Type":"ASSIGN$V1$@2$!OPERAND$@2$"},"427":{"EquivalenDuplicateOf":"2","FuncName":"usage","IRPosInFunc":[1],"SrcLoc":"","Type":"ASSIGN$V1$@2$!MOD$V1$@2$"},"428":{"EquivalenDuplicateOf":"2","FuncName":"usage","IRPosInFunc":[1],"SrcLoc":"","Type":"ASSIGN$V1$@2$!BITSHR$@2$V1$"},"429":{"EquivalenDuplicateOf":"2","FuncName":"usage","IRPosInFunc":[1],"SrcLoc":"","Type":"ASSIGN$V1$@2$!SUB$V1$@2$"},"430":{"EquivalenDuplicateOf":"2","FuncName":"usage","IRPosInFunc":[1],"SrcLoc":"","Type":"ASSIGN$V1$@2$!SUB$@2$V1$"},"431":{"EquivalenDuplicateOf":"2","FuncName":"usage","IRPosInFunc":[1],"SrcLoc":"","Type":"ASSIGN$V1$@2$!DIV$V1$@2$"},"432":{"EquivalenDuplicateOf":"2","FuncName":"usage","IRPosInFunc":[1],"SrcLoc":"","Type":"ASSIGN$V1$@2$!MUL$V1$@2$"},"433":{"EquivalenDuplicateOf":"2","FuncName":"usage","IRPosInFunc":[1],"SrcLoc":"","Type":"ASSIGN$V1$@2$!BITSHR$V1$@2$"},"434":{"EquivalenDuplicateOf":"2","FuncName":"usage","IRPosInFunc":[1],"SrcLoc":"","Type":"ASSIGN$V1$@2$!CONSTVAL$0$"},"435":{"EquivalenDuplicateOf":"2","FuncName":"usage","IRPosInFunc":[1],"SrcLoc":"","Type":"ASSIGN$V1$@2$!NEG$V1$"},"436":{"EquivalenDuplicateOf":"2","FuncName":"usage","IRPosInFunc":[1],"SrcLoc":"","Type":"ASSIGN$V1$@2$!BITXOR$V1$@2$"},"437":{"EquivalenDuplicateOf":"2","FuncName":"usage","IRPosInFunc":[1],"SrcLoc":"","Type":"ASSIGN$V1$@2$!CONSTVAL$1$"},"438":{"EquivalenDuplicateOf":"2","FuncName":"usage","IRPosInFunc":[1],"SrcLoc":"","Type":"ASSIGN$V1$@2$!BITSHL$V1$@2$"},"439":{"EquivalenDuplicateOf":"2","FuncName":"usage","IRPosInFunc":[1],"SrcLoc":"","Type":"ASSIGN$V1$@2$!BITSHL$@2$V1$"},"440":{"EquivalenDuplicateOf":"2","FuncName":"usage","IRPosInFunc":[1],"SrcLoc":"","Type":"ASSIGN$V1$@2$!BITAND$V1$@2$"},"441":{"EquivalenDuplicateOf":"2","FuncName":"usage","IRPosInFunc":[1],"SrcLoc":"","Type":"ASSIGN$V1$@2$!NEG$@2$"},"442":{"EquivalenDuplicateOf":"2","FuncName":"usage","IRPosInFunc":[1],"SrcLoc":"","Type":"ASSIGN$V1$@2$!BITNOT$V1$"},"443":{"EquivalenDuplicateOf":"2","FuncName":"usage","IRPosInFunc":[1],"SrcLoc":"","Type":"ASSIGN$V1$@2$!ADD$V1$@2$"},"444":{"EquivalenDuplicateOf":"2","FuncName":"usage","IRPosInFunc":[1],"SrcLoc":"","Type":"ASSIGN$V1$@2$!OPERAND$V1$"},"445":{"EquivalenDuplicateOf":"2","FuncName":"usage","IRPosInFunc":[1],"SrcLoc":"","Type":"ASSIGN$V1$@2$!MOD$@2$V1$"},"446":{"EquivalenDuplicateOf":"2","FuncName":"usage","IRPosInFunc":[1],"SrcLoc":"","Type":"ASSIGN$V1$@2$!BITOR$V1$@2$"}}