{"1":{"FuncName":"usage","IRPosInFunc":[1],"SrcLoc":"","Type":"STMT!TRAPSTMT"},"10":{"FuncName":"usage","IRPosInFunc":[1],"SrcLoc":"","Type":"ASSIGN$V1$@2$!ABS$@2$"},"100":{"FuncName":"main","IRPosInFunc":[4],"SrcLoc":"","Type":"ASSIGN$V1$@2$!LT$V1$@2$"},"101":{"FuncName":"main","IRPosInFunc":[4],"SrcLoc":"","Type":"ASSIGN$V1$@2$!EQ$V1$@2$"},"102":{"FuncName":"main","IRPosInFunc":[4],"SrcLoc":"","Type":"ASSIGN$V1$@2$!GE$@2$V1$"},"103":{"FuncName":"main","IRPosInFunc":[4],"SrcLoc":"","Type":"ASSIGN$V1$@2$!ABS$@2$"},"104":{"FuncName":"main","IRPosInFunc":[4],"SrcLoc":"","Type":"ASSIGN$V1$@2$!GE$V1$@2$"},"105":{"FuncName":"main","IRPosInFunc":[4],"SrcLoc":"","Type":"ASSIGN$V1$@2$!LE$V1$@2$"},"106":{"FuncName":"main","IRPosInFunc":[4],"SrcLoc":"","Type":"ASSIGN$V1$@2$!GT$@2$V1$"},"107":{"FuncName":"main","IRPosInFunc":[4],"SrcLoc":"","Type":"ASSIGN$V1$@2$!GT$V1$@2$"},"108":{"FuncName":"main","IRPosInFunc":[4],"SrcLoc":"","Type":"ASSIGN$V1$@2$!LE$@2$V1$"},"109":{"FuncName":"main","IRPosInFunc":[4],"SrcLoc":"","Type":"ASSIGN$V1$@2$!LT$@2$V1$"},"11":{"FuncName":"usage","IRPosInFunc":[1],"SrcLoc":"","Type":"ASSIGN$V1$@2$!GE$V1$@2$"},"110":{"FuncName":"main","IRPosInFunc":[4],"SrcLoc":"","Type":"ASSIGN$V1$@2$!LT$V1$@2$"},"111":{"FuncName":"main","IRPosInFunc":[4],"SrcLoc":"","Type":"ASSIGN$V1$@2$!GE$@2$V1$"},"112":{"FuncName":"main","IRPosInFunc":[4],"SrcLoc":"","Type":"ASSIGN$V1$@2$!GE$V1$@2$"},"113":{"FuncName":"main","IRPosInFunc":[4],"SrcLoc":"","Type":"ASSIGN$V1$@2$!LE$V1$@2$"},"114":{"FuncName":"main","IRPosInFunc":[4],"SrcLoc":"","Type":"ASSIGN$V1$@2$!GT$@2$V1$"},"115":{"FuncName":"main","IRPosInFunc":[4],"SrcLoc":"","Type":"ASSIGN$V1$@2$!GT$V1$@2$"},"116":{"FuncName":"main","IRPosInFunc":[6],"SrcLoc":"","Type":"STMT!TRAPSTMT"},"117":{"FuncName":"main","IRPosInFunc":[6],"SrcLoc":"","Type":"STMT!DELSTMT"},"118":{"FuncName":"main","IRPosInFunc":[8,9,10,11],"SrcLoc":"src/sync.c:56","Type":"STMT!TRAPSTMT"},"119":{"FuncName":"main","IRPosInFunc":[8,9,10,11],"SrcLoc":"src/sync.c:56","Type":"STMT!DELSTMT"},"12":{"FuncName":"usage","IRPosInFunc":[1],"SrcLoc":"","Type":"ASSIGN$V1$@2$!LE$V1$@2$"},"120":{"FuncName":"main","IRPosInFunc":[8],"SrcLoc":"src/sync.c:56","Type":"A!CONSTVAL$0$"},"121":{"FuncName":"main","IRPosInFunc":[9],"SrcLoc":"src/sync.c:56","Type":"C!ADD$C$-1$"},"122":{"FuncName":"main","IRPosInFunc":[9],"SrcLoc":"src/sync.c:56","Type":"C!ADD$C$1$"},"123":{"FuncName":"main","IRPosInFunc":[8],"SrcLoc":"src/sync.c:56","Type":"P!PRIGHTDEC$P$"},"124":{"FuncName":"main","IRPosInFunc":[8],"SrcLoc":"src/sync.c:56","Type":"P!PLEFTINC$P$"},"125":{"FuncName":"main","IRPosInFunc":[8],"SrcLoc":"src/sync.c:56","Type":"P!PRIGHTINC$P$"},"126":{"FuncName":"main","IRPosInFunc":[8],"SrcLoc":"src/sync.c:56","Type":"P!PLEFTDEC$P$"},"127":{"FuncName":"main","IRPosInFunc":[12],"SrcLoc":"src/sync.c:57","Type":"STMT!TRAPSTMT"},"128":{"FuncName":"main","IRPosInFunc":[12],"SrcLoc":"src/sync.c:57","Type":"STMT!DELSTMT"},"129":{"FuncName":"main","IRPosInFunc":[13],"SrcLoc":"src/sync.c:61","Type":"STMT!TRAPSTMT"},"13":{"FuncName":"usage","IRPosInFunc":[1],"SrcLoc":"","Type":"ASSIGN$V1$@2$!GT$@2$V1$"},"130":{"FuncName":"main","IRPosInFunc":[13],"SrcLoc":"src/sync.c:61","Type":"STMT!DELSTMT"},"131":{"FuncName":"main","IRPosInFunc":[13],"SrcLoc":"src/sync.c:61","Type":"@!ABS$@$"},"132":{"FuncName":"main","IRPosInFunc":[14,15,16,17],"SrcLoc":"src/sync.c:63","Type":"STMT!TRAPSTMT"},"133":{"FuncName":"main","IRPosInFunc":[14,15,16,17],"SrcLoc":"src/sync.c:63","Type":"STMT!DELSTMT"},"134":{"FuncName":"main","IRPosInFunc":[15],"SrcLoc":"src/sync.c:63","Type":"A!CONSTVAL$0$"},"135":{"FuncName":"main","IRPosInFunc":[14],"SrcLoc":"src/sync.c:63","Type":"@!ABS$@$"},"136":{"FuncName":"main","IRPosInFunc":[15],"SrcLoc":"src/sync.c:63","Type":"P!PRIGHTDEC$P$"},"137":{"FuncName":"main","IRPosInFunc":[15],"SrcLoc":"src/sync.c:63","Type":"P!PLEFTINC$P$"},"138":{"FuncName":"main","IRPosInFunc":[15],"SrcLoc":"src/sync.c:63","Type":"P!PRIGHTINC$P$"},"139":{"FuncName":"main","IRPosInFunc":[15],"SrcLoc":"src/sync.c:63","Type":"P!PLEFTDEC$P$"},"14":{"FuncName":"usage","IRPosInFunc":[1],"SrcLoc":"","Type":"ASSIGN$V1$@2$!GT$V1$@2$"},"140":{"FuncName":"main","IRPosInFunc":[17],"SrcLoc":"src/sync.c:63","Type":"CALL!SHUFFLEARGS$2$"},"141":{"FuncName":"main","IRPosInFunc":[17],"SrcLoc":"src/sync.c:63","Type":"CALL!SHUFFLEARGS$2$"},"142":{"FuncName":"main","IRPosInFunc":[17],"SrcLoc":"src/sync.c:63","Type":"CALL!SHUFFLEARGS$2$"},"143":{"FuncName":"main","IRPosInFunc":[17],"SrcLoc":"src/sync.c:63","Type":"CALL!SHUFFLEARGS$2$"},"144":{"FuncName":"main","IRPosInFunc":[17],"SrcLoc":"src/sync.c:63","Type":"CALL!SHUFFLEARGS$2$"},"145":{"FuncName":"main","IRPosInFunc":[17],"SrcLoc":"src/sync.c:63","Type":"CALL!SHUFFLEARGS$2$"},"146":{"FuncName":"main","IRPosInFunc":[17],"SrcLoc":"src/sync.c:63","Type":"CALL!SHUFFLEARGS$2$"},"147":{"FuncName":"main","IRPosInFunc":[17],"SrcLoc":"src/sync.c:63","Type":"CALL!SHUFFLEARGS$2$"},"148":{"FuncName":"main","IRPosInFunc":[17],"SrcLoc":"src/sync.c:63","Type":"CALL!SHUFFLEARGS$2$"},"149":{"FuncName":"main","IRPosInFunc":[17],"SrcLoc":"src/sync.c:63","Type":"CALL!SHUFFLEARGS$2$"},"15":{"FuncName":"usage","IRPosInFunc":[1],"SrcLoc":"","Type":"ASSIGN$V1$@2$!LE$@2$V1$"},"150":{"FuncName":"main","IRPosInFunc":[18,19,20,21,22],"SrcLoc":"src/sync.c:65","Type":"STMT!TRAPSTMT"},"151":{"FuncName":"main","IRPosInFunc":[21],"SrcLoc":"src/sync.c:65","Type":"NEQ$@1$@2$!ABS$@1$"},"152":{"FuncName":"main","IRPosInFunc":[21],"SrcLoc":"src/sync.c:65","Type":"NEQ$@1$@2$!BITNOT$@2$"},"153":{"FuncName":"main","IRPosInFunc":[21],"SrcLoc":"src/sync.c:65","Type":"NEQ$@1$@2$!BITXOR$@1$@2$"},"154":{"FuncName":"main","IRPosInFunc":[21],"SrcLoc":"src/sync.c:65","Type":"NEQ$@1$@2$!LE$@2$@1$"},"155":{"FuncName":"main","IRPosInFunc":[21],"SrcLoc":"src/sync.c:65","Type":"NEQ$@1$@2$!BITAND$@1$@2$"},"156":{"FuncName":"main","IRPosInFunc":[21],"SrcLoc":"src/sync.c:65","Type":"NEQ$@1$@2$!ADD$@1$@2$"},"157":{"FuncName":"main","IRPosInFunc":[21],"SrcLoc":"src/sync.c:65","Type":"NEQ$@1$@2$!DIV$@2$@1$"},"158":{"FuncName":"main","IRPosInFunc":[21],"SrcLoc":"src/sync.c:65","Type":"NEQ$@1$@2$!BITSHL$@1$@2$"},"159":{"FuncName":"main","IRPosInFunc":[21],"SrcLoc":"src/sync.c:65","Type":"NEQ$@1$@2$!OPERAND$@2$"},"16":{"FuncName":"usage","IRPosInFunc":[1],"SrcLoc":"","Type":"ASSIGN$V1$@2$!LT$@2$V1$"},"160":{"FuncName":"main","IRPosInFunc":[21],"SrcLoc":"src/sync.c:65","Type":"NEQ$@1$@2$!MOD$@2$@1$"},"161":{"FuncName":"main","IRPosInFunc":[21],"SrcLoc":"src/sync.c:65","Type":"NEQ$@1$@2$!DIV$@1$@2$"},"162":{"FuncName":"main","IRPosInFunc":[21],"SrcLoc":"src/sync.c:65","Type":"NEQ$@1$@2$!SUB$@2$@1$"},"163":{"FuncName":"main","IRPosInFunc":[21],"SrcLoc":"src/sync.c:65","Type":"NEQ$@1$@2$!NEG$@1$"},"164":{"FuncName":"main","IRPosInFunc":[21],"SrcLoc":"src/sync.c:65","Type":"NEQ$@1$@2$!EQ$@1$@2$"},"165":{"FuncName":"main","IRPosInFunc":[21],"SrcLoc":"src/sync.c:65","Type":"NEQ$@1$@2$!MOD$@1$@2$"},"166":{"FuncName":"main","IRPosInFunc":[21],"SrcLoc":"src/sync.c:65","Type":"NEQ$@1$@2$!GT$@2$@1$"},"167":{"FuncName":"main","IRPosInFunc":[21],"SrcLoc":"src/sync.c:65","Type":"NEQ$@1$@2$!GE$@1$@2$"},"168":{"FuncName":"main","IRPosInFunc":[21],"SrcLoc":"src/sync.c:65","Type":"NEQ$@1$@2$!BITSHL$@2$@1$"},"169":{"FuncName":"main","IRPosInFunc":[21],"SrcLoc":"src/sync.c:65","Type":"NEQ$@1$@2$!GT$@1$@2$"},"17":{"FuncName":"usage","IRPosInFunc":[1],"SrcLoc":"","Type":"ASSIGN$V1$@2$!LT$V1$@2$"},"170":{"FuncName":"main","IRPosInFunc":[21],"SrcLoc":"src/sync.c:65","Type":"NEQ$@1$@2$!SUB$@1$@2$"},"171":{"FuncName":"main","IRPosInFunc":[21],"SrcLoc":"src/sync.c:65","Type":"NEQ$@1$@2$!LT$@2$@1$"},"172":{"FuncName":"main","IRPosInFunc":[21],"SrcLoc":"src/sync.c:65","Type":"NEQ$@1$@2$!LT$@1$@2$"},"173":{"FuncName":"main","IRPosInFunc":[21],"SrcLoc":"src/sync.c:65","Type":"NEQ$@1$@2$!LE$@1$@2$"},"174":{"FuncName":"main","IRPosInFunc":[21],"SrcLoc":"src/sync.c:65","Type":"NEQ$@1$@2$!MUL$@1$@2$"},"175":{"FuncName":"main","IRPosInFunc":[21],"SrcLoc":"src/sync.c:65","Type":"NEQ$@1$@2$!GE$@2$@1$"},"176":{"FuncName":"main","IRPosInFunc":[21],"SrcLoc":"src/sync.c:65","Type":"NEQ$@1$@2$!LE$@2$@1$"},"177":{"FuncName":"main","IRPosInFunc":[21],"SrcLoc":"src/sync.c:65","Type":"NEQ$@1$@2$!DIV$@2$@1$"},"178":{"FuncName":"main","IRPosInFunc":[21],"SrcLoc":"src/sync.c:65","Type":"NEQ$@1$@2$!MOD$@2$@1$"},"179":{"FuncName":"main","IRPosInFunc":[21],"SrcLoc":"src/sync.c:65","Type":"NEQ$@1$@2$!DIV$@1$@2$"},"18":{"FuncName":"usage","IRPosInFunc":[1],"SrcLoc":"","Type":"ASSIGN$V1$@2$!GE$@2$V1$"},"180":{"FuncName":"main","IRPosInFunc":[21],"SrcLoc":"src/sync.c:65","Type":"NEQ$@1$@2$!MOD$@1$@2$"},"181":{"FuncName":"main","IRPosInFunc":[21],"SrcLoc":"src/sync.c:65","Type":"NEQ$@1$@2$!GT$@2$@1$"},"182":{"FuncName":"main","IRPosInFunc":[21],"SrcLoc":"src/sync.c:65","Type":"NEQ$@1$@2$!GE$@1$@2$"},"183":{"FuncName":"main","IRPosInFunc":[21],"SrcLoc":"src/sync.c:65","Type":"NEQ$@1$@2$!LT$@1$@2$"},"184":{"FuncName":"main","IRPosInFunc":[21],"SrcLoc":"src/sync.c:65","Type":"NEQ$@1$@2$!BITSHR$@2$@1$"},"185":{"FuncName":"main","IRPosInFunc":[19],"SrcLoc":"src/sync.c:65","Type":"A!CONSTVAL$0$"},"186":{"FuncName":"main","IRPosInFunc":[21],"SrcLoc":"src/sync.c:65","Type":"@!ABS$@$"},"187":{"FuncName":"main","IRPosInFunc":[18],"SrcLoc":"src/sync.c:65","Type":"@!ABS$@$"},"188":{"FuncName":"main","IRPosInFunc":[20],"SrcLoc":"src/sync.c:65","Type":"@!ABS$@$"},"189":{"FuncName":"main","IRPosInFunc":[21],"SrcLoc":"src/sync.c:65","Type":"@!ABS$@$"},"19":{"FuncName":"usage","IRPosInFunc":[1],"SrcLoc":"","Type":"ASSIGN$V1$@2$!GE$V1$@2$"},"190":{"FuncName":"main","IRPosInFunc":[21],"SrcLoc":"src/sync.c:65","Type":"C!ADD$C$-1$"},"191":{"FuncName":"main","IRPosInFunc":[19],"SrcLoc":"src/sync.c:65","Type":"P!PRIGHTDEC$P$"},"192":{"FuncName":"main","IRPosInFunc":[19],"SrcLoc":"src/sync.c:65","Type":"P!PLEFTINC$P$"},"193":{"FuncName":"main","IRPosInFunc":[19],"SrcLoc":"src/sync.c:65","Type":"P!PRIGHTINC$P$"},"194":{"FuncName":"main","IRPosInFunc":[19],"SrcLoc":"src/sync.c:65","Type":"P!PLEFTDEC$P$"},"195":{"FuncName":"main","IRPosInFunc":[23],"SrcLoc":"src/sync.c:66","Type":"STMT!TRAPSTMT"},"196":{"FuncName":"main","IRPosInFunc":[23],"SrcLoc":"src/sync.c:66","Type":"STMT!DELSTMT"},"197":{"FuncName":"main","IRPosInFunc":[25,26,27,28],"SrcLoc":"src/sync.c:68","Type":"STMT!TRAPSTMT"},"198":{"FuncName":"main","IRPosInFunc":[25],"SrcLoc":"src/sync.c:68","Type":"@!ABS$@$"},"199":{"FuncName":"main","IRPosInFunc":[26],"SrcLoc":"src/sync.c:68","Type":"@!ABS$@$"},"2":{"FuncName":"usage","IRPosInFunc":[1],"SrcLoc":"","Type":"STMT!DELSTMT"},"20":{"FuncName":"usage","IRPosInFunc":[1],"SrcLoc":"","Type":"ASSIGN$V1$@2$!LE$V1$@2$"},"200":{"FuncName":"main","IRPosInFunc":[27],"SrcLoc":"src/sync.c:68","Type":"@!ABS$@$"},"201":{"FuncName":"main","IRPosInFunc":[27],"SrcLoc":"src/sync.c:68","Type":"LT$@1$V2$!ASSIGN$V2$@1$"},"202":{"FuncName":"main","IRPosInFunc":[27],"SrcLoc":"src/sync.c:68","Type":"LT$V1$@2$!ASSIGN$V1$@2$"},"203":{"FuncName":"main","IRPosInFunc":[27],"SrcLoc":"src/sync.c:68","Type":"LT$@1$@2$!MOD$@2$@1$"},"204":{"FuncName":"main","IRPosInFunc":[27],"SrcLoc":"src/sync.c:68","Type":"LT$@1$@2$!NEG$@2$"},"205":{"FuncName":"main","IRPosInFunc":[27],"SrcLoc":"src/sync.c:68","Type":"LT$@1$@2$!BITXOR$@1$@2$"},"206":{"FuncName":"main","IRPosInFunc":[27],"SrcLoc":"src/sync.c:68","Type":"LT$@1$@2$!DIV$@2$@1$"},"207":{"FuncName":"main","IRPosInFunc":[27],"SrcLoc":"src/sync.c:68","Type":"LT$@1$@2$!BITSHR$@1$@2$"},"208":{"FuncName":"main","IRPosInFunc":[27],"SrcLoc":"src/sync.c:68","Type":"LT$@1$@2$!BITOR$@1$@2$"},"209":{"FuncName":"main","IRPosInFunc":[27],"SrcLoc":"src/sync.c:68","Type":"LT$@1$@2$!SUB$@2$@1$"},"21":{"FuncName":"usage","IRPosInFunc":[1],"SrcLoc":"","Type":"ASSIGN$V1$@2$!GT$@2$V1$"},"210":{"FuncName":"main","IRPosInFunc":[27],"SrcLoc":"src/sync.c:68","Type":"LT$@1$@2$!NEG$@1$"},"211":{"FuncName":"main","IRPosInFunc":[27],"SrcLoc":"src/sync.c:68","Type":"LT$@1$@2$!NEQ$@1$@2$"},"212":{"FuncName":"main","IRPosInFunc":[27],"SrcLoc":"src/sync.c:68","Type":"LT$@1$@2$!BITNOT$@2$"},"213":{"FuncName":"main","IRPosInFunc":[27],"SrcLoc":"src/sync.c:68","Type":"LT$@1$@2$!BITSHL$@2$@1$"},"214":{"FuncName":"main","IRPosInFunc":[27],"SrcLoc":"src/sync.c:68","Type":"LT$@1$@2$!BITSHL$@1$@2$"},"215":{"FuncName":"main","IRPosInFunc":[27],"SrcLoc":"src/sync.c:68","Type":"LT$@1$@2$!CONSTVAL$1$"},"216":{"FuncName":"main","IRPosInFunc":[27],"SrcLoc":"src/sync.c:68","Type":"LT$@1$@2$!EQ$@1$@2$"},"217":{"FuncName":"main","IRPosInFunc":[27],"SrcLoc":"src/sync.c:68","Type":"LT$@1$@2$!ADD$@1$@2$"},"218":{"FuncName":"main","IRPosInFunc":[27],"SrcLoc":"src/sync.c:68","Type":"LT$@1$@2$!OPERAND$@1$"},"219":{"FuncName":"main","IRPosInFunc":[27],"SrcLoc":"src/sync.c:68","Type":"LT$@1$@2$!MUL$@1$@2$"},"22":{"FuncName":"usage","IRPosInFunc":[1],"SrcLoc":"","Type":"ASSIGN$V1$@2$!GT$V1$@2$"},"220":{"FuncName":"main","IRPosInFunc":[27],"SrcLoc":"src/sync.c:68","Type":"LT$@1$@2$!BITAND$@1$@2$"},"221":{"FuncName":"main","IRPosInFunc":[27],"SrcLoc":"src/sync.c:68","Type":"LT$@1$@2$!ABS$@1$"},"222":{"FuncName":"main","IRPosInFunc":[27],"SrcLoc":"src/sync.c:68","Type":"LT$@1$@2$!ABS$@2$"},"223":{"FuncName":"main","IRPosInFunc":[27],"SrcLoc":"src/sync.c:68","Type":"LT$@1$@2$!OPERAND$@2$"},"224":{"FuncName":"main","IRPosInFunc":[27],"SrcLoc":"src/sync.c:68","Type":"LT$@1$@2$!MOD$@1$@2$"},"225":{"FuncName":"main","IRPosInFunc":[27],"SrcLoc":"src/sync.c:68","Type":"LT$@1$@2$!LE$@2$@1$"},"226":{"FuncName":"main","IRPosInFunc":[27],"SrcLoc":"src/sync.c:68","Type":"LT$@1$@2$!GE$@2$@1$"},"227":{"FuncName":"main","IRPosInFunc":[27],"SrcLoc":"src/sync.c:68","Type":"LT$@1$@2$!CONSTVAL$0$"},"228":{"FuncName":"main","IRPosInFunc":[27],"SrcLoc":"src/sync.c:68","Type":"LT$@1$@2$!SUB$@1$@2$"},"229":{"FuncName":"main","IRPosInFunc":[27],"SrcLoc":"src/sync.c:68","Type":"LT$@1$@2$!LE$@1$@2$"},"23":{"FuncName":"usage","IRPosInFunc":[3,4,5],"SrcLoc":"src/sync.c:36","Type":"STMT!TRAPSTMT"},"230":{"FuncName":"main","IRPosInFunc":[27],"SrcLoc":"src/sync.c:68","Type":"LT$@1$@2$!DIV$@1$@2$"},"231":{"FuncName":"main","IRPosInFunc":[27],"SrcLoc":"src/sync.c:68","Type":"LT$@1$@2$!GE$@1$@2$"},"232":{"FuncName":"main","IRPosInFunc":[27],"SrcLoc":"src/sync.c:68","Type":"LT$@1$@2$!BITSHR$@2$@1$"},"233":{"FuncName":"main","IRPosInFunc":[27],"SrcLoc":"src/sync.c:68","Type":"LT$@1$@2$!GT$@2$@1$"},"234":{"FuncName":"main","IRPosInFunc":[27],"SrcLoc":"src/sync.c:68","Type":"LT$@1$@2$!BITNOT$@1$"},"235":{"FuncName":"main","IRPosInFunc":[27],"SrcLoc":"src/sync.c:68","Type":"LT$@1$@2$!GT$@1$@2$"},"236":{"FuncName":"main","IRPosInFunc":[29],"SrcLoc":"src/sync.c:69","Type":"STMT!TRAPSTMT"},"237":{"FuncName":"main","IRPosInFunc":[29],"SrcLoc":"src/sync.c:69","Type":"STMT!DELSTMT"},"238":{"FuncName":"main","IRPosInFunc":[30],"SrcLoc":"src/sync.c:69","Type":"STMT!TRAPSTMT"},"239":{"FuncName":"main","IRPosInFunc":[31],"SrcLoc":"src/sync.c:71","Type":"STMT!TRAPSTMT"},"24":{"FuncName":"usage","IRPosInFunc":[4],"SrcLoc":"src/sync.c:36","Type":"NEQ$V1$@2$!ASSIGN$V1$@2$"},"240":{"FuncName":"main","IRPosInFunc":[31],"SrcLoc":"src/sync.c:71","Type":"STMT!DELSTMT"},"241":{"FuncName":"main","IRPosInFunc":[32],"SrcLoc":"src/sync.c:72","Type":"STMT!TRAPSTMT"},"242":{"FuncName":"main","IRPosInFunc":[32],"SrcLoc":"src/sync.c:72","Type":"STMT!DELSTMT"},"25":{"FuncName":"usage","IRPosInFunc":[4],"SrcLoc":"src/sync.c:36","Type":"NEQ$@1$@2$!ABS$@1$"},"26":{"FuncName":"usage","IRPosInFunc":[4],"SrcLoc":"src/sync.c:36","Type":"NEQ$@1$@2$!BITNOT$@2$"},"27":{"FuncName":"usage","IRPosInFunc":[4],"SrcLoc":"src/sync.c:36","Type":"NEQ$@1$@2$!CONSTVAL$0$"},"28":{"FuncName":"usage","IRPosInFunc":[4],"SrcLoc":"src/sync.c:36","Type":"NEQ$@1$@2$!LE$@2$@1$"},"29":{"FuncName":"usage","IRPosInFunc":[4],"SrcLoc":"src/sync.c:36","Type":"NEQ$@1$@2$!BITNOT$@1$"},"3":{"FuncName":"usage","IRPosInFunc":[1],"SrcLoc":"","Type":"ASSIGN$V1$@2$!LE$@2$V1$"},"30":{"FuncName":"usage","IRPosInFunc":[4],"SrcLoc":"src/sync.c:36","Type":"NEQ$@1$@2$!DIV$@1$@2$"},"31":{"FuncName":"usage","IRPosInFunc":[4],"SrcLoc":"src/sync.c:36","Type":"NEQ$@1$@2$!SUB$@2$@1$"},"32":{"FuncName":"usage","IRPosInFunc":[4],"SrcLoc":"src/sync.c:36","Type":"NEQ$@1$@2$!EQ$@1$@2$"},"33":{"FuncName":"usage","IRPosInFunc":[4],"SrcLoc":"src/sync.c:36","Type":"NEQ$@1$@2$!MOD$@1$@2$"},"34":{"FuncName":"usage","IRPosInFunc":[4],"SrcLoc":"src/sync.c:36","Type":"NEQ$@1$@2$!GT$@2$@1$"},"35":{"FuncName":"usage","IRPosInFunc":[4],"SrcLoc":"src/sync.c:36","Type":"NEQ$@1$@2$!GE$@1$@2$"},"36":{"FuncName":"usage","IRPosInFunc":[4],"SrcLoc":"src/sync.c:36","Type":"NEQ$@1$@2$!GT$@1$@2$"},"37":{"FuncName":"usage","IRPosInFunc":[4],"SrcLoc":"src/sync.c:36","Type":"NEQ$@1$@2$!LT$@2$@1$"},"38":{"FuncName":"usage","IRPosInFunc":[4],"SrcLoc":"src/sync.c:36","Type":"NEQ$@1$@2$!LT$@1$@2$"},"39":{"FuncName":"usage","IRPosInFunc":[4],"SrcLoc":"src/sync.c:36","Type":"NEQ$@1$@2$!LE$@1$@2$"},"4":{"FuncName":"usage","IRPosInFunc":[1],"SrcLoc":"","Type":"ASSIGN$V1$@2$!ABS$V1$"},"40":{"FuncName":"usage","IRPosInFunc":[4],"SrcLoc":"src/sync.c:36","Type":"NEQ$@1$@2$!GE$@2$@1$"},"41":{"FuncName":"usage","IRPosInFunc":[4],"SrcLoc":"src/sync.c:36","Type":"NEQ$@1$@2$!DIV$@1$@2$"},"42":{"FuncName":"usage","IRPosInFunc":[4],"SrcLoc":"src/sync.c:36","Type":"NEQ$@1$@2$!GT$@1$@2$"},"43":{"FuncName":"usage","IRPosInFunc":[4],"SrcLoc":"src/sync.c:36","Type":"NEQ$@1$@2$!LT$@2$@1$"},"44":{"FuncName":"usage","IRPosInFunc":[4],"SrcLoc":"src/sync.c:36","Type":"NEQ$@1$@2$!LE$@1$@2$"},"45":{"FuncName":"usage","IRPosInFunc":[4],"SrcLoc":"src/sync.c:36","Type":"NEQ$@1$@2$!GE$@2$@1$"},"46":{"FuncName":"usage","IRPosInFunc":[4],"SrcLoc":"src/sync.c:36","Type":"@!ABS$@$"},"47":{"FuncName":"usage","IRPosInFunc":[4],"SrcLoc":"src/sync.c:36","Type":"C!ADD$C$-1$"},"48":{"FuncName":"usage","IRPosInFunc":[4],"SrcLoc":"src/sync.c:36","Type":"C!ADD$C$1$"},"49":{"FuncName":"usage","IRPosInFunc":[6],"SrcLoc":"src/sync.c:37","Type":"STMT!TRAPSTMT"},"5":{"FuncName":"usage","IRPosInFunc":[1],"SrcLoc":"","Type":"ASSIGN$V1$@2$!LT$@2$V1$"},"50":{"FuncName":"usage","IRPosInFunc":[6],"SrcLoc":"src/sync.c:37","Type":"STMT!DELSTMT"},"51":{"FuncName":"usage","IRPosInFunc":[7],"SrcLoc":"src/sync.c:37","Type":"STMT!TRAPSTMT"},"52":{"FuncName":"usage","IRPosInFunc":[7],"SrcLoc":"src/sync.c:37","Type":"STMT!DELSTMT"},"53":{"FuncName":"usage","IRPosInFunc":[8,9],"SrcLoc":"src/sync.c:40","Type":"STMT!TRAPSTMT"},"54":{"FuncName":"usage","IRPosInFunc":[8,9],"SrcLoc":"src/sync.c:40","Type":"STMT!DELSTMT"},"55":{"FuncName":"usage","IRPosInFunc":[9],"SrcLoc":"src/sync.c:40","Type":"@!ABS$@$"},"56":{"FuncName":"usage","IRPosInFunc":[9],"SrcLoc":"src/sync.c:40","Type":"CALL!SHUFFLEARGS$2$"},"57":{"FuncName":"usage","IRPosInFunc":[10,11],"SrcLoc":"src/sync.c:41","Type":"STMT!TRAPSTMT"},"58":{"FuncName":"usage","IRPosInFunc":[10,11],"SrcLoc":"src/sync.c:41","Type":"STMT!DELSTMT"},"59":{"FuncName":"usage","IRPosInFunc":[11],"SrcLoc":"src/sync.c:41","Type":"@!ABS$@$"},"6":{"FuncName":"usage","IRPosInFunc":[1],"SrcLoc":"","Type":"ASSIGN$V1$@2$!NEQ$V1$@2$"},"60":{"FuncName":"usage","IRPosInFunc":[12,13],"SrcLoc":"src/sync.c:45","Type":"STMT!TRAPSTMT"},"61":{"FuncName":"usage","IRPosInFunc":[12,13],"SrcLoc":"src/sync.c:45","Type":"STMT!DELSTMT"},"62":{"FuncName":"usage","IRPosInFunc":[13],"SrcLoc":"src/sync.c:45","Type":"@!ABS$@$"},"63":{"FuncName":"usage","IRPosInFunc":[14,15],"SrcLoc":"src/sync.c:46","Type":"STMT!TRAPSTMT"},"64":{"FuncName":"usage","IRPosInFunc":[14,15],"SrcLoc":"src/sync.c:46","Type":"STMT!DELSTMT"},"65":{"FuncName":"usage","IRPosInFunc":[15],"SrcLoc":"src/sync.c:46","Type":"@!ABS$@$"},"66":{"FuncName":"usage","IRPosInFunc":[16],"SrcLoc":"src/sync.c:47","Type":"STMT!TRAPSTMT"},"67":{"FuncName":"usage","IRPosInFunc":[16],"SrcLoc":"src/sync.c:47","Type":"STMT!DELSTMT"},"68":{"FuncName":"usage","IRPosInFunc":[17],"SrcLoc":"","Type":"STMT!TRAPSTMT"},"69":{"FuncName":"usage","IRPosInFunc":[18,19],"SrcLoc":"src/sync.c:49","Type":"STMT!TRAPSTMT"},"7":{"FuncName":"usage","IRPosInFunc":[1],"SrcLoc":"","Type":"ASSIGN$V1$@2$!LT$V1$@2$"},"70":{"FuncName":"usage","IRPosInFunc":[18,19],"SrcLoc":"src/sync.c:49","Type":"STMT!DELSTMT"},"71":{"FuncName":"usage","IRPosInFunc":[18],"SrcLoc":"src/sync.c:49","Type":"@!ABS$@$"},"72":{"FuncName":"main","IRPosInFunc":[3],"SrcLoc":"","Type":"STMT!TRAPSTMT"},"73":{"FuncName":"main","IRPosInFunc":[3],"SrcLoc":"","Type":"STMT!DELSTMT"},"74":{"FuncName":"main","IRPosInFunc":[3],"SrcLoc":"","Type":"ASSIGN$V1$@2$!BITOR$V1$@2$"},"75":{"FuncName":"main","IRPosInFunc":[3],"SrcLoc":"","Type":"ASSIGN$V1$@2$!MOD$@2$V1$"},"76":{"FuncName":"main","IRPosInFunc":[3],"SrcLoc":"","Type":"ASSIGN$V1$@2$!LE$@2$V1$"},"77":{"FuncName":"main","IRPosInFunc":[3],"SrcLoc":"","Type":"ASSIGN$V1$@2$!ABS$V1$"},"78":{"FuncName":"main","IRPosInFunc":[3],"SrcLoc":"","Type":"ASSIGN$V1$@2$!LT$@2$V1$"},"79":{"FuncName":"main","IRPosInFunc":[3],"SrcLoc":"","Type":"ASSIGN$V1$@2$!NEQ$V1$@2$"},"8":{"FuncName":"usage","IRPosInFunc":[1],"SrcLoc":"","Type":"ASSIGN$V1$@2$!EQ$V1$@2$"},"80":{"FuncName":"main","IRPosInFunc":[3],"SrcLoc":"","Type":"ASSIGN$V1$@2$!LT$V1$@2$"},"81":{"FuncName":"main","IRPosInFunc":[3],"SrcLoc":"","Type":"ASSIGN$V1$@2$!EQ$V1$@2$"},"82":{"FuncName":"main","IRPosInFunc":[3],"SrcLoc":"","Type":"ASSIGN$V1$@2$!GE$@2$V1$"},"83":{"FuncName":"main","IRPosInFunc":[3],"SrcLoc":"","Type":"ASSIGN$V1$@2$!GE$V1$@2$"},"84":{"FuncName":"main","IRPosInFunc":[3],"SrcLoc":"","Type":"ASSIGN$V1$@2$!LE$V1$@2$"},"85":{"FuncName":"main","IRPosInFunc":[3],"SrcLoc":"","Type":"ASSIGN$V1$@2$!GT$@2$V1$"},"86":{"FuncName":"main","IRPosInFunc":[3],"SrcLoc":"","Type":"ASSIGN$V1$@2$!GT$V1$@2$"},"87":{"FuncName":"main","IRPosInFunc":[3],"SrcLoc":"","Type":"ASSIGN$V1$@2$!LT$@2$V1$"},"88":{"FuncName":"main","IRPosInFunc":[3],"SrcLoc":"","Type":"ASSIGN$V1$@2$!GE$@2$V1$"},"89":{"FuncName":"main","IRPosInFunc":[3],"SrcLoc":"","Type":"ASSIGN$V1$@2$!LE$V1$@2$"},"9":{"FuncName":"usage","IRPosInFunc":[1],"SrcLoc":"","Type":"ASSIGN$V1$@2$!GE$@2$V1$"},"90":{"FuncName":"main","IRPosInFunc":[3],"SrcLoc":"","Type":"ASSIGN$V1$@2$!GT$V1$@2$"},"91":{"FuncName":"main","IRPosInFunc":[3],"SrcLoc":"","Type":"C!ADD$C$-1$"},"92":{"FuncName":"main","IRPosInFunc":[3],"SrcLoc":"","Type":"C!ADD$C$1$"},"93":{"FuncName":"main","IRPosInFunc":[4],"SrcLoc":"","Type":"STMT!TRAPSTMT"},"94":{"FuncName":"main","IRPosInFunc":[4],"SrcLoc":"","Type":"STMT!DELSTMT"},"95":{"FuncName":"main","IRPosInFunc":[4],"SrcLoc":"","Type":"ASSIGN$V1$@2$!BITOR$V1$@2$"},"96":{"FuncName":"main","IRPosInFunc":[4],"SrcLoc":"","Type":"ASSIGN$V1$@2$!LE$@2$V1$"},"97":{"FuncName":"main","IRPosInFunc":[4],"SrcLoc":"","Type":"ASSIGN$V1$@2$!ABS$V1$"},"98":{"FuncName":"main","IRPosInFunc":[4],"SrcLoc":"","Type":"ASSIGN$V1$@2$!LT$@2$V1$"},"99":{"FuncName":"main","IRPosInFunc":[4],"SrcLoc":"","Type":"ASSIGN$V1$@2$!NEQ$V1$@2$"}}