{"388":{"EquivalenDuplicateOf":"0","FuncName":"main","IRPosInFunc":[72],"SrcLoc":"src/tty.c:124","Type":"@!ABS$@$"},"389":{"EquivalenDuplicateOf":"0","FuncName":"main","IRPosInFunc":[73],"SrcLoc":"src/tty.c:124","Type":"RETURN_BREAK_CONTINUE!DELSTMT"},"390":{"EquivalenDuplicateOf":"0","FuncName":"main","IRPosInFunc":[73],"SrcLoc":"src/tty.c:124","Type":"STMT!DELSTMT"},"391":{"EquivalenDuplicateOf":"0","FuncName":"main","IRPosInFunc":[72,73],"SrcLoc":"src/tty.c:124","Type":"STMT!TRAPSTMT"},"392":{"EquivalenDuplicateOf":"0","FuncName":"main","IRPosInFunc":[71],"SrcLoc":"src/tty.c:123","Type":"STMT!TRAPSTMT"},"393":{"EquivalenDuplicateOf":"384","FuncName":"main","IRPosInFunc":[69],"SrcLoc":"src/tty.c:123","Type":"C!ADD$C$-1$"},"394":{"EquivalenDuplicateOf":"360","FuncName":"main","IRPosInFunc":[67],"SrcLoc":"src/tty.c:123","Type":"@!ABS$@$"},"395":{"EquivalenDuplicateOf":"362","FuncName":"main","IRPosInFunc":[68],"SrcLoc":"src/tty.c:123","Type":"NEQ$@1$@2$!BITSHR$@2$@1$"},"396":{"EquivalenDuplicateOf":"362","FuncName":"main","IRPosInFunc":[68],"SrcLoc":"src/tty.c:123","Type":"NEQ$@1$@2$!LT$@1$@2$"},"397":{"EquivalenDuplicateOf":"0","FuncName":"main","IRPosInFunc":[68],"SrcLoc":"src/tty.c:123","Type":"NEQ$@1$@2$!BITSHR$@1$@2$"},"398":{"EquivalenDuplicateOf":"361","FuncName":"main","IRPosInFunc":[68],"SrcLoc":"src/tty.c:123","Type":"NEQ$@1$@2$!GE$@1$@2$"},"399":{"EquivalenDuplicateOf":"362","FuncName":"main","IRPosInFunc":[68],"SrcLoc":"src/tty.c:123","Type":"NEQ$@1$@2$!GT$@2$@1$"},"400":{"EquivalenDuplicateOf":"361","FuncName":"main","IRPosInFunc":[68],"SrcLoc":"src/tty.c:123","Type":"NEQ$@1$@2$!MOD$@1$@2$"},"401":{"EquivalenDuplicateOf":"362","FuncName":"main","IRPosInFunc":[68],"SrcLoc":"src/tty.c:123","Type":"NEQ$@1$@2$!MOD$@2$@1$"},"402":{"EquivalenDuplicateOf":"362","FuncName":"main","IRPosInFunc":[68],"SrcLoc":"src/tty.c:123","Type":"NEQ$@1$@2$!DIV$@2$@1$"},"403":{"EquivalenDuplicateOf":"361","FuncName":"main","IRPosInFunc":[68],"SrcLoc":"src/tty.c:123","Type":"NEQ$@1$@2$!LE$@2$@1$"},"404":{"EquivalenDuplicateOf":"362","FuncName":"main","IRPosInFunc":[68],"SrcLoc":"src/tty.c:123","Type":"NEQ$@1$@2$!BITSHR$@2$@1$"},"405":{"EquivalenDuplicateOf":"362","FuncName":"main","IRPosInFunc":[68],"SrcLoc":"src/tty.c:123","Type":"NEQ$@1$@2$!NEG$@2$"},"406":{"EquivalenDuplicateOf":"362","FuncName":"main","IRPosInFunc":[68],"SrcLoc":"src/tty.c:123","Type":"NEQ$@1$@2$!MUL$@1$@2$"},"407":{"EquivalenDuplicateOf":"0","FuncName":"main","IRPosInFunc":[68],"SrcLoc":"src/tty.c:123","Type":"NEQ$@1$@2$!SUB$@1$@2$"},"408":{"EquivalenDuplicateOf":"0","FuncName":"main","IRPosInFunc":[68],"SrcLoc":"src/tty.c:123","Type":"NEQ$@1$@2$!BITSHR$@1$@2$"},"409":{"EquivalenDuplicateOf":"362","FuncName":"main","IRPosInFunc":[68],"SrcLoc":"src/tty.c:123","Type":"NEQ$@1$@2$!BITSHL$@2$@1$"},"410":{"EquivalenDuplicateOf":"0","FuncName":"main","IRPosInFunc":[68],"SrcLoc":"src/tty.c:123","Type":"NEQ$@1$@2$!BITOR$@1$@2$"},"411":{"EquivalenDuplicateOf":"361","FuncName":"main","IRPosInFunc":[68],"SrcLoc":"src/tty.c:123","Type":"NEQ$@1$@2$!CONSTVAL$1$"},"412":{"EquivalenDuplicateOf":"361","FuncName":"main","IRPosInFunc":[68],"SrcLoc":"src/tty.c:123","Type":"NEQ$@1$@2$!MOD$@1$@2$"},"413":{"EquivalenDuplicateOf":"362","FuncName":"main","IRPosInFunc":[68],"SrcLoc":"src/tty.c:123","Type":"NEQ$@1$@2$!ABS$@2$"},"414":{"EquivalenDuplicateOf":"0","FuncName":"main","IRPosInFunc":[68],"SrcLoc":"src/tty.c:123","Type":"NEQ$@1$@2$!OPERAND$@1$"},"415":{"EquivalenDuplicateOf":"366","FuncName":"main","IRPosInFunc":[68],"SrcLoc":"src/tty.c:123","Type":"NEQ$@1$@2$!NEG$@1$"},"416":{"EquivalenDuplicateOf":"362","FuncName":"main","IRPosInFunc":[68],"SrcLoc":"src/tty.c:123","Type":"NEQ$@1$@2$!MOD$@2$@1$"},"417":{"EquivalenDuplicateOf":"362","FuncName":"main","IRPosInFunc":[68],"SrcLoc":"src/tty.c:123","Type":"NEQ$@1$@2$!OPERAND$@2$"},"418":{"EquivalenDuplicateOf":"0","FuncName":"main","IRPosInFunc":[68],"SrcLoc":"src/tty.c:123","Type":"NEQ$@1$@2$!BITSHL$@1$@2$"},"419":{"EquivalenDuplicateOf":"362","FuncName":"main","IRPosInFunc":[68],"SrcLoc":"src/tty.c:123","Type":"NEQ$@1$@2$!DIV$@2$@1$"},"420":{"EquivalenDuplicateOf":"0","FuncName":"main","IRPosInFunc":[68],"SrcLoc":"src/tty.c:123","Type":"NEQ$@1$@2$!ADD$@1$@2$"},"421":{"EquivalenDuplicateOf":"362","FuncName":"main","IRPosInFunc":[68],"SrcLoc":"src/tty.c:123","Type":"NEQ$@1$@2$!BITAND$@1$@2$"},"422":{"EquivalenDuplicateOf":"0","FuncName":"main","IRPosInFunc":[68],"SrcLoc":"src/tty.c:123","Type":"NEQ$@1$@2$!BITXOR$@1$@2$"},"423":{"EquivalenDuplicateOf":"352","FuncName":"main","IRPosInFunc":[63],"SrcLoc":"src/tty.c:118","Type":"RETURN_BREAK_CONTINUE!DELSTMT"},"424":{"EquivalenDuplicateOf":"0","FuncName":"main","IRPosInFunc":[51],"SrcLoc":"src/tty.c:112","Type":"CALL!SHUFFLEARGS$2$"},"425":{"EquivalenDuplicateOf":"276","FuncName":"main","IRPosInFunc":[40],"SrcLoc":"src/tty.c:109","Type":"RETURN_BREAK_CONTINUE!DELSTMT"},"426":{"EquivalenDuplicateOf":"257","FuncName":"main","IRPosInFunc":[40],"SrcLoc":"src/tty.c:109","Type":"STMT!TRAPSTMT"},"427":{"EquivalenDuplicateOf":"0","FuncName":"main","IRPosInFunc":[39],"SrcLoc":"src/tty.c:107","Type":"STMT!TRAPSTMT"},"428":{"EquivalenDuplicateOf":"0","FuncName":"main","IRPosInFunc":[37],"SrcLoc":"src/tty.c:104","Type":"STMT!TRAPSTMT"},"429":{"EquivalenDuplicateOf":"262","FuncName":"main","IRPosInFunc":[35],"SrcLoc":"src/tty.c:104","Type":"CALL!SHUFFLEARGS$2$"},"430":{"EquivalenDuplicateOf":"263","FuncName":"main","IRPosInFunc":[35],"SrcLoc":"src/tty.c:104","Type":"CALL!SHUFFLEARGS$2$"},"431":{"EquivalenDuplicateOf":"264","FuncName":"main","IRPosInFunc":[35],"SrcLoc":"src/tty.c:104","Type":"CALL!SHUFFLEARGS$2$"},"432":{"EquivalenDuplicateOf":"263","FuncName":"main","IRPosInFunc":[35],"SrcLoc":"src/tty.c:104","Type":"CALL!SHUFFLEARGS$2$"},"433":{"EquivalenDuplicateOf":"265","FuncName":"main","IRPosInFunc":[35],"SrcLoc":"src/tty.c:104","Type":"CALL!SHUFFLEARGS$2$"},"434":{"EquivalenDuplicateOf":"266","FuncName":"main","IRPosInFunc":[35],"SrcLoc":"src/tty.c:104","Type":"CALL!SHUFFLEARGS$2$"},"435":{"EquivalenDuplicateOf":"267","FuncName":"main","IRPosInFunc":[35],"SrcLoc":"src/tty.c:104","Type":"CALL!SHUFFLEARGS$2$"},"436":{"EquivalenDuplicateOf":"265","FuncName":"main","IRPosInFunc":[35],"SrcLoc":"src/tty.c:104","Type":"CALL!SHUFFLEARGS$2$"},"437":{"EquivalenDuplicateOf":"266","FuncName":"main","IRPosInFunc":[35],"SrcLoc":"src/tty.c:104","Type":"CALL!SHUFFLEARGS$2$"},"438":{"EquivalenDuplicateOf":"265","FuncName":"main","IRPosInFunc":[35],"SrcLoc":"src/tty.c:104","Type":"CALL!SHUFFLEARGS$2$"},"439":{"EquivalenDuplicateOf":"268","FuncName":"main","IRPosInFunc":[35],"SrcLoc":"src/tty.c:104","Type":"CALL!SHUFFLEARGS$2$"},"440":{"EquivalenDuplicateOf":"269","FuncName":"main","IRPosInFunc":[35],"SrcLoc":"src/tty.c:104","Type":"CALL!SHUFFLEARGS$2$"},"441":{"EquivalenDuplicateOf":"270","FuncName":"main","IRPosInFunc":[35],"SrcLoc":"src/tty.c:104","Type":"CALL!SHUFFLEARGS$2$"},"442":{"EquivalenDuplicateOf":"268","FuncName":"main","IRPosInFunc":[35],"SrcLoc":"src/tty.c:104","Type":"CALL!SHUFFLEARGS$2$"},"443":{"EquivalenDuplicateOf":"269","FuncName":"main","IRPosInFunc":[35],"SrcLoc":"src/tty.c:104","Type":"CALL!SHUFFLEARGS$2$"},"444":{"EquivalenDuplicateOf":"268","FuncName":"main","IRPosInFunc":[35],"SrcLoc":"src/tty.c:104","Type":"CALL!SHUFFLEARGS$2$"},"445":{"EquivalenDuplicateOf":"262","FuncName":"main","IRPosInFunc":[35],"SrcLoc":"src/tty.c:104","Type":"CALL!SHUFFLEARGS$2$"},"446":{"EquivalenDuplicateOf":"263","FuncName":"main","IRPosInFunc":[35],"SrcLoc":"src/tty.c:104","Type":"CALL!SHUFFLEARGS$2$"},"447":{"EquivalenDuplicateOf":"264","FuncName":"main","IRPosInFunc":[35],"SrcLoc":"src/tty.c:104","Type":"CALL!SHUFFLEARGS$2$"},"448":{"EquivalenDuplicateOf":"263","FuncName":"main","IRPosInFunc":[35],"SrcLoc":"src/tty.c:104","Type":"CALL!SHUFFLEARGS$2$"},"449":{"EquivalenDuplicateOf":"265","FuncName":"main","IRPosInFunc":[35],"SrcLoc":"src/tty.c:104","Type":"CALL!SHUFFLEARGS$2$"},"450":{"EquivalenDuplicateOf":"266","FuncName":"main","IRPosInFunc":[35],"SrcLoc":"src/tty.c:104","Type":"CALL!SHUFFLEARGS$2$"},"451":{"EquivalenDuplicateOf":"265","FuncName":"main","IRPosInFunc":[35],"SrcLoc":"src/tty.c:104","Type":"CALL!SHUFFLEARGS$2$"},"452":{"EquivalenDuplicateOf":"262","FuncName":"main","IRPosInFunc":[35],"SrcLoc":"src/tty.c:104","Type":"CALL!SHUFFLEARGS$2$"},"453":{"EquivalenDuplicateOf":"263","FuncName":"main","IRPosInFunc":[35],"SrcLoc":"src/tty.c:104","Type":"CALL!SHUFFLEARGS$2$"},"454":{"EquivalenDuplicateOf":"0","FuncName":"main","IRPosInFunc":[32],"SrcLoc":"src/tty.c:102","Type":"STMT!TRAPSTMT"},"455":{"EquivalenDuplicateOf":"229","FuncName":"main","IRPosInFunc":[31],"SrcLoc":"src/tty.c:102","Type":"STMT!DELSTMT"},"456":{"EquivalenDuplicateOf":"258","FuncName":"main","IRPosInFunc":[30],"SrcLoc":"src/tty.c:100","Type":"RETURN_BREAK_CONTINUE!DELSTMT"},"457":{"EquivalenDuplicateOf":"255","FuncName":"main","IRPosInFunc":[29],"SrcLoc":"src/tty.c:99","Type":"C!ADD$C$-1$"},"458":{"EquivalenDuplicateOf":"234","FuncName":"main","IRPosInFunc":[29],"SrcLoc":"src/tty.c:99","Type":"ASSIGN$V1$@2$!DIV$@2$V1$"},"459":{"EquivalenDuplicateOf":"234","FuncName":"main","IRPosInFunc":[29],"SrcLoc":"src/tty.c:99","Type":"ASSIGN$V1$@2$!MOD$V1$@2$"},"460":{"EquivalenDuplicateOf":"234","FuncName":"main","IRPosInFunc":[29],"SrcLoc":"src/tty.c:99","Type":"ASSIGN$V1$@2$!BITSHR$@2$V1$"},"461":{"EquivalenDuplicateOf":"234","FuncName":"main","IRPosInFunc":[29],"SrcLoc":"src/tty.c:99","Type":"ASSIGN$V1$@2$!DIV$V1$@2$"},"462":{"EquivalenDuplicateOf":"234","FuncName":"main","IRPosInFunc":[29],"SrcLoc":"src/tty.c:99","Type":"ASSIGN$V1$@2$!BITSHR$V1$@2$"},"463":{"EquivalenDuplicateOf":"234","FuncName":"main","IRPosInFunc":[29],"SrcLoc":"src/tty.c:99","Type":"ASSIGN$V1$@2$!MOD$@2$V1$"},"464":{"EquivalenDuplicateOf":"234","FuncName":"main","IRPosInFunc":[29],"SrcLoc":"src/tty.c:99","Type":"ASSIGN$V1$@2$!DIV$@2$V1$"},"465":{"EquivalenDuplicateOf":"233","FuncName":"main","IRPosInFunc":[29],"SrcLoc":"src/tty.c:99","Type":"ASSIGN$V1$@2$!BITNOT$@2$"},"466":{"EquivalenDuplicateOf":"233","FuncName":"main","IRPosInFunc":[29],"SrcLoc":"src/tty.c:99","Type":"ASSIGN$V1$@2$!OPERAND$@2$"},"467":{"EquivalenDuplicateOf":"234","FuncName":"main","IRPosInFunc":[29],"SrcLoc":"src/tty.c:99","Type":"ASSIGN$V1$@2$!MOD$V1$@2$"},"468":{"EquivalenDuplicateOf":"234","FuncName":"main","IRPosInFunc":[29],"SrcLoc":"src/tty.c:99","Type":"ASSIGN$V1$@2$!BITSHR$@2$V1$"},"469":{"EquivalenDuplicateOf":"234","FuncName":"main","IRPosInFunc":[29],"SrcLoc":"src/tty.c:99","Type":"ASSIGN$V1$@2$!SUB$V1$@2$"},"470":{"EquivalenDuplicateOf":"234","FuncName":"main","IRPosInFunc":[29],"SrcLoc":"src/tty.c:99","Type":"ASSIGN$V1$@2$!SUB$@2$V1$"},"471":{"EquivalenDuplicateOf":"233","FuncName":"main","IRPosInFunc":[29],"SrcLoc":"src/tty.c:99","Type":"ASSIGN$V1$@2$!ABS$@2$"},"472":{"EquivalenDuplicateOf":"234","FuncName":"main","IRPosInFunc":[29],"SrcLoc":"src/tty.c:99","Type":"ASSIGN$V1$@2$!DIV$V1$@2$"},"473":{"EquivalenDuplicateOf":"234","FuncName":"main","IRPosInFunc":[29],"SrcLoc":"src/tty.c:99","Type":"ASSIGN$V1$@2$!MUL$V1$@2$"},"474":{"EquivalenDuplicateOf":"234","FuncName":"main","IRPosInFunc":[29],"SrcLoc":"src/tty.c:99","Type":"ASSIGN$V1$@2$!BITSHR$V1$@2$"},"475":{"EquivalenDuplicateOf":"233","FuncName":"main","IRPosInFunc":[29],"SrcLoc":"src/tty.c:99","Type":"ASSIGN$V1$@2$!CONSTVAL$0$"},"476":{"EquivalenDuplicateOf":"234","FuncName":"main","IRPosInFunc":[29],"SrcLoc":"src/tty.c:99","Type":"ASSIGN$V1$@2$!NEG$V1$"},"477":{"EquivalenDuplicateOf":"234","FuncName":"main","IRPosInFunc":[29],"SrcLoc":"src/tty.c:99","Type":"ASSIGN$V1$@2$!BITXOR$V1$@2$"},"478":{"EquivalenDuplicateOf":"233","FuncName":"main","IRPosInFunc":[29],"SrcLoc":"src/tty.c:99","Type":"ASSIGN$V1$@2$!CONSTVAL$1$"},"479":{"EquivalenDuplicateOf":"234","FuncName":"main","IRPosInFunc":[29],"SrcLoc":"src/tty.c:99","Type":"ASSIGN$V1$@2$!BITSHL$V1$@2$"},"480":{"EquivalenDuplicateOf":"234","FuncName":"main","IRPosInFunc":[29],"SrcLoc":"src/tty.c:99","Type":"ASSIGN$V1$@2$!BITSHL$@2$V1$"},"481":{"EquivalenDuplicateOf":"234","FuncName":"main","IRPosInFunc":[29],"SrcLoc":"src/tty.c:99","Type":"ASSIGN$V1$@2$!BITAND$V1$@2$"},"482":{"EquivalenDuplicateOf":"233","FuncName":"main","IRPosInFunc":[29],"SrcLoc":"src/tty.c:99","Type":"ASSIGN$V1$@2$!NEG$@2$"},"483":{"EquivalenDuplicateOf":"234","FuncName":"main","IRPosInFunc":[29],"SrcLoc":"src/tty.c:99","Type":"ASSIGN$V1$@2$!BITNOT$V1$"},"484":{"EquivalenDuplicateOf":"234","FuncName":"main","IRPosInFunc":[29],"SrcLoc":"src/tty.c:99","Type":"ASSIGN$V1$@2$!ADD$V1$@2$"},"485":{"EquivalenDuplicateOf":"234","FuncName":"main","IRPosInFunc":[29],"SrcLoc":"src/tty.c:99","Type":"ASSIGN$V1$@2$!MOD$@2$V1$"},"486":{"EquivalenDuplicateOf":"159","FuncName":"main","IRPosInFunc":[25],"SrcLoc":"src/tty.c:94","Type":"C!ADD$C$1$"},"487":{"EquivalenDuplicateOf":"159","FuncName":"main","IRPosInFunc":[25],"SrcLoc":"src/tty.c:94","Type":"C!CONSTVAL$0$"},"488":{"EquivalenDuplicateOf":"189","FuncName":"main","IRPosInFunc":[24],"SrcLoc":"src/tty.c:94","Type":"ASSIGN$V1$@2$!DIV$@2$V1$"},"489":{"EquivalenDuplicateOf":"189","FuncName":"main","IRPosInFunc":[24],"SrcLoc":"src/tty.c:94","Type":"ASSIGN$V1$@2$!MOD$V1$@2$"},"490":{"EquivalenDuplicateOf":"189","FuncName":"main","IRPosInFunc":[24],"SrcLoc":"src/tty.c:94","Type":"ASSIGN$V1$@2$!BITSHR$@2$V1$"},"491":{"EquivalenDuplicateOf":"189","FuncName":"main","IRPosInFunc":[24],"SrcLoc":"src/tty.c:94","Type":"ASSIGN$V1$@2$!DIV$V1$@2$"},"492":{"EquivalenDuplicateOf":"189","FuncName":"main","IRPosInFunc":[24],"SrcLoc":"src/tty.c:94","Type":"ASSIGN$V1$@2$!BITSHR$V1$@2$"},"493":{"EquivalenDuplicateOf":"189","FuncName":"main","IRPosInFunc":[24],"SrcLoc":"src/tty.c:94","Type":"ASSIGN$V1$@2$!MOD$@2$V1$"},"494":{"EquivalenDuplicateOf":"189","FuncName":"main","IRPosInFunc":[24],"SrcLoc":"src/tty.c:94","Type":"ASSIGN$V1$@2$!DIV$@2$V1$"},"495":{"EquivalenDuplicateOf":"190","FuncName":"main","IRPosInFunc":[24],"SrcLoc":"src/tty.c:94","Type":"ASSIGN$V1$@2$!BITNOT$@2$"},"496":{"EquivalenDuplicateOf":"190","FuncName":"main","IRPosInFunc":[24],"SrcLoc":"src/tty.c:94","Type":"ASSIGN$V1$@2$!OPERAND$@2$"},"497":{"EquivalenDuplicateOf":"189","FuncName":"main","IRPosInFunc":[24],"SrcLoc":"src/tty.c:94","Type":"ASSIGN$V1$@2$!MOD$V1$@2$"},"498":{"EquivalenDuplicateOf":"189","FuncName":"main","IRPosInFunc":[24],"SrcLoc":"src/tty.c:94","Type":"ASSIGN$V1$@2$!BITSHR$@2$V1$"},"499":{"EquivalenDuplicateOf":"189","FuncName":"main","IRPosInFunc":[24],"SrcLoc":"src/tty.c:94","Type":"ASSIGN$V1$@2$!SUB$V1$@2$"},"500":{"EquivalenDuplicateOf":"189","FuncName":"main","IRPosInFunc":[24],"SrcLoc":"src/tty.c:94","Type":"ASSIGN$V1$@2$!SUB$@2$V1$"},"501":{"EquivalenDuplicateOf":"189","FuncName":"main","IRPosInFunc":[24],"SrcLoc":"src/tty.c:94","Type":"ASSIGN$V1$@2$!DIV$V1$@2$"},"502":{"EquivalenDuplicateOf":"189","FuncName":"main","IRPosInFunc":[24],"SrcLoc":"src/tty.c:94","Type":"ASSIGN$V1$@2$!MUL$V1$@2$"},"503":{"EquivalenDuplicateOf":"189","FuncName":"main","IRPosInFunc":[24],"SrcLoc":"src/tty.c:94","Type":"ASSIGN$V1$@2$!BITSHR$V1$@2$"},"504":{"EquivalenDuplicateOf":"190","FuncName":"main","IRPosInFunc":[24],"SrcLoc":"src/tty.c:94","Type":"ASSIGN$V1$@2$!CONSTVAL$0$"},"505":{"EquivalenDuplicateOf":"189","FuncName":"main","IRPosInFunc":[24],"SrcLoc":"src/tty.c:94","Type":"ASSIGN$V1$@2$!NEG$V1$"},"506":{"EquivalenDuplicateOf":"189","FuncName":"main","IRPosInFunc":[24],"SrcLoc":"src/tty.c:94","Type":"ASSIGN$V1$@2$!BITXOR$V1$@2$"},"507":{"EquivalenDuplicateOf":"190","FuncName":"main","IRPosInFunc":[24],"SrcLoc":"src/tty.c:94","Type":"ASSIGN$V1$@2$!CONSTVAL$1$"},"508":{"EquivalenDuplicateOf":"189","FuncName":"main","IRPosInFunc":[24],"SrcLoc":"src/tty.c:94","Type":"ASSIGN$V1$@2$!BITSHL$V1$@2$"},"509":{"EquivalenDuplicateOf":"189","FuncName":"main","IRPosInFunc":[24],"SrcLoc":"src/tty.c:94","Type":"ASSIGN$V1$@2$!BITSHL$@2$V1$"},"510":{"EquivalenDuplicateOf":"189","FuncName":"main","IRPosInFunc":[24],"SrcLoc":"src/tty.c:94","Type":"ASSIGN$V1$@2$!BITAND$V1$@2$"},"511":{"EquivalenDuplicateOf":"190","FuncName":"main","IRPosInFunc":[24],"SrcLoc":"src/tty.c:94","Type":"ASSIGN$V1$@2$!NEG$@2$"},"512":{"EquivalenDuplicateOf":"189","FuncName":"main","IRPosInFunc":[24],"SrcLoc":"src/tty.c:94","Type":"ASSIGN$V1$@2$!BITNOT$V1$"},"513":{"EquivalenDuplicateOf":"189","FuncName":"main","IRPosInFunc":[24],"SrcLoc":"src/tty.c:94","Type":"ASSIGN$V1$@2$!ADD$V1$@2$"},"514":{"EquivalenDuplicateOf":"189","FuncName":"main","IRPosInFunc":[24],"SrcLoc":"src/tty.c:94","Type":"ASSIGN$V1$@2$!MOD$@2$V1$"},"515":{"EquivalenDuplicateOf":"163","FuncName":"main","IRPosInFunc":[25],"SrcLoc":"src/tty.c:94","Type":"NEQ$@1$@2$!GE$@2$@1$"},"516":{"EquivalenDuplicateOf":"163","FuncName":"main","IRPosInFunc":[25],"SrcLoc":"src/tty.c:94","Type":"NEQ$@1$@2$!LE$@1$@2$"},"517":{"EquivalenDuplicateOf":"156","FuncName":"main","IRPosInFunc":[25],"SrcLoc":"src/tty.c:94","Type":"NEQ$@1$@2$!LT$@2$@1$"},"518":{"EquivalenDuplicateOf":"156","FuncName":"main","IRPosInFunc":[25],"SrcLoc":"src/tty.c:94","Type":"NEQ$@1$@2$!GT$@1$@2$"},"519":{"EquivalenDuplicateOf":"162","FuncName":"main","IRPosInFunc":[25],"SrcLoc":"src/tty.c:94","Type":"NEQ$@1$@2$!BITSHR$@1$@2$"},"520":{"EquivalenDuplicateOf":"163","FuncName":"main","IRPosInFunc":[25],"SrcLoc":"src/tty.c:94","Type":"NEQ$@1$@2$!BITSHR$@2$@1$"},"521":{"EquivalenDuplicateOf":"163","FuncName":"main","IRPosInFunc":[25],"SrcLoc":"src/tty.c:94","Type":"NEQ$@1$@2$!NEG$@2$"},"522":{"EquivalenDuplicateOf":"162","FuncName":"main","IRPosInFunc":[25],"SrcLoc":"src/tty.c:94","Type":"NEQ$@1$@2$!BITSHR$@1$@2$"},"523":{"EquivalenDuplicateOf":"163","FuncName":"main","IRPosInFunc":[25],"SrcLoc":"src/tty.c:94","Type":"NEQ$@1$@2$!BITOR$@1$@2$"},"524":{"EquivalenDuplicateOf":"163","FuncName":"main","IRPosInFunc":[25],"SrcLoc":"src/tty.c:94","Type":"NEQ$@1$@2$!CONSTVAL$1$"},"525":{"EquivalenDuplicateOf":"163","FuncName":"main","IRPosInFunc":[25],"SrcLoc":"src/tty.c:94","Type":"NEQ$@1$@2$!ABS$@2$"},"526":{"EquivalenDuplicateOf":"159","FuncName":"main","IRPosInFunc":[25],"SrcLoc":"src/tty.c:94","Type":"NEQ$@1$@2$!OPERAND$@1$"},"527":{"EquivalenDuplicateOf":"157","FuncName":"main","IRPosInFunc":[25],"SrcLoc":"src/tty.c:94","Type":"NEQ$@1$@2$!BITNOT$@1$"},"528":{"EquivalenDuplicateOf":"156","FuncName":"main","IRPosInFunc":[25],"SrcLoc":"src/tty.c:94","Type":"NEQ$@1$@2$!CONSTVAL$0$"},"529":{"EquivalenDuplicateOf":"154","FuncName":"main","IRPosInFunc":[21,22,23,24,25,26],"SrcLoc":"src/tty.c:94","Type":"STMT!TRAPSTMT"},"530":{"EquivalenDuplicateOf":"136","FuncName":"main","IRPosInFunc":[19],"SrcLoc":"src/tty.c:92","Type":"ASSIGN$V1$@2$!DIV$@2$V1$"},"531":{"EquivalenDuplicateOf":"136","FuncName":"main","IRPosInFunc":[19],"SrcLoc":"src/tty.c:92","Type":"ASSIGN$V1$@2$!GT$@2$V1$"},"532":{"EquivalenDuplicateOf":"136","FuncName":"main","IRPosInFunc":[19],"SrcLoc":"src/tty.c:92","Type":"ASSIGN$V1$@2$!MOD$V1$@2$"},"533":{"EquivalenDuplicateOf":"136","FuncName":"main","IRPosInFunc":[19],"SrcLoc":"src/tty.c:92","Type":"ASSIGN$V1$@2$!BITSHR$@2$V1$"},"534":{"EquivalenDuplicateOf":"136","FuncName":"main","IRPosInFunc":[19],"SrcLoc":"src/tty.c:92","Type":"ASSIGN$V1$@2$!GE$V1$@2$"},"535":{"EquivalenDuplicateOf":"136","FuncName":"main","IRPosInFunc":[19],"SrcLoc":"src/tty.c:92","Type":"ASSIGN$V1$@2$!DIV$V1$@2$"},"536":{"EquivalenDuplicateOf":"136","FuncName":"main","IRPosInFunc":[19],"SrcLoc":"src/tty.c:92","Type":"ASSIGN$V1$@2$!BITSHR$V1$@2$"},"537":{"EquivalenDuplicateOf":"136","FuncName":"main","IRPosInFunc":[19],"SrcLoc":"src/tty.c:92","Type":"ASSIGN$V1$@2$!LT$V1$@2$"},"538":{"EquivalenDuplicateOf":"136","FuncName":"main","IRPosInFunc":[19],"SrcLoc":"src/tty.c:92","Type":"ASSIGN$V1$@2$!LE$@2$V1$"},"539":{"EquivalenDuplicateOf":"136","FuncName":"main","IRPosInFunc":[19],"SrcLoc":"src/tty.c:92","Type":"ASSIGN$V1$@2$!MOD$@2$V1$"},"540":{"EquivalenDuplicateOf":"136","FuncName":"main","IRPosInFunc":[19],"SrcLoc":"src/tty.c:92","Type":"ASSIGN$V1$@2$!DIV$@2$V1$"},"541":{"EquivalenDuplicateOf":"135","FuncName":"main","IRPosInFunc":[19],"SrcLoc":"src/tty.c:92","Type":"ASSIGN$V1$@2$!BITNOT$@2$"},"542":{"EquivalenDuplicateOf":"135","FuncName":"main","IRPosInFunc":[19],"SrcLoc":"src/tty.c:92","Type":"ASSIGN$V1$@2$!OPERAND$@2$"},"543":{"EquivalenDuplicateOf":"136","FuncName":"main","IRPosInFunc":[19],"SrcLoc":"src/tty.c:92","Type":"ASSIGN$V1$@2$!MOD$V1$@2$"},"544":{"EquivalenDuplicateOf":"136","FuncName":"main","IRPosInFunc":[19],"SrcLoc":"src/tty.c:92","Type":"ASSIGN$V1$@2$!BITSHR$@2$V1$"},"545":{"EquivalenDuplicateOf":"136","FuncName":"main","IRPosInFunc":[19],"SrcLoc":"src/tty.c:92","Type":"ASSIGN$V1$@2$!SUB$V1$@2$"},"546":{"EquivalenDuplicateOf":"136","FuncName":"main","IRPosInFunc":[19],"SrcLoc":"src/tty.c:92","Type":"ASSIGN$V1$@2$!SUB$@2$V1$"},"547":{"EquivalenDuplicateOf":"135","FuncName":"main","IRPosInFunc":[19],"SrcLoc":"src/tty.c:92","Type":"ASSIGN$V1$@2$!ABS$@2$"},"548":{"EquivalenDuplicateOf":"136","FuncName":"main","IRPosInFunc":[19],"SrcLoc":"src/tty.c:92","Type":"ASSIGN$V1$@2$!DIV$V1$@2$"},"549":{"EquivalenDuplicateOf":"136","FuncName":"main","IRPosInFunc":[19],"SrcLoc":"src/tty.c:92","Type":"ASSIGN$V1$@2$!MUL$V1$@2$"},"550":{"EquivalenDuplicateOf":"136","FuncName":"main","IRPosInFunc":[19],"SrcLoc":"src/tty.c:92","Type":"ASSIGN$V1$@2$!BITSHR$V1$@2$"},"551":{"EquivalenDuplicateOf":"135","FuncName":"main","IRPosInFunc":[19],"SrcLoc":"src/tty.c:92","Type":"ASSIGN$V1$@2$!CONSTVAL$0$"},"552":{"EquivalenDuplicateOf":"136","FuncName":"main","IRPosInFunc":[19],"SrcLoc":"src/tty.c:92","Type":"ASSIGN$V1$@2$!NEG$V1$"},"553":{"EquivalenDuplicateOf":"136","FuncName":"main","IRPosInFunc":[19],"SrcLoc":"src/tty.c:92","Type":"ASSIGN$V1$@2$!BITXOR$V1$@2$"},"554":{"EquivalenDuplicateOf":"135","FuncName":"main","IRPosInFunc":[19],"SrcLoc":"src/tty.c:92","Type":"ASSIGN$V1$@2$!CONSTVAL$1$"},"555":{"EquivalenDuplicateOf":"136","FuncName":"main","IRPosInFunc":[19],"SrcLoc":"src/tty.c:92","Type":"ASSIGN$V1$@2$!BITSHL$V1$@2$"},"556":{"EquivalenDuplicateOf":"136","FuncName":"main","IRPosInFunc":[19],"SrcLoc":"src/tty.c:92","Type":"ASSIGN$V1$@2$!BITSHL$@2$V1$"},"557":{"EquivalenDuplicateOf":"136","FuncName":"main","IRPosInFunc":[19],"SrcLoc":"src/tty.c:92","Type":"ASSIGN$V1$@2$!BITAND$V1$@2$"},"558":{"EquivalenDuplicateOf":"135","FuncName":"main","IRPosInFunc":[19],"SrcLoc":"src/tty.c:92","Type":"ASSIGN$V1$@2$!NEG$@2$"},"559":{"EquivalenDuplicateOf":"136","FuncName":"main","IRPosInFunc":[19],"SrcLoc":"src/tty.c:92","Type":"ASSIGN$V1$@2$!BITNOT$V1$"},"560":{"EquivalenDuplicateOf":"136","FuncName":"main","IRPosInFunc":[19],"SrcLoc":"src/tty.c:92","Type":"ASSIGN$V1$@2$!ADD$V1$@2$"},"561":{"EquivalenDuplicateOf":"135","FuncName":"main","IRPosInFunc":[19],"SrcLoc":"src/tty.c:92","Type":"ASSIGN$V1$@2$!OPERAND$V1$"},"562":{"EquivalenDuplicateOf":"135","FuncName":"main","IRPosInFunc":[19],"SrcLoc":"src/tty.c:92","Type":"ASSIGN$V1$@2$!BITOR$V1$@2$"},"563":{"EquivalenDuplicateOf":"120","FuncName":"main","IRPosInFunc":[13],"SrcLoc":"src/tty.c:84","Type":"A!CONSTVAL$0$"},"564":{"EquivalenDuplicateOf":"95","FuncName":"main","IRPosInFunc":[6],"SrcLoc":"","Type":"ASSIGN$V1$@2$!DIV$@2$V1$"},"565":{"EquivalenDuplicateOf":"95","FuncName":"main","IRPosInFunc":[6],"SrcLoc":"","Type":"ASSIGN$V1$@2$!MOD$V1$@2$"},"566":{"EquivalenDuplicateOf":"95","FuncName":"main","IRPosInFunc":[6],"SrcLoc":"","Type":"ASSIGN$V1$@2$!BITSHR$@2$V1$"},"567":{"EquivalenDuplicateOf":"95","FuncName":"main","IRPosInFunc":[6],"SrcLoc":"","Type":"ASSIGN$V1$@2$!DIV$V1$@2$"},"568":{"EquivalenDuplicateOf":"95","FuncName":"main","IRPosInFunc":[6],"SrcLoc":"","Type":"ASSIGN$V1$@2$!BITSHR$V1$@2$"},"569":{"EquivalenDuplicateOf":"95","FuncName":"main","IRPosInFunc":[6],"SrcLoc":"","Type":"ASSIGN$V1$@2$!MOD$@2$V1$"},"570":{"EquivalenDuplicateOf":"95","FuncName":"main","IRPosInFunc":[6],"SrcLoc":"","Type":"ASSIGN$V1$@2$!DIV$@2$V1$"},"571":{"EquivalenDuplicateOf":"94","FuncName":"main","IRPosInFunc":[6],"SrcLoc":"","Type":"ASSIGN$V1$@2$!BITNOT$@2$"},"572":{"EquivalenDuplicateOf":"94","FuncName":"main","IRPosInFunc":[6],"SrcLoc":"","Type":"ASSIGN$V1$@2$!OPERAND$@2$"},"573":{"EquivalenDuplicateOf":"95","FuncName":"main","IRPosInFunc":[6],"SrcLoc":"","Type":"ASSIGN$V1$@2$!MOD$V1$@2$"},"574":{"EquivalenDuplicateOf":"95","FuncName":"main","IRPosInFunc":[6],"SrcLoc":"","Type":"ASSIGN$V1$@2$!BITSHR$@2$V1$"},"575":{"EquivalenDuplicateOf":"95","FuncName":"main","IRPosInFunc":[6],"SrcLoc":"","Type":"ASSIGN$V1$@2$!SUB$V1$@2$"},"576":{"EquivalenDuplicateOf":"95","FuncName":"main","IRPosInFunc":[6],"SrcLoc":"","Type":"ASSIGN$V1$@2$!SUB$@2$V1$"},"577":{"EquivalenDuplicateOf":"95","FuncName":"main","IRPosInFunc":[6],"SrcLoc":"","Type":"ASSIGN$V1$@2$!DIV$V1$@2$"},"578":{"EquivalenDuplicateOf":"95","FuncName":"main","IRPosInFunc":[6],"SrcLoc":"","Type":"ASSIGN$V1$@2$!MUL$V1$@2$"},"579":{"EquivalenDuplicateOf":"95","FuncName":"main","IRPosInFunc":[6],"SrcLoc":"","Type":"ASSIGN$V1$@2$!BITSHR$V1$@2$"},"580":{"EquivalenDuplicateOf":"94","FuncName":"main","IRPosInFunc":[6],"SrcLoc":"","Type":"ASSIGN$V1$@2$!CONSTVAL$0$"},"581":{"EquivalenDuplicateOf":"95","FuncName":"main","IRPosInFunc":[6],"SrcLoc":"","Type":"ASSIGN$V1$@2$!NEG$V1$"},"582":{"EquivalenDuplicateOf":"95","FuncName":"main","IRPosInFunc":[6],"SrcLoc":"","Type":"ASSIGN$V1$@2$!BITXOR$V1$@2$"},"583":{"EquivalenDuplicateOf":"94","FuncName":"main","IRPosInFunc":[6],"SrcLoc":"","Type":"ASSIGN$V1$@2$!CONSTVAL$1$"},"584":{"EquivalenDuplicateOf":"95","FuncName":"main","IRPosInFunc":[6],"SrcLoc":"","Type":"ASSIGN$V1$@2$!BITSHL$V1$@2$"},"585":{"EquivalenDuplicateOf":"95","FuncName":"main","IRPosInFunc":[6],"SrcLoc":"","Type":"ASSIGN$V1$@2$!BITSHL$@2$V1$"},"586":{"EquivalenDuplicateOf":"95","FuncName":"main","IRPosInFunc":[6],"SrcLoc":"","Type":"ASSIGN$V1$@2$!BITAND$V1$@2$"},"587":{"EquivalenDuplicateOf":"94","FuncName":"main","IRPosInFunc":[6],"SrcLoc":"","Type":"ASSIGN$V1$@2$!NEG$@2$"},"588":{"EquivalenDuplicateOf":"95","FuncName":"main","IRPosInFunc":[6],"SrcLoc":"","Type":"ASSIGN$V1$@2$!BITNOT$V1$"},"589":{"EquivalenDuplicateOf":"95","FuncName":"main","IRPosInFunc":[6],"SrcLoc":"","Type":"ASSIGN$V1$@2$!ADD$V1$@2$"},"590":{"EquivalenDuplicateOf":"94","FuncName":"main","IRPosInFunc":[6],"SrcLoc":"","Type":"ASSIGN$V1$@2$!OPERAND$V1$"},"591":{"EquivalenDuplicateOf":"95","FuncName":"main","IRPosInFunc":[6],"SrcLoc":"","Type":"ASSIGN$V1$@2$!MOD$@2$V1$"},"592":{"EquivalenDuplicateOf":"75","FuncName":"main","IRPosInFunc":[5],"SrcLoc":"","Type":"ASSIGN$V1$@2$!DIV$@2$V1$"},"593":{"EquivalenDuplicateOf":"75","FuncName":"main","IRPosInFunc":[5],"SrcLoc":"","Type":"ASSIGN$V1$@2$!GT$@2$V1$"},"594":{"EquivalenDuplicateOf":"75","FuncName":"main","IRPosInFunc":[5],"SrcLoc":"","Type":"ASSIGN$V1$@2$!MOD$V1$@2$"},"595":{"EquivalenDuplicateOf":"75","FuncName":"main","IRPosInFunc":[5],"SrcLoc":"","Type":"ASSIGN$V1$@2$!BITSHR$@2$V1$"},"596":{"EquivalenDuplicateOf":"75","FuncName":"main","IRPosInFunc":[5],"SrcLoc":"","Type":"ASSIGN$V1$@2$!GE$V1$@2$"},"597":{"EquivalenDuplicateOf":"75","FuncName":"main","IRPosInFunc":[5],"SrcLoc":"","Type":"ASSIGN$V1$@2$!DIV$V1$@2$"},"598":{"EquivalenDuplicateOf":"75","FuncName":"main","IRPosInFunc":[5],"SrcLoc":"","Type":"ASSIGN$V1$@2$!BITSHR$V1$@2$"},"599":{"EquivalenDuplicateOf":"75","FuncName":"main","IRPosInFunc":[5],"SrcLoc":"","Type":"ASSIGN$V1$@2$!LT$V1$@2$"},"600":{"EquivalenDuplicateOf":"75","FuncName":"main","IRPosInFunc":[5],"SrcLoc":"","Type":"ASSIGN$V1$@2$!LE$@2$V1$"},"601":{"EquivalenDuplicateOf":"75","FuncName":"main","IRPosInFunc":[5],"SrcLoc":"","Type":"ASSIGN$V1$@2$!MOD$@2$V1$"},"602":{"EquivalenDuplicateOf":"75","FuncName":"main","IRPosInFunc":[5],"SrcLoc":"","Type":"ASSIGN$V1$@2$!DIV$@2$V1$"},"603":{"EquivalenDuplicateOf":"73","FuncName":"main","IRPosInFunc":[5],"SrcLoc":"","Type":"ASSIGN$V1$@2$!BITNOT$@2$"},"604":{"EquivalenDuplicateOf":"73","FuncName":"main","IRPosInFunc":[5],"SrcLoc":"","Type":"ASSIGN$V1$@2$!OPERAND$@2$"},"605":{"EquivalenDuplicateOf":"75","FuncName":"main","IRPosInFunc":[5],"SrcLoc":"","Type":"ASSIGN$V1$@2$!MOD$V1$@2$"},"606":{"EquivalenDuplicateOf":"75","FuncName":"main","IRPosInFunc":[5],"SrcLoc":"","Type":"ASSIGN$V1$@2$!BITSHR$@2$V1$"},"607":{"EquivalenDuplicateOf":"75","FuncName":"main","IRPosInFunc":[5],"SrcLoc":"","Type":"ASSIGN$V1$@2$!SUB$V1$@2$"},"608":{"EquivalenDuplicateOf":"75","FuncName":"main","IRPosInFunc":[5],"SrcLoc":"","Type":"ASSIGN$V1$@2$!SUB$@2$V1$"},"609":{"EquivalenDuplicateOf":"73","FuncName":"main","IRPosInFunc":[5],"SrcLoc":"","Type":"ASSIGN$V1$@2$!ABS$@2$"},"610":{"EquivalenDuplicateOf":"75","FuncName":"main","IRPosInFunc":[5],"SrcLoc":"","Type":"ASSIGN$V1$@2$!DIV$V1$@2$"},"611":{"EquivalenDuplicateOf":"75","FuncName":"main","IRPosInFunc":[5],"SrcLoc":"","Type":"ASSIGN$V1$@2$!MUL$V1$@2$"},"612":{"EquivalenDuplicateOf":"75","FuncName":"main","IRPosInFunc":[5],"SrcLoc":"","Type":"ASSIGN$V1$@2$!BITSHR$V1$@2$"},"613":{"EquivalenDuplicateOf":"73","FuncName":"main","IRPosInFunc":[5],"SrcLoc":"","Type":"ASSIGN$V1$@2$!CONSTVAL$0$"},"614":{"EquivalenDuplicateOf":"75","FuncName":"main","IRPosInFunc":[5],"SrcLoc":"","Type":"ASSIGN$V1$@2$!NEG$V1$"},"615":{"EquivalenDuplicateOf":"75","FuncName":"main","IRPosInFunc":[5],"SrcLoc":"","Type":"ASSIGN$V1$@2$!BITXOR$V1$@2$"},"616":{"EquivalenDuplicateOf":"73","FuncName":"main","IRPosInFunc":[5],"SrcLoc":"","Type":"ASSIGN$V1$@2$!CONSTVAL$1$"},"617":{"EquivalenDuplicateOf":"75","FuncName":"main","IRPosInFunc":[5],"SrcLoc":"","Type":"ASSIGN$V1$@2$!BITSHL$V1$@2$"},"618":{"EquivalenDuplicateOf":"75","FuncName":"main","IRPosInFunc":[5],"SrcLoc":"","Type":"ASSIGN$V1$@2$!BITSHL$@2$V1$"},"619":{"EquivalenDuplicateOf":"75","FuncName":"main","IRPosInFunc":[5],"SrcLoc":"","Type":"ASSIGN$V1$@2$!BITAND$V1$@2$"},"620":{"EquivalenDuplicateOf":"73","FuncName":"main","IRPosInFunc":[5],"SrcLoc":"","Type":"ASSIGN$V1$@2$!NEG$@2$"},"621":{"EquivalenDuplicateOf":"75","FuncName":"main","IRPosInFunc":[5],"SrcLoc":"","Type":"ASSIGN$V1$@2$!BITNOT$V1$"},"622":{"EquivalenDuplicateOf":"75","FuncName":"main","IRPosInFunc":[5],"SrcLoc":"","Type":"ASSIGN$V1$@2$!ADD$V1$@2$"},"623":{"EquivalenDuplicateOf":"74","FuncName":"main","IRPosInFunc":[5],"SrcLoc":"","Type":"ASSIGN$V1$@2$!OPERAND$V1$"},"624":{"EquivalenDuplicateOf":"0","FuncName":"usage","IRPosInFunc":[21],"SrcLoc":"src/tty.c:75","Type":"STMT!TRAPSTMT"},"625":{"EquivalenDuplicateOf":"0","FuncName":"usage","IRPosInFunc":[20],"SrcLoc":"src/tty.c:74","Type":"STMT!TRAPSTMT"},"626":{"EquivalenDuplicateOf":"52","FuncName":"usage","IRPosInFunc":[7],"SrcLoc":"src/tty.c:61","Type":"RETURN_BREAK_CONTINUE!DELSTMT"},"627":{"EquivalenDuplicateOf":"25","FuncName":"usage","IRPosInFunc":[3],"SrcLoc":"src/tty.c:60","Type":"@!ABS$@$"},"628":{"EquivalenDuplicateOf":"27","FuncName":"usage","IRPosInFunc":[4],"SrcLoc":"src/tty.c:60","Type":"NEQ$@1$@2$!BITSHR$@2$@1$"},"629":{"EquivalenDuplicateOf":"27","FuncName":"usage","IRPosInFunc":[4],"SrcLoc":"src/tty.c:60","Type":"NEQ$@1$@2$!LT$@1$@2$"},"630":{"EquivalenDuplicateOf":"0","FuncName":"usage","IRPosInFunc":[4],"SrcLoc":"src/tty.c:60","Type":"NEQ$@1$@2$!BITSHR$@1$@2$"},"631":{"EquivalenDuplicateOf":"26","FuncName":"usage","IRPosInFunc":[4],"SrcLoc":"src/tty.c:60","Type":"NEQ$@1$@2$!GE$@1$@2$"},"632":{"EquivalenDuplicateOf":"27","FuncName":"usage","IRPosInFunc":[4],"SrcLoc":"src/tty.c:60","Type":"NEQ$@1$@2$!GT$@2$@1$"},"633":{"EquivalenDuplicateOf":"33","FuncName":"usage","IRPosInFunc":[4],"SrcLoc":"src/tty.c:60","Type":"NEQ$@1$@2$!MOD$@1$@2$"},"634":{"EquivalenDuplicateOf":"27","FuncName":"usage","IRPosInFunc":[4],"SrcLoc":"src/tty.c:60","Type":"NEQ$@1$@2$!MOD$@2$@1$"},"635":{"EquivalenDuplicateOf":"27","FuncName":"usage","IRPosInFunc":[4],"SrcLoc":"src/tty.c:60","Type":"NEQ$@1$@2$!DIV$@2$@1$"},"636":{"EquivalenDuplicateOf":"26","FuncName":"usage","IRPosInFunc":[4],"SrcLoc":"src/tty.c:60","Type":"NEQ$@1$@2$!LE$@2$@1$"},"637":{"EquivalenDuplicateOf":"27","FuncName":"usage","IRPosInFunc":[4],"SrcLoc":"src/tty.c:60","Type":"NEQ$@1$@2$!BITSHR$@2$@1$"},"638":{"EquivalenDuplicateOf":"27","FuncName":"usage","IRPosInFunc":[4],"SrcLoc":"src/tty.c:60","Type":"NEQ$@1$@2$!NEG$@2$"},"639":{"EquivalenDuplicateOf":"27","FuncName":"usage","IRPosInFunc":[4],"SrcLoc":"src/tty.c:60","Type":"NEQ$@1$@2$!MUL$@1$@2$"},"640":{"EquivalenDuplicateOf":"0","FuncName":"usage","IRPosInFunc":[4],"SrcLoc":"src/tty.c:60","Type":"NEQ$@1$@2$!SUB$@1$@2$"},"641":{"EquivalenDuplicateOf":"0","FuncName":"usage","IRPosInFunc":[4],"SrcLoc":"src/tty.c:60","Type":"NEQ$@1$@2$!BITSHR$@1$@2$"},"642":{"EquivalenDuplicateOf":"27","FuncName":"usage","IRPosInFunc":[4],"SrcLoc":"src/tty.c:60","Type":"NEQ$@1$@2$!BITSHL$@2$@1$"},"643":{"EquivalenDuplicateOf":"0","FuncName":"usage","IRPosInFunc":[4],"SrcLoc":"src/tty.c:60","Type":"NEQ$@1$@2$!BITOR$@1$@2$"},"644":{"EquivalenDuplicateOf":"26","FuncName":"usage","IRPosInFunc":[4],"SrcLoc":"src/tty.c:60","Type":"NEQ$@1$@2$!CONSTVAL$1$"},"645":{"EquivalenDuplicateOf":"27","FuncName":"usage","IRPosInFunc":[4],"SrcLoc":"src/tty.c:60","Type":"NEQ$@1$@2$!ABS$@2$"},"646":{"EquivalenDuplicateOf":"0","FuncName":"usage","IRPosInFunc":[4],"SrcLoc":"src/tty.c:60","Type":"NEQ$@1$@2$!OPERAND$@1$"},"647":{"EquivalenDuplicateOf":"31","FuncName":"usage","IRPosInFunc":[4],"SrcLoc":"src/tty.c:60","Type":"NEQ$@1$@2$!NEG$@1$"},"648":{"EquivalenDuplicateOf":"27","FuncName":"usage","IRPosInFunc":[4],"SrcLoc":"src/tty.c:60","Type":"NEQ$@1$@2$!MOD$@2$@1$"},"649":{"EquivalenDuplicateOf":"27","FuncName":"usage","IRPosInFunc":[4],"SrcLoc":"src/tty.c:60","Type":"NEQ$@1$@2$!OPERAND$@2$"},"650":{"EquivalenDuplicateOf":"0","FuncName":"usage","IRPosInFunc":[4],"SrcLoc":"src/tty.c:60","Type":"NEQ$@1$@2$!BITSHL$@1$@2$"},"651":{"EquivalenDuplicateOf":"27","FuncName":"usage","IRPosInFunc":[4],"SrcLoc":"src/tty.c:60","Type":"NEQ$@1$@2$!DIV$@2$@1$"},"652":{"EquivalenDuplicateOf":"0","FuncName":"usage","IRPosInFunc":[4],"SrcLoc":"src/tty.c:60","Type":"NEQ$@1$@2$!ADD$@1$@2$"},"653":{"EquivalenDuplicateOf":"27","FuncName":"usage","IRPosInFunc":[4],"SrcLoc":"src/tty.c:60","Type":"NEQ$@1$@2$!BITAND$@1$@2$"},"654":{"EquivalenDuplicateOf":"0","FuncName":"usage","IRPosInFunc":[4],"SrcLoc":"src/tty.c:60","Type":"NEQ$@1$@2$!BITXOR$@1$@2$"},"655":{"EquivalenDuplicateOf":"2","FuncName":"usage","IRPosInFunc":[1],"SrcLoc":"","Type":"ASSIGN$V1$@2$!DIV$@2$V1$"},"656":{"EquivalenDuplicateOf":"2","FuncName":"usage","IRPosInFunc":[1],"SrcLoc":"","Type":"ASSIGN$V1$@2$!MOD$V1$@2$"},"657":{"EquivalenDuplicateOf":"2","FuncName":"usage","IRPosInFunc":[1],"SrcLoc":"","Type":"ASSIGN$V1$@2$!BITSHR$@2$V1$"},"658":{"EquivalenDuplicateOf":"2","FuncName":"usage","IRPosInFunc":[1],"SrcLoc":"","Type":"ASSIGN$V1$@2$!DIV$V1$@2$"},"659":{"EquivalenDuplicateOf":"2","FuncName":"usage","IRPosInFunc":[1],"SrcLoc":"","Type":"ASSIGN$V1$@2$!BITSHR$V1$@2$"},"660":{"EquivalenDuplicateOf":"2","FuncName":"usage","IRPosInFunc":[1],"SrcLoc":"","Type":"ASSIGN$V1$@2$!MOD$@2$V1$"},"661":{"EquivalenDuplicateOf":"2","FuncName":"usage","IRPosInFunc":[1],"SrcLoc":"","Type":"ASSIGN$V1$@2$!DIV$@2$V1$"},"662":{"EquivalenDuplicateOf":"2","FuncName":"usage","IRPosInFunc":[1],"SrcLoc":"","Type":"ASSIGN$V1$@2$!BITNOT$@2$"},"663":{"EquivalenDuplicateOf":"2","FuncName":"usage","IRPosInFunc":[1],"SrcLoc":"","Type":"ASSIGN$V1$@2$!OPERAND$@2$"},"664":{"EquivalenDuplicateOf":"2","FuncName":"usage","IRPosInFunc":[1],"SrcLoc":"","Type":"ASSIGN$V1$@2$!MOD$V1$@2$"},"665":{"EquivalenDuplicateOf":"2","FuncName":"usage","IRPosInFunc":[1],"SrcLoc":"","Type":"ASSIGN$V1$@2$!BITSHR$@2$V1$"},"666":{"EquivalenDuplicateOf":"2","FuncName":"usage","IRPosInFunc":[1],"SrcLoc":"","Type":"ASSIGN$V1$@2$!SUB$V1$@2$"},"667":{"EquivalenDuplicateOf":"2","FuncName":"usage","IRPosInFunc":[1],"SrcLoc":"","Type":"ASSIGN$V1$@2$!SUB$@2$V1$"},"668":{"EquivalenDuplicateOf":"2","FuncName":"usage","IRPosInFunc":[1],"SrcLoc":"","Type":"ASSIGN$V1$@2$!DIV$V1$@2$"},"669":{"EquivalenDuplicateOf":"2","FuncName":"usage","IRPosInFunc":[1],"SrcLoc":"","Type":"ASSIGN$V1$@2$!MUL$V1$@2$"},"670":{"EquivalenDuplicateOf":"2","FuncName":"usage","IRPosInFunc":[1],"SrcLoc":"","Type":"ASSIGN$V1$@2$!BITSHR$V1$@2$"},"671":{"EquivalenDuplicateOf":"2","FuncName":"usage","IRPosInFunc":[1],"SrcLoc":"","Type":"ASSIGN$V1$@2$!CONSTVAL$0$"},"672":{"EquivalenDuplicateOf":"2","FuncName":"usage","IRPosInFunc":[1],"SrcLoc":"","Type":"ASSIGN$V1$@2$!NEG$V1$"},"673":{"EquivalenDuplicateOf":"2","FuncName":"usage","IRPosInFunc":[1],"SrcLoc":"","Type":"ASSIGN$V1$@2$!BITXOR$V1$@2$"},"674":{"EquivalenDuplicateOf":"2","FuncName":"usage","IRPosInFunc":[1],"SrcLoc":"","Type":"ASSIGN$V1$@2$!CONSTVAL$1$"},"675":{"EquivalenDuplicateOf":"2","FuncName":"usage","IRPosInFunc":[1],"SrcLoc":"","Type":"ASSIGN$V1$@2$!BITSHL$V1$@2$"},"676":{"EquivalenDuplicateOf":"2","FuncName":"usage","IRPosInFunc":[1],"SrcLoc":"","Type":"ASSIGN$V1$@2$!BITSHL$@2$V1$"},"677":{"EquivalenDuplicateOf":"2","FuncName":"usage","IRPosInFunc":[1],"SrcLoc":"","Type":"ASSIGN$V1$@2$!BITAND$V1$@2$"},"678":{"EquivalenDuplicateOf":"2","FuncName":"usage","IRPosInFunc":[1],"SrcLoc":"","Type":"ASSIGN$V1$@2$!NEG$@2$"},"679":{"EquivalenDuplicateOf":"2","FuncName":"usage","IRPosInFunc":[1],"SrcLoc":"","Type":"ASSIGN$V1$@2$!BITNOT$V1$"},"680":{"EquivalenDuplicateOf":"2","FuncName":"usage","IRPosInFunc":[1],"SrcLoc":"","Type":"ASSIGN$V1$@2$!ADD$V1$@2$"},"681":{"EquivalenDuplicateOf":"2","FuncName":"usage","IRPosInFunc":[1],"SrcLoc":"","Type":"ASSIGN$V1$@2$!OPERAND$V1$"},"682":{"EquivalenDuplicateOf":"2","FuncName":"usage","IRPosInFunc":[1],"SrcLoc":"","Type":"ASSIGN$V1$@2$!MOD$@2$V1$"},"683":{"EquivalenDuplicateOf":"2","FuncName":"usage","IRPosInFunc":[1],"SrcLoc":"","Type":"ASSIGN$V1$@2$!BITOR$V1$@2$"}}