{"1000":{"EquivalenDuplicateOf":"27","FuncName":"usage","IRPosInFunc":[4],"SrcLoc":"src/dirname.c:46","Type":"NEQ$@1$@2$!BITSHR$@2$@1$"},"1001":{"EquivalenDuplicateOf":"27","FuncName":"usage","IRPosInFunc":[4],"SrcLoc":"src/dirname.c:46","Type":"NEQ$@1$@2$!LT$@1$@2$"},"1002":{"EquivalenDuplicateOf":"0","FuncName":"usage","IRPosInFunc":[4],"SrcLoc":"src/dirname.c:46","Type":"NEQ$@1$@2$!BITSHR$@1$@2$"},"1003":{"EquivalenDuplicateOf":"26","FuncName":"usage","IRPosInFunc":[4],"SrcLoc":"src/dirname.c:46","Type":"NEQ$@1$@2$!GE$@1$@2$"},"1004":{"EquivalenDuplicateOf":"27","FuncName":"usage","IRPosInFunc":[4],"SrcLoc":"src/dirname.c:46","Type":"NEQ$@1$@2$!GT$@2$@1$"},"1005":{"EquivalenDuplicateOf":"33","FuncName":"usage","IRPosInFunc":[4],"SrcLoc":"src/dirname.c:46","Type":"NEQ$@1$@2$!MOD$@1$@2$"},"1006":{"EquivalenDuplicateOf":"27","FuncName":"usage","IRPosInFunc":[4],"SrcLoc":"src/dirname.c:46","Type":"NEQ$@1$@2$!MOD$@2$@1$"},"1007":{"EquivalenDuplicateOf":"27","FuncName":"usage","IRPosInFunc":[4],"SrcLoc":"src/dirname.c:46","Type":"NEQ$@1$@2$!DIV$@2$@1$"},"1008":{"EquivalenDuplicateOf":"26","FuncName":"usage","IRPosInFunc":[4],"SrcLoc":"src/dirname.c:46","Type":"NEQ$@1$@2$!LE$@2$@1$"},"1009":{"EquivalenDuplicateOf":"27","FuncName":"usage","IRPosInFunc":[4],"SrcLoc":"src/dirname.c:46","Type":"NEQ$@1$@2$!BITSHR$@2$@1$"},"1010":{"EquivalenDuplicateOf":"27","FuncName":"usage","IRPosInFunc":[4],"SrcLoc":"src/dirname.c:46","Type":"NEQ$@1$@2$!NEG$@2$"},"1011":{"EquivalenDuplicateOf":"27","FuncName":"usage","IRPosInFunc":[4],"SrcLoc":"src/dirname.c:46","Type":"NEQ$@1$@2$!MUL$@1$@2$"},"1012":{"EquivalenDuplicateOf":"0","FuncName":"usage","IRPosInFunc":[4],"SrcLoc":"src/dirname.c:46","Type":"NEQ$@1$@2$!SUB$@1$@2$"},"1013":{"EquivalenDuplicateOf":"0","FuncName":"usage","IRPosInFunc":[4],"SrcLoc":"src/dirname.c:46","Type":"NEQ$@1$@2$!BITSHR$@1$@2$"},"1014":{"EquivalenDuplicateOf":"27","FuncName":"usage","IRPosInFunc":[4],"SrcLoc":"src/dirname.c:46","Type":"NEQ$@1$@2$!BITSHL$@2$@1$"},"1015":{"EquivalenDuplicateOf":"0","FuncName":"usage","IRPosInFunc":[4],"SrcLoc":"src/dirname.c:46","Type":"NEQ$@1$@2$!BITOR$@1$@2$"},"1016":{"EquivalenDuplicateOf":"26","FuncName":"usage","IRPosInFunc":[4],"SrcLoc":"src/dirname.c:46","Type":"NEQ$@1$@2$!CONSTVAL$1$"},"1017":{"EquivalenDuplicateOf":"27","FuncName":"usage","IRPosInFunc":[4],"SrcLoc":"src/dirname.c:46","Type":"NEQ$@1$@2$!ABS$@2$"},"1018":{"EquivalenDuplicateOf":"0","FuncName":"usage","IRPosInFunc":[4],"SrcLoc":"src/dirname.c:46","Type":"NEQ$@1$@2$!OPERAND$@1$"},"1019":{"EquivalenDuplicateOf":"31","FuncName":"usage","IRPosInFunc":[4],"SrcLoc":"src/dirname.c:46","Type":"NEQ$@1$@2$!NEG$@1$"},"1020":{"EquivalenDuplicateOf":"27","FuncName":"usage","IRPosInFunc":[4],"SrcLoc":"src/dirname.c:46","Type":"NEQ$@1$@2$!MOD$@2$@1$"},"1021":{"EquivalenDuplicateOf":"27","FuncName":"usage","IRPosInFunc":[4],"SrcLoc":"src/dirname.c:46","Type":"NEQ$@1$@2$!OPERAND$@2$"},"1022":{"EquivalenDuplicateOf":"0","FuncName":"usage","IRPosInFunc":[4],"SrcLoc":"src/dirname.c:46","Type":"NEQ$@1$@2$!BITSHL$@1$@2$"},"1023":{"EquivalenDuplicateOf":"27","FuncName":"usage","IRPosInFunc":[4],"SrcLoc":"src/dirname.c:46","Type":"NEQ$@1$@2$!DIV$@2$@1$"},"1024":{"EquivalenDuplicateOf":"0","FuncName":"usage","IRPosInFunc":[4],"SrcLoc":"src/dirname.c:46","Type":"NEQ$@1$@2$!ADD$@1$@2$"},"1025":{"EquivalenDuplicateOf":"27","FuncName":"usage","IRPosInFunc":[4],"SrcLoc":"src/dirname.c:46","Type":"NEQ$@1$@2$!BITAND$@1$@2$"},"1026":{"EquivalenDuplicateOf":"0","FuncName":"usage","IRPosInFunc":[4],"SrcLoc":"src/dirname.c:46","Type":"NEQ$@1$@2$!BITXOR$@1$@2$"},"1027":{"EquivalenDuplicateOf":"2","FuncName":"usage","IRPosInFunc":[1],"SrcLoc":"","Type":"ASSIGN$V1$@2$!DIV$@2$V1$"},"1028":{"EquivalenDuplicateOf":"2","FuncName":"usage","IRPosInFunc":[1],"SrcLoc":"","Type":"ASSIGN$V1$@2$!MOD$V1$@2$"},"1029":{"EquivalenDuplicateOf":"2","FuncName":"usage","IRPosInFunc":[1],"SrcLoc":"","Type":"ASSIGN$V1$@2$!BITSHR$@2$V1$"},"1030":{"EquivalenDuplicateOf":"2","FuncName":"usage","IRPosInFunc":[1],"SrcLoc":"","Type":"ASSIGN$V1$@2$!DIV$V1$@2$"},"1031":{"EquivalenDuplicateOf":"2","FuncName":"usage","IRPosInFunc":[1],"SrcLoc":"","Type":"ASSIGN$V1$@2$!BITSHR$V1$@2$"},"1032":{"EquivalenDuplicateOf":"2","FuncName":"usage","IRPosInFunc":[1],"SrcLoc":"","Type":"ASSIGN$V1$@2$!MOD$@2$V1$"},"1033":{"EquivalenDuplicateOf":"2","FuncName":"usage","IRPosInFunc":[1],"SrcLoc":"","Type":"ASSIGN$V1$@2$!DIV$@2$V1$"},"1034":{"EquivalenDuplicateOf":"2","FuncName":"usage","IRPosInFunc":[1],"SrcLoc":"","Type":"ASSIGN$V1$@2$!BITNOT$@2$"},"1035":{"EquivalenDuplicateOf":"2","FuncName":"usage","IRPosInFunc":[1],"SrcLoc":"","Type":"ASSIGN$V1$@2$!OPERAND$@2$"},"1036":{"EquivalenDuplicateOf":"2","FuncName":"usage","IRPosInFunc":[1],"SrcLoc":"","Type":"ASSIGN$V1$@2$!MOD$V1$@2$"},"1037":{"EquivalenDuplicateOf":"2","FuncName":"usage","IRPosInFunc":[1],"SrcLoc":"","Type":"ASSIGN$V1$@2$!BITSHR$@2$V1$"},"1038":{"EquivalenDuplicateOf":"2","FuncName":"usage","IRPosInFunc":[1],"SrcLoc":"","Type":"ASSIGN$V1$@2$!SUB$V1$@2$"},"1039":{"EquivalenDuplicateOf":"2","FuncName":"usage","IRPosInFunc":[1],"SrcLoc":"","Type":"ASSIGN$V1$@2$!SUB$@2$V1$"},"1040":{"EquivalenDuplicateOf":"2","FuncName":"usage","IRPosInFunc":[1],"SrcLoc":"","Type":"ASSIGN$V1$@2$!DIV$V1$@2$"},"1041":{"EquivalenDuplicateOf":"2","FuncName":"usage","IRPosInFunc":[1],"SrcLoc":"","Type":"ASSIGN$V1$@2$!MUL$V1$@2$"},"1042":{"EquivalenDuplicateOf":"2","FuncName":"usage","IRPosInFunc":[1],"SrcLoc":"","Type":"ASSIGN$V1$@2$!BITSHR$V1$@2$"},"1043":{"EquivalenDuplicateOf":"2","FuncName":"usage","IRPosInFunc":[1],"SrcLoc":"","Type":"ASSIGN$V1$@2$!CONSTVAL$0$"},"1044":{"EquivalenDuplicateOf":"2","FuncName":"usage","IRPosInFunc":[1],"SrcLoc":"","Type":"ASSIGN$V1$@2$!NEG$V1$"},"1045":{"EquivalenDuplicateOf":"2","FuncName":"usage","IRPosInFunc":[1],"SrcLoc":"","Type":"ASSIGN$V1$@2$!BITXOR$V1$@2$"},"1046":{"EquivalenDuplicateOf":"2","FuncName":"usage","IRPosInFunc":[1],"SrcLoc":"","Type":"ASSIGN$V1$@2$!CONSTVAL$1$"},"1047":{"EquivalenDuplicateOf":"2","FuncName":"usage","IRPosInFunc":[1],"SrcLoc":"","Type":"ASSIGN$V1$@2$!BITSHL$V1$@2$"},"1048":{"EquivalenDuplicateOf":"2","FuncName":"usage","IRPosInFunc":[1],"SrcLoc":"","Type":"ASSIGN$V1$@2$!BITSHL$@2$V1$"},"1049":{"EquivalenDuplicateOf":"2","FuncName":"usage","IRPosInFunc":[1],"SrcLoc":"","Type":"ASSIGN$V1$@2$!BITAND$V1$@2$"},"1050":{"EquivalenDuplicateOf":"2","FuncName":"usage","IRPosInFunc":[1],"SrcLoc":"","Type":"ASSIGN$V1$@2$!NEG$@2$"},"1051":{"EquivalenDuplicateOf":"2","FuncName":"usage","IRPosInFunc":[1],"SrcLoc":"","Type":"ASSIGN$V1$@2$!BITNOT$V1$"},"1052":{"EquivalenDuplicateOf":"2","FuncName":"usage","IRPosInFunc":[1],"SrcLoc":"","Type":"ASSIGN$V1$@2$!ADD$V1$@2$"},"1053":{"EquivalenDuplicateOf":"2","FuncName":"usage","IRPosInFunc":[1],"SrcLoc":"","Type":"ASSIGN$V1$@2$!OPERAND$V1$"},"1054":{"EquivalenDuplicateOf":"2","FuncName":"usage","IRPosInFunc":[1],"SrcLoc":"","Type":"ASSIGN$V1$@2$!MOD$@2$V1$"},"1055":{"EquivalenDuplicateOf":"2","FuncName":"usage","IRPosInFunc":[1],"SrcLoc":"","Type":"ASSIGN$V1$@2$!BITOR$V1$@2$"},"604":{"EquivalenDuplicateOf":"0","FuncName":"main","IRPosInFunc":[89],"SrcLoc":"src/dirname.c:136","Type":"@!ABS$@$"},"605":{"EquivalenDuplicateOf":"0","FuncName":"main","IRPosInFunc":[90],"SrcLoc":"src/dirname.c:136","Type":"RETURN_BREAK_CONTINUE!DELSTMT"},"606":{"EquivalenDuplicateOf":"0","FuncName":"main","IRPosInFunc":[90],"SrcLoc":"src/dirname.c:136","Type":"STMT!DELSTMT"},"607":{"EquivalenDuplicateOf":"0","FuncName":"main","IRPosInFunc":[89,90],"SrcLoc":"src/dirname.c:136","Type":"STMT!TRAPSTMT"},"608":{"EquivalenDuplicateOf":"0","FuncName":"main","IRPosInFunc":[88],"SrcLoc":"src/dirname.c:135","Type":"STMT!TRAPSTMT"},"609":{"EquivalenDuplicateOf":"601","FuncName":"main","IRPosInFunc":[86],"SrcLoc":"src/dirname.c:120","Type":"RETURN_BREAK_CONTINUE!DELSTMT"},"610":{"EquivalenDuplicateOf":"570","FuncName":"main","IRPosInFunc":[84],"SrcLoc":"src/dirname.c:120","Type":"ADD$@1$@2$!MOD$@1$@2$"},"611":{"EquivalenDuplicateOf":"557","FuncName":"main","IRPosInFunc":[84],"SrcLoc":"src/dirname.c:120","Type":"ADD$@1$@2$!DIV$@1$@2$"},"612":{"EquivalenDuplicateOf":"559","FuncName":"main","IRPosInFunc":[84],"SrcLoc":"src/dirname.c:120","Type":"ADD$@1$@2$!CONSTVAL$1$"},"613":{"EquivalenDuplicateOf":"559","FuncName":"main","IRPosInFunc":[84],"SrcLoc":"src/dirname.c:120","Type":"ADD$@1$@2$!ABS$@2$"},"614":{"EquivalenDuplicateOf":"557","FuncName":"main","IRPosInFunc":[84],"SrcLoc":"src/dirname.c:120","Type":"ADD$@1$@2$!MUL$@1$@2$"},"615":{"EquivalenDuplicateOf":"557","FuncName":"main","IRPosInFunc":[84],"SrcLoc":"src/dirname.c:120","Type":"ADD$@1$@2$!DIV$@1$@2$"},"616":{"EquivalenDuplicateOf":"557","FuncName":"main","IRPosInFunc":[84],"SrcLoc":"src/dirname.c:120","Type":"ADD$@1$@2$!OPERAND$@1$"},"617":{"EquivalenDuplicateOf":"559","FuncName":"main","IRPosInFunc":[84],"SrcLoc":"src/dirname.c:120","Type":"ADD$@1$@2$!OPERAND$@2$"},"618":{"EquivalenDuplicateOf":"557","FuncName":"main","IRPosInFunc":[84],"SrcLoc":"src/dirname.c:120","Type":"C!ADD$C$-1$"},"619":{"EquivalenDuplicateOf":"543","FuncName":"main","IRPosInFunc":[85],"SrcLoc":"src/dirname.c:120","Type":"ASSIGN$V1$@2$!DIV$@2$V1$"},"620":{"EquivalenDuplicateOf":"543","FuncName":"main","IRPosInFunc":[85],"SrcLoc":"src/dirname.c:120","Type":"ASSIGN$V1$@2$!MOD$V1$@2$"},"621":{"EquivalenDuplicateOf":"543","FuncName":"main","IRPosInFunc":[85],"SrcLoc":"src/dirname.c:120","Type":"ASSIGN$V1$@2$!BITSHR$@2$V1$"},"622":{"EquivalenDuplicateOf":"543","FuncName":"main","IRPosInFunc":[85],"SrcLoc":"src/dirname.c:120","Type":"ASSIGN$V1$@2$!DIV$V1$@2$"},"623":{"EquivalenDuplicateOf":"543","FuncName":"main","IRPosInFunc":[85],"SrcLoc":"src/dirname.c:120","Type":"ASSIGN$V1$@2$!BITSHR$V1$@2$"},"624":{"EquivalenDuplicateOf":"543","FuncName":"main","IRPosInFunc":[85],"SrcLoc":"src/dirname.c:120","Type":"ASSIGN$V1$@2$!MOD$@2$V1$"},"625":{"EquivalenDuplicateOf":"543","FuncName":"main","IRPosInFunc":[85],"SrcLoc":"src/dirname.c:120","Type":"ASSIGN$V1$@2$!DIV$@2$V1$"},"626":{"EquivalenDuplicateOf":"543","FuncName":"main","IRPosInFunc":[85],"SrcLoc":"src/dirname.c:120","Type":"ASSIGN$V1$@2$!BITNOT$@2$"},"627":{"EquivalenDuplicateOf":"543","FuncName":"main","IRPosInFunc":[85],"SrcLoc":"src/dirname.c:120","Type":"ASSIGN$V1$@2$!GT$V1$@2$"},"628":{"EquivalenDuplicateOf":"543","FuncName":"main","IRPosInFunc":[85],"SrcLoc":"src/dirname.c:120","Type":"ASSIGN$V1$@2$!GT$@2$V1$"},"629":{"EquivalenDuplicateOf":"544","FuncName":"main","IRPosInFunc":[85],"SrcLoc":"src/dirname.c:120","Type":"ASSIGN$V1$@2$!OPERAND$@2$"},"630":{"EquivalenDuplicateOf":"543","FuncName":"main","IRPosInFunc":[85],"SrcLoc":"src/dirname.c:120","Type":"ASSIGN$V1$@2$!MOD$V1$@2$"},"631":{"EquivalenDuplicateOf":"543","FuncName":"main","IRPosInFunc":[85],"SrcLoc":"src/dirname.c:120","Type":"ASSIGN$V1$@2$!LE$V1$@2$"},"632":{"EquivalenDuplicateOf":"543","FuncName":"main","IRPosInFunc":[85],"SrcLoc":"src/dirname.c:120","Type":"ASSIGN$V1$@2$!BITSHR$@2$V1$"},"633":{"EquivalenDuplicateOf":"543","FuncName":"main","IRPosInFunc":[85],"SrcLoc":"src/dirname.c:120","Type":"ASSIGN$V1$@2$!SUB$V1$@2$"},"634":{"EquivalenDuplicateOf":"543","FuncName":"main","IRPosInFunc":[85],"SrcLoc":"src/dirname.c:120","Type":"ASSIGN$V1$@2$!SUB$@2$V1$"},"635":{"EquivalenDuplicateOf":"543","FuncName":"main","IRPosInFunc":[85],"SrcLoc":"src/dirname.c:120","Type":"ASSIGN$V1$@2$!GE$V1$@2$"},"636":{"EquivalenDuplicateOf":"543","FuncName":"main","IRPosInFunc":[85],"SrcLoc":"src/dirname.c:120","Type":"ASSIGN$V1$@2$!GE$@2$V1$"},"637":{"EquivalenDuplicateOf":"543","FuncName":"main","IRPosInFunc":[85],"SrcLoc":"src/dirname.c:120","Type":"ASSIGN$V1$@2$!DIV$V1$@2$"},"638":{"EquivalenDuplicateOf":"543","FuncName":"main","IRPosInFunc":[85],"SrcLoc":"src/dirname.c:120","Type":"ASSIGN$V1$@2$!MUL$V1$@2$"},"639":{"EquivalenDuplicateOf":"543","FuncName":"main","IRPosInFunc":[85],"SrcLoc":"src/dirname.c:120","Type":"ASSIGN$V1$@2$!BITSHR$V1$@2$"},"640":{"EquivalenDuplicateOf":"543","FuncName":"main","IRPosInFunc":[85],"SrcLoc":"src/dirname.c:120","Type":"ASSIGN$V1$@2$!EQ$V1$@2$"},"641":{"EquivalenDuplicateOf":"544","FuncName":"main","IRPosInFunc":[85],"SrcLoc":"src/dirname.c:120","Type":"ASSIGN$V1$@2$!CONSTVAL$0$"},"642":{"EquivalenDuplicateOf":"544","FuncName":"main","IRPosInFunc":[85],"SrcLoc":"src/dirname.c:120","Type":"ASSIGN$V1$@2$!NEG$V1$"},"643":{"EquivalenDuplicateOf":"543","FuncName":"main","IRPosInFunc":[85],"SrcLoc":"src/dirname.c:120","Type":"ASSIGN$V1$@2$!BITXOR$V1$@2$"},"644":{"EquivalenDuplicateOf":"544","FuncName":"main","IRPosInFunc":[85],"SrcLoc":"src/dirname.c:120","Type":"ASSIGN$V1$@2$!CONSTVAL$1$"},"645":{"EquivalenDuplicateOf":"543","FuncName":"main","IRPosInFunc":[85],"SrcLoc":"src/dirname.c:120","Type":"ASSIGN$V1$@2$!LT$V1$@2$"},"646":{"EquivalenDuplicateOf":"543","FuncName":"main","IRPosInFunc":[85],"SrcLoc":"src/dirname.c:120","Type":"ASSIGN$V1$@2$!NEQ$V1$@2$"},"647":{"EquivalenDuplicateOf":"543","FuncName":"main","IRPosInFunc":[85],"SrcLoc":"src/dirname.c:120","Type":"ASSIGN$V1$@2$!LT$@2$V1$"},"648":{"EquivalenDuplicateOf":"543","FuncName":"main","IRPosInFunc":[85],"SrcLoc":"src/dirname.c:120","Type":"ASSIGN$V1$@2$!BITSHL$V1$@2$"},"649":{"EquivalenDuplicateOf":"543","FuncName":"main","IRPosInFunc":[85],"SrcLoc":"src/dirname.c:120","Type":"ASSIGN$V1$@2$!BITSHL$@2$V1$"},"650":{"EquivalenDuplicateOf":"543","FuncName":"main","IRPosInFunc":[85],"SrcLoc":"src/dirname.c:120","Type":"ASSIGN$V1$@2$!BITAND$V1$@2$"},"651":{"EquivalenDuplicateOf":"543","FuncName":"main","IRPosInFunc":[85],"SrcLoc":"src/dirname.c:120","Type":"ASSIGN$V1$@2$!LE$@2$V1$"},"652":{"EquivalenDuplicateOf":"543","FuncName":"main","IRPosInFunc":[85],"SrcLoc":"src/dirname.c:120","Type":"ASSIGN$V1$@2$!NEG$@2$"},"653":{"EquivalenDuplicateOf":"544","FuncName":"main","IRPosInFunc":[85],"SrcLoc":"src/dirname.c:120","Type":"ASSIGN$V1$@2$!BITNOT$V1$"},"654":{"EquivalenDuplicateOf":"543","FuncName":"main","IRPosInFunc":[85],"SrcLoc":"src/dirname.c:120","Type":"ASSIGN$V1$@2$!ADD$V1$@2$"},"655":{"EquivalenDuplicateOf":"543","FuncName":"main","IRPosInFunc":[85],"SrcLoc":"src/dirname.c:120","Type":"ASSIGN$V1$@2$!MOD$@2$V1$"},"656":{"EquivalenDuplicateOf":"539","FuncName":"main","IRPosInFunc":[83,84,85],"SrcLoc":"src/dirname.c:120","Type":"STMT!TRAPSTMT"},"657":{"EquivalenDuplicateOf":"520","FuncName":"main","IRPosInFunc":[72],"SrcLoc":"src/dirname.c:128","Type":"C!ADD$C$-1$"},"658":{"EquivalenDuplicateOf":"500","FuncName":"main","IRPosInFunc":[72],"SrcLoc":"src/dirname.c:128","Type":"ASSIGN$V1$@2$!DIV$@2$V1$"},"659":{"EquivalenDuplicateOf":"500","FuncName":"main","IRPosInFunc":[72],"SrcLoc":"src/dirname.c:128","Type":"ASSIGN$V1$@2$!MOD$V1$@2$"},"660":{"EquivalenDuplicateOf":"500","FuncName":"main","IRPosInFunc":[72],"SrcLoc":"src/dirname.c:128","Type":"ASSIGN$V1$@2$!BITSHR$@2$V1$"},"661":{"EquivalenDuplicateOf":"500","FuncName":"main","IRPosInFunc":[72],"SrcLoc":"src/dirname.c:128","Type":"ASSIGN$V1$@2$!DIV$V1$@2$"},"662":{"EquivalenDuplicateOf":"500","FuncName":"main","IRPosInFunc":[72],"SrcLoc":"src/dirname.c:128","Type":"ASSIGN$V1$@2$!BITSHR$V1$@2$"},"663":{"EquivalenDuplicateOf":"500","FuncName":"main","IRPosInFunc":[72],"SrcLoc":"src/dirname.c:128","Type":"ASSIGN$V1$@2$!MOD$@2$V1$"},"664":{"EquivalenDuplicateOf":"500","FuncName":"main","IRPosInFunc":[72],"SrcLoc":"src/dirname.c:128","Type":"ASSIGN$V1$@2$!DIV$@2$V1$"},"665":{"EquivalenDuplicateOf":"499","FuncName":"main","IRPosInFunc":[72],"SrcLoc":"src/dirname.c:128","Type":"ASSIGN$V1$@2$!BITNOT$@2$"},"666":{"EquivalenDuplicateOf":"499","FuncName":"main","IRPosInFunc":[72],"SrcLoc":"src/dirname.c:128","Type":"ASSIGN$V1$@2$!OPERAND$@2$"},"667":{"EquivalenDuplicateOf":"500","FuncName":"main","IRPosInFunc":[72],"SrcLoc":"src/dirname.c:128","Type":"ASSIGN$V1$@2$!MOD$V1$@2$"},"668":{"EquivalenDuplicateOf":"500","FuncName":"main","IRPosInFunc":[72],"SrcLoc":"src/dirname.c:128","Type":"ASSIGN$V1$@2$!BITSHR$@2$V1$"},"669":{"EquivalenDuplicateOf":"500","FuncName":"main","IRPosInFunc":[72],"SrcLoc":"src/dirname.c:128","Type":"ASSIGN$V1$@2$!SUB$V1$@2$"},"670":{"EquivalenDuplicateOf":"500","FuncName":"main","IRPosInFunc":[72],"SrcLoc":"src/dirname.c:128","Type":"ASSIGN$V1$@2$!SUB$@2$V1$"},"671":{"EquivalenDuplicateOf":"499","FuncName":"main","IRPosInFunc":[72],"SrcLoc":"src/dirname.c:128","Type":"ASSIGN$V1$@2$!ABS$@2$"},"672":{"EquivalenDuplicateOf":"500","FuncName":"main","IRPosInFunc":[72],"SrcLoc":"src/dirname.c:128","Type":"ASSIGN$V1$@2$!DIV$V1$@2$"},"673":{"EquivalenDuplicateOf":"500","FuncName":"main","IRPosInFunc":[72],"SrcLoc":"src/dirname.c:128","Type":"ASSIGN$V1$@2$!MUL$V1$@2$"},"674":{"EquivalenDuplicateOf":"500","FuncName":"main","IRPosInFunc":[72],"SrcLoc":"src/dirname.c:128","Type":"ASSIGN$V1$@2$!BITSHR$V1$@2$"},"675":{"EquivalenDuplicateOf":"499","FuncName":"main","IRPosInFunc":[72],"SrcLoc":"src/dirname.c:128","Type":"ASSIGN$V1$@2$!CONSTVAL$0$"},"676":{"EquivalenDuplicateOf":"500","FuncName":"main","IRPosInFunc":[72],"SrcLoc":"src/dirname.c:128","Type":"ASSIGN$V1$@2$!NEG$V1$"},"677":{"EquivalenDuplicateOf":"500","FuncName":"main","IRPosInFunc":[72],"SrcLoc":"src/dirname.c:128","Type":"ASSIGN$V1$@2$!BITXOR$V1$@2$"},"678":{"EquivalenDuplicateOf":"499","FuncName":"main","IRPosInFunc":[72],"SrcLoc":"src/dirname.c:128","Type":"ASSIGN$V1$@2$!CONSTVAL$1$"},"679":{"EquivalenDuplicateOf":"500","FuncName":"main","IRPosInFunc":[72],"SrcLoc":"src/dirname.c:128","Type":"ASSIGN$V1$@2$!BITSHL$V1$@2$"},"680":{"EquivalenDuplicateOf":"500","FuncName":"main","IRPosInFunc":[72],"SrcLoc":"src/dirname.c:128","Type":"ASSIGN$V1$@2$!BITSHL$@2$V1$"},"681":{"EquivalenDuplicateOf":"500","FuncName":"main","IRPosInFunc":[72],"SrcLoc":"src/dirname.c:128","Type":"ASSIGN$V1$@2$!BITAND$V1$@2$"},"682":{"EquivalenDuplicateOf":"499","FuncName":"main","IRPosInFunc":[72],"SrcLoc":"src/dirname.c:128","Type":"ASSIGN$V1$@2$!NEG$@2$"},"683":{"EquivalenDuplicateOf":"500","FuncName":"main","IRPosInFunc":[72],"SrcLoc":"src/dirname.c:128","Type":"ASSIGN$V1$@2$!BITNOT$V1$"},"684":{"EquivalenDuplicateOf":"500","FuncName":"main","IRPosInFunc":[72],"SrcLoc":"src/dirname.c:128","Type":"ASSIGN$V1$@2$!ADD$V1$@2$"},"685":{"EquivalenDuplicateOf":"499","FuncName":"main","IRPosInFunc":[72],"SrcLoc":"src/dirname.c:128","Type":"ASSIGN$V1$@2$!OPERAND$V1$"},"686":{"EquivalenDuplicateOf":"500","FuncName":"main","IRPosInFunc":[72],"SrcLoc":"src/dirname.c:128","Type":"ASSIGN$V1$@2$!MOD$@2$V1$"},"687":{"EquivalenDuplicateOf":"472","FuncName":"main","IRPosInFunc":[68],"SrcLoc":"src/dirname.c:125","Type":"@!ABS$@$"},"688":{"EquivalenDuplicateOf":"474","FuncName":"main","IRPosInFunc":[69],"SrcLoc":"src/dirname.c:125","Type":"NEQ$@1$@2$!BITSHR$@2$@1$"},"689":{"EquivalenDuplicateOf":"474","FuncName":"main","IRPosInFunc":[69],"SrcLoc":"src/dirname.c:125","Type":"NEQ$@1$@2$!LT$@1$@2$"},"690":{"EquivalenDuplicateOf":"0","FuncName":"main","IRPosInFunc":[69],"SrcLoc":"src/dirname.c:125","Type":"NEQ$@1$@2$!BITSHR$@1$@2$"},"691":{"EquivalenDuplicateOf":"473","FuncName":"main","IRPosInFunc":[69],"SrcLoc":"src/dirname.c:125","Type":"NEQ$@1$@2$!GE$@1$@2$"},"692":{"EquivalenDuplicateOf":"474","FuncName":"main","IRPosInFunc":[69],"SrcLoc":"src/dirname.c:125","Type":"NEQ$@1$@2$!GT$@2$@1$"},"693":{"EquivalenDuplicateOf":"480","FuncName":"main","IRPosInFunc":[69],"SrcLoc":"src/dirname.c:125","Type":"NEQ$@1$@2$!MOD$@1$@2$"},"694":{"EquivalenDuplicateOf":"474","FuncName":"main","IRPosInFunc":[69],"SrcLoc":"src/dirname.c:125","Type":"NEQ$@1$@2$!MOD$@2$@1$"},"695":{"EquivalenDuplicateOf":"474","FuncName":"main","IRPosInFunc":[69],"SrcLoc":"src/dirname.c:125","Type":"NEQ$@1$@2$!DIV$@2$@1$"},"696":{"EquivalenDuplicateOf":"473","FuncName":"main","IRPosInFunc":[69],"SrcLoc":"src/dirname.c:125","Type":"NEQ$@1$@2$!LE$@2$@1$"},"697":{"EquivalenDuplicateOf":"474","FuncName":"main","IRPosInFunc":[69],"SrcLoc":"src/dirname.c:125","Type":"NEQ$@1$@2$!BITSHR$@2$@1$"},"698":{"EquivalenDuplicateOf":"474","FuncName":"main","IRPosInFunc":[69],"SrcLoc":"src/dirname.c:125","Type":"NEQ$@1$@2$!NEG$@2$"},"699":{"EquivalenDuplicateOf":"474","FuncName":"main","IRPosInFunc":[69],"SrcLoc":"src/dirname.c:125","Type":"NEQ$@1$@2$!MUL$@1$@2$"},"700":{"EquivalenDuplicateOf":"0","FuncName":"main","IRPosInFunc":[69],"SrcLoc":"src/dirname.c:125","Type":"NEQ$@1$@2$!SUB$@1$@2$"},"701":{"EquivalenDuplicateOf":"0","FuncName":"main","IRPosInFunc":[69],"SrcLoc":"src/dirname.c:125","Type":"NEQ$@1$@2$!BITSHR$@1$@2$"},"702":{"EquivalenDuplicateOf":"474","FuncName":"main","IRPosInFunc":[69],"SrcLoc":"src/dirname.c:125","Type":"NEQ$@1$@2$!BITSHL$@2$@1$"},"703":{"EquivalenDuplicateOf":"0","FuncName":"main","IRPosInFunc":[69],"SrcLoc":"src/dirname.c:125","Type":"NEQ$@1$@2$!BITOR$@1$@2$"},"704":{"EquivalenDuplicateOf":"473","FuncName":"main","IRPosInFunc":[69],"SrcLoc":"src/dirname.c:125","Type":"NEQ$@1$@2$!CONSTVAL$1$"},"705":{"EquivalenDuplicateOf":"474","FuncName":"main","IRPosInFunc":[69],"SrcLoc":"src/dirname.c:125","Type":"NEQ$@1$@2$!ABS$@2$"},"706":{"EquivalenDuplicateOf":"0","FuncName":"main","IRPosInFunc":[69],"SrcLoc":"src/dirname.c:125","Type":"NEQ$@1$@2$!OPERAND$@1$"},"707":{"EquivalenDuplicateOf":"478","FuncName":"main","IRPosInFunc":[69],"SrcLoc":"src/dirname.c:125","Type":"NEQ$@1$@2$!NEG$@1$"},"708":{"EquivalenDuplicateOf":"474","FuncName":"main","IRPosInFunc":[69],"SrcLoc":"src/dirname.c:125","Type":"NEQ$@1$@2$!MOD$@2$@1$"},"709":{"EquivalenDuplicateOf":"474","FuncName":"main","IRPosInFunc":[69],"SrcLoc":"src/dirname.c:125","Type":"NEQ$@1$@2$!OPERAND$@2$"},"710":{"EquivalenDuplicateOf":"0","FuncName":"main","IRPosInFunc":[69],"SrcLoc":"src/dirname.c:125","Type":"NEQ$@1$@2$!BITSHL$@1$@2$"},"711":{"EquivalenDuplicateOf":"474","FuncName":"main","IRPosInFunc":[69],"SrcLoc":"src/dirname.c:125","Type":"NEQ$@1$@2$!DIV$@2$@1$"},"712":{"EquivalenDuplicateOf":"0","FuncName":"main","IRPosInFunc":[69],"SrcLoc":"src/dirname.c:125","Type":"NEQ$@1$@2$!ADD$@1$@2$"},"713":{"EquivalenDuplicateOf":"474","FuncName":"main","IRPosInFunc":[69],"SrcLoc":"src/dirname.c:125","Type":"NEQ$@1$@2$!BITAND$@1$@2$"},"714":{"EquivalenDuplicateOf":"0","FuncName":"main","IRPosInFunc":[69],"SrcLoc":"src/dirname.c:125","Type":"NEQ$@1$@2$!BITXOR$@1$@2$"},"715":{"EquivalenDuplicateOf":"448","FuncName":"main","IRPosInFunc":[67],"SrcLoc":"src/dirname.c:123","Type":"ASSIGN$V1$@2$!DIV$@2$V1$"},"716":{"EquivalenDuplicateOf":"448","FuncName":"main","IRPosInFunc":[67],"SrcLoc":"src/dirname.c:123","Type":"ASSIGN$V1$@2$!MOD$V1$@2$"},"717":{"EquivalenDuplicateOf":"448","FuncName":"main","IRPosInFunc":[67],"SrcLoc":"src/dirname.c:123","Type":"ASSIGN$V1$@2$!BITSHR$@2$V1$"},"718":{"EquivalenDuplicateOf":"448","FuncName":"main","IRPosInFunc":[67],"SrcLoc":"src/dirname.c:123","Type":"ASSIGN$V1$@2$!DIV$V1$@2$"},"719":{"EquivalenDuplicateOf":"448","FuncName":"main","IRPosInFunc":[67],"SrcLoc":"src/dirname.c:123","Type":"ASSIGN$V1$@2$!BITSHR$V1$@2$"},"720":{"EquivalenDuplicateOf":"448","FuncName":"main","IRPosInFunc":[67],"SrcLoc":"src/dirname.c:123","Type":"ASSIGN$V1$@2$!MOD$@2$V1$"},"721":{"EquivalenDuplicateOf":"448","FuncName":"main","IRPosInFunc":[67],"SrcLoc":"src/dirname.c:123","Type":"ASSIGN$V1$@2$!DIV$@2$V1$"},"722":{"EquivalenDuplicateOf":"448","FuncName":"main","IRPosInFunc":[67],"SrcLoc":"src/dirname.c:123","Type":"ASSIGN$V1$@2$!BITNOT$@2$"},"723":{"EquivalenDuplicateOf":"447","FuncName":"main","IRPosInFunc":[67],"SrcLoc":"src/dirname.c:123","Type":"ASSIGN$V1$@2$!OPERAND$@2$"},"724":{"EquivalenDuplicateOf":"448","FuncName":"main","IRPosInFunc":[67],"SrcLoc":"src/dirname.c:123","Type":"ASSIGN$V1$@2$!MOD$V1$@2$"},"725":{"EquivalenDuplicateOf":"448","FuncName":"main","IRPosInFunc":[67],"SrcLoc":"src/dirname.c:123","Type":"ASSIGN$V1$@2$!BITSHR$@2$V1$"},"726":{"EquivalenDuplicateOf":"448","FuncName":"main","IRPosInFunc":[67],"SrcLoc":"src/dirname.c:123","Type":"ASSIGN$V1$@2$!SUB$V1$@2$"},"727":{"EquivalenDuplicateOf":"448","FuncName":"main","IRPosInFunc":[67],"SrcLoc":"src/dirname.c:123","Type":"ASSIGN$V1$@2$!SUB$@2$V1$"},"728":{"EquivalenDuplicateOf":"448","FuncName":"main","IRPosInFunc":[67],"SrcLoc":"src/dirname.c:123","Type":"ASSIGN$V1$@2$!DIV$V1$@2$"},"729":{"EquivalenDuplicateOf":"448","FuncName":"main","IRPosInFunc":[67],"SrcLoc":"src/dirname.c:123","Type":"ASSIGN$V1$@2$!MUL$V1$@2$"},"730":{"EquivalenDuplicateOf":"448","FuncName":"main","IRPosInFunc":[67],"SrcLoc":"src/dirname.c:123","Type":"ASSIGN$V1$@2$!BITSHR$V1$@2$"},"731":{"EquivalenDuplicateOf":"447","FuncName":"main","IRPosInFunc":[67],"SrcLoc":"src/dirname.c:123","Type":"ASSIGN$V1$@2$!CONSTVAL$0$"},"732":{"EquivalenDuplicateOf":"447","FuncName":"main","IRPosInFunc":[67],"SrcLoc":"src/dirname.c:123","Type":"ASSIGN$V1$@2$!NEG$V1$"},"733":{"EquivalenDuplicateOf":"448","FuncName":"main","IRPosInFunc":[67],"SrcLoc":"src/dirname.c:123","Type":"ASSIGN$V1$@2$!BITXOR$V1$@2$"},"734":{"EquivalenDuplicateOf":"447","FuncName":"main","IRPosInFunc":[67],"SrcLoc":"src/dirname.c:123","Type":"ASSIGN$V1$@2$!CONSTVAL$1$"},"735":{"EquivalenDuplicateOf":"448","FuncName":"main","IRPosInFunc":[67],"SrcLoc":"src/dirname.c:123","Type":"ASSIGN$V1$@2$!BITSHL$V1$@2$"},"736":{"EquivalenDuplicateOf":"448","FuncName":"main","IRPosInFunc":[67],"SrcLoc":"src/dirname.c:123","Type":"ASSIGN$V1$@2$!BITSHL$@2$V1$"},"737":{"EquivalenDuplicateOf":"448","FuncName":"main","IRPosInFunc":[67],"SrcLoc":"src/dirname.c:123","Type":"ASSIGN$V1$@2$!BITAND$V1$@2$"},"738":{"EquivalenDuplicateOf":"448","FuncName":"main","IRPosInFunc":[67],"SrcLoc":"src/dirname.c:123","Type":"ASSIGN$V1$@2$!NEG$@2$"},"739":{"EquivalenDuplicateOf":"447","FuncName":"main","IRPosInFunc":[67],"SrcLoc":"src/dirname.c:123","Type":"ASSIGN$V1$@2$!BITNOT$V1$"},"740":{"EquivalenDuplicateOf":"448","FuncName":"main","IRPosInFunc":[67],"SrcLoc":"src/dirname.c:123","Type":"ASSIGN$V1$@2$!ADD$V1$@2$"},"741":{"EquivalenDuplicateOf":"447","FuncName":"main","IRPosInFunc":[67],"SrcLoc":"src/dirname.c:123","Type":"ASSIGN$V1$@2$!OPERAND$V1$"},"742":{"EquivalenDuplicateOf":"448","FuncName":"main","IRPosInFunc":[67],"SrcLoc":"src/dirname.c:123","Type":"ASSIGN$V1$@2$!MOD$@2$V1$"},"743":{"EquivalenDuplicateOf":"384","FuncName":"main","IRPosInFunc":[55,56,57,58],"SrcLoc":"src/dirname.c:120","Type":"STMT!TRAPSTMT"},"744":{"EquivalenDuplicateOf":"0","FuncName":"main","IRPosInFunc":[53],"SrcLoc":"src/dirname.c:117","Type":"STMT!TRAPSTMT"},"745":{"EquivalenDuplicateOf":"0","FuncName":"main","IRPosInFunc":[51],"SrcLoc":"src/dirname.c:116","Type":"CALL!SHUFFLEARGS$2$"},"746":{"EquivalenDuplicateOf":"316","FuncName":"main","IRPosInFunc":[48],"SrcLoc":"src/dirname.c:114","Type":"ADD$@1$@2$!MOD$@1$@2$"},"747":{"EquivalenDuplicateOf":"302","FuncName":"main","IRPosInFunc":[48],"SrcLoc":"src/dirname.c:114","Type":"ADD$@1$@2$!DIV$@1$@2$"},"748":{"EquivalenDuplicateOf":"310","FuncName":"main","IRPosInFunc":[48],"SrcLoc":"src/dirname.c:114","Type":"ADD$@1$@2$!CONSTVAL$1$"},"749":{"EquivalenDuplicateOf":"310","FuncName":"main","IRPosInFunc":[48],"SrcLoc":"src/dirname.c:114","Type":"ADD$@1$@2$!ABS$@2$"},"750":{"EquivalenDuplicateOf":"302","FuncName":"main","IRPosInFunc":[48],"SrcLoc":"src/dirname.c:114","Type":"ADD$@1$@2$!MUL$@1$@2$"},"751":{"EquivalenDuplicateOf":"302","FuncName":"main","IRPosInFunc":[48],"SrcLoc":"src/dirname.c:114","Type":"ADD$@1$@2$!DIV$@1$@2$"},"752":{"EquivalenDuplicateOf":"302","FuncName":"main","IRPosInFunc":[48],"SrcLoc":"src/dirname.c:114","Type":"ADD$@1$@2$!OPERAND$@1$"},"753":{"EquivalenDuplicateOf":"302","FuncName":"main","IRPosInFunc":[48],"SrcLoc":"src/dirname.c:114","Type":"C!ADD$C$-1$"},"754":{"EquivalenDuplicateOf":"233","FuncName":"main","IRPosInFunc":[46,47,48,49,50],"SrcLoc":"src/dirname.c:114","Type":"STMT!TRAPSTMT"},"755":{"EquivalenDuplicateOf":"295","FuncName":"main","IRPosInFunc":[45],"SrcLoc":"src/dirname.c:112","Type":"RETURN_BREAK_CONTINUE!DELSTMT"},"756":{"EquivalenDuplicateOf":"271","FuncName":"main","IRPosInFunc":[45],"SrcLoc":"src/dirname.c:112","Type":"STMT!TRAPSTMT"},"757":{"EquivalenDuplicateOf":"0","FuncName":"main","IRPosInFunc":[44],"SrcLoc":"src/dirname.c:110","Type":"STMT!TRAPSTMT"},"758":{"EquivalenDuplicateOf":"0","FuncName":"main","IRPosInFunc":[42],"SrcLoc":"src/dirname.c:107","Type":"STMT!TRAPSTMT"},"759":{"EquivalenDuplicateOf":"276","FuncName":"main","IRPosInFunc":[40],"SrcLoc":"src/dirname.c:107","Type":"CALL!SHUFFLEARGS$2$"},"760":{"EquivalenDuplicateOf":"277","FuncName":"main","IRPosInFunc":[40],"SrcLoc":"src/dirname.c:107","Type":"CALL!SHUFFLEARGS$2$"},"761":{"EquivalenDuplicateOf":"278","FuncName":"main","IRPosInFunc":[40],"SrcLoc":"src/dirname.c:107","Type":"CALL!SHUFFLEARGS$2$"},"762":{"EquivalenDuplicateOf":"277","FuncName":"main","IRPosInFunc":[40],"SrcLoc":"src/dirname.c:107","Type":"CALL!SHUFFLEARGS$2$"},"763":{"EquivalenDuplicateOf":"279","FuncName":"main","IRPosInFunc":[40],"SrcLoc":"src/dirname.c:107","Type":"CALL!SHUFFLEARGS$2$"},"764":{"EquivalenDuplicateOf":"280","FuncName":"main","IRPosInFunc":[40],"SrcLoc":"src/dirname.c:107","Type":"CALL!SHUFFLEARGS$2$"},"765":{"EquivalenDuplicateOf":"281","FuncName":"main","IRPosInFunc":[40],"SrcLoc":"src/dirname.c:107","Type":"CALL!SHUFFLEARGS$2$"},"766":{"EquivalenDuplicateOf":"279","FuncName":"main","IRPosInFunc":[40],"SrcLoc":"src/dirname.c:107","Type":"CALL!SHUFFLEARGS$2$"},"767":{"EquivalenDuplicateOf":"280","FuncName":"main","IRPosInFunc":[40],"SrcLoc":"src/dirname.c:107","Type":"CALL!SHUFFLEARGS$2$"},"768":{"EquivalenDuplicateOf":"279","FuncName":"main","IRPosInFunc":[40],"SrcLoc":"src/dirname.c:107","Type":"CALL!SHUFFLEARGS$2$"},"769":{"EquivalenDuplicateOf":"282","FuncName":"main","IRPosInFunc":[40],"SrcLoc":"src/dirname.c:107","Type":"CALL!SHUFFLEARGS$2$"},"770":{"EquivalenDuplicateOf":"283","FuncName":"main","IRPosInFunc":[40],"SrcLoc":"src/dirname.c:107","Type":"CALL!SHUFFLEARGS$2$"},"771":{"EquivalenDuplicateOf":"284","FuncName":"main","IRPosInFunc":[40],"SrcLoc":"src/dirname.c:107","Type":"CALL!SHUFFLEARGS$2$"},"772":{"EquivalenDuplicateOf":"285","FuncName":"main","IRPosInFunc":[40],"SrcLoc":"src/dirname.c:107","Type":"CALL!SHUFFLEARGS$2$"},"773":{"EquivalenDuplicateOf":"282","FuncName":"main","IRPosInFunc":[40],"SrcLoc":"src/dirname.c:107","Type":"CALL!SHUFFLEARGS$2$"},"774":{"EquivalenDuplicateOf":"283","FuncName":"main","IRPosInFunc":[40],"SrcLoc":"src/dirname.c:107","Type":"CALL!SHUFFLEARGS$2$"},"775":{"EquivalenDuplicateOf":"284","FuncName":"main","IRPosInFunc":[40],"SrcLoc":"src/dirname.c:107","Type":"CALL!SHUFFLEARGS$2$"},"776":{"EquivalenDuplicateOf":"282","FuncName":"main","IRPosInFunc":[40],"SrcLoc":"src/dirname.c:107","Type":"CALL!SHUFFLEARGS$2$"},"777":{"EquivalenDuplicateOf":"283","FuncName":"main","IRPosInFunc":[40],"SrcLoc":"src/dirname.c:107","Type":"CALL!SHUFFLEARGS$2$"},"778":{"EquivalenDuplicateOf":"282","FuncName":"main","IRPosInFunc":[40],"SrcLoc":"src/dirname.c:107","Type":"CALL!SHUFFLEARGS$2$"},"779":{"EquivalenDuplicateOf":"286","FuncName":"main","IRPosInFunc":[40],"SrcLoc":"src/dirname.c:107","Type":"CALL!SHUFFLEARGS$2$"},"780":{"EquivalenDuplicateOf":"287","FuncName":"main","IRPosInFunc":[40],"SrcLoc":"src/dirname.c:107","Type":"CALL!SHUFFLEARGS$2$"},"781":{"EquivalenDuplicateOf":"288","FuncName":"main","IRPosInFunc":[40],"SrcLoc":"src/dirname.c:107","Type":"CALL!SHUFFLEARGS$2$"},"782":{"EquivalenDuplicateOf":"289","FuncName":"main","IRPosInFunc":[40],"SrcLoc":"src/dirname.c:107","Type":"CALL!SHUFFLEARGS$2$"},"783":{"EquivalenDuplicateOf":"286","FuncName":"main","IRPosInFunc":[40],"SrcLoc":"src/dirname.c:107","Type":"CALL!SHUFFLEARGS$2$"},"784":{"EquivalenDuplicateOf":"287","FuncName":"main","IRPosInFunc":[40],"SrcLoc":"src/dirname.c:107","Type":"CALL!SHUFFLEARGS$2$"},"785":{"EquivalenDuplicateOf":"288","FuncName":"main","IRPosInFunc":[40],"SrcLoc":"src/dirname.c:107","Type":"CALL!SHUFFLEARGS$2$"},"786":{"EquivalenDuplicateOf":"286","FuncName":"main","IRPosInFunc":[40],"SrcLoc":"src/dirname.c:107","Type":"CALL!SHUFFLEARGS$2$"},"787":{"EquivalenDuplicateOf":"287","FuncName":"main","IRPosInFunc":[40],"SrcLoc":"src/dirname.c:107","Type":"CALL!SHUFFLEARGS$2$"},"788":{"EquivalenDuplicateOf":"286","FuncName":"main","IRPosInFunc":[40],"SrcLoc":"src/dirname.c:107","Type":"CALL!SHUFFLEARGS$2$"},"789":{"EquivalenDuplicateOf":"276","FuncName":"main","IRPosInFunc":[40],"SrcLoc":"src/dirname.c:107","Type":"CALL!SHUFFLEARGS$2$"},"790":{"EquivalenDuplicateOf":"277","FuncName":"main","IRPosInFunc":[40],"SrcLoc":"src/dirname.c:107","Type":"CALL!SHUFFLEARGS$2$"},"791":{"EquivalenDuplicateOf":"278","FuncName":"main","IRPosInFunc":[40],"SrcLoc":"src/dirname.c:107","Type":"CALL!SHUFFLEARGS$2$"},"792":{"EquivalenDuplicateOf":"277","FuncName":"main","IRPosInFunc":[40],"SrcLoc":"src/dirname.c:107","Type":"CALL!SHUFFLEARGS$2$"},"793":{"EquivalenDuplicateOf":"279","FuncName":"main","IRPosInFunc":[40],"SrcLoc":"src/dirname.c:107","Type":"CALL!SHUFFLEARGS$2$"},"794":{"EquivalenDuplicateOf":"280","FuncName":"main","IRPosInFunc":[40],"SrcLoc":"src/dirname.c:107","Type":"CALL!SHUFFLEARGS$2$"},"795":{"EquivalenDuplicateOf":"281","FuncName":"main","IRPosInFunc":[40],"SrcLoc":"src/dirname.c:107","Type":"CALL!SHUFFLEARGS$2$"},"796":{"EquivalenDuplicateOf":"279","FuncName":"main","IRPosInFunc":[40],"SrcLoc":"src/dirname.c:107","Type":"CALL!SHUFFLEARGS$2$"},"797":{"EquivalenDuplicateOf":"280","FuncName":"main","IRPosInFunc":[40],"SrcLoc":"src/dirname.c:107","Type":"CALL!SHUFFLEARGS$2$"},"798":{"EquivalenDuplicateOf":"279","FuncName":"main","IRPosInFunc":[40],"SrcLoc":"src/dirname.c:107","Type":"CALL!SHUFFLEARGS$2$"},"799":{"EquivalenDuplicateOf":"282","FuncName":"main","IRPosInFunc":[40],"SrcLoc":"src/dirname.c:107","Type":"CALL!SHUFFLEARGS$2$"},"800":{"EquivalenDuplicateOf":"283","FuncName":"main","IRPosInFunc":[40],"SrcLoc":"src/dirname.c:107","Type":"CALL!SHUFFLEARGS$2$"},"801":{"EquivalenDuplicateOf":"284","FuncName":"main","IRPosInFunc":[40],"SrcLoc":"src/dirname.c:107","Type":"CALL!SHUFFLEARGS$2$"},"802":{"EquivalenDuplicateOf":"282","FuncName":"main","IRPosInFunc":[40],"SrcLoc":"src/dirname.c:107","Type":"CALL!SHUFFLEARGS$2$"},"803":{"EquivalenDuplicateOf":"283","FuncName":"main","IRPosInFunc":[40],"SrcLoc":"src/dirname.c:107","Type":"CALL!SHUFFLEARGS$2$"},"804":{"EquivalenDuplicateOf":"282","FuncName":"main","IRPosInFunc":[40],"SrcLoc":"src/dirname.c:107","Type":"CALL!SHUFFLEARGS$2$"},"805":{"EquivalenDuplicateOf":"276","FuncName":"main","IRPosInFunc":[40],"SrcLoc":"src/dirname.c:107","Type":"CALL!SHUFFLEARGS$2$"},"806":{"EquivalenDuplicateOf":"277","FuncName":"main","IRPosInFunc":[40],"SrcLoc":"src/dirname.c:107","Type":"CALL!SHUFFLEARGS$2$"},"807":{"EquivalenDuplicateOf":"278","FuncName":"main","IRPosInFunc":[40],"SrcLoc":"src/dirname.c:107","Type":"CALL!SHUFFLEARGS$2$"},"808":{"EquivalenDuplicateOf":"277","FuncName":"main","IRPosInFunc":[40],"SrcLoc":"src/dirname.c:107","Type":"CALL!SHUFFLEARGS$2$"},"809":{"EquivalenDuplicateOf":"279","FuncName":"main","IRPosInFunc":[40],"SrcLoc":"src/dirname.c:107","Type":"CALL!SHUFFLEARGS$2$"},"810":{"EquivalenDuplicateOf":"280","FuncName":"main","IRPosInFunc":[40],"SrcLoc":"src/dirname.c:107","Type":"CALL!SHUFFLEARGS$2$"},"811":{"EquivalenDuplicateOf":"279","FuncName":"main","IRPosInFunc":[40],"SrcLoc":"src/dirname.c:107","Type":"CALL!SHUFFLEARGS$2$"},"812":{"EquivalenDuplicateOf":"276","FuncName":"main","IRPosInFunc":[40],"SrcLoc":"src/dirname.c:107","Type":"CALL!SHUFFLEARGS$2$"},"813":{"EquivalenDuplicateOf":"277","FuncName":"main","IRPosInFunc":[40],"SrcLoc":"src/dirname.c:107","Type":"CALL!SHUFFLEARGS$2$"},"814":{"EquivalenDuplicateOf":"0","FuncName":"main","IRPosInFunc":[37],"SrcLoc":"src/dirname.c:106","Type":"STMT!TRAPSTMT"},"815":{"EquivalenDuplicateOf":"243","FuncName":"main","IRPosInFunc":[36],"SrcLoc":"src/dirname.c:106","Type":"STMT!DELSTMT"},"816":{"EquivalenDuplicateOf":"272","FuncName":"main","IRPosInFunc":[35],"SrcLoc":"src/dirname.c:104","Type":"RETURN_BREAK_CONTINUE!DELSTMT"},"817":{"EquivalenDuplicateOf":"269","FuncName":"main","IRPosInFunc":[34],"SrcLoc":"src/dirname.c:103","Type":"C!ADD$C$-1$"},"818":{"EquivalenDuplicateOf":"248","FuncName":"main","IRPosInFunc":[34],"SrcLoc":"src/dirname.c:103","Type":"ASSIGN$V1$@2$!DIV$@2$V1$"},"819":{"EquivalenDuplicateOf":"248","FuncName":"main","IRPosInFunc":[34],"SrcLoc":"src/dirname.c:103","Type":"ASSIGN$V1$@2$!MOD$V1$@2$"},"820":{"EquivalenDuplicateOf":"248","FuncName":"main","IRPosInFunc":[34],"SrcLoc":"src/dirname.c:103","Type":"ASSIGN$V1$@2$!BITSHR$@2$V1$"},"821":{"EquivalenDuplicateOf":"248","FuncName":"main","IRPosInFunc":[34],"SrcLoc":"src/dirname.c:103","Type":"ASSIGN$V1$@2$!DIV$V1$@2$"},"822":{"EquivalenDuplicateOf":"248","FuncName":"main","IRPosInFunc":[34],"SrcLoc":"src/dirname.c:103","Type":"ASSIGN$V1$@2$!BITSHR$V1$@2$"},"823":{"EquivalenDuplicateOf":"248","FuncName":"main","IRPosInFunc":[34],"SrcLoc":"src/dirname.c:103","Type":"ASSIGN$V1$@2$!MOD$@2$V1$"},"824":{"EquivalenDuplicateOf":"248","FuncName":"main","IRPosInFunc":[34],"SrcLoc":"src/dirname.c:103","Type":"ASSIGN$V1$@2$!DIV$@2$V1$"},"825":{"EquivalenDuplicateOf":"247","FuncName":"main","IRPosInFunc":[34],"SrcLoc":"src/dirname.c:103","Type":"ASSIGN$V1$@2$!BITNOT$@2$"},"826":{"EquivalenDuplicateOf":"247","FuncName":"main","IRPosInFunc":[34],"SrcLoc":"src/dirname.c:103","Type":"ASSIGN$V1$@2$!OPERAND$@2$"},"827":{"EquivalenDuplicateOf":"248","FuncName":"main","IRPosInFunc":[34],"SrcLoc":"src/dirname.c:103","Type":"ASSIGN$V1$@2$!MOD$V1$@2$"},"828":{"EquivalenDuplicateOf":"248","FuncName":"main","IRPosInFunc":[34],"SrcLoc":"src/dirname.c:103","Type":"ASSIGN$V1$@2$!BITSHR$@2$V1$"},"829":{"EquivalenDuplicateOf":"248","FuncName":"main","IRPosInFunc":[34],"SrcLoc":"src/dirname.c:103","Type":"ASSIGN$V1$@2$!SUB$V1$@2$"},"830":{"EquivalenDuplicateOf":"248","FuncName":"main","IRPosInFunc":[34],"SrcLoc":"src/dirname.c:103","Type":"ASSIGN$V1$@2$!SUB$@2$V1$"},"831":{"EquivalenDuplicateOf":"247","FuncName":"main","IRPosInFunc":[34],"SrcLoc":"src/dirname.c:103","Type":"ASSIGN$V1$@2$!ABS$@2$"},"832":{"EquivalenDuplicateOf":"248","FuncName":"main","IRPosInFunc":[34],"SrcLoc":"src/dirname.c:103","Type":"ASSIGN$V1$@2$!DIV$V1$@2$"},"833":{"EquivalenDuplicateOf":"248","FuncName":"main","IRPosInFunc":[34],"SrcLoc":"src/dirname.c:103","Type":"ASSIGN$V1$@2$!MUL$V1$@2$"},"834":{"EquivalenDuplicateOf":"248","FuncName":"main","IRPosInFunc":[34],"SrcLoc":"src/dirname.c:103","Type":"ASSIGN$V1$@2$!BITSHR$V1$@2$"},"835":{"EquivalenDuplicateOf":"247","FuncName":"main","IRPosInFunc":[34],"SrcLoc":"src/dirname.c:103","Type":"ASSIGN$V1$@2$!CONSTVAL$0$"},"836":{"EquivalenDuplicateOf":"248","FuncName":"main","IRPosInFunc":[34],"SrcLoc":"src/dirname.c:103","Type":"ASSIGN$V1$@2$!NEG$V1$"},"837":{"EquivalenDuplicateOf":"248","FuncName":"main","IRPosInFunc":[34],"SrcLoc":"src/dirname.c:103","Type":"ASSIGN$V1$@2$!BITXOR$V1$@2$"},"838":{"EquivalenDuplicateOf":"247","FuncName":"main","IRPosInFunc":[34],"SrcLoc":"src/dirname.c:103","Type":"ASSIGN$V1$@2$!CONSTVAL$1$"},"839":{"EquivalenDuplicateOf":"248","FuncName":"main","IRPosInFunc":[34],"SrcLoc":"src/dirname.c:103","Type":"ASSIGN$V1$@2$!BITSHL$V1$@2$"},"840":{"EquivalenDuplicateOf":"248","FuncName":"main","IRPosInFunc":[34],"SrcLoc":"src/dirname.c:103","Type":"ASSIGN$V1$@2$!BITSHL$@2$V1$"},"841":{"EquivalenDuplicateOf":"248","FuncName":"main","IRPosInFunc":[34],"SrcLoc":"src/dirname.c:103","Type":"ASSIGN$V1$@2$!BITAND$V1$@2$"},"842":{"EquivalenDuplicateOf":"247","FuncName":"main","IRPosInFunc":[34],"SrcLoc":"src/dirname.c:103","Type":"ASSIGN$V1$@2$!NEG$@2$"},"843":{"EquivalenDuplicateOf":"248","FuncName":"main","IRPosInFunc":[34],"SrcLoc":"src/dirname.c:103","Type":"ASSIGN$V1$@2$!BITNOT$V1$"},"844":{"EquivalenDuplicateOf":"248","FuncName":"main","IRPosInFunc":[34],"SrcLoc":"src/dirname.c:103","Type":"ASSIGN$V1$@2$!ADD$V1$@2$"},"845":{"EquivalenDuplicateOf":"248","FuncName":"main","IRPosInFunc":[34],"SrcLoc":"src/dirname.c:103","Type":"ASSIGN$V1$@2$!MOD$@2$V1$"},"846":{"EquivalenDuplicateOf":"234","FuncName":"main","IRPosInFunc":[31],"SrcLoc":"src/dirname.c:98","Type":"RETURN_BREAK_CONTINUE!DELSTMT"},"847":{"EquivalenDuplicateOf":"203","FuncName":"main","IRPosInFunc":[29],"SrcLoc":"src/dirname.c:97","Type":"EQ$@1$@2$!BITSHR$@1$@2$"},"848":{"EquivalenDuplicateOf":"215","FuncName":"main","IRPosInFunc":[29],"SrcLoc":"src/dirname.c:97","Type":"EQ$@1$@2$!LT$@2$@1$"},"849":{"EquivalenDuplicateOf":"198","FuncName":"main","IRPosInFunc":[29],"SrcLoc":"src/dirname.c:97","Type":"EQ$@1$@2$!GE$@2$@1$"},"850":{"EquivalenDuplicateOf":"215","FuncName":"main","IRPosInFunc":[29],"SrcLoc":"src/dirname.c:97","Type":"EQ$@1$@2$!GT$@1$@2$"},"851":{"EquivalenDuplicateOf":"198","FuncName":"main","IRPosInFunc":[29],"SrcLoc":"src/dirname.c:97","Type":"EQ$@1$@2$!LE$@1$@2$"},"852":{"EquivalenDuplicateOf":"203","FuncName":"main","IRPosInFunc":[29],"SrcLoc":"src/dirname.c:97","Type":"EQ$@1$@2$!BITSHR$@1$@2$"},"853":{"EquivalenDuplicateOf":"215","FuncName":"main","IRPosInFunc":[29],"SrcLoc":"src/dirname.c:97","Type":"EQ$@1$@2$!CONSTVAL$0$"},"854":{"EquivalenDuplicateOf":"199","FuncName":"main","IRPosInFunc":[29],"SrcLoc":"src/dirname.c:97","Type":"EQ$@1$@2$!BITXOR$@1$@2$"},"855":{"EquivalenDuplicateOf":"198","FuncName":"main","IRPosInFunc":[29],"SrcLoc":"src/dirname.c:97","Type":"EQ$@1$@2$!OPERAND$@2$"},"856":{"EquivalenDuplicateOf":"198","FuncName":"main","IRPosInFunc":[29],"SrcLoc":"src/dirname.c:97","Type":"EQ$@1$@2$!NEG$@2$"},"857":{"EquivalenDuplicateOf":"201","FuncName":"main","IRPosInFunc":[29],"SrcLoc":"src/dirname.c:97","Type":"EQ$@1$@2$!OPERAND$@1$"},"858":{"EquivalenDuplicateOf":"198","FuncName":"main","IRPosInFunc":[29],"SrcLoc":"src/dirname.c:97","Type":"EQ$@1$@2$!ABS$@2$"},"859":{"EquivalenDuplicateOf":"198","FuncName":"main","IRPosInFunc":[29],"SrcLoc":"src/dirname.c:97","Type":"EQ$@1$@2$!BITSHR$@2$@1$"},"860":{"EquivalenDuplicateOf":"198","FuncName":"main","IRPosInFunc":[29],"SrcLoc":"src/dirname.c:97","Type":"EQ$@1$@2$!CONSTVAL$1$"},"861":{"EquivalenDuplicateOf":"196","FuncName":"main","IRPosInFunc":[29],"SrcLoc":"src/dirname.c:97","Type":"C!ADD$C$1$"},"862":{"EquivalenDuplicateOf":"164","FuncName":"main","IRPosInFunc":[27],"SrcLoc":"src/dirname.c:95","Type":"ASSIGN$V1$@2$!DIV$@2$V1$"},"863":{"EquivalenDuplicateOf":"164","FuncName":"main","IRPosInFunc":[27],"SrcLoc":"src/dirname.c:95","Type":"ASSIGN$V1$@2$!MOD$V1$@2$"},"864":{"EquivalenDuplicateOf":"164","FuncName":"main","IRPosInFunc":[27],"SrcLoc":"src/dirname.c:95","Type":"ASSIGN$V1$@2$!BITSHR$@2$V1$"},"865":{"EquivalenDuplicateOf":"164","FuncName":"main","IRPosInFunc":[27],"SrcLoc":"src/dirname.c:95","Type":"ASSIGN$V1$@2$!DIV$V1$@2$"},"866":{"EquivalenDuplicateOf":"164","FuncName":"main","IRPosInFunc":[27],"SrcLoc":"src/dirname.c:95","Type":"ASSIGN$V1$@2$!BITSHR$V1$@2$"},"867":{"EquivalenDuplicateOf":"164","FuncName":"main","IRPosInFunc":[27],"SrcLoc":"src/dirname.c:95","Type":"ASSIGN$V1$@2$!MOD$@2$V1$"},"868":{"EquivalenDuplicateOf":"164","FuncName":"main","IRPosInFunc":[27],"SrcLoc":"src/dirname.c:95","Type":"ASSIGN$V1$@2$!DIV$@2$V1$"},"869":{"EquivalenDuplicateOf":"164","FuncName":"main","IRPosInFunc":[27],"SrcLoc":"src/dirname.c:95","Type":"ASSIGN$V1$@2$!BITNOT$@2$"},"870":{"EquivalenDuplicateOf":"164","FuncName":"main","IRPosInFunc":[27],"SrcLoc":"src/dirname.c:95","Type":"ASSIGN$V1$@2$!OPERAND$@2$"},"871":{"EquivalenDuplicateOf":"164","FuncName":"main","IRPosInFunc":[27],"SrcLoc":"src/dirname.c:95","Type":"ASSIGN$V1$@2$!MOD$V1$@2$"},"872":{"EquivalenDuplicateOf":"164","FuncName":"main","IRPosInFunc":[27],"SrcLoc":"src/dirname.c:95","Type":"ASSIGN$V1$@2$!BITSHR$@2$V1$"},"873":{"EquivalenDuplicateOf":"164","FuncName":"main","IRPosInFunc":[27],"SrcLoc":"src/dirname.c:95","Type":"ASSIGN$V1$@2$!SUB$V1$@2$"},"874":{"EquivalenDuplicateOf":"164","FuncName":"main","IRPosInFunc":[27],"SrcLoc":"src/dirname.c:95","Type":"ASSIGN$V1$@2$!SUB$@2$V1$"},"875":{"EquivalenDuplicateOf":"164","FuncName":"main","IRPosInFunc":[27],"SrcLoc":"src/dirname.c:95","Type":"ASSIGN$V1$@2$!DIV$V1$@2$"},"876":{"EquivalenDuplicateOf":"164","FuncName":"main","IRPosInFunc":[27],"SrcLoc":"src/dirname.c:95","Type":"ASSIGN$V1$@2$!MUL$V1$@2$"},"877":{"EquivalenDuplicateOf":"164","FuncName":"main","IRPosInFunc":[27],"SrcLoc":"src/dirname.c:95","Type":"ASSIGN$V1$@2$!BITSHR$V1$@2$"},"878":{"EquivalenDuplicateOf":"164","FuncName":"main","IRPosInFunc":[27],"SrcLoc":"src/dirname.c:95","Type":"ASSIGN$V1$@2$!CONSTVAL$0$"},"879":{"EquivalenDuplicateOf":"164","FuncName":"main","IRPosInFunc":[27],"SrcLoc":"src/dirname.c:95","Type":"ASSIGN$V1$@2$!NEG$V1$"},"880":{"EquivalenDuplicateOf":"164","FuncName":"main","IRPosInFunc":[27],"SrcLoc":"src/dirname.c:95","Type":"ASSIGN$V1$@2$!BITXOR$V1$@2$"},"881":{"EquivalenDuplicateOf":"164","FuncName":"main","IRPosInFunc":[27],"SrcLoc":"src/dirname.c:95","Type":"ASSIGN$V1$@2$!CONSTVAL$1$"},"882":{"EquivalenDuplicateOf":"164","FuncName":"main","IRPosInFunc":[27],"SrcLoc":"src/dirname.c:95","Type":"ASSIGN$V1$@2$!BITSHL$V1$@2$"},"883":{"EquivalenDuplicateOf":"164","FuncName":"main","IRPosInFunc":[27],"SrcLoc":"src/dirname.c:95","Type":"ASSIGN$V1$@2$!BITSHL$@2$V1$"},"884":{"EquivalenDuplicateOf":"164","FuncName":"main","IRPosInFunc":[27],"SrcLoc":"src/dirname.c:95","Type":"ASSIGN$V1$@2$!BITAND$V1$@2$"},"885":{"EquivalenDuplicateOf":"164","FuncName":"main","IRPosInFunc":[27],"SrcLoc":"src/dirname.c:95","Type":"ASSIGN$V1$@2$!NEG$@2$"},"886":{"EquivalenDuplicateOf":"164","FuncName":"main","IRPosInFunc":[27],"SrcLoc":"src/dirname.c:95","Type":"ASSIGN$V1$@2$!BITNOT$V1$"},"887":{"EquivalenDuplicateOf":"164","FuncName":"main","IRPosInFunc":[27],"SrcLoc":"src/dirname.c:95","Type":"ASSIGN$V1$@2$!ADD$V1$@2$"},"888":{"EquivalenDuplicateOf":"164","FuncName":"main","IRPosInFunc":[27],"SrcLoc":"src/dirname.c:95","Type":"ASSIGN$V1$@2$!OPERAND$V1$"},"889":{"EquivalenDuplicateOf":"164","FuncName":"main","IRPosInFunc":[27],"SrcLoc":"src/dirname.c:95","Type":"ASSIGN$V1$@2$!MOD$@2$V1$"},"890":{"EquivalenDuplicateOf":"162","FuncName":"main","IRPosInFunc":[24,25,26,27],"SrcLoc":"src/dirname.c:95","Type":"STMT!TRAPSTMT"},"891":{"EquivalenDuplicateOf":"129","FuncName":"main","IRPosInFunc":[13],"SrcLoc":"src/dirname.c:81","Type":"ASSIGN$V1$@2$!DIV$@2$V1$"},"892":{"EquivalenDuplicateOf":"129","FuncName":"main","IRPosInFunc":[13],"SrcLoc":"src/dirname.c:81","Type":"ASSIGN$V1$@2$!GT$@2$V1$"},"893":{"EquivalenDuplicateOf":"129","FuncName":"main","IRPosInFunc":[13],"SrcLoc":"src/dirname.c:81","Type":"ASSIGN$V1$@2$!MOD$V1$@2$"},"894":{"EquivalenDuplicateOf":"129","FuncName":"main","IRPosInFunc":[13],"SrcLoc":"src/dirname.c:81","Type":"ASSIGN$V1$@2$!BITSHR$@2$V1$"},"895":{"EquivalenDuplicateOf":"129","FuncName":"main","IRPosInFunc":[13],"SrcLoc":"src/dirname.c:81","Type":"ASSIGN$V1$@2$!GE$V1$@2$"},"896":{"EquivalenDuplicateOf":"129","FuncName":"main","IRPosInFunc":[13],"SrcLoc":"src/dirname.c:81","Type":"ASSIGN$V1$@2$!DIV$V1$@2$"},"897":{"EquivalenDuplicateOf":"129","FuncName":"main","IRPosInFunc":[13],"SrcLoc":"src/dirname.c:81","Type":"ASSIGN$V1$@2$!BITSHR$V1$@2$"},"898":{"EquivalenDuplicateOf":"129","FuncName":"main","IRPosInFunc":[13],"SrcLoc":"src/dirname.c:81","Type":"ASSIGN$V1$@2$!LT$V1$@2$"},"899":{"EquivalenDuplicateOf":"129","FuncName":"main","IRPosInFunc":[13],"SrcLoc":"src/dirname.c:81","Type":"ASSIGN$V1$@2$!LE$@2$V1$"},"900":{"EquivalenDuplicateOf":"129","FuncName":"main","IRPosInFunc":[13],"SrcLoc":"src/dirname.c:81","Type":"ASSIGN$V1$@2$!MOD$@2$V1$"},"901":{"EquivalenDuplicateOf":"129","FuncName":"main","IRPosInFunc":[13],"SrcLoc":"src/dirname.c:81","Type":"ASSIGN$V1$@2$!DIV$@2$V1$"},"902":{"EquivalenDuplicateOf":"128","FuncName":"main","IRPosInFunc":[13],"SrcLoc":"src/dirname.c:81","Type":"ASSIGN$V1$@2$!BITNOT$@2$"},"903":{"EquivalenDuplicateOf":"128","FuncName":"main","IRPosInFunc":[13],"SrcLoc":"src/dirname.c:81","Type":"ASSIGN$V1$@2$!OPERAND$@2$"},"904":{"EquivalenDuplicateOf":"129","FuncName":"main","IRPosInFunc":[13],"SrcLoc":"src/dirname.c:81","Type":"ASSIGN$V1$@2$!MOD$V1$@2$"},"905":{"EquivalenDuplicateOf":"129","FuncName":"main","IRPosInFunc":[13],"SrcLoc":"src/dirname.c:81","Type":"ASSIGN$V1$@2$!BITSHR$@2$V1$"},"906":{"EquivalenDuplicateOf":"129","FuncName":"main","IRPosInFunc":[13],"SrcLoc":"src/dirname.c:81","Type":"ASSIGN$V1$@2$!SUB$V1$@2$"},"907":{"EquivalenDuplicateOf":"129","FuncName":"main","IRPosInFunc":[13],"SrcLoc":"src/dirname.c:81","Type":"ASSIGN$V1$@2$!SUB$@2$V1$"},"908":{"EquivalenDuplicateOf":"128","FuncName":"main","IRPosInFunc":[13],"SrcLoc":"src/dirname.c:81","Type":"ASSIGN$V1$@2$!ABS$@2$"},"909":{"EquivalenDuplicateOf":"129","FuncName":"main","IRPosInFunc":[13],"SrcLoc":"src/dirname.c:81","Type":"ASSIGN$V1$@2$!DIV$V1$@2$"},"910":{"EquivalenDuplicateOf":"129","FuncName":"main","IRPosInFunc":[13],"SrcLoc":"src/dirname.c:81","Type":"ASSIGN$V1$@2$!MUL$V1$@2$"},"911":{"EquivalenDuplicateOf":"129","FuncName":"main","IRPosInFunc":[13],"SrcLoc":"src/dirname.c:81","Type":"ASSIGN$V1$@2$!BITSHR$V1$@2$"},"912":{"EquivalenDuplicateOf":"128","FuncName":"main","IRPosInFunc":[13],"SrcLoc":"src/dirname.c:81","Type":"ASSIGN$V1$@2$!CONSTVAL$0$"},"913":{"EquivalenDuplicateOf":"129","FuncName":"main","IRPosInFunc":[13],"SrcLoc":"src/dirname.c:81","Type":"ASSIGN$V1$@2$!NEG$V1$"},"914":{"EquivalenDuplicateOf":"129","FuncName":"main","IRPosInFunc":[13],"SrcLoc":"src/dirname.c:81","Type":"ASSIGN$V1$@2$!BITXOR$V1$@2$"},"915":{"EquivalenDuplicateOf":"128","FuncName":"main","IRPosInFunc":[13],"SrcLoc":"src/dirname.c:81","Type":"ASSIGN$V1$@2$!CONSTVAL$1$"},"916":{"EquivalenDuplicateOf":"129","FuncName":"main","IRPosInFunc":[13],"SrcLoc":"src/dirname.c:81","Type":"ASSIGN$V1$@2$!BITSHL$V1$@2$"},"917":{"EquivalenDuplicateOf":"129","FuncName":"main","IRPosInFunc":[13],"SrcLoc":"src/dirname.c:81","Type":"ASSIGN$V1$@2$!BITSHL$@2$V1$"},"918":{"EquivalenDuplicateOf":"129","FuncName":"main","IRPosInFunc":[13],"SrcLoc":"src/dirname.c:81","Type":"ASSIGN$V1$@2$!BITAND$V1$@2$"},"919":{"EquivalenDuplicateOf":"128","FuncName":"main","IRPosInFunc":[13],"SrcLoc":"src/dirname.c:81","Type":"ASSIGN$V1$@2$!NEG$@2$"},"920":{"EquivalenDuplicateOf":"129","FuncName":"main","IRPosInFunc":[13],"SrcLoc":"src/dirname.c:81","Type":"ASSIGN$V1$@2$!BITNOT$V1$"},"921":{"EquivalenDuplicateOf":"129","FuncName":"main","IRPosInFunc":[13],"SrcLoc":"src/dirname.c:81","Type":"ASSIGN$V1$@2$!ADD$V1$@2$"},"922":{"EquivalenDuplicateOf":"128","FuncName":"main","IRPosInFunc":[13],"SrcLoc":"src/dirname.c:81","Type":"ASSIGN$V1$@2$!OPERAND$V1$"},"923":{"EquivalenDuplicateOf":"128","FuncName":"main","IRPosInFunc":[13],"SrcLoc":"src/dirname.c:81","Type":"ASSIGN$V1$@2$!BITOR$V1$@2$"},"924":{"EquivalenDuplicateOf":"104","FuncName":"main","IRPosInFunc":[8],"SrcLoc":"","Type":"ASSIGN$V1$@2$!DIV$@2$V1$"},"925":{"EquivalenDuplicateOf":"104","FuncName":"main","IRPosInFunc":[8],"SrcLoc":"","Type":"ASSIGN$V1$@2$!MOD$V1$@2$"},"926":{"EquivalenDuplicateOf":"104","FuncName":"main","IRPosInFunc":[8],"SrcLoc":"","Type":"ASSIGN$V1$@2$!BITSHR$@2$V1$"},"927":{"EquivalenDuplicateOf":"104","FuncName":"main","IRPosInFunc":[8],"SrcLoc":"","Type":"ASSIGN$V1$@2$!DIV$V1$@2$"},"928":{"EquivalenDuplicateOf":"104","FuncName":"main","IRPosInFunc":[8],"SrcLoc":"","Type":"ASSIGN$V1$@2$!BITSHR$V1$@2$"},"929":{"EquivalenDuplicateOf":"104","FuncName":"main","IRPosInFunc":[8],"SrcLoc":"","Type":"ASSIGN$V1$@2$!MOD$@2$V1$"},"930":{"EquivalenDuplicateOf":"104","FuncName":"main","IRPosInFunc":[8],"SrcLoc":"","Type":"ASSIGN$V1$@2$!DIV$@2$V1$"},"931":{"EquivalenDuplicateOf":"103","FuncName":"main","IRPosInFunc":[8],"SrcLoc":"","Type":"ASSIGN$V1$@2$!BITNOT$@2$"},"932":{"EquivalenDuplicateOf":"103","FuncName":"main","IRPosInFunc":[8],"SrcLoc":"","Type":"ASSIGN$V1$@2$!OPERAND$@2$"},"933":{"EquivalenDuplicateOf":"104","FuncName":"main","IRPosInFunc":[8],"SrcLoc":"","Type":"ASSIGN$V1$@2$!MOD$V1$@2$"},"934":{"EquivalenDuplicateOf":"104","FuncName":"main","IRPosInFunc":[8],"SrcLoc":"","Type":"ASSIGN$V1$@2$!BITSHR$@2$V1$"},"935":{"EquivalenDuplicateOf":"104","FuncName":"main","IRPosInFunc":[8],"SrcLoc":"","Type":"ASSIGN$V1$@2$!SUB$V1$@2$"},"936":{"EquivalenDuplicateOf":"104","FuncName":"main","IRPosInFunc":[8],"SrcLoc":"","Type":"ASSIGN$V1$@2$!SUB$@2$V1$"},"937":{"EquivalenDuplicateOf":"104","FuncName":"main","IRPosInFunc":[8],"SrcLoc":"","Type":"ASSIGN$V1$@2$!DIV$V1$@2$"},"938":{"EquivalenDuplicateOf":"104","FuncName":"main","IRPosInFunc":[8],"SrcLoc":"","Type":"ASSIGN$V1$@2$!MUL$V1$@2$"},"939":{"EquivalenDuplicateOf":"104","FuncName":"main","IRPosInFunc":[8],"SrcLoc":"","Type":"ASSIGN$V1$@2$!BITSHR$V1$@2$"},"940":{"EquivalenDuplicateOf":"103","FuncName":"main","IRPosInFunc":[8],"SrcLoc":"","Type":"ASSIGN$V1$@2$!CONSTVAL$0$"},"941":{"EquivalenDuplicateOf":"104","FuncName":"main","IRPosInFunc":[8],"SrcLoc":"","Type":"ASSIGN$V1$@2$!NEG$V1$"},"942":{"EquivalenDuplicateOf":"104","FuncName":"main","IRPosInFunc":[8],"SrcLoc":"","Type":"ASSIGN$V1$@2$!BITXOR$V1$@2$"},"943":{"EquivalenDuplicateOf":"103","FuncName":"main","IRPosInFunc":[8],"SrcLoc":"","Type":"ASSIGN$V1$@2$!CONSTVAL$1$"},"944":{"EquivalenDuplicateOf":"104","FuncName":"main","IRPosInFunc":[8],"SrcLoc":"","Type":"ASSIGN$V1$@2$!BITSHL$V1$@2$"},"945":{"EquivalenDuplicateOf":"104","FuncName":"main","IRPosInFunc":[8],"SrcLoc":"","Type":"ASSIGN$V1$@2$!BITSHL$@2$V1$"},"946":{"EquivalenDuplicateOf":"104","FuncName":"main","IRPosInFunc":[8],"SrcLoc":"","Type":"ASSIGN$V1$@2$!BITAND$V1$@2$"},"947":{"EquivalenDuplicateOf":"103","FuncName":"main","IRPosInFunc":[8],"SrcLoc":"","Type":"ASSIGN$V1$@2$!NEG$@2$"},"948":{"EquivalenDuplicateOf":"104","FuncName":"main","IRPosInFunc":[8],"SrcLoc":"","Type":"ASSIGN$V1$@2$!BITNOT$V1$"},"949":{"EquivalenDuplicateOf":"104","FuncName":"main","IRPosInFunc":[8],"SrcLoc":"","Type":"ASSIGN$V1$@2$!ADD$V1$@2$"},"950":{"EquivalenDuplicateOf":"103","FuncName":"main","IRPosInFunc":[8],"SrcLoc":"","Type":"ASSIGN$V1$@2$!OPERAND$V1$"},"951":{"EquivalenDuplicateOf":"104","FuncName":"main","IRPosInFunc":[8],"SrcLoc":"","Type":"ASSIGN$V1$@2$!MOD$@2$V1$"},"952":{"EquivalenDuplicateOf":"84","FuncName":"main","IRPosInFunc":[7],"SrcLoc":"","Type":"ASSIGN$V1$@2$!DIV$@2$V1$"},"953":{"EquivalenDuplicateOf":"84","FuncName":"main","IRPosInFunc":[7],"SrcLoc":"","Type":"ASSIGN$V1$@2$!GT$@2$V1$"},"954":{"EquivalenDuplicateOf":"84","FuncName":"main","IRPosInFunc":[7],"SrcLoc":"","Type":"ASSIGN$V1$@2$!MOD$V1$@2$"},"955":{"EquivalenDuplicateOf":"84","FuncName":"main","IRPosInFunc":[7],"SrcLoc":"","Type":"ASSIGN$V1$@2$!BITSHR$@2$V1$"},"956":{"EquivalenDuplicateOf":"84","FuncName":"main","IRPosInFunc":[7],"SrcLoc":"","Type":"ASSIGN$V1$@2$!GE$V1$@2$"},"957":{"EquivalenDuplicateOf":"84","FuncName":"main","IRPosInFunc":[7],"SrcLoc":"","Type":"ASSIGN$V1$@2$!DIV$V1$@2$"},"958":{"EquivalenDuplicateOf":"84","FuncName":"main","IRPosInFunc":[7],"SrcLoc":"","Type":"ASSIGN$V1$@2$!BITSHR$V1$@2$"},"959":{"EquivalenDuplicateOf":"84","FuncName":"main","IRPosInFunc":[7],"SrcLoc":"","Type":"ASSIGN$V1$@2$!LT$V1$@2$"},"960":{"EquivalenDuplicateOf":"84","FuncName":"main","IRPosInFunc":[7],"SrcLoc":"","Type":"ASSIGN$V1$@2$!LE$@2$V1$"},"961":{"EquivalenDuplicateOf":"84","FuncName":"main","IRPosInFunc":[7],"SrcLoc":"","Type":"ASSIGN$V1$@2$!MOD$@2$V1$"},"962":{"EquivalenDuplicateOf":"84","FuncName":"main","IRPosInFunc":[7],"SrcLoc":"","Type":"ASSIGN$V1$@2$!DIV$@2$V1$"},"963":{"EquivalenDuplicateOf":"82","FuncName":"main","IRPosInFunc":[7],"SrcLoc":"","Type":"ASSIGN$V1$@2$!BITNOT$@2$"},"964":{"EquivalenDuplicateOf":"82","FuncName":"main","IRPosInFunc":[7],"SrcLoc":"","Type":"ASSIGN$V1$@2$!OPERAND$@2$"},"965":{"EquivalenDuplicateOf":"84","FuncName":"main","IRPosInFunc":[7],"SrcLoc":"","Type":"ASSIGN$V1$@2$!MOD$V1$@2$"},"966":{"EquivalenDuplicateOf":"84","FuncName":"main","IRPosInFunc":[7],"SrcLoc":"","Type":"ASSIGN$V1$@2$!BITSHR$@2$V1$"},"967":{"EquivalenDuplicateOf":"84","FuncName":"main","IRPosInFunc":[7],"SrcLoc":"","Type":"ASSIGN$V1$@2$!SUB$V1$@2$"},"968":{"EquivalenDuplicateOf":"84","FuncName":"main","IRPosInFunc":[7],"SrcLoc":"","Type":"ASSIGN$V1$@2$!SUB$@2$V1$"},"969":{"EquivalenDuplicateOf":"82","FuncName":"main","IRPosInFunc":[7],"SrcLoc":"","Type":"ASSIGN$V1$@2$!ABS$@2$"},"970":{"EquivalenDuplicateOf":"84","FuncName":"main","IRPosInFunc":[7],"SrcLoc":"","Type":"ASSIGN$V1$@2$!DIV$V1$@2$"},"971":{"EquivalenDuplicateOf":"84","FuncName":"main","IRPosInFunc":[7],"SrcLoc":"","Type":"ASSIGN$V1$@2$!MUL$V1$@2$"},"972":{"EquivalenDuplicateOf":"84","FuncName":"main","IRPosInFunc":[7],"SrcLoc":"","Type":"ASSIGN$V1$@2$!BITSHR$V1$@2$"},"973":{"EquivalenDuplicateOf":"82","FuncName":"main","IRPosInFunc":[7],"SrcLoc":"","Type":"ASSIGN$V1$@2$!CONSTVAL$0$"},"974":{"EquivalenDuplicateOf":"84","FuncName":"main","IRPosInFunc":[7],"SrcLoc":"","Type":"ASSIGN$V1$@2$!NEG$V1$"},"975":{"EquivalenDuplicateOf":"84","FuncName":"main","IRPosInFunc":[7],"SrcLoc":"","Type":"ASSIGN$V1$@2$!BITXOR$V1$@2$"},"976":{"EquivalenDuplicateOf":"82","FuncName":"main","IRPosInFunc":[7],"SrcLoc":"","Type":"ASSIGN$V1$@2$!CONSTVAL$1$"},"977":{"EquivalenDuplicateOf":"84","FuncName":"main","IRPosInFunc":[7],"SrcLoc":"","Type":"ASSIGN$V1$@2$!BITSHL$V1$@2$"},"978":{"EquivalenDuplicateOf":"84","FuncName":"main","IRPosInFunc":[7],"SrcLoc":"","Type":"ASSIGN$V1$@2$!BITSHL$@2$V1$"},"979":{"EquivalenDuplicateOf":"84","FuncName":"main","IRPosInFunc":[7],"SrcLoc":"","Type":"ASSIGN$V1$@2$!BITAND$V1$@2$"},"980":{"EquivalenDuplicateOf":"82","FuncName":"main","IRPosInFunc":[7],"SrcLoc":"","Type":"ASSIGN$V1$@2$!NEG$@2$"},"981":{"EquivalenDuplicateOf":"84","FuncName":"main","IRPosInFunc":[7],"SrcLoc":"","Type":"ASSIGN$V1$@2$!BITNOT$V1$"},"982":{"EquivalenDuplicateOf":"84","FuncName":"main","IRPosInFunc":[7],"SrcLoc":"","Type":"ASSIGN$V1$@2$!ADD$V1$@2$"},"983":{"EquivalenDuplicateOf":"83","FuncName":"main","IRPosInFunc":[7],"SrcLoc":"","Type":"ASSIGN$V1$@2$!OPERAND$V1$"},"984":{"EquivalenDuplicateOf":"0","FuncName":"usage","IRPosInFunc":[27],"SrcLoc":"src/dirname.c:75","Type":"STMT!TRAPSTMT"},"985":{"EquivalenDuplicateOf":"0","FuncName":"usage","IRPosInFunc":[26],"SrcLoc":"src/dirname.c:74","Type":"STMT!TRAPSTMT"},"986":{"EquivalenDuplicateOf":"0","FuncName":"usage","IRPosInFunc":[21],"SrcLoc":"src/dirname.c:64","Type":"CALL!SHUFFLEARGS$2$"},"987":{"EquivalenDuplicateOf":"0","FuncName":"usage","IRPosInFunc":[21],"SrcLoc":"src/dirname.c:64","Type":"CALL!SHUFFLEARGS$2$"},"988":{"EquivalenDuplicateOf":"0","FuncName":"usage","IRPosInFunc":[21],"SrcLoc":"src/dirname.c:64","Type":"CALL!SHUFFLEARGS$2$"},"989":{"EquivalenDuplicateOf":"0","FuncName":"usage","IRPosInFunc":[21],"SrcLoc":"src/dirname.c:64","Type":"CALL!SHUFFLEARGS$2$"},"990":{"EquivalenDuplicateOf":"72","FuncName":"usage","IRPosInFunc":[21],"SrcLoc":"src/dirname.c:64","Type":"CALL!SHUFFLEARGS$2$"},"991":{"EquivalenDuplicateOf":"73","FuncName":"usage","IRPosInFunc":[21],"SrcLoc":"src/dirname.c:64","Type":"CALL!SHUFFLEARGS$2$"},"992":{"EquivalenDuplicateOf":"72","FuncName":"usage","IRPosInFunc":[21],"SrcLoc":"src/dirname.c:64","Type":"CALL!SHUFFLEARGS$2$"},"993":{"EquivalenDuplicateOf":"0","FuncName":"usage","IRPosInFunc":[21],"SrcLoc":"src/dirname.c:64","Type":"CALL!SHUFFLEARGS$2$"},"994":{"EquivalenDuplicateOf":"0","FuncName":"usage","IRPosInFunc":[21],"SrcLoc":"src/dirname.c:64","Type":"CALL!SHUFFLEARGS$2$"},"995":{"EquivalenDuplicateOf":"0","FuncName":"usage","IRPosInFunc":[21],"SrcLoc":"src/dirname.c:64","Type":"CALL!SHUFFLEARGS$2$"},"996":{"EquivalenDuplicateOf":"0","FuncName":"usage","IRPosInFunc":[21],"SrcLoc":"src/dirname.c:64","Type":"CALL!SHUFFLEARGS$2$"},"997":{"EquivalenDuplicateOf":"0","FuncName":"usage","IRPosInFunc":[21],"SrcLoc":"src/dirname.c:64","Type":"CALL!SHUFFLEARGS$2$"},"998":{"EquivalenDuplicateOf":"52","FuncName":"usage","IRPosInFunc":[7],"SrcLoc":"src/dirname.c:47","Type":"RETURN_BREAK_CONTINUE!DELSTMT"},"999":{"EquivalenDuplicateOf":"25","FuncName":"usage","IRPosInFunc":[3],"SrcLoc":"src/dirname.c:46","Type":"@!ABS$@$"}}