{"243":{"EquivalenDuplicateOf":"0","FuncName":"main","IRPosInFunc":[34],"SrcLoc":"src/sync.c:73","Type":"@!ABS$@$"},"244":{"EquivalenDuplicateOf":"0","FuncName":"main","IRPosInFunc":[35],"SrcLoc":"src/sync.c:73","Type":"RETURN_BREAK_CONTINUE!DELSTMT"},"245":{"EquivalenDuplicateOf":"0","FuncName":"main","IRPosInFunc":[35],"SrcLoc":"src/sync.c:73","Type":"STMT!DELSTMT"},"246":{"EquivalenDuplicateOf":"0","FuncName":"main","IRPosInFunc":[34,35],"SrcLoc":"src/sync.c:73","Type":"STMT!TRAPSTMT"},"247":{"EquivalenDuplicateOf":"0","FuncName":"main","IRPosInFunc":[33],"SrcLoc":"src/sync.c:72","Type":"STMT!TRAPSTMT"},"248":{"EquivalenDuplicateOf":"0","FuncName":"main","IRPosInFunc":[29],"SrcLoc":"src/sync.c:69","Type":"CALL!SHUFFLEARGS$2$"},"249":{"EquivalenDuplicateOf":"0","FuncName":"main","IRPosInFunc":[24],"SrcLoc":"src/sync.c:66","Type":"STMT!TRAPSTMT"},"250":{"EquivalenDuplicateOf":"155","FuncName":"main","IRPosInFunc":[21],"SrcLoc":"src/sync.c:65","Type":"C!ADD$C$1$"},"251":{"EquivalenDuplicateOf":"155","FuncName":"main","IRPosInFunc":[21],"SrcLoc":"src/sync.c:65","Type":"C!CONSTVAL$0$"},"252":{"EquivalenDuplicateOf":"159","FuncName":"main","IRPosInFunc":[21],"SrcLoc":"src/sync.c:65","Type":"NEQ$@1$@2$!GE$@2$@1$"},"253":{"EquivalenDuplicateOf":"159","FuncName":"main","IRPosInFunc":[21],"SrcLoc":"src/sync.c:65","Type":"NEQ$@1$@2$!LE$@1$@2$"},"254":{"EquivalenDuplicateOf":"152","FuncName":"main","IRPosInFunc":[21],"SrcLoc":"src/sync.c:65","Type":"NEQ$@1$@2$!LT$@2$@1$"},"255":{"EquivalenDuplicateOf":"152","FuncName":"main","IRPosInFunc":[21],"SrcLoc":"src/sync.c:65","Type":"NEQ$@1$@2$!GT$@1$@2$"},"256":{"EquivalenDuplicateOf":"158","FuncName":"main","IRPosInFunc":[21],"SrcLoc":"src/sync.c:65","Type":"NEQ$@1$@2$!BITSHR$@1$@2$"},"257":{"EquivalenDuplicateOf":"159","FuncName":"main","IRPosInFunc":[21],"SrcLoc":"src/sync.c:65","Type":"NEQ$@1$@2$!BITSHR$@2$@1$"},"258":{"EquivalenDuplicateOf":"159","FuncName":"main","IRPosInFunc":[21],"SrcLoc":"src/sync.c:65","Type":"NEQ$@1$@2$!NEG$@2$"},"259":{"EquivalenDuplicateOf":"158","FuncName":"main","IRPosInFunc":[21],"SrcLoc":"src/sync.c:65","Type":"NEQ$@1$@2$!BITSHR$@1$@2$"},"260":{"EquivalenDuplicateOf":"159","FuncName":"main","IRPosInFunc":[21],"SrcLoc":"src/sync.c:65","Type":"NEQ$@1$@2$!BITOR$@1$@2$"},"261":{"EquivalenDuplicateOf":"159","FuncName":"main","IRPosInFunc":[21],"SrcLoc":"src/sync.c:65","Type":"NEQ$@1$@2$!CONSTVAL$1$"},"262":{"EquivalenDuplicateOf":"159","FuncName":"main","IRPosInFunc":[21],"SrcLoc":"src/sync.c:65","Type":"NEQ$@1$@2$!ABS$@2$"},"263":{"EquivalenDuplicateOf":"155","FuncName":"main","IRPosInFunc":[21],"SrcLoc":"src/sync.c:65","Type":"NEQ$@1$@2$!OPERAND$@1$"},"264":{"EquivalenDuplicateOf":"153","FuncName":"main","IRPosInFunc":[21],"SrcLoc":"src/sync.c:65","Type":"NEQ$@1$@2$!BITNOT$@1$"},"265":{"EquivalenDuplicateOf":"152","FuncName":"main","IRPosInFunc":[21],"SrcLoc":"src/sync.c:65","Type":"NEQ$@1$@2$!CONSTVAL$0$"},"266":{"EquivalenDuplicateOf":"140","FuncName":"main","IRPosInFunc":[17],"SrcLoc":"src/sync.c:63","Type":"CALL!SHUFFLEARGS$2$"},"267":{"EquivalenDuplicateOf":"141","FuncName":"main","IRPosInFunc":[17],"SrcLoc":"src/sync.c:63","Type":"CALL!SHUFFLEARGS$2$"},"268":{"EquivalenDuplicateOf":"142","FuncName":"main","IRPosInFunc":[17],"SrcLoc":"src/sync.c:63","Type":"CALL!SHUFFLEARGS$2$"},"269":{"EquivalenDuplicateOf":"141","FuncName":"main","IRPosInFunc":[17],"SrcLoc":"src/sync.c:63","Type":"CALL!SHUFFLEARGS$2$"},"270":{"EquivalenDuplicateOf":"143","FuncName":"main","IRPosInFunc":[17],"SrcLoc":"src/sync.c:63","Type":"CALL!SHUFFLEARGS$2$"},"271":{"EquivalenDuplicateOf":"144","FuncName":"main","IRPosInFunc":[17],"SrcLoc":"src/sync.c:63","Type":"CALL!SHUFFLEARGS$2$"},"272":{"EquivalenDuplicateOf":"145","FuncName":"main","IRPosInFunc":[17],"SrcLoc":"src/sync.c:63","Type":"CALL!SHUFFLEARGS$2$"},"273":{"EquivalenDuplicateOf":"143","FuncName":"main","IRPosInFunc":[17],"SrcLoc":"src/sync.c:63","Type":"CALL!SHUFFLEARGS$2$"},"274":{"EquivalenDuplicateOf":"144","FuncName":"main","IRPosInFunc":[17],"SrcLoc":"src/sync.c:63","Type":"CALL!SHUFFLEARGS$2$"},"275":{"EquivalenDuplicateOf":"143","FuncName":"main","IRPosInFunc":[17],"SrcLoc":"src/sync.c:63","Type":"CALL!SHUFFLEARGS$2$"},"276":{"EquivalenDuplicateOf":"146","FuncName":"main","IRPosInFunc":[17],"SrcLoc":"src/sync.c:63","Type":"CALL!SHUFFLEARGS$2$"},"277":{"EquivalenDuplicateOf":"147","FuncName":"main","IRPosInFunc":[17],"SrcLoc":"src/sync.c:63","Type":"CALL!SHUFFLEARGS$2$"},"278":{"EquivalenDuplicateOf":"148","FuncName":"main","IRPosInFunc":[17],"SrcLoc":"src/sync.c:63","Type":"CALL!SHUFFLEARGS$2$"},"279":{"EquivalenDuplicateOf":"146","FuncName":"main","IRPosInFunc":[17],"SrcLoc":"src/sync.c:63","Type":"CALL!SHUFFLEARGS$2$"},"280":{"EquivalenDuplicateOf":"147","FuncName":"main","IRPosInFunc":[17],"SrcLoc":"src/sync.c:63","Type":"CALL!SHUFFLEARGS$2$"},"281":{"EquivalenDuplicateOf":"146","FuncName":"main","IRPosInFunc":[17],"SrcLoc":"src/sync.c:63","Type":"CALL!SHUFFLEARGS$2$"},"282":{"EquivalenDuplicateOf":"140","FuncName":"main","IRPosInFunc":[17],"SrcLoc":"src/sync.c:63","Type":"CALL!SHUFFLEARGS$2$"},"283":{"EquivalenDuplicateOf":"141","FuncName":"main","IRPosInFunc":[17],"SrcLoc":"src/sync.c:63","Type":"CALL!SHUFFLEARGS$2$"},"284":{"EquivalenDuplicateOf":"142","FuncName":"main","IRPosInFunc":[17],"SrcLoc":"src/sync.c:63","Type":"CALL!SHUFFLEARGS$2$"},"285":{"EquivalenDuplicateOf":"141","FuncName":"main","IRPosInFunc":[17],"SrcLoc":"src/sync.c:63","Type":"CALL!SHUFFLEARGS$2$"},"286":{"EquivalenDuplicateOf":"143","FuncName":"main","IRPosInFunc":[17],"SrcLoc":"src/sync.c:63","Type":"CALL!SHUFFLEARGS$2$"},"287":{"EquivalenDuplicateOf":"144","FuncName":"main","IRPosInFunc":[17],"SrcLoc":"src/sync.c:63","Type":"CALL!SHUFFLEARGS$2$"},"288":{"EquivalenDuplicateOf":"143","FuncName":"main","IRPosInFunc":[17],"SrcLoc":"src/sync.c:63","Type":"CALL!SHUFFLEARGS$2$"},"289":{"EquivalenDuplicateOf":"140","FuncName":"main","IRPosInFunc":[17],"SrcLoc":"src/sync.c:63","Type":"CALL!SHUFFLEARGS$2$"},"290":{"EquivalenDuplicateOf":"141","FuncName":"main","IRPosInFunc":[17],"SrcLoc":"src/sync.c:63","Type":"CALL!SHUFFLEARGS$2$"},"291":{"EquivalenDuplicateOf":"120","FuncName":"main","IRPosInFunc":[9],"SrcLoc":"src/sync.c:56","Type":"A!CONSTVAL$0$"},"292":{"EquivalenDuplicateOf":"95","FuncName":"main","IRPosInFunc":[4],"SrcLoc":"","Type":"ASSIGN$V1$@2$!DIV$@2$V1$"},"293":{"EquivalenDuplicateOf":"95","FuncName":"main","IRPosInFunc":[4],"SrcLoc":"","Type":"ASSIGN$V1$@2$!MOD$V1$@2$"},"294":{"EquivalenDuplicateOf":"95","FuncName":"main","IRPosInFunc":[4],"SrcLoc":"","Type":"ASSIGN$V1$@2$!BITSHR$@2$V1$"},"295":{"EquivalenDuplicateOf":"95","FuncName":"main","IRPosInFunc":[4],"SrcLoc":"","Type":"ASSIGN$V1$@2$!DIV$V1$@2$"},"296":{"EquivalenDuplicateOf":"95","FuncName":"main","IRPosInFunc":[4],"SrcLoc":"","Type":"ASSIGN$V1$@2$!BITSHR$V1$@2$"},"297":{"EquivalenDuplicateOf":"95","FuncName":"main","IRPosInFunc":[4],"SrcLoc":"","Type":"ASSIGN$V1$@2$!MOD$@2$V1$"},"298":{"EquivalenDuplicateOf":"95","FuncName":"main","IRPosInFunc":[4],"SrcLoc":"","Type":"ASSIGN$V1$@2$!DIV$@2$V1$"},"299":{"EquivalenDuplicateOf":"94","FuncName":"main","IRPosInFunc":[4],"SrcLoc":"","Type":"ASSIGN$V1$@2$!BITNOT$@2$"},"300":{"EquivalenDuplicateOf":"94","FuncName":"main","IRPosInFunc":[4],"SrcLoc":"","Type":"ASSIGN$V1$@2$!OPERAND$@2$"},"301":{"EquivalenDuplicateOf":"95","FuncName":"main","IRPosInFunc":[4],"SrcLoc":"","Type":"ASSIGN$V1$@2$!MOD$V1$@2$"},"302":{"EquivalenDuplicateOf":"95","FuncName":"main","IRPosInFunc":[4],"SrcLoc":"","Type":"ASSIGN$V1$@2$!BITSHR$@2$V1$"},"303":{"EquivalenDuplicateOf":"95","FuncName":"main","IRPosInFunc":[4],"SrcLoc":"","Type":"ASSIGN$V1$@2$!SUB$V1$@2$"},"304":{"EquivalenDuplicateOf":"95","FuncName":"main","IRPosInFunc":[4],"SrcLoc":"","Type":"ASSIGN$V1$@2$!SUB$@2$V1$"},"305":{"EquivalenDuplicateOf":"95","FuncName":"main","IRPosInFunc":[4],"SrcLoc":"","Type":"ASSIGN$V1$@2$!DIV$V1$@2$"},"306":{"EquivalenDuplicateOf":"95","FuncName":"main","IRPosInFunc":[4],"SrcLoc":"","Type":"ASSIGN$V1$@2$!MUL$V1$@2$"},"307":{"EquivalenDuplicateOf":"95","FuncName":"main","IRPosInFunc":[4],"SrcLoc":"","Type":"ASSIGN$V1$@2$!BITSHR$V1$@2$"},"308":{"EquivalenDuplicateOf":"94","FuncName":"main","IRPosInFunc":[4],"SrcLoc":"","Type":"ASSIGN$V1$@2$!CONSTVAL$0$"},"309":{"EquivalenDuplicateOf":"95","FuncName":"main","IRPosInFunc":[4],"SrcLoc":"","Type":"ASSIGN$V1$@2$!NEG$V1$"},"310":{"EquivalenDuplicateOf":"95","FuncName":"main","IRPosInFunc":[4],"SrcLoc":"","Type":"ASSIGN$V1$@2$!BITXOR$V1$@2$"},"311":{"EquivalenDuplicateOf":"94","FuncName":"main","IRPosInFunc":[4],"SrcLoc":"","Type":"ASSIGN$V1$@2$!CONSTVAL$1$"},"312":{"EquivalenDuplicateOf":"95","FuncName":"main","IRPosInFunc":[4],"SrcLoc":"","Type":"ASSIGN$V1$@2$!BITSHL$V1$@2$"},"313":{"EquivalenDuplicateOf":"95","FuncName":"main","IRPosInFunc":[4],"SrcLoc":"","Type":"ASSIGN$V1$@2$!BITSHL$@2$V1$"},"314":{"EquivalenDuplicateOf":"95","FuncName":"main","IRPosInFunc":[4],"SrcLoc":"","Type":"ASSIGN$V1$@2$!BITAND$V1$@2$"},"315":{"EquivalenDuplicateOf":"94","FuncName":"main","IRPosInFunc":[4],"SrcLoc":"","Type":"ASSIGN$V1$@2$!NEG$@2$"},"316":{"EquivalenDuplicateOf":"95","FuncName":"main","IRPosInFunc":[4],"SrcLoc":"","Type":"ASSIGN$V1$@2$!BITNOT$V1$"},"317":{"EquivalenDuplicateOf":"95","FuncName":"main","IRPosInFunc":[4],"SrcLoc":"","Type":"ASSIGN$V1$@2$!ADD$V1$@2$"},"318":{"EquivalenDuplicateOf":"94","FuncName":"main","IRPosInFunc":[4],"SrcLoc":"","Type":"ASSIGN$V1$@2$!OPERAND$V1$"},"319":{"EquivalenDuplicateOf":"95","FuncName":"main","IRPosInFunc":[4],"SrcLoc":"","Type":"ASSIGN$V1$@2$!MOD$@2$V1$"},"320":{"EquivalenDuplicateOf":"75","FuncName":"main","IRPosInFunc":[3],"SrcLoc":"","Type":"ASSIGN$V1$@2$!DIV$@2$V1$"},"321":{"EquivalenDuplicateOf":"75","FuncName":"main","IRPosInFunc":[3],"SrcLoc":"","Type":"ASSIGN$V1$@2$!GT$@2$V1$"},"322":{"EquivalenDuplicateOf":"75","FuncName":"main","IRPosInFunc":[3],"SrcLoc":"","Type":"ASSIGN$V1$@2$!MOD$V1$@2$"},"323":{"EquivalenDuplicateOf":"75","FuncName":"main","IRPosInFunc":[3],"SrcLoc":"","Type":"ASSIGN$V1$@2$!BITSHR$@2$V1$"},"324":{"EquivalenDuplicateOf":"75","FuncName":"main","IRPosInFunc":[3],"SrcLoc":"","Type":"ASSIGN$V1$@2$!GE$V1$@2$"},"325":{"EquivalenDuplicateOf":"75","FuncName":"main","IRPosInFunc":[3],"SrcLoc":"","Type":"ASSIGN$V1$@2$!DIV$V1$@2$"},"326":{"EquivalenDuplicateOf":"75","FuncName":"main","IRPosInFunc":[3],"SrcLoc":"","Type":"ASSIGN$V1$@2$!BITSHR$V1$@2$"},"327":{"EquivalenDuplicateOf":"75","FuncName":"main","IRPosInFunc":[3],"SrcLoc":"","Type":"ASSIGN$V1$@2$!LT$V1$@2$"},"328":{"EquivalenDuplicateOf":"75","FuncName":"main","IRPosInFunc":[3],"SrcLoc":"","Type":"ASSIGN$V1$@2$!LE$@2$V1$"},"329":{"EquivalenDuplicateOf":"75","FuncName":"main","IRPosInFunc":[3],"SrcLoc":"","Type":"ASSIGN$V1$@2$!MOD$@2$V1$"},"330":{"EquivalenDuplicateOf":"75","FuncName":"main","IRPosInFunc":[3],"SrcLoc":"","Type":"ASSIGN$V1$@2$!DIV$@2$V1$"},"331":{"EquivalenDuplicateOf":"73","FuncName":"main","IRPosInFunc":[3],"SrcLoc":"","Type":"ASSIGN$V1$@2$!BITNOT$@2$"},"332":{"EquivalenDuplicateOf":"73","FuncName":"main","IRPosInFunc":[3],"SrcLoc":"","Type":"ASSIGN$V1$@2$!OPERAND$@2$"},"333":{"EquivalenDuplicateOf":"75","FuncName":"main","IRPosInFunc":[3],"SrcLoc":"","Type":"ASSIGN$V1$@2$!MOD$V1$@2$"},"334":{"EquivalenDuplicateOf":"75","FuncName":"main","IRPosInFunc":[3],"SrcLoc":"","Type":"ASSIGN$V1$@2$!BITSHR$@2$V1$"},"335":{"EquivalenDuplicateOf":"75","FuncName":"main","IRPosInFunc":[3],"SrcLoc":"","Type":"ASSIGN$V1$@2$!SUB$V1$@2$"},"336":{"EquivalenDuplicateOf":"75","FuncName":"main","IRPosInFunc":[3],"SrcLoc":"","Type":"ASSIGN$V1$@2$!SUB$@2$V1$"},"337":{"EquivalenDuplicateOf":"73","FuncName":"main","IRPosInFunc":[3],"SrcLoc":"","Type":"ASSIGN$V1$@2$!ABS$@2$"},"338":{"EquivalenDuplicateOf":"75","FuncName":"main","IRPosInFunc":[3],"SrcLoc":"","Type":"ASSIGN$V1$@2$!DIV$V1$@2$"},"339":{"EquivalenDuplicateOf":"75","FuncName":"main","IRPosInFunc":[3],"SrcLoc":"","Type":"ASSIGN$V1$@2$!MUL$V1$@2$"},"340":{"EquivalenDuplicateOf":"75","FuncName":"main","IRPosInFunc":[3],"SrcLoc":"","Type":"ASSIGN$V1$@2$!BITSHR$V1$@2$"},"341":{"EquivalenDuplicateOf":"73","FuncName":"main","IRPosInFunc":[3],"SrcLoc":"","Type":"ASSIGN$V1$@2$!CONSTVAL$0$"},"342":{"EquivalenDuplicateOf":"75","FuncName":"main","IRPosInFunc":[3],"SrcLoc":"","Type":"ASSIGN$V1$@2$!NEG$V1$"},"343":{"EquivalenDuplicateOf":"75","FuncName":"main","IRPosInFunc":[3],"SrcLoc":"","Type":"ASSIGN$V1$@2$!BITXOR$V1$@2$"},"344":{"EquivalenDuplicateOf":"73","FuncName":"main","IRPosInFunc":[3],"SrcLoc":"","Type":"ASSIGN$V1$@2$!CONSTVAL$1$"},"345":{"EquivalenDuplicateOf":"75","FuncName":"main","IRPosInFunc":[3],"SrcLoc":"","Type":"ASSIGN$V1$@2$!BITSHL$V1$@2$"},"346":{"EquivalenDuplicateOf":"75","FuncName":"main","IRPosInFunc":[3],"SrcLoc":"","Type":"ASSIGN$V1$@2$!BITSHL$@2$V1$"},"347":{"EquivalenDuplicateOf":"75","FuncName":"main","IRPosInFunc":[3],"SrcLoc":"","Type":"ASSIGN$V1$@2$!BITAND$V1$@2$"},"348":{"EquivalenDuplicateOf":"73","FuncName":"main","IRPosInFunc":[3],"SrcLoc":"","Type":"ASSIGN$V1$@2$!NEG$@2$"},"349":{"EquivalenDuplicateOf":"75","FuncName":"main","IRPosInFunc":[3],"SrcLoc":"","Type":"ASSIGN$V1$@2$!BITNOT$V1$"},"350":{"EquivalenDuplicateOf":"75","FuncName":"main","IRPosInFunc":[3],"SrcLoc":"","Type":"ASSIGN$V1$@2$!ADD$V1$@2$"},"351":{"EquivalenDuplicateOf":"74","FuncName":"main","IRPosInFunc":[3],"SrcLoc":"","Type":"ASSIGN$V1$@2$!OPERAND$V1$"},"352":{"EquivalenDuplicateOf":"0","FuncName":"usage","IRPosInFunc":[21],"SrcLoc":"src/sync.c:50","Type":"STMT!TRAPSTMT"},"353":{"EquivalenDuplicateOf":"0","FuncName":"usage","IRPosInFunc":[20],"SrcLoc":"src/sync.c:49","Type":"STMT!TRAPSTMT"},"354":{"EquivalenDuplicateOf":"52","FuncName":"usage","IRPosInFunc":[7],"SrcLoc":"src/sync.c:37","Type":"RETURN_BREAK_CONTINUE!DELSTMT"},"355":{"EquivalenDuplicateOf":"25","FuncName":"usage","IRPosInFunc":[3],"SrcLoc":"src/sync.c:36","Type":"@!ABS$@$"},"356":{"EquivalenDuplicateOf":"27","FuncName":"usage","IRPosInFunc":[4],"SrcLoc":"src/sync.c:36","Type":"NEQ$@1$@2$!BITSHR$@2$@1$"},"357":{"EquivalenDuplicateOf":"27","FuncName":"usage","IRPosInFunc":[4],"SrcLoc":"src/sync.c:36","Type":"NEQ$@1$@2$!LT$@1$@2$"},"358":{"EquivalenDuplicateOf":"0","FuncName":"usage","IRPosInFunc":[4],"SrcLoc":"src/sync.c:36","Type":"NEQ$@1$@2$!BITSHR$@1$@2$"},"359":{"EquivalenDuplicateOf":"26","FuncName":"usage","IRPosInFunc":[4],"SrcLoc":"src/sync.c:36","Type":"NEQ$@1$@2$!GE$@1$@2$"},"360":{"EquivalenDuplicateOf":"27","FuncName":"usage","IRPosInFunc":[4],"SrcLoc":"src/sync.c:36","Type":"NEQ$@1$@2$!GT$@2$@1$"},"361":{"EquivalenDuplicateOf":"33","FuncName":"usage","IRPosInFunc":[4],"SrcLoc":"src/sync.c:36","Type":"NEQ$@1$@2$!MOD$@1$@2$"},"362":{"EquivalenDuplicateOf":"27","FuncName":"usage","IRPosInFunc":[4],"SrcLoc":"src/sync.c:36","Type":"NEQ$@1$@2$!MOD$@2$@1$"},"363":{"EquivalenDuplicateOf":"27","FuncName":"usage","IRPosInFunc":[4],"SrcLoc":"src/sync.c:36","Type":"NEQ$@1$@2$!DIV$@2$@1$"},"364":{"EquivalenDuplicateOf":"26","FuncName":"usage","IRPosInFunc":[4],"SrcLoc":"src/sync.c:36","Type":"NEQ$@1$@2$!LE$@2$@1$"},"365":{"EquivalenDuplicateOf":"27","FuncName":"usage","IRPosInFunc":[4],"SrcLoc":"src/sync.c:36","Type":"NEQ$@1$@2$!BITSHR$@2$@1$"},"366":{"EquivalenDuplicateOf":"27","FuncName":"usage","IRPosInFunc":[4],"SrcLoc":"src/sync.c:36","Type":"NEQ$@1$@2$!NEG$@2$"},"367":{"EquivalenDuplicateOf":"27","FuncName":"usage","IRPosInFunc":[4],"SrcLoc":"src/sync.c:36","Type":"NEQ$@1$@2$!MUL$@1$@2$"},"368":{"EquivalenDuplicateOf":"0","FuncName":"usage","IRPosInFunc":[4],"SrcLoc":"src/sync.c:36","Type":"NEQ$@1$@2$!SUB$@1$@2$"},"369":{"EquivalenDuplicateOf":"0","FuncName":"usage","IRPosInFunc":[4],"SrcLoc":"src/sync.c:36","Type":"NEQ$@1$@2$!BITSHR$@1$@2$"},"370":{"EquivalenDuplicateOf":"27","FuncName":"usage","IRPosInFunc":[4],"SrcLoc":"src/sync.c:36","Type":"NEQ$@1$@2$!BITSHL$@2$@1$"},"371":{"EquivalenDuplicateOf":"0","FuncName":"usage","IRPosInFunc":[4],"SrcLoc":"src/sync.c:36","Type":"NEQ$@1$@2$!BITOR$@1$@2$"},"372":{"EquivalenDuplicateOf":"26","FuncName":"usage","IRPosInFunc":[4],"SrcLoc":"src/sync.c:36","Type":"NEQ$@1$@2$!CONSTVAL$1$"},"373":{"EquivalenDuplicateOf":"27","FuncName":"usage","IRPosInFunc":[4],"SrcLoc":"src/sync.c:36","Type":"NEQ$@1$@2$!ABS$@2$"},"374":{"EquivalenDuplicateOf":"0","FuncName":"usage","IRPosInFunc":[4],"SrcLoc":"src/sync.c:36","Type":"NEQ$@1$@2$!OPERAND$@1$"},"375":{"EquivalenDuplicateOf":"31","FuncName":"usage","IRPosInFunc":[4],"SrcLoc":"src/sync.c:36","Type":"NEQ$@1$@2$!NEG$@1$"},"376":{"EquivalenDuplicateOf":"27","FuncName":"usage","IRPosInFunc":[4],"SrcLoc":"src/sync.c:36","Type":"NEQ$@1$@2$!MOD$@2$@1$"},"377":{"EquivalenDuplicateOf":"27","FuncName":"usage","IRPosInFunc":[4],"SrcLoc":"src/sync.c:36","Type":"NEQ$@1$@2$!OPERAND$@2$"},"378":{"EquivalenDuplicateOf":"0","FuncName":"usage","IRPosInFunc":[4],"SrcLoc":"src/sync.c:36","Type":"NEQ$@1$@2$!BITSHL$@1$@2$"},"379":{"EquivalenDuplicateOf":"27","FuncName":"usage","IRPosInFunc":[4],"SrcLoc":"src/sync.c:36","Type":"NEQ$@1$@2$!DIV$@2$@1$"},"380":{"EquivalenDuplicateOf":"0","FuncName":"usage","IRPosInFunc":[4],"SrcLoc":"src/sync.c:36","Type":"NEQ$@1$@2$!ADD$@1$@2$"},"381":{"EquivalenDuplicateOf":"27","FuncName":"usage","IRPosInFunc":[4],"SrcLoc":"src/sync.c:36","Type":"NEQ$@1$@2$!BITAND$@1$@2$"},"382":{"EquivalenDuplicateOf":"0","FuncName":"usage","IRPosInFunc":[4],"SrcLoc":"src/sync.c:36","Type":"NEQ$@1$@2$!BITXOR$@1$@2$"},"383":{"EquivalenDuplicateOf":"2","FuncName":"usage","IRPosInFunc":[1],"SrcLoc":"","Type":"ASSIGN$V1$@2$!DIV$@2$V1$"},"384":{"EquivalenDuplicateOf":"2","FuncName":"usage","IRPosInFunc":[1],"SrcLoc":"","Type":"ASSIGN$V1$@2$!MOD$V1$@2$"},"385":{"EquivalenDuplicateOf":"2","FuncName":"usage","IRPosInFunc":[1],"SrcLoc":"","Type":"ASSIGN$V1$@2$!BITSHR$@2$V1$"},"386":{"EquivalenDuplicateOf":"2","FuncName":"usage","IRPosInFunc":[1],"SrcLoc":"","Type":"ASSIGN$V1$@2$!DIV$V1$@2$"},"387":{"EquivalenDuplicateOf":"2","FuncName":"usage","IRPosInFunc":[1],"SrcLoc":"","Type":"ASSIGN$V1$@2$!BITSHR$V1$@2$"},"388":{"EquivalenDuplicateOf":"2","FuncName":"usage","IRPosInFunc":[1],"SrcLoc":"","Type":"ASSIGN$V1$@2$!MOD$@2$V1$"},"389":{"EquivalenDuplicateOf":"2","FuncName":"usage","IRPosInFunc":[1],"SrcLoc":"","Type":"ASSIGN$V1$@2$!DIV$@2$V1$"},"390":{"EquivalenDuplicateOf":"2","FuncName":"usage","IRPosInFunc":[1],"SrcLoc":"","Type":"ASSIGN$V1$@2$!BITNOT$@2$"},"391":{"EquivalenDuplicateOf":"2","FuncName":"usage","IRPosInFunc":[1],"SrcLoc":"","Type":"ASSIGN$V1$@2$!OPERAND$@2$"},"392":{"EquivalenDuplicateOf":"2","FuncName":"usage","IRPosInFunc":[1],"SrcLoc":"","Type":"ASSIGN$V1$@2$!MOD$V1$@2$"},"393":{"EquivalenDuplicateOf":"2","FuncName":"usage","IRPosInFunc":[1],"SrcLoc":"","Type":"ASSIGN$V1$@2$!BITSHR$@2$V1$"},"394":{"EquivalenDuplicateOf":"2","FuncName":"usage","IRPosInFunc":[1],"SrcLoc":"","Type":"ASSIGN$V1$@2$!SUB$V1$@2$"},"395":{"EquivalenDuplicateOf":"2","FuncName":"usage","IRPosInFunc":[1],"SrcLoc":"","Type":"ASSIGN$V1$@2$!SUB$@2$V1$"},"396":{"EquivalenDuplicateOf":"2","FuncName":"usage","IRPosInFunc":[1],"SrcLoc":"","Type":"ASSIGN$V1$@2$!DIV$V1$@2$"},"397":{"EquivalenDuplicateOf":"2","FuncName":"usage","IRPosInFunc":[1],"SrcLoc":"","Type":"ASSIGN$V1$@2$!MUL$V1$@2$"},"398":{"EquivalenDuplicateOf":"2","FuncName":"usage","IRPosInFunc":[1],"SrcLoc":"","Type":"ASSIGN$V1$@2$!BITSHR$V1$@2$"},"399":{"EquivalenDuplicateOf":"2","FuncName":"usage","IRPosInFunc":[1],"SrcLoc":"","Type":"ASSIGN$V1$@2$!CONSTVAL$0$"},"400":{"EquivalenDuplicateOf":"2","FuncName":"usage","IRPosInFunc":[1],"SrcLoc":"","Type":"ASSIGN$V1$@2$!NEG$V1$"},"401":{"EquivalenDuplicateOf":"2","FuncName":"usage","IRPosInFunc":[1],"SrcLoc":"","Type":"ASSIGN$V1$@2$!BITXOR$V1$@2$"},"402":{"EquivalenDuplicateOf":"2","FuncName":"usage","IRPosInFunc":[1],"SrcLoc":"","Type":"ASSIGN$V1$@2$!CONSTVAL$1$"},"403":{"EquivalenDuplicateOf":"2","FuncName":"usage","IRPosInFunc":[1],"SrcLoc":"","Type":"ASSIGN$V1$@2$!BITSHL$V1$@2$"},"404":{"EquivalenDuplicateOf":"2","FuncName":"usage","IRPosInFunc":[1],"SrcLoc":"","Type":"ASSIGN$V1$@2$!BITSHL$@2$V1$"},"405":{"EquivalenDuplicateOf":"2","FuncName":"usage","IRPosInFunc":[1],"SrcLoc":"","Type":"ASSIGN$V1$@2$!BITAND$V1$@2$"},"406":{"EquivalenDuplicateOf":"2","FuncName":"usage","IRPosInFunc":[1],"SrcLoc":"","Type":"ASSIGN$V1$@2$!NEG$@2$"},"407":{"EquivalenDuplicateOf":"2","FuncName":"usage","IRPosInFunc":[1],"SrcLoc":"","Type":"ASSIGN$V1$@2$!BITNOT$V1$"},"408":{"EquivalenDuplicateOf":"2","FuncName":"usage","IRPosInFunc":[1],"SrcLoc":"","Type":"ASSIGN$V1$@2$!ADD$V1$@2$"},"409":{"EquivalenDuplicateOf":"2","FuncName":"usage","IRPosInFunc":[1],"SrcLoc":"","Type":"ASSIGN$V1$@2$!OPERAND$V1$"},"410":{"EquivalenDuplicateOf":"2","FuncName":"usage","IRPosInFunc":[1],"SrcLoc":"","Type":"ASSIGN$V1$@2$!MOD$@2$V1$"},"411":{"EquivalenDuplicateOf":"2","FuncName":"usage","IRPosInFunc":[1],"SrcLoc":"","Type":"ASSIGN$V1$@2$!BITOR$V1$@2$"}}