{"1000":{"EquivalenDuplicateOf":"2","FuncName":"usage","IRPosInFunc":[1],"SrcLoc":"","Type":"ASSIGN$V1$@2$!DIV$V1$@2$"},"1001":{"EquivalenDuplicateOf":"2","FuncName":"usage","IRPosInFunc":[1],"SrcLoc":"","Type":"ASSIGN$V1$@2$!BITSHR$V1$@2$"},"1002":{"EquivalenDuplicateOf":"2","FuncName":"usage","IRPosInFunc":[1],"SrcLoc":"","Type":"ASSIGN$V1$@2$!MOD$@2$V1$"},"1003":{"EquivalenDuplicateOf":"2","FuncName":"usage","IRPosInFunc":[1],"SrcLoc":"","Type":"ASSIGN$V1$@2$!DIV$@2$V1$"},"1004":{"EquivalenDuplicateOf":"2","FuncName":"usage","IRPosInFunc":[1],"SrcLoc":"","Type":"ASSIGN$V1$@2$!BITNOT$@2$"},"1005":{"EquivalenDuplicateOf":"2","FuncName":"usage","IRPosInFunc":[1],"SrcLoc":"","Type":"ASSIGN$V1$@2$!OPERAND$@2$"},"1006":{"EquivalenDuplicateOf":"2","FuncName":"usage","IRPosInFunc":[1],"SrcLoc":"","Type":"ASSIGN$V1$@2$!MOD$V1$@2$"},"1007":{"EquivalenDuplicateOf":"2","FuncName":"usage","IRPosInFunc":[1],"SrcLoc":"","Type":"ASSIGN$V1$@2$!BITSHR$@2$V1$"},"1008":{"EquivalenDuplicateOf":"2","FuncName":"usage","IRPosInFunc":[1],"SrcLoc":"","Type":"ASSIGN$V1$@2$!SUB$V1$@2$"},"1009":{"EquivalenDuplicateOf":"2","FuncName":"usage","IRPosInFunc":[1],"SrcLoc":"","Type":"ASSIGN$V1$@2$!SUB$@2$V1$"},"1010":{"EquivalenDuplicateOf":"2","FuncName":"usage","IRPosInFunc":[1],"SrcLoc":"","Type":"ASSIGN$V1$@2$!DIV$V1$@2$"},"1011":{"EquivalenDuplicateOf":"2","FuncName":"usage","IRPosInFunc":[1],"SrcLoc":"","Type":"ASSIGN$V1$@2$!MUL$V1$@2$"},"1012":{"EquivalenDuplicateOf":"2","FuncName":"usage","IRPosInFunc":[1],"SrcLoc":"","Type":"ASSIGN$V1$@2$!BITSHR$V1$@2$"},"1013":{"EquivalenDuplicateOf":"2","FuncName":"usage","IRPosInFunc":[1],"SrcLoc":"","Type":"ASSIGN$V1$@2$!CONSTVAL$0$"},"1014":{"EquivalenDuplicateOf":"2","FuncName":"usage","IRPosInFunc":[1],"SrcLoc":"","Type":"ASSIGN$V1$@2$!NEG$V1$"},"1015":{"EquivalenDuplicateOf":"2","FuncName":"usage","IRPosInFunc":[1],"SrcLoc":"","Type":"ASSIGN$V1$@2$!BITXOR$V1$@2$"},"1016":{"EquivalenDuplicateOf":"2","FuncName":"usage","IRPosInFunc":[1],"SrcLoc":"","Type":"ASSIGN$V1$@2$!CONSTVAL$1$"},"1017":{"EquivalenDuplicateOf":"2","FuncName":"usage","IRPosInFunc":[1],"SrcLoc":"","Type":"ASSIGN$V1$@2$!BITSHL$V1$@2$"},"1018":{"EquivalenDuplicateOf":"2","FuncName":"usage","IRPosInFunc":[1],"SrcLoc":"","Type":"ASSIGN$V1$@2$!BITSHL$@2$V1$"},"1019":{"EquivalenDuplicateOf":"2","FuncName":"usage","IRPosInFunc":[1],"SrcLoc":"","Type":"ASSIGN$V1$@2$!BITAND$V1$@2$"},"1020":{"EquivalenDuplicateOf":"2","FuncName":"usage","IRPosInFunc":[1],"SrcLoc":"","Type":"ASSIGN$V1$@2$!NEG$@2$"},"1021":{"EquivalenDuplicateOf":"2","FuncName":"usage","IRPosInFunc":[1],"SrcLoc":"","Type":"ASSIGN$V1$@2$!BITNOT$V1$"},"1022":{"EquivalenDuplicateOf":"2","FuncName":"usage","IRPosInFunc":[1],"SrcLoc":"","Type":"ASSIGN$V1$@2$!ADD$V1$@2$"},"1023":{"EquivalenDuplicateOf":"2","FuncName":"usage","IRPosInFunc":[1],"SrcLoc":"","Type":"ASSIGN$V1$@2$!OPERAND$V1$"},"1024":{"EquivalenDuplicateOf":"2","FuncName":"usage","IRPosInFunc":[1],"SrcLoc":"","Type":"ASSIGN$V1$@2$!MOD$@2$V1$"},"1025":{"EquivalenDuplicateOf":"2","FuncName":"usage","IRPosInFunc":[1],"SrcLoc":"","Type":"ASSIGN$V1$@2$!BITOR$V1$@2$"},"787":{"EquivalenDuplicateOf":"0","FuncName":"main","IRPosInFunc":[95],"SrcLoc":"src/link.c:94","Type":"@!ABS$@$"},"788":{"EquivalenDuplicateOf":"0","FuncName":"main","IRPosInFunc":[96],"SrcLoc":"src/link.c:94","Type":"RETURN_BREAK_CONTINUE!DELSTMT"},"789":{"EquivalenDuplicateOf":"0","FuncName":"main","IRPosInFunc":[96],"SrcLoc":"src/link.c:94","Type":"STMT!DELSTMT"},"790":{"EquivalenDuplicateOf":"0","FuncName":"main","IRPosInFunc":[95,96],"SrcLoc":"src/link.c:94","Type":"STMT!TRAPSTMT"},"791":{"EquivalenDuplicateOf":"0","FuncName":"main","IRPosInFunc":[94],"SrcLoc":"src/link.c:93","Type":"STMT!TRAPSTMT"},"792":{"EquivalenDuplicateOf":"781","FuncName":"main","IRPosInFunc":[91],"SrcLoc":"src/link.c:90","Type":"CALL!SHUFFLEARGS$2$"},"793":{"EquivalenDuplicateOf":"782","FuncName":"main","IRPosInFunc":[91],"SrcLoc":"src/link.c:90","Type":"CALL!SHUFFLEARGS$2$"},"794":{"EquivalenDuplicateOf":"750","FuncName":"main","IRPosInFunc":[79],"SrcLoc":"src/link.c:90","Type":"ADD$@1$@2$!MOD$@1$@2$"},"795":{"EquivalenDuplicateOf":"714","FuncName":"main","IRPosInFunc":[79],"SrcLoc":"src/link.c:90","Type":"ADD$@1$@2$!DIV$@1$@2$"},"796":{"EquivalenDuplicateOf":"744","FuncName":"main","IRPosInFunc":[79],"SrcLoc":"src/link.c:90","Type":"ADD$@1$@2$!CONSTVAL$1$"},"797":{"EquivalenDuplicateOf":"744","FuncName":"main","IRPosInFunc":[79],"SrcLoc":"src/link.c:90","Type":"ADD$@1$@2$!ABS$@2$"},"798":{"EquivalenDuplicateOf":"714","FuncName":"main","IRPosInFunc":[79],"SrcLoc":"src/link.c:90","Type":"ADD$@1$@2$!MUL$@1$@2$"},"799":{"EquivalenDuplicateOf":"714","FuncName":"main","IRPosInFunc":[79],"SrcLoc":"src/link.c:90","Type":"ADD$@1$@2$!DIV$@1$@2$"},"800":{"EquivalenDuplicateOf":"714","FuncName":"main","IRPosInFunc":[79],"SrcLoc":"src/link.c:90","Type":"ADD$@1$@2$!OPERAND$@1$"},"801":{"EquivalenDuplicateOf":"714","FuncName":"main","IRPosInFunc":[79],"SrcLoc":"src/link.c:90","Type":"C!ADD$C$-1$"},"802":{"EquivalenDuplicateOf":"657","FuncName":"main","IRPosInFunc":[68],"SrcLoc":"src/link.c:89","Type":"ADD$@1$@2$!MOD$@1$@2$"},"803":{"EquivalenDuplicateOf":"620","FuncName":"main","IRPosInFunc":[68],"SrcLoc":"src/link.c:89","Type":"ADD$@1$@2$!DIV$@1$@2$"},"804":{"EquivalenDuplicateOf":"652","FuncName":"main","IRPosInFunc":[68],"SrcLoc":"src/link.c:89","Type":"ADD$@1$@2$!CONSTVAL$1$"},"805":{"EquivalenDuplicateOf":"652","FuncName":"main","IRPosInFunc":[68],"SrcLoc":"src/link.c:89","Type":"ADD$@1$@2$!ABS$@2$"},"806":{"EquivalenDuplicateOf":"620","FuncName":"main","IRPosInFunc":[68],"SrcLoc":"src/link.c:89","Type":"ADD$@1$@2$!MUL$@1$@2$"},"807":{"EquivalenDuplicateOf":"657","FuncName":"main","IRPosInFunc":[68],"SrcLoc":"src/link.c:89","Type":"ADD$@1$@2$!MOD$@1$@2$"},"808":{"EquivalenDuplicateOf":"620","FuncName":"main","IRPosInFunc":[68],"SrcLoc":"src/link.c:89","Type":"ADD$@1$@2$!DIV$@1$@2$"},"809":{"EquivalenDuplicateOf":"620","FuncName":"main","IRPosInFunc":[68],"SrcLoc":"src/link.c:89","Type":"ADD$@1$@2$!OPERAND$@1$"},"810":{"EquivalenDuplicateOf":"620","FuncName":"main","IRPosInFunc":[68],"SrcLoc":"src/link.c:89","Type":"C!ADD$C$-1$"},"811":{"EquivalenDuplicateOf":"577","FuncName":"main","IRPosInFunc":[73],"SrcLoc":"src/link.c:89","Type":"@!ABS$@$"},"812":{"EquivalenDuplicateOf":"579","FuncName":"main","IRPosInFunc":[74],"SrcLoc":"src/link.c:89","Type":"NEQ$@1$@2$!BITSHR$@2$@1$"},"813":{"EquivalenDuplicateOf":"579","FuncName":"main","IRPosInFunc":[74],"SrcLoc":"src/link.c:89","Type":"NEQ$@1$@2$!LT$@1$@2$"},"814":{"EquivalenDuplicateOf":"0","FuncName":"main","IRPosInFunc":[74],"SrcLoc":"src/link.c:89","Type":"NEQ$@1$@2$!BITSHR$@1$@2$"},"815":{"EquivalenDuplicateOf":"578","FuncName":"main","IRPosInFunc":[74],"SrcLoc":"src/link.c:89","Type":"NEQ$@1$@2$!GE$@1$@2$"},"816":{"EquivalenDuplicateOf":"579","FuncName":"main","IRPosInFunc":[74],"SrcLoc":"src/link.c:89","Type":"NEQ$@1$@2$!GT$@2$@1$"},"817":{"EquivalenDuplicateOf":"585","FuncName":"main","IRPosInFunc":[74],"SrcLoc":"src/link.c:89","Type":"NEQ$@1$@2$!MOD$@1$@2$"},"818":{"EquivalenDuplicateOf":"579","FuncName":"main","IRPosInFunc":[74],"SrcLoc":"src/link.c:89","Type":"NEQ$@1$@2$!MOD$@2$@1$"},"819":{"EquivalenDuplicateOf":"579","FuncName":"main","IRPosInFunc":[74],"SrcLoc":"src/link.c:89","Type":"NEQ$@1$@2$!DIV$@2$@1$"},"820":{"EquivalenDuplicateOf":"578","FuncName":"main","IRPosInFunc":[74],"SrcLoc":"src/link.c:89","Type":"NEQ$@1$@2$!LE$@2$@1$"},"821":{"EquivalenDuplicateOf":"579","FuncName":"main","IRPosInFunc":[74],"SrcLoc":"src/link.c:89","Type":"NEQ$@1$@2$!BITSHR$@2$@1$"},"822":{"EquivalenDuplicateOf":"579","FuncName":"main","IRPosInFunc":[74],"SrcLoc":"src/link.c:89","Type":"NEQ$@1$@2$!NEG$@2$"},"823":{"EquivalenDuplicateOf":"579","FuncName":"main","IRPosInFunc":[74],"SrcLoc":"src/link.c:89","Type":"NEQ$@1$@2$!MUL$@1$@2$"},"824":{"EquivalenDuplicateOf":"0","FuncName":"main","IRPosInFunc":[74],"SrcLoc":"src/link.c:89","Type":"NEQ$@1$@2$!SUB$@1$@2$"},"825":{"EquivalenDuplicateOf":"0","FuncName":"main","IRPosInFunc":[74],"SrcLoc":"src/link.c:89","Type":"NEQ$@1$@2$!BITSHR$@1$@2$"},"826":{"EquivalenDuplicateOf":"579","FuncName":"main","IRPosInFunc":[74],"SrcLoc":"src/link.c:89","Type":"NEQ$@1$@2$!BITSHL$@2$@1$"},"827":{"EquivalenDuplicateOf":"0","FuncName":"main","IRPosInFunc":[74],"SrcLoc":"src/link.c:89","Type":"NEQ$@1$@2$!BITOR$@1$@2$"},"828":{"EquivalenDuplicateOf":"578","FuncName":"main","IRPosInFunc":[74],"SrcLoc":"src/link.c:89","Type":"NEQ$@1$@2$!CONSTVAL$1$"},"829":{"EquivalenDuplicateOf":"579","FuncName":"main","IRPosInFunc":[74],"SrcLoc":"src/link.c:89","Type":"NEQ$@1$@2$!ABS$@2$"},"830":{"EquivalenDuplicateOf":"0","FuncName":"main","IRPosInFunc":[74],"SrcLoc":"src/link.c:89","Type":"NEQ$@1$@2$!OPERAND$@1$"},"831":{"EquivalenDuplicateOf":"583","FuncName":"main","IRPosInFunc":[74],"SrcLoc":"src/link.c:89","Type":"NEQ$@1$@2$!NEG$@1$"},"832":{"EquivalenDuplicateOf":"579","FuncName":"main","IRPosInFunc":[74],"SrcLoc":"src/link.c:89","Type":"NEQ$@1$@2$!MOD$@2$@1$"},"833":{"EquivalenDuplicateOf":"579","FuncName":"main","IRPosInFunc":[74],"SrcLoc":"src/link.c:89","Type":"NEQ$@1$@2$!OPERAND$@2$"},"834":{"EquivalenDuplicateOf":"0","FuncName":"main","IRPosInFunc":[74],"SrcLoc":"src/link.c:89","Type":"NEQ$@1$@2$!BITSHL$@1$@2$"},"835":{"EquivalenDuplicateOf":"579","FuncName":"main","IRPosInFunc":[74],"SrcLoc":"src/link.c:89","Type":"NEQ$@1$@2$!DIV$@2$@1$"},"836":{"EquivalenDuplicateOf":"0","FuncName":"main","IRPosInFunc":[74],"SrcLoc":"src/link.c:89","Type":"NEQ$@1$@2$!ADD$@1$@2$"},"837":{"EquivalenDuplicateOf":"579","FuncName":"main","IRPosInFunc":[74],"SrcLoc":"src/link.c:89","Type":"NEQ$@1$@2$!BITAND$@1$@2$"},"838":{"EquivalenDuplicateOf":"0","FuncName":"main","IRPosInFunc":[74],"SrcLoc":"src/link.c:89","Type":"NEQ$@1$@2$!BITXOR$@1$@2$"},"839":{"EquivalenDuplicateOf":"0","FuncName":"main","IRPosInFunc":[61],"SrcLoc":"src/link.c:86","Type":"STMT!TRAPSTMT"},"840":{"EquivalenDuplicateOf":"0","FuncName":"main","IRPosInFunc":[59],"SrcLoc":"src/link.c:85","Type":"CALL!SHUFFLEARGS$2$"},"841":{"EquivalenDuplicateOf":"530","FuncName":"main","IRPosInFunc":[53],"SrcLoc":"src/link.c:85","Type":"ADD$@1$@2$!ABS$@2$"},"842":{"EquivalenDuplicateOf":"515","FuncName":"main","IRPosInFunc":[53],"SrcLoc":"src/link.c:85","Type":"ADD$@1$@2$!CONSTVAL$0$"},"843":{"EquivalenDuplicateOf":"420","FuncName":"main","IRPosInFunc":[48],"SrcLoc":"src/link.c:83","Type":"ADD$@1$@2$!ABS$@2$"},"844":{"EquivalenDuplicateOf":"411","FuncName":"main","IRPosInFunc":[48],"SrcLoc":"src/link.c:83","Type":"ADD$@1$@2$!OPERAND$@1$"},"845":{"EquivalenDuplicateOf":"0","FuncName":"main","IRPosInFunc":[46],"SrcLoc":"src/link.c:80","Type":"STMT!TRAPSTMT"},"846":{"EquivalenDuplicateOf":"0","FuncName":"main","IRPosInFunc":[43],"SrcLoc":"src/link.c:79","Type":"CALL!SHUFFLEARGS$2$"},"847":{"EquivalenDuplicateOf":"376","FuncName":"main","IRPosInFunc":[36],"SrcLoc":"src/link.c:77","Type":"RETURN_BREAK_CONTINUE!DELSTMT"},"848":{"EquivalenDuplicateOf":"0","FuncName":"main","IRPosInFunc":[35],"SrcLoc":"src/link.c:77","Type":"CALL!SHUFFLEARGS$2$"},"849":{"EquivalenDuplicateOf":"309","FuncName":"main","IRPosInFunc":[32],"SrcLoc":"src/link.c:76","Type":"ADD$@1$@2$!MOD$@1$@2$"},"850":{"EquivalenDuplicateOf":"296","FuncName":"main","IRPosInFunc":[32],"SrcLoc":"src/link.c:76","Type":"ADD$@1$@2$!DIV$@1$@2$"},"851":{"EquivalenDuplicateOf":"304","FuncName":"main","IRPosInFunc":[32],"SrcLoc":"src/link.c:76","Type":"ADD$@1$@2$!CONSTVAL$1$"},"852":{"EquivalenDuplicateOf":"304","FuncName":"main","IRPosInFunc":[32],"SrcLoc":"src/link.c:76","Type":"ADD$@1$@2$!ABS$@2$"},"853":{"EquivalenDuplicateOf":"296","FuncName":"main","IRPosInFunc":[32],"SrcLoc":"src/link.c:76","Type":"ADD$@1$@2$!MUL$@1$@2$"},"854":{"EquivalenDuplicateOf":"309","FuncName":"main","IRPosInFunc":[32],"SrcLoc":"src/link.c:76","Type":"ADD$@1$@2$!MOD$@1$@2$"},"855":{"EquivalenDuplicateOf":"296","FuncName":"main","IRPosInFunc":[32],"SrcLoc":"src/link.c:76","Type":"ADD$@1$@2$!DIV$@1$@2$"},"856":{"EquivalenDuplicateOf":"296","FuncName":"main","IRPosInFunc":[32],"SrcLoc":"src/link.c:76","Type":"ADD$@1$@2$!OPERAND$@1$"},"857":{"EquivalenDuplicateOf":"296","FuncName":"main","IRPosInFunc":[32],"SrcLoc":"src/link.c:76","Type":"C!ADD$C$-1$"},"858":{"EquivalenDuplicateOf":"214","FuncName":"main","IRPosInFunc":[27],"SrcLoc":"src/link.c:74","Type":"ADD$@1$@2$!ABS$@2$"},"859":{"EquivalenDuplicateOf":"205","FuncName":"main","IRPosInFunc":[27],"SrcLoc":"src/link.c:74","Type":"ADD$@1$@2$!OPERAND$@1$"},"860":{"EquivalenDuplicateOf":"0","FuncName":"main","IRPosInFunc":[24],"SrcLoc":"src/link.c:72","Type":"STMT!TRAPSTMT"},"861":{"EquivalenDuplicateOf":"156","FuncName":"main","IRPosInFunc":[21],"SrcLoc":"src/link.c:71","Type":"C!ADD$C$1$"},"862":{"EquivalenDuplicateOf":"156","FuncName":"main","IRPosInFunc":[21],"SrcLoc":"src/link.c:71","Type":"C!CONSTVAL$0$"},"863":{"EquivalenDuplicateOf":"160","FuncName":"main","IRPosInFunc":[21],"SrcLoc":"src/link.c:71","Type":"NEQ$@1$@2$!GE$@2$@1$"},"864":{"EquivalenDuplicateOf":"160","FuncName":"main","IRPosInFunc":[21],"SrcLoc":"src/link.c:71","Type":"NEQ$@1$@2$!LE$@1$@2$"},"865":{"EquivalenDuplicateOf":"153","FuncName":"main","IRPosInFunc":[21],"SrcLoc":"src/link.c:71","Type":"NEQ$@1$@2$!LT$@2$@1$"},"866":{"EquivalenDuplicateOf":"153","FuncName":"main","IRPosInFunc":[21],"SrcLoc":"src/link.c:71","Type":"NEQ$@1$@2$!GT$@1$@2$"},"867":{"EquivalenDuplicateOf":"159","FuncName":"main","IRPosInFunc":[21],"SrcLoc":"src/link.c:71","Type":"NEQ$@1$@2$!BITSHR$@1$@2$"},"868":{"EquivalenDuplicateOf":"160","FuncName":"main","IRPosInFunc":[21],"SrcLoc":"src/link.c:71","Type":"NEQ$@1$@2$!BITSHR$@2$@1$"},"869":{"EquivalenDuplicateOf":"160","FuncName":"main","IRPosInFunc":[21],"SrcLoc":"src/link.c:71","Type":"NEQ$@1$@2$!NEG$@2$"},"870":{"EquivalenDuplicateOf":"159","FuncName":"main","IRPosInFunc":[21],"SrcLoc":"src/link.c:71","Type":"NEQ$@1$@2$!BITSHR$@1$@2$"},"871":{"EquivalenDuplicateOf":"160","FuncName":"main","IRPosInFunc":[21],"SrcLoc":"src/link.c:71","Type":"NEQ$@1$@2$!BITOR$@1$@2$"},"872":{"EquivalenDuplicateOf":"160","FuncName":"main","IRPosInFunc":[21],"SrcLoc":"src/link.c:71","Type":"NEQ$@1$@2$!CONSTVAL$1$"},"873":{"EquivalenDuplicateOf":"160","FuncName":"main","IRPosInFunc":[21],"SrcLoc":"src/link.c:71","Type":"NEQ$@1$@2$!ABS$@2$"},"874":{"EquivalenDuplicateOf":"156","FuncName":"main","IRPosInFunc":[21],"SrcLoc":"src/link.c:71","Type":"NEQ$@1$@2$!OPERAND$@1$"},"875":{"EquivalenDuplicateOf":"154","FuncName":"main","IRPosInFunc":[21],"SrcLoc":"src/link.c:71","Type":"NEQ$@1$@2$!BITNOT$@1$"},"876":{"EquivalenDuplicateOf":"153","FuncName":"main","IRPosInFunc":[21],"SrcLoc":"src/link.c:71","Type":"NEQ$@1$@2$!CONSTVAL$0$"},"877":{"EquivalenDuplicateOf":"141","FuncName":"main","IRPosInFunc":[17],"SrcLoc":"src/link.c:69","Type":"CALL!SHUFFLEARGS$2$"},"878":{"EquivalenDuplicateOf":"142","FuncName":"main","IRPosInFunc":[17],"SrcLoc":"src/link.c:69","Type":"CALL!SHUFFLEARGS$2$"},"879":{"EquivalenDuplicateOf":"143","FuncName":"main","IRPosInFunc":[17],"SrcLoc":"src/link.c:69","Type":"CALL!SHUFFLEARGS$2$"},"880":{"EquivalenDuplicateOf":"142","FuncName":"main","IRPosInFunc":[17],"SrcLoc":"src/link.c:69","Type":"CALL!SHUFFLEARGS$2$"},"881":{"EquivalenDuplicateOf":"144","FuncName":"main","IRPosInFunc":[17],"SrcLoc":"src/link.c:69","Type":"CALL!SHUFFLEARGS$2$"},"882":{"EquivalenDuplicateOf":"145","FuncName":"main","IRPosInFunc":[17],"SrcLoc":"src/link.c:69","Type":"CALL!SHUFFLEARGS$2$"},"883":{"EquivalenDuplicateOf":"146","FuncName":"main","IRPosInFunc":[17],"SrcLoc":"src/link.c:69","Type":"CALL!SHUFFLEARGS$2$"},"884":{"EquivalenDuplicateOf":"144","FuncName":"main","IRPosInFunc":[17],"SrcLoc":"src/link.c:69","Type":"CALL!SHUFFLEARGS$2$"},"885":{"EquivalenDuplicateOf":"145","FuncName":"main","IRPosInFunc":[17],"SrcLoc":"src/link.c:69","Type":"CALL!SHUFFLEARGS$2$"},"886":{"EquivalenDuplicateOf":"144","FuncName":"main","IRPosInFunc":[17],"SrcLoc":"src/link.c:69","Type":"CALL!SHUFFLEARGS$2$"},"887":{"EquivalenDuplicateOf":"147","FuncName":"main","IRPosInFunc":[17],"SrcLoc":"src/link.c:69","Type":"CALL!SHUFFLEARGS$2$"},"888":{"EquivalenDuplicateOf":"148","FuncName":"main","IRPosInFunc":[17],"SrcLoc":"src/link.c:69","Type":"CALL!SHUFFLEARGS$2$"},"889":{"EquivalenDuplicateOf":"149","FuncName":"main","IRPosInFunc":[17],"SrcLoc":"src/link.c:69","Type":"CALL!SHUFFLEARGS$2$"},"890":{"EquivalenDuplicateOf":"147","FuncName":"main","IRPosInFunc":[17],"SrcLoc":"src/link.c:69","Type":"CALL!SHUFFLEARGS$2$"},"891":{"EquivalenDuplicateOf":"148","FuncName":"main","IRPosInFunc":[17],"SrcLoc":"src/link.c:69","Type":"CALL!SHUFFLEARGS$2$"},"892":{"EquivalenDuplicateOf":"147","FuncName":"main","IRPosInFunc":[17],"SrcLoc":"src/link.c:69","Type":"CALL!SHUFFLEARGS$2$"},"893":{"EquivalenDuplicateOf":"141","FuncName":"main","IRPosInFunc":[17],"SrcLoc":"src/link.c:69","Type":"CALL!SHUFFLEARGS$2$"},"894":{"EquivalenDuplicateOf":"142","FuncName":"main","IRPosInFunc":[17],"SrcLoc":"src/link.c:69","Type":"CALL!SHUFFLEARGS$2$"},"895":{"EquivalenDuplicateOf":"143","FuncName":"main","IRPosInFunc":[17],"SrcLoc":"src/link.c:69","Type":"CALL!SHUFFLEARGS$2$"},"896":{"EquivalenDuplicateOf":"142","FuncName":"main","IRPosInFunc":[17],"SrcLoc":"src/link.c:69","Type":"CALL!SHUFFLEARGS$2$"},"897":{"EquivalenDuplicateOf":"144","FuncName":"main","IRPosInFunc":[17],"SrcLoc":"src/link.c:69","Type":"CALL!SHUFFLEARGS$2$"},"898":{"EquivalenDuplicateOf":"145","FuncName":"main","IRPosInFunc":[17],"SrcLoc":"src/link.c:69","Type":"CALL!SHUFFLEARGS$2$"},"899":{"EquivalenDuplicateOf":"144","FuncName":"main","IRPosInFunc":[17],"SrcLoc":"src/link.c:69","Type":"CALL!SHUFFLEARGS$2$"},"900":{"EquivalenDuplicateOf":"141","FuncName":"main","IRPosInFunc":[17],"SrcLoc":"src/link.c:69","Type":"CALL!SHUFFLEARGS$2$"},"901":{"EquivalenDuplicateOf":"142","FuncName":"main","IRPosInFunc":[17],"SrcLoc":"src/link.c:69","Type":"CALL!SHUFFLEARGS$2$"},"902":{"EquivalenDuplicateOf":"121","FuncName":"main","IRPosInFunc":[9],"SrcLoc":"src/link.c:62","Type":"A!CONSTVAL$0$"},"903":{"EquivalenDuplicateOf":"96","FuncName":"main","IRPosInFunc":[4],"SrcLoc":"","Type":"ASSIGN$V1$@2$!DIV$@2$V1$"},"904":{"EquivalenDuplicateOf":"96","FuncName":"main","IRPosInFunc":[4],"SrcLoc":"","Type":"ASSIGN$V1$@2$!MOD$V1$@2$"},"905":{"EquivalenDuplicateOf":"96","FuncName":"main","IRPosInFunc":[4],"SrcLoc":"","Type":"ASSIGN$V1$@2$!BITSHR$@2$V1$"},"906":{"EquivalenDuplicateOf":"96","FuncName":"main","IRPosInFunc":[4],"SrcLoc":"","Type":"ASSIGN$V1$@2$!DIV$V1$@2$"},"907":{"EquivalenDuplicateOf":"96","FuncName":"main","IRPosInFunc":[4],"SrcLoc":"","Type":"ASSIGN$V1$@2$!BITSHR$V1$@2$"},"908":{"EquivalenDuplicateOf":"96","FuncName":"main","IRPosInFunc":[4],"SrcLoc":"","Type":"ASSIGN$V1$@2$!MOD$@2$V1$"},"909":{"EquivalenDuplicateOf":"96","FuncName":"main","IRPosInFunc":[4],"SrcLoc":"","Type":"ASSIGN$V1$@2$!DIV$@2$V1$"},"910":{"EquivalenDuplicateOf":"95","FuncName":"main","IRPosInFunc":[4],"SrcLoc":"","Type":"ASSIGN$V1$@2$!BITNOT$@2$"},"911":{"EquivalenDuplicateOf":"95","FuncName":"main","IRPosInFunc":[4],"SrcLoc":"","Type":"ASSIGN$V1$@2$!OPERAND$@2$"},"912":{"EquivalenDuplicateOf":"96","FuncName":"main","IRPosInFunc":[4],"SrcLoc":"","Type":"ASSIGN$V1$@2$!MOD$V1$@2$"},"913":{"EquivalenDuplicateOf":"96","FuncName":"main","IRPosInFunc":[4],"SrcLoc":"","Type":"ASSIGN$V1$@2$!BITSHR$@2$V1$"},"914":{"EquivalenDuplicateOf":"96","FuncName":"main","IRPosInFunc":[4],"SrcLoc":"","Type":"ASSIGN$V1$@2$!SUB$V1$@2$"},"915":{"EquivalenDuplicateOf":"96","FuncName":"main","IRPosInFunc":[4],"SrcLoc":"","Type":"ASSIGN$V1$@2$!SUB$@2$V1$"},"916":{"EquivalenDuplicateOf":"96","FuncName":"main","IRPosInFunc":[4],"SrcLoc":"","Type":"ASSIGN$V1$@2$!DIV$V1$@2$"},"917":{"EquivalenDuplicateOf":"96","FuncName":"main","IRPosInFunc":[4],"SrcLoc":"","Type":"ASSIGN$V1$@2$!MUL$V1$@2$"},"918":{"EquivalenDuplicateOf":"96","FuncName":"main","IRPosInFunc":[4],"SrcLoc":"","Type":"ASSIGN$V1$@2$!BITSHR$V1$@2$"},"919":{"EquivalenDuplicateOf":"95","FuncName":"main","IRPosInFunc":[4],"SrcLoc":"","Type":"ASSIGN$V1$@2$!CONSTVAL$0$"},"920":{"EquivalenDuplicateOf":"96","FuncName":"main","IRPosInFunc":[4],"SrcLoc":"","Type":"ASSIGN$V1$@2$!NEG$V1$"},"921":{"EquivalenDuplicateOf":"96","FuncName":"main","IRPosInFunc":[4],"SrcLoc":"","Type":"ASSIGN$V1$@2$!BITXOR$V1$@2$"},"922":{"EquivalenDuplicateOf":"95","FuncName":"main","IRPosInFunc":[4],"SrcLoc":"","Type":"ASSIGN$V1$@2$!CONSTVAL$1$"},"923":{"EquivalenDuplicateOf":"96","FuncName":"main","IRPosInFunc":[4],"SrcLoc":"","Type":"ASSIGN$V1$@2$!BITSHL$V1$@2$"},"924":{"EquivalenDuplicateOf":"96","FuncName":"main","IRPosInFunc":[4],"SrcLoc":"","Type":"ASSIGN$V1$@2$!BITSHL$@2$V1$"},"925":{"EquivalenDuplicateOf":"96","FuncName":"main","IRPosInFunc":[4],"SrcLoc":"","Type":"ASSIGN$V1$@2$!BITAND$V1$@2$"},"926":{"EquivalenDuplicateOf":"95","FuncName":"main","IRPosInFunc":[4],"SrcLoc":"","Type":"ASSIGN$V1$@2$!NEG$@2$"},"927":{"EquivalenDuplicateOf":"96","FuncName":"main","IRPosInFunc":[4],"SrcLoc":"","Type":"ASSIGN$V1$@2$!BITNOT$V1$"},"928":{"EquivalenDuplicateOf":"96","FuncName":"main","IRPosInFunc":[4],"SrcLoc":"","Type":"ASSIGN$V1$@2$!ADD$V1$@2$"},"929":{"EquivalenDuplicateOf":"95","FuncName":"main","IRPosInFunc":[4],"SrcLoc":"","Type":"ASSIGN$V1$@2$!OPERAND$V1$"},"930":{"EquivalenDuplicateOf":"96","FuncName":"main","IRPosInFunc":[4],"SrcLoc":"","Type":"ASSIGN$V1$@2$!MOD$@2$V1$"},"931":{"EquivalenDuplicateOf":"76","FuncName":"main","IRPosInFunc":[3],"SrcLoc":"","Type":"ASSIGN$V1$@2$!DIV$@2$V1$"},"932":{"EquivalenDuplicateOf":"76","FuncName":"main","IRPosInFunc":[3],"SrcLoc":"","Type":"ASSIGN$V1$@2$!GT$@2$V1$"},"933":{"EquivalenDuplicateOf":"76","FuncName":"main","IRPosInFunc":[3],"SrcLoc":"","Type":"ASSIGN$V1$@2$!MOD$V1$@2$"},"934":{"EquivalenDuplicateOf":"76","FuncName":"main","IRPosInFunc":[3],"SrcLoc":"","Type":"ASSIGN$V1$@2$!BITSHR$@2$V1$"},"935":{"EquivalenDuplicateOf":"76","FuncName":"main","IRPosInFunc":[3],"SrcLoc":"","Type":"ASSIGN$V1$@2$!GE$V1$@2$"},"936":{"EquivalenDuplicateOf":"76","FuncName":"main","IRPosInFunc":[3],"SrcLoc":"","Type":"ASSIGN$V1$@2$!DIV$V1$@2$"},"937":{"EquivalenDuplicateOf":"76","FuncName":"main","IRPosInFunc":[3],"SrcLoc":"","Type":"ASSIGN$V1$@2$!BITSHR$V1$@2$"},"938":{"EquivalenDuplicateOf":"76","FuncName":"main","IRPosInFunc":[3],"SrcLoc":"","Type":"ASSIGN$V1$@2$!LT$V1$@2$"},"939":{"EquivalenDuplicateOf":"76","FuncName":"main","IRPosInFunc":[3],"SrcLoc":"","Type":"ASSIGN$V1$@2$!LE$@2$V1$"},"940":{"EquivalenDuplicateOf":"76","FuncName":"main","IRPosInFunc":[3],"SrcLoc":"","Type":"ASSIGN$V1$@2$!MOD$@2$V1$"},"941":{"EquivalenDuplicateOf":"76","FuncName":"main","IRPosInFunc":[3],"SrcLoc":"","Type":"ASSIGN$V1$@2$!DIV$@2$V1$"},"942":{"EquivalenDuplicateOf":"74","FuncName":"main","IRPosInFunc":[3],"SrcLoc":"","Type":"ASSIGN$V1$@2$!BITNOT$@2$"},"943":{"EquivalenDuplicateOf":"74","FuncName":"main","IRPosInFunc":[3],"SrcLoc":"","Type":"ASSIGN$V1$@2$!OPERAND$@2$"},"944":{"EquivalenDuplicateOf":"76","FuncName":"main","IRPosInFunc":[3],"SrcLoc":"","Type":"ASSIGN$V1$@2$!MOD$V1$@2$"},"945":{"EquivalenDuplicateOf":"76","FuncName":"main","IRPosInFunc":[3],"SrcLoc":"","Type":"ASSIGN$V1$@2$!BITSHR$@2$V1$"},"946":{"EquivalenDuplicateOf":"76","FuncName":"main","IRPosInFunc":[3],"SrcLoc":"","Type":"ASSIGN$V1$@2$!SUB$V1$@2$"},"947":{"EquivalenDuplicateOf":"76","FuncName":"main","IRPosInFunc":[3],"SrcLoc":"","Type":"ASSIGN$V1$@2$!SUB$@2$V1$"},"948":{"EquivalenDuplicateOf":"74","FuncName":"main","IRPosInFunc":[3],"SrcLoc":"","Type":"ASSIGN$V1$@2$!ABS$@2$"},"949":{"EquivalenDuplicateOf":"76","FuncName":"main","IRPosInFunc":[3],"SrcLoc":"","Type":"ASSIGN$V1$@2$!DIV$V1$@2$"},"950":{"EquivalenDuplicateOf":"76","FuncName":"main","IRPosInFunc":[3],"SrcLoc":"","Type":"ASSIGN$V1$@2$!MUL$V1$@2$"},"951":{"EquivalenDuplicateOf":"76","FuncName":"main","IRPosInFunc":[3],"SrcLoc":"","Type":"ASSIGN$V1$@2$!BITSHR$V1$@2$"},"952":{"EquivalenDuplicateOf":"74","FuncName":"main","IRPosInFunc":[3],"SrcLoc":"","Type":"ASSIGN$V1$@2$!CONSTVAL$0$"},"953":{"EquivalenDuplicateOf":"76","FuncName":"main","IRPosInFunc":[3],"SrcLoc":"","Type":"ASSIGN$V1$@2$!NEG$V1$"},"954":{"EquivalenDuplicateOf":"76","FuncName":"main","IRPosInFunc":[3],"SrcLoc":"","Type":"ASSIGN$V1$@2$!BITXOR$V1$@2$"},"955":{"EquivalenDuplicateOf":"74","FuncName":"main","IRPosInFunc":[3],"SrcLoc":"","Type":"ASSIGN$V1$@2$!CONSTVAL$1$"},"956":{"EquivalenDuplicateOf":"76","FuncName":"main","IRPosInFunc":[3],"SrcLoc":"","Type":"ASSIGN$V1$@2$!BITSHL$V1$@2$"},"957":{"EquivalenDuplicateOf":"76","FuncName":"main","IRPosInFunc":[3],"SrcLoc":"","Type":"ASSIGN$V1$@2$!BITSHL$@2$V1$"},"958":{"EquivalenDuplicateOf":"76","FuncName":"main","IRPosInFunc":[3],"SrcLoc":"","Type":"ASSIGN$V1$@2$!BITAND$V1$@2$"},"959":{"EquivalenDuplicateOf":"74","FuncName":"main","IRPosInFunc":[3],"SrcLoc":"","Type":"ASSIGN$V1$@2$!NEG$@2$"},"960":{"EquivalenDuplicateOf":"76","FuncName":"main","IRPosInFunc":[3],"SrcLoc":"","Type":"ASSIGN$V1$@2$!BITNOT$V1$"},"961":{"EquivalenDuplicateOf":"76","FuncName":"main","IRPosInFunc":[3],"SrcLoc":"","Type":"ASSIGN$V1$@2$!ADD$V1$@2$"},"962":{"EquivalenDuplicateOf":"75","FuncName":"main","IRPosInFunc":[3],"SrcLoc":"","Type":"ASSIGN$V1$@2$!OPERAND$V1$"},"963":{"EquivalenDuplicateOf":"0","FuncName":"usage","IRPosInFunc":[22],"SrcLoc":"src/link.c:56","Type":"STMT!TRAPSTMT"},"964":{"EquivalenDuplicateOf":"0","FuncName":"usage","IRPosInFunc":[21],"SrcLoc":"src/link.c:55","Type":"STMT!TRAPSTMT"},"965":{"EquivalenDuplicateOf":"0","FuncName":"usage","IRPosInFunc":[10],"SrcLoc":"src/link.c:45","Type":"CALL!SHUFFLEARGS$2$"},"966":{"EquivalenDuplicateOf":"56","FuncName":"usage","IRPosInFunc":[10],"SrcLoc":"src/link.c:45","Type":"CALL!SHUFFLEARGS$2$"},"967":{"EquivalenDuplicateOf":"0","FuncName":"usage","IRPosInFunc":[10],"SrcLoc":"src/link.c:45","Type":"CALL!SHUFFLEARGS$2$"},"968":{"EquivalenDuplicateOf":"52","FuncName":"usage","IRPosInFunc":[7],"SrcLoc":"src/link.c:42","Type":"RETURN_BREAK_CONTINUE!DELSTMT"},"969":{"EquivalenDuplicateOf":"25","FuncName":"usage","IRPosInFunc":[3],"SrcLoc":"src/link.c:41","Type":"@!ABS$@$"},"970":{"EquivalenDuplicateOf":"27","FuncName":"usage","IRPosInFunc":[4],"SrcLoc":"src/link.c:41","Type":"NEQ$@1$@2$!BITSHR$@2$@1$"},"971":{"EquivalenDuplicateOf":"27","FuncName":"usage","IRPosInFunc":[4],"SrcLoc":"src/link.c:41","Type":"NEQ$@1$@2$!LT$@1$@2$"},"972":{"EquivalenDuplicateOf":"0","FuncName":"usage","IRPosInFunc":[4],"SrcLoc":"src/link.c:41","Type":"NEQ$@1$@2$!BITSHR$@1$@2$"},"973":{"EquivalenDuplicateOf":"26","FuncName":"usage","IRPosInFunc":[4],"SrcLoc":"src/link.c:41","Type":"NEQ$@1$@2$!GE$@1$@2$"},"974":{"EquivalenDuplicateOf":"27","FuncName":"usage","IRPosInFunc":[4],"SrcLoc":"src/link.c:41","Type":"NEQ$@1$@2$!GT$@2$@1$"},"975":{"EquivalenDuplicateOf":"33","FuncName":"usage","IRPosInFunc":[4],"SrcLoc":"src/link.c:41","Type":"NEQ$@1$@2$!MOD$@1$@2$"},"976":{"EquivalenDuplicateOf":"27","FuncName":"usage","IRPosInFunc":[4],"SrcLoc":"src/link.c:41","Type":"NEQ$@1$@2$!MOD$@2$@1$"},"977":{"EquivalenDuplicateOf":"27","FuncName":"usage","IRPosInFunc":[4],"SrcLoc":"src/link.c:41","Type":"NEQ$@1$@2$!DIV$@2$@1$"},"978":{"EquivalenDuplicateOf":"26","FuncName":"usage","IRPosInFunc":[4],"SrcLoc":"src/link.c:41","Type":"NEQ$@1$@2$!LE$@2$@1$"},"979":{"EquivalenDuplicateOf":"27","FuncName":"usage","IRPosInFunc":[4],"SrcLoc":"src/link.c:41","Type":"NEQ$@1$@2$!BITSHR$@2$@1$"},"980":{"EquivalenDuplicateOf":"27","FuncName":"usage","IRPosInFunc":[4],"SrcLoc":"src/link.c:41","Type":"NEQ$@1$@2$!NEG$@2$"},"981":{"EquivalenDuplicateOf":"27","FuncName":"usage","IRPosInFunc":[4],"SrcLoc":"src/link.c:41","Type":"NEQ$@1$@2$!MUL$@1$@2$"},"982":{"EquivalenDuplicateOf":"0","FuncName":"usage","IRPosInFunc":[4],"SrcLoc":"src/link.c:41","Type":"NEQ$@1$@2$!SUB$@1$@2$"},"983":{"EquivalenDuplicateOf":"0","FuncName":"usage","IRPosInFunc":[4],"SrcLoc":"src/link.c:41","Type":"NEQ$@1$@2$!BITSHR$@1$@2$"},"984":{"EquivalenDuplicateOf":"27","FuncName":"usage","IRPosInFunc":[4],"SrcLoc":"src/link.c:41","Type":"NEQ$@1$@2$!BITSHL$@2$@1$"},"985":{"EquivalenDuplicateOf":"0","FuncName":"usage","IRPosInFunc":[4],"SrcLoc":"src/link.c:41","Type":"NEQ$@1$@2$!BITOR$@1$@2$"},"986":{"EquivalenDuplicateOf":"26","FuncName":"usage","IRPosInFunc":[4],"SrcLoc":"src/link.c:41","Type":"NEQ$@1$@2$!CONSTVAL$1$"},"987":{"EquivalenDuplicateOf":"27","FuncName":"usage","IRPosInFunc":[4],"SrcLoc":"src/link.c:41","Type":"NEQ$@1$@2$!ABS$@2$"},"988":{"EquivalenDuplicateOf":"0","FuncName":"usage","IRPosInFunc":[4],"SrcLoc":"src/link.c:41","Type":"NEQ$@1$@2$!OPERAND$@1$"},"989":{"EquivalenDuplicateOf":"31","FuncName":"usage","IRPosInFunc":[4],"SrcLoc":"src/link.c:41","Type":"NEQ$@1$@2$!NEG$@1$"},"990":{"EquivalenDuplicateOf":"27","FuncName":"usage","IRPosInFunc":[4],"SrcLoc":"src/link.c:41","Type":"NEQ$@1$@2$!MOD$@2$@1$"},"991":{"EquivalenDuplicateOf":"27","FuncName":"usage","IRPosInFunc":[4],"SrcLoc":"src/link.c:41","Type":"NEQ$@1$@2$!OPERAND$@2$"},"992":{"EquivalenDuplicateOf":"0","FuncName":"usage","IRPosInFunc":[4],"SrcLoc":"src/link.c:41","Type":"NEQ$@1$@2$!BITSHL$@1$@2$"},"993":{"EquivalenDuplicateOf":"27","FuncName":"usage","IRPosInFunc":[4],"SrcLoc":"src/link.c:41","Type":"NEQ$@1$@2$!DIV$@2$@1$"},"994":{"EquivalenDuplicateOf":"0","FuncName":"usage","IRPosInFunc":[4],"SrcLoc":"src/link.c:41","Type":"NEQ$@1$@2$!ADD$@1$@2$"},"995":{"EquivalenDuplicateOf":"27","FuncName":"usage","IRPosInFunc":[4],"SrcLoc":"src/link.c:41","Type":"NEQ$@1$@2$!BITAND$@1$@2$"},"996":{"EquivalenDuplicateOf":"0","FuncName":"usage","IRPosInFunc":[4],"SrcLoc":"src/link.c:41","Type":"NEQ$@1$@2$!BITXOR$@1$@2$"},"997":{"EquivalenDuplicateOf":"2","FuncName":"usage","IRPosInFunc":[1],"SrcLoc":"","Type":"ASSIGN$V1$@2$!DIV$@2$V1$"},"998":{"EquivalenDuplicateOf":"2","FuncName":"usage","IRPosInFunc":[1],"SrcLoc":"","Type":"ASSIGN$V1$@2$!MOD$V1$@2$"},"999":{"EquivalenDuplicateOf":"2","FuncName":"usage","IRPosInFunc":[1],"SrcLoc":"","Type":"ASSIGN$V1$@2$!BITSHR$@2$V1$"}}