{"1":{"FuncName":"usage","IRPosInFunc":[1],"SrcLoc":"","Type":"STMT!TRAPSTMT"},"10":{"FuncName":"usage","IRPosInFunc":[1],"SrcLoc":"","Type":"ASSIGN$V1$@2$!ABS$@2$"},"100":{"FuncName":"main","IRPosInFunc":[4],"SrcLoc":"","Type":"ASSIGN$V1$@2$!NEQ$V1$@2$"},"101":{"FuncName":"main","IRPosInFunc":[4],"SrcLoc":"","Type":"ASSIGN$V1$@2$!LT$V1$@2$"},"102":{"FuncName":"main","IRPosInFunc":[4],"SrcLoc":"","Type":"ASSIGN$V1$@2$!EQ$V1$@2$"},"103":{"FuncName":"main","IRPosInFunc":[4],"SrcLoc":"","Type":"ASSIGN$V1$@2$!GE$@2$V1$"},"104":{"FuncName":"main","IRPosInFunc":[4],"SrcLoc":"","Type":"ASSIGN$V1$@2$!ABS$@2$"},"105":{"FuncName":"main","IRPosInFunc":[4],"SrcLoc":"","Type":"ASSIGN$V1$@2$!GE$V1$@2$"},"106":{"FuncName":"main","IRPosInFunc":[4],"SrcLoc":"","Type":"ASSIGN$V1$@2$!LE$V1$@2$"},"107":{"FuncName":"main","IRPosInFunc":[4],"SrcLoc":"","Type":"ASSIGN$V1$@2$!GT$@2$V1$"},"108":{"FuncName":"main","IRPosInFunc":[4],"SrcLoc":"","Type":"ASSIGN$V1$@2$!GT$V1$@2$"},"109":{"FuncName":"main","IRPosInFunc":[4],"SrcLoc":"","Type":"ASSIGN$V1$@2$!LE$@2$V1$"},"11":{"FuncName":"usage","IRPosInFunc":[1],"SrcLoc":"","Type":"ASSIGN$V1$@2$!GE$V1$@2$"},"110":{"FuncName":"main","IRPosInFunc":[4],"SrcLoc":"","Type":"ASSIGN$V1$@2$!LT$@2$V1$"},"111":{"FuncName":"main","IRPosInFunc":[4],"SrcLoc":"","Type":"ASSIGN$V1$@2$!LT$V1$@2$"},"112":{"FuncName":"main","IRPosInFunc":[4],"SrcLoc":"","Type":"ASSIGN$V1$@2$!GE$@2$V1$"},"113":{"FuncName":"main","IRPosInFunc":[4],"SrcLoc":"","Type":"ASSIGN$V1$@2$!GE$V1$@2$"},"114":{"FuncName":"main","IRPosInFunc":[4],"SrcLoc":"","Type":"ASSIGN$V1$@2$!LE$V1$@2$"},"115":{"FuncName":"main","IRPosInFunc":[4],"SrcLoc":"","Type":"ASSIGN$V1$@2$!GT$@2$V1$"},"116":{"FuncName":"main","IRPosInFunc":[4],"SrcLoc":"","Type":"ASSIGN$V1$@2$!GT$V1$@2$"},"117":{"FuncName":"main","IRPosInFunc":[6],"SrcLoc":"","Type":"STMT!TRAPSTMT"},"118":{"FuncName":"main","IRPosInFunc":[6],"SrcLoc":"","Type":"STMT!DELSTMT"},"119":{"FuncName":"main","IRPosInFunc":[8,9,10,11],"SrcLoc":"src/link.c:62","Type":"STMT!TRAPSTMT"},"12":{"FuncName":"usage","IRPosInFunc":[1],"SrcLoc":"","Type":"ASSIGN$V1$@2$!LE$V1$@2$"},"120":{"FuncName":"main","IRPosInFunc":[8,9,10,11],"SrcLoc":"src/link.c:62","Type":"STMT!DELSTMT"},"121":{"FuncName":"main","IRPosInFunc":[8],"SrcLoc":"src/link.c:62","Type":"A!CONSTVAL$0$"},"122":{"FuncName":"main","IRPosInFunc":[9],"SrcLoc":"src/link.c:62","Type":"C!ADD$C$-1$"},"123":{"FuncName":"main","IRPosInFunc":[9],"SrcLoc":"src/link.c:62","Type":"C!ADD$C$1$"},"124":{"FuncName":"main","IRPosInFunc":[8],"SrcLoc":"src/link.c:62","Type":"P!PRIGHTDEC$P$"},"125":{"FuncName":"main","IRPosInFunc":[8],"SrcLoc":"src/link.c:62","Type":"P!PLEFTINC$P$"},"126":{"FuncName":"main","IRPosInFunc":[8],"SrcLoc":"src/link.c:62","Type":"P!PRIGHTINC$P$"},"127":{"FuncName":"main","IRPosInFunc":[8],"SrcLoc":"src/link.c:62","Type":"P!PLEFTDEC$P$"},"128":{"FuncName":"main","IRPosInFunc":[12],"SrcLoc":"src/link.c:63","Type":"STMT!TRAPSTMT"},"129":{"FuncName":"main","IRPosInFunc":[12],"SrcLoc":"src/link.c:63","Type":"STMT!DELSTMT"},"13":{"FuncName":"usage","IRPosInFunc":[1],"SrcLoc":"","Type":"ASSIGN$V1$@2$!GT$@2$V1$"},"130":{"FuncName":"main","IRPosInFunc":[13],"SrcLoc":"src/link.c:67","Type":"STMT!TRAPSTMT"},"131":{"FuncName":"main","IRPosInFunc":[13],"SrcLoc":"src/link.c:67","Type":"STMT!DELSTMT"},"132":{"FuncName":"main","IRPosInFunc":[13],"SrcLoc":"src/link.c:67","Type":"@!ABS$@$"},"133":{"FuncName":"main","IRPosInFunc":[14,15,16,17],"SrcLoc":"src/link.c:69","Type":"STMT!TRAPSTMT"},"134":{"FuncName":"main","IRPosInFunc":[14,15,16,17],"SrcLoc":"src/link.c:69","Type":"STMT!DELSTMT"},"135":{"FuncName":"main","IRPosInFunc":[15],"SrcLoc":"src/link.c:69","Type":"A!CONSTVAL$0$"},"136":{"FuncName":"main","IRPosInFunc":[14],"SrcLoc":"src/link.c:69","Type":"@!ABS$@$"},"137":{"FuncName":"main","IRPosInFunc":[15],"SrcLoc":"src/link.c:69","Type":"P!PRIGHTDEC$P$"},"138":{"FuncName":"main","IRPosInFunc":[15],"SrcLoc":"src/link.c:69","Type":"P!PLEFTINC$P$"},"139":{"FuncName":"main","IRPosInFunc":[15],"SrcLoc":"src/link.c:69","Type":"P!PRIGHTINC$P$"},"14":{"FuncName":"usage","IRPosInFunc":[1],"SrcLoc":"","Type":"ASSIGN$V1$@2$!GT$V1$@2$"},"140":{"FuncName":"main","IRPosInFunc":[15],"SrcLoc":"src/link.c:69","Type":"P!PLEFTDEC$P$"},"141":{"FuncName":"main","IRPosInFunc":[17],"SrcLoc":"src/link.c:69","Type":"CALL!SHUFFLEARGS$2$"},"142":{"FuncName":"main","IRPosInFunc":[17],"SrcLoc":"src/link.c:69","Type":"CALL!SHUFFLEARGS$2$"},"143":{"FuncName":"main","IRPosInFunc":[17],"SrcLoc":"src/link.c:69","Type":"CALL!SHUFFLEARGS$2$"},"144":{"FuncName":"main","IRPosInFunc":[17],"SrcLoc":"src/link.c:69","Type":"CALL!SHUFFLEARGS$2$"},"145":{"FuncName":"main","IRPosInFunc":[17],"SrcLoc":"src/link.c:69","Type":"CALL!SHUFFLEARGS$2$"},"146":{"FuncName":"main","IRPosInFunc":[17],"SrcLoc":"src/link.c:69","Type":"CALL!SHUFFLEARGS$2$"},"147":{"FuncName":"main","IRPosInFunc":[17],"SrcLoc":"src/link.c:69","Type":"CALL!SHUFFLEARGS$2$"},"148":{"FuncName":"main","IRPosInFunc":[17],"SrcLoc":"src/link.c:69","Type":"CALL!SHUFFLEARGS$2$"},"149":{"FuncName":"main","IRPosInFunc":[17],"SrcLoc":"src/link.c:69","Type":"CALL!SHUFFLEARGS$2$"},"15":{"FuncName":"usage","IRPosInFunc":[1],"SrcLoc":"","Type":"ASSIGN$V1$@2$!LE$@2$V1$"},"150":{"FuncName":"main","IRPosInFunc":[17],"SrcLoc":"src/link.c:69","Type":"CALL!SHUFFLEARGS$2$"},"151":{"FuncName":"main","IRPosInFunc":[18,19,20,21,22],"SrcLoc":"src/link.c:71","Type":"STMT!TRAPSTMT"},"152":{"FuncName":"main","IRPosInFunc":[21],"SrcLoc":"src/link.c:71","Type":"NEQ$@1$@2$!ABS$@1$"},"153":{"FuncName":"main","IRPosInFunc":[21],"SrcLoc":"src/link.c:71","Type":"NEQ$@1$@2$!BITNOT$@2$"},"154":{"FuncName":"main","IRPosInFunc":[21],"SrcLoc":"src/link.c:71","Type":"NEQ$@1$@2$!BITXOR$@1$@2$"},"155":{"FuncName":"main","IRPosInFunc":[21],"SrcLoc":"src/link.c:71","Type":"NEQ$@1$@2$!LE$@2$@1$"},"156":{"FuncName":"main","IRPosInFunc":[21],"SrcLoc":"src/link.c:71","Type":"NEQ$@1$@2$!BITAND$@1$@2$"},"157":{"FuncName":"main","IRPosInFunc":[21],"SrcLoc":"src/link.c:71","Type":"NEQ$@1$@2$!ADD$@1$@2$"},"158":{"FuncName":"main","IRPosInFunc":[21],"SrcLoc":"src/link.c:71","Type":"NEQ$@1$@2$!DIV$@2$@1$"},"159":{"FuncName":"main","IRPosInFunc":[21],"SrcLoc":"src/link.c:71","Type":"NEQ$@1$@2$!BITSHL$@1$@2$"},"16":{"FuncName":"usage","IRPosInFunc":[1],"SrcLoc":"","Type":"ASSIGN$V1$@2$!LT$@2$V1$"},"160":{"FuncName":"main","IRPosInFunc":[21],"SrcLoc":"src/link.c:71","Type":"NEQ$@1$@2$!OPERAND$@2$"},"161":{"FuncName":"main","IRPosInFunc":[21],"SrcLoc":"src/link.c:71","Type":"NEQ$@1$@2$!MOD$@2$@1$"},"162":{"FuncName":"main","IRPosInFunc":[21],"SrcLoc":"src/link.c:71","Type":"NEQ$@1$@2$!DIV$@1$@2$"},"163":{"FuncName":"main","IRPosInFunc":[21],"SrcLoc":"src/link.c:71","Type":"NEQ$@1$@2$!SUB$@2$@1$"},"164":{"FuncName":"main","IRPosInFunc":[21],"SrcLoc":"src/link.c:71","Type":"NEQ$@1$@2$!NEG$@1$"},"165":{"FuncName":"main","IRPosInFunc":[21],"SrcLoc":"src/link.c:71","Type":"NEQ$@1$@2$!EQ$@1$@2$"},"166":{"FuncName":"main","IRPosInFunc":[21],"SrcLoc":"src/link.c:71","Type":"NEQ$@1$@2$!MOD$@1$@2$"},"167":{"FuncName":"main","IRPosInFunc":[21],"SrcLoc":"src/link.c:71","Type":"NEQ$@1$@2$!GT$@2$@1$"},"168":{"FuncName":"main","IRPosInFunc":[21],"SrcLoc":"src/link.c:71","Type":"NEQ$@1$@2$!GE$@1$@2$"},"169":{"FuncName":"main","IRPosInFunc":[21],"SrcLoc":"src/link.c:71","Type":"NEQ$@1$@2$!BITSHL$@2$@1$"},"17":{"FuncName":"usage","IRPosInFunc":[1],"SrcLoc":"","Type":"ASSIGN$V1$@2$!LT$V1$@2$"},"170":{"FuncName":"main","IRPosInFunc":[21],"SrcLoc":"src/link.c:71","Type":"NEQ$@1$@2$!GT$@1$@2$"},"171":{"FuncName":"main","IRPosInFunc":[21],"SrcLoc":"src/link.c:71","Type":"NEQ$@1$@2$!SUB$@1$@2$"},"172":{"FuncName":"main","IRPosInFunc":[21],"SrcLoc":"src/link.c:71","Type":"NEQ$@1$@2$!LT$@2$@1$"},"173":{"FuncName":"main","IRPosInFunc":[21],"SrcLoc":"src/link.c:71","Type":"NEQ$@1$@2$!LT$@1$@2$"},"174":{"FuncName":"main","IRPosInFunc":[21],"SrcLoc":"src/link.c:71","Type":"NEQ$@1$@2$!LE$@1$@2$"},"175":{"FuncName":"main","IRPosInFunc":[21],"SrcLoc":"src/link.c:71","Type":"NEQ$@1$@2$!MUL$@1$@2$"},"176":{"FuncName":"main","IRPosInFunc":[21],"SrcLoc":"src/link.c:71","Type":"NEQ$@1$@2$!GE$@2$@1$"},"177":{"FuncName":"main","IRPosInFunc":[21],"SrcLoc":"src/link.c:71","Type":"NEQ$@1$@2$!LE$@2$@1$"},"178":{"FuncName":"main","IRPosInFunc":[21],"SrcLoc":"src/link.c:71","Type":"NEQ$@1$@2$!DIV$@2$@1$"},"179":{"FuncName":"main","IRPosInFunc":[21],"SrcLoc":"src/link.c:71","Type":"NEQ$@1$@2$!MOD$@2$@1$"},"18":{"FuncName":"usage","IRPosInFunc":[1],"SrcLoc":"","Type":"ASSIGN$V1$@2$!GE$@2$V1$"},"180":{"FuncName":"main","IRPosInFunc":[21],"SrcLoc":"src/link.c:71","Type":"NEQ$@1$@2$!DIV$@1$@2$"},"181":{"FuncName":"main","IRPosInFunc":[21],"SrcLoc":"src/link.c:71","Type":"NEQ$@1$@2$!MOD$@1$@2$"},"182":{"FuncName":"main","IRPosInFunc":[21],"SrcLoc":"src/link.c:71","Type":"NEQ$@1$@2$!GT$@2$@1$"},"183":{"FuncName":"main","IRPosInFunc":[21],"SrcLoc":"src/link.c:71","Type":"NEQ$@1$@2$!GE$@1$@2$"},"184":{"FuncName":"main","IRPosInFunc":[21],"SrcLoc":"src/link.c:71","Type":"NEQ$@1$@2$!LT$@1$@2$"},"185":{"FuncName":"main","IRPosInFunc":[21],"SrcLoc":"src/link.c:71","Type":"NEQ$@1$@2$!BITSHR$@2$@1$"},"186":{"FuncName":"main","IRPosInFunc":[19],"SrcLoc":"src/link.c:71","Type":"A!CONSTVAL$0$"},"187":{"FuncName":"main","IRPosInFunc":[21],"SrcLoc":"src/link.c:71","Type":"@!ABS$@$"},"188":{"FuncName":"main","IRPosInFunc":[18],"SrcLoc":"src/link.c:71","Type":"@!ABS$@$"},"189":{"FuncName":"main","IRPosInFunc":[20],"SrcLoc":"src/link.c:71","Type":"@!ABS$@$"},"19":{"FuncName":"usage","IRPosInFunc":[1],"SrcLoc":"","Type":"ASSIGN$V1$@2$!GE$V1$@2$"},"190":{"FuncName":"main","IRPosInFunc":[21],"SrcLoc":"src/link.c:71","Type":"@!ABS$@$"},"191":{"FuncName":"main","IRPosInFunc":[21],"SrcLoc":"src/link.c:71","Type":"C!ADD$C$-1$"},"192":{"FuncName":"main","IRPosInFunc":[19],"SrcLoc":"src/link.c:71","Type":"P!PRIGHTDEC$P$"},"193":{"FuncName":"main","IRPosInFunc":[19],"SrcLoc":"src/link.c:71","Type":"P!PLEFTINC$P$"},"194":{"FuncName":"main","IRPosInFunc":[19],"SrcLoc":"src/link.c:71","Type":"P!PRIGHTINC$P$"},"195":{"FuncName":"main","IRPosInFunc":[19],"SrcLoc":"src/link.c:71","Type":"P!PLEFTDEC$P$"},"196":{"FuncName":"main","IRPosInFunc":[23],"SrcLoc":"src/link.c:72","Type":"STMT!TRAPSTMT"},"197":{"FuncName":"main","IRPosInFunc":[23],"SrcLoc":"src/link.c:72","Type":"STMT!DELSTMT"},"198":{"FuncName":"main","IRPosInFunc":[25,26,27,28,29],"SrcLoc":"src/link.c:74","Type":"STMT!TRAPSTMT"},"199":{"FuncName":"main","IRPosInFunc":[27,26],"SrcLoc":"src/link.c:74","Type":"PDEREF_ADD$A1$@2$!PADD_DEREF$A1$@2$"},"2":{"FuncName":"usage","IRPosInFunc":[1],"SrcLoc":"","Type":"STMT!DELSTMT"},"20":{"FuncName":"usage","IRPosInFunc":[1],"SrcLoc":"","Type":"ASSIGN$V1$@2$!LE$V1$@2$"},"200":{"FuncName":"main","IRPosInFunc":[27,26],"SrcLoc":"src/link.c:74","Type":"PDEREF_ADD$A1$@2$!PSUB_DEREF$A1$@2$"},"201":{"FuncName":"main","IRPosInFunc":[25],"SrcLoc":"src/link.c:74","Type":"@!ABS$@$"},"202":{"FuncName":"main","IRPosInFunc":[26],"SrcLoc":"src/link.c:74","Type":"@!ABS$@$"},"203":{"FuncName":"main","IRPosInFunc":[27],"SrcLoc":"src/link.c:74","Type":"@!ABS$@$"},"204":{"FuncName":"main","IRPosInFunc":[28],"SrcLoc":"src/link.c:74","Type":"@!ABS$@$"},"205":{"FuncName":"main","IRPosInFunc":[27],"SrcLoc":"src/link.c:74","Type":"C!CONSTVAL$0$"},"206":{"FuncName":"main","IRPosInFunc":[27],"SrcLoc":"src/link.c:74","Type":"C!ADD$C$-1$"},"207":{"FuncName":"main","IRPosInFunc":[27],"SrcLoc":"src/link.c:74","Type":"C!ADD$C$1$"},"208":{"FuncName":"main","IRPosInFunc":[27],"SrcLoc":"src/link.c:74","Type":"ADD$V1$@2$!ASSIGN$V1$@2$"},"209":{"FuncName":"main","IRPosInFunc":[27],"SrcLoc":"src/link.c:74","Type":"ADD$@1$@2$!GT$@2$@1$"},"21":{"FuncName":"usage","IRPosInFunc":[1],"SrcLoc":"","Type":"ASSIGN$V1$@2$!GT$@2$V1$"},"210":{"FuncName":"main","IRPosInFunc":[27],"SrcLoc":"src/link.c:74","Type":"ADD$@1$@2$!SUB$@1$@2$"},"211":{"FuncName":"main","IRPosInFunc":[27],"SrcLoc":"src/link.c:74","Type":"ADD$@1$@2$!BITSHR$@2$@1$"},"212":{"FuncName":"main","IRPosInFunc":[27],"SrcLoc":"src/link.c:74","Type":"ADD$@1$@2$!LT$@1$@2$"},"213":{"FuncName":"main","IRPosInFunc":[27],"SrcLoc":"src/link.c:74","Type":"ADD$@1$@2$!SUB$@2$@1$"},"214":{"FuncName":"main","IRPosInFunc":[27],"SrcLoc":"src/link.c:74","Type":"ADD$@1$@2$!OPERAND$@2$"},"215":{"FuncName":"main","IRPosInFunc":[27],"SrcLoc":"src/link.c:74","Type":"ADD$@1$@2$!LE$@2$@1$"},"216":{"FuncName":"main","IRPosInFunc":[27],"SrcLoc":"src/link.c:74","Type":"ADD$@1$@2$!BITAND$@1$@2$"},"217":{"FuncName":"main","IRPosInFunc":[27],"SrcLoc":"src/link.c:74","Type":"ADD$@1$@2$!ABS$@1$"},"218":{"FuncName":"main","IRPosInFunc":[27],"SrcLoc":"src/link.c:74","Type":"ADD$@1$@2$!LE$@1$@2$"},"219":{"FuncName":"main","IRPosInFunc":[27],"SrcLoc":"src/link.c:74","Type":"ADD$@1$@2$!DIV$@1$@2$"},"22":{"FuncName":"usage","IRPosInFunc":[1],"SrcLoc":"","Type":"ASSIGN$V1$@2$!GT$V1$@2$"},"220":{"FuncName":"main","IRPosInFunc":[27],"SrcLoc":"src/link.c:74","Type":"ADD$@1$@2$!CONSTVAL$0$"},"221":{"FuncName":"main","IRPosInFunc":[27],"SrcLoc":"src/link.c:74","Type":"ADD$@1$@2$!MOD$@1$@2$"},"222":{"FuncName":"main","IRPosInFunc":[27],"SrcLoc":"src/link.c:74","Type":"ADD$@1$@2$!MOD$@2$@1$"},"223":{"FuncName":"main","IRPosInFunc":[27],"SrcLoc":"src/link.c:74","Type":"ADD$@1$@2$!MUL$@1$@2$"},"224":{"FuncName":"main","IRPosInFunc":[27],"SrcLoc":"src/link.c:74","Type":"ADD$@1$@2$!BITXOR$@1$@2$"},"225":{"FuncName":"main","IRPosInFunc":[27],"SrcLoc":"src/link.c:74","Type":"ADD$@1$@2$!LT$@2$@1$"},"226":{"FuncName":"main","IRPosInFunc":[27],"SrcLoc":"src/link.c:74","Type":"ADD$@1$@2$!DIV$@2$@1$"},"227":{"FuncName":"main","IRPosInFunc":[27],"SrcLoc":"src/link.c:74","Type":"ADD$@1$@2$!NEG$@1$"},"228":{"FuncName":"main","IRPosInFunc":[27],"SrcLoc":"src/link.c:74","Type":"ADD$@1$@2$!BITOR$@1$@2$"},"229":{"FuncName":"main","IRPosInFunc":[27],"SrcLoc":"src/link.c:74","Type":"ADD$@1$@2$!BITNOT$@2$"},"23":{"FuncName":"usage","IRPosInFunc":[3,4,5],"SrcLoc":"src/link.c:41","Type":"STMT!TRAPSTMT"},"230":{"FuncName":"main","IRPosInFunc":[27],"SrcLoc":"src/link.c:74","Type":"ADD$@1$@2$!NEG$@2$"},"231":{"FuncName":"main","IRPosInFunc":[27],"SrcLoc":"src/link.c:74","Type":"ADD$@1$@2$!GT$@1$@2$"},"232":{"FuncName":"main","IRPosInFunc":[27],"SrcLoc":"src/link.c:74","Type":"ADD$@1$@2$!GE$@1$@2$"},"233":{"FuncName":"main","IRPosInFunc":[27],"SrcLoc":"src/link.c:74","Type":"ADD$@1$@2$!EQ$@1$@2$"},"234":{"FuncName":"main","IRPosInFunc":[27],"SrcLoc":"src/link.c:74","Type":"ADD$@1$@2$!GE$@2$@1$"},"235":{"FuncName":"main","IRPosInFunc":[27],"SrcLoc":"src/link.c:74","Type":"ADD$@1$@2$!BITSHL$@1$@2$"},"236":{"FuncName":"main","IRPosInFunc":[27],"SrcLoc":"src/link.c:74","Type":"ADD$@1$@2$!NEQ$@1$@2$"},"237":{"FuncName":"main","IRPosInFunc":[27],"SrcLoc":"src/link.c:74","Type":"ADD$@1$@2$!BITNOT$@1$"},"238":{"FuncName":"main","IRPosInFunc":[27],"SrcLoc":"src/link.c:74","Type":"ADD$@1$@2$!CONSTVAL$1$"},"239":{"FuncName":"main","IRPosInFunc":[27],"SrcLoc":"src/link.c:74","Type":"ADD$@1$@2$!BITSHL$@2$@1$"},"24":{"FuncName":"usage","IRPosInFunc":[4],"SrcLoc":"src/link.c:41","Type":"NEQ$V1$@2$!ASSIGN$V1$@2$"},"240":{"FuncName":"main","IRPosInFunc":[27],"SrcLoc":"src/link.c:74","Type":"ADD$@1$@2$!BITSHR$@1$@2$"},"241":{"FuncName":"main","IRPosInFunc":[27],"SrcLoc":"src/link.c:74","Type":"ADD$@1$@2$!GT$@2$@1$"},"242":{"FuncName":"main","IRPosInFunc":[27],"SrcLoc":"src/link.c:74","Type":"ADD$@1$@2$!BITSHR$@2$@1$"},"243":{"FuncName":"main","IRPosInFunc":[27],"SrcLoc":"src/link.c:74","Type":"ADD$@1$@2$!LT$@1$@2$"},"244":{"FuncName":"main","IRPosInFunc":[27],"SrcLoc":"src/link.c:74","Type":"ADD$@1$@2$!LE$@2$@1$"},"245":{"FuncName":"main","IRPosInFunc":[27],"SrcLoc":"src/link.c:74","Type":"ADD$@1$@2$!LE$@1$@2$"},"246":{"FuncName":"main","IRPosInFunc":[27],"SrcLoc":"src/link.c:74","Type":"ADD$@1$@2$!DIV$@1$@2$"},"247":{"FuncName":"main","IRPosInFunc":[27],"SrcLoc":"src/link.c:74","Type":"ADD$@1$@2$!MOD$@1$@2$"},"248":{"FuncName":"main","IRPosInFunc":[27],"SrcLoc":"src/link.c:74","Type":"ADD$@1$@2$!MOD$@2$@1$"},"249":{"FuncName":"main","IRPosInFunc":[27],"SrcLoc":"src/link.c:74","Type":"ADD$@1$@2$!LT$@2$@1$"},"25":{"FuncName":"usage","IRPosInFunc":[4],"SrcLoc":"src/link.c:41","Type":"NEQ$@1$@2$!ABS$@1$"},"250":{"FuncName":"main","IRPosInFunc":[27],"SrcLoc":"src/link.c:74","Type":"ADD$@1$@2$!DIV$@2$@1$"},"251":{"FuncName":"main","IRPosInFunc":[27],"SrcLoc":"src/link.c:74","Type":"ADD$@1$@2$!GT$@1$@2$"},"252":{"FuncName":"main","IRPosInFunc":[27],"SrcLoc":"src/link.c:74","Type":"ADD$@1$@2$!GE$@1$@2$"},"253":{"FuncName":"main","IRPosInFunc":[27],"SrcLoc":"src/link.c:74","Type":"ADD$@1$@2$!GE$@2$@1$"},"254":{"FuncName":"main","IRPosInFunc":[27],"SrcLoc":"src/link.c:74","Type":"ADD$@1$@2$!BITSHR$@1$@2$"},"255":{"FuncName":"main","IRPosInFunc":[28],"SrcLoc":"src/link.c:74","Type":"LT$V1$@2$!ASSIGN$V1$@2$"},"256":{"FuncName":"main","IRPosInFunc":[28],"SrcLoc":"src/link.c:74","Type":"LT$@1$@2$!MOD$@2$@1$"},"257":{"FuncName":"main","IRPosInFunc":[28],"SrcLoc":"src/link.c:74","Type":"LT$@1$@2$!NEG$@2$"},"258":{"FuncName":"main","IRPosInFunc":[28],"SrcLoc":"src/link.c:74","Type":"LT$@1$@2$!BITXOR$@1$@2$"},"259":{"FuncName":"main","IRPosInFunc":[28],"SrcLoc":"src/link.c:74","Type":"LT$@1$@2$!DIV$@2$@1$"},"26":{"FuncName":"usage","IRPosInFunc":[4],"SrcLoc":"src/link.c:41","Type":"NEQ$@1$@2$!BITNOT$@2$"},"260":{"FuncName":"main","IRPosInFunc":[28],"SrcLoc":"src/link.c:74","Type":"LT$@1$@2$!BITSHR$@1$@2$"},"261":{"FuncName":"main","IRPosInFunc":[28],"SrcLoc":"src/link.c:74","Type":"LT$@1$@2$!BITOR$@1$@2$"},"262":{"FuncName":"main","IRPosInFunc":[28],"SrcLoc":"src/link.c:74","Type":"LT$@1$@2$!SUB$@2$@1$"},"263":{"FuncName":"main","IRPosInFunc":[28],"SrcLoc":"src/link.c:74","Type":"LT$@1$@2$!NEG$@1$"},"264":{"FuncName":"main","IRPosInFunc":[28],"SrcLoc":"src/link.c:74","Type":"LT$@1$@2$!NEQ$@1$@2$"},"265":{"FuncName":"main","IRPosInFunc":[28],"SrcLoc":"src/link.c:74","Type":"LT$@1$@2$!BITNOT$@2$"},"266":{"FuncName":"main","IRPosInFunc":[28],"SrcLoc":"src/link.c:74","Type":"LT$@1$@2$!BITSHL$@2$@1$"},"267":{"FuncName":"main","IRPosInFunc":[28],"SrcLoc":"src/link.c:74","Type":"LT$@1$@2$!BITSHL$@1$@2$"},"268":{"FuncName":"main","IRPosInFunc":[28],"SrcLoc":"src/link.c:74","Type":"LT$@1$@2$!CONSTVAL$1$"},"269":{"FuncName":"main","IRPosInFunc":[28],"SrcLoc":"src/link.c:74","Type":"LT$@1$@2$!EQ$@1$@2$"},"27":{"FuncName":"usage","IRPosInFunc":[4],"SrcLoc":"src/link.c:41","Type":"NEQ$@1$@2$!CONSTVAL$0$"},"270":{"FuncName":"main","IRPosInFunc":[28],"SrcLoc":"src/link.c:74","Type":"LT$@1$@2$!ADD$@1$@2$"},"271":{"FuncName":"main","IRPosInFunc":[28],"SrcLoc":"src/link.c:74","Type":"LT$@1$@2$!OPERAND$@1$"},"272":{"FuncName":"main","IRPosInFunc":[28],"SrcLoc":"src/link.c:74","Type":"LT$@1$@2$!MUL$@1$@2$"},"273":{"FuncName":"main","IRPosInFunc":[28],"SrcLoc":"src/link.c:74","Type":"LT$@1$@2$!BITAND$@1$@2$"},"274":{"FuncName":"main","IRPosInFunc":[28],"SrcLoc":"src/link.c:74","Type":"LT$@1$@2$!ABS$@1$"},"275":{"FuncName":"main","IRPosInFunc":[28],"SrcLoc":"src/link.c:74","Type":"LT$@1$@2$!ABS$@2$"},"276":{"FuncName":"main","IRPosInFunc":[28],"SrcLoc":"src/link.c:74","Type":"LT$@1$@2$!OPERAND$@2$"},"277":{"FuncName":"main","IRPosInFunc":[28],"SrcLoc":"src/link.c:74","Type":"LT$@1$@2$!MOD$@1$@2$"},"278":{"FuncName":"main","IRPosInFunc":[28],"SrcLoc":"src/link.c:74","Type":"LT$@1$@2$!LE$@2$@1$"},"279":{"FuncName":"main","IRPosInFunc":[28],"SrcLoc":"src/link.c:74","Type":"LT$@1$@2$!GE$@2$@1$"},"28":{"FuncName":"usage","IRPosInFunc":[4],"SrcLoc":"src/link.c:41","Type":"NEQ$@1$@2$!LE$@2$@1$"},"280":{"FuncName":"main","IRPosInFunc":[28],"SrcLoc":"src/link.c:74","Type":"LT$@1$@2$!CONSTVAL$0$"},"281":{"FuncName":"main","IRPosInFunc":[28],"SrcLoc":"src/link.c:74","Type":"LT$@1$@2$!SUB$@1$@2$"},"282":{"FuncName":"main","IRPosInFunc":[28],"SrcLoc":"src/link.c:74","Type":"LT$@1$@2$!LE$@1$@2$"},"283":{"FuncName":"main","IRPosInFunc":[28],"SrcLoc":"src/link.c:74","Type":"LT$@1$@2$!DIV$@1$@2$"},"284":{"FuncName":"main","IRPosInFunc":[28],"SrcLoc":"src/link.c:74","Type":"LT$@1$@2$!GE$@1$@2$"},"285":{"FuncName":"main","IRPosInFunc":[28],"SrcLoc":"src/link.c:74","Type":"LT$@1$@2$!BITSHR$@2$@1$"},"286":{"FuncName":"main","IRPosInFunc":[28],"SrcLoc":"src/link.c:74","Type":"LT$@1$@2$!GT$@2$@1$"},"287":{"FuncName":"main","IRPosInFunc":[28],"SrcLoc":"src/link.c:74","Type":"LT$@1$@2$!BITNOT$@1$"},"288":{"FuncName":"main","IRPosInFunc":[28],"SrcLoc":"src/link.c:74","Type":"LT$@1$@2$!GT$@1$@2$"},"289":{"FuncName":"main","IRPosInFunc":[30,31,32,33,34],"SrcLoc":"src/link.c:76","Type":"STMT!TRAPSTMT"},"29":{"FuncName":"usage","IRPosInFunc":[4],"SrcLoc":"src/link.c:41","Type":"NEQ$@1$@2$!BITNOT$@1$"},"290":{"FuncName":"main","IRPosInFunc":[32,31],"SrcLoc":"src/link.c:76","Type":"PDEREF_ADD$A1$@2$!PADD_DEREF$A1$@2$"},"291":{"FuncName":"main","IRPosInFunc":[32,31],"SrcLoc":"src/link.c:76","Type":"PDEREF_ADD$A1$@2$!PSUB_DEREF$A1$@2$"},"292":{"FuncName":"main","IRPosInFunc":[30],"SrcLoc":"src/link.c:76","Type":"@!ABS$@$"},"293":{"FuncName":"main","IRPosInFunc":[31],"SrcLoc":"src/link.c:76","Type":"@!ABS$@$"},"294":{"FuncName":"main","IRPosInFunc":[32],"SrcLoc":"src/link.c:76","Type":"@!ABS$@$"},"295":{"FuncName":"main","IRPosInFunc":[33],"SrcLoc":"src/link.c:76","Type":"@!ABS$@$"},"296":{"FuncName":"main","IRPosInFunc":[32],"SrcLoc":"src/link.c:76","Type":"C!CONSTVAL$0$"},"297":{"FuncName":"main","IRPosInFunc":[32],"SrcLoc":"src/link.c:76","Type":"C!ADD$C$1$"},"298":{"FuncName":"main","IRPosInFunc":[32],"SrcLoc":"src/link.c:76","Type":"ADD$V1$@2$!ASSIGN$V1$@2$"},"299":{"FuncName":"main","IRPosInFunc":[32],"SrcLoc":"src/link.c:76","Type":"ADD$@1$@2$!GT$@2$@1$"},"3":{"FuncName":"usage","IRPosInFunc":[1],"SrcLoc":"","Type":"ASSIGN$V1$@2$!LE$@2$V1$"},"30":{"FuncName":"usage","IRPosInFunc":[4],"SrcLoc":"src/link.c:41","Type":"NEQ$@1$@2$!DIV$@1$@2$"},"300":{"FuncName":"main","IRPosInFunc":[32],"SrcLoc":"src/link.c:76","Type":"ADD$@1$@2$!SUB$@1$@2$"},"301":{"FuncName":"main","IRPosInFunc":[32],"SrcLoc":"src/link.c:76","Type":"ADD$@1$@2$!BITSHR$@2$@1$"},"302":{"FuncName":"main","IRPosInFunc":[32],"SrcLoc":"src/link.c:76","Type":"ADD$@1$@2$!LT$@1$@2$"},"303":{"FuncName":"main","IRPosInFunc":[32],"SrcLoc":"src/link.c:76","Type":"ADD$@1$@2$!SUB$@2$@1$"},"304":{"FuncName":"main","IRPosInFunc":[32],"SrcLoc":"src/link.c:76","Type":"ADD$@1$@2$!OPERAND$@2$"},"305":{"FuncName":"main","IRPosInFunc":[32],"SrcLoc":"src/link.c:76","Type":"ADD$@1$@2$!LE$@2$@1$"},"306":{"FuncName":"main","IRPosInFunc":[32],"SrcLoc":"src/link.c:76","Type":"ADD$@1$@2$!BITAND$@1$@2$"},"307":{"FuncName":"main","IRPosInFunc":[32],"SrcLoc":"src/link.c:76","Type":"ADD$@1$@2$!ABS$@1$"},"308":{"FuncName":"main","IRPosInFunc":[32],"SrcLoc":"src/link.c:76","Type":"ADD$@1$@2$!LE$@1$@2$"},"309":{"FuncName":"main","IRPosInFunc":[32],"SrcLoc":"src/link.c:76","Type":"ADD$@1$@2$!CONSTVAL$0$"},"31":{"FuncName":"usage","IRPosInFunc":[4],"SrcLoc":"src/link.c:41","Type":"NEQ$@1$@2$!SUB$@2$@1$"},"310":{"FuncName":"main","IRPosInFunc":[32],"SrcLoc":"src/link.c:76","Type":"ADD$@1$@2$!MOD$@2$@1$"},"311":{"FuncName":"main","IRPosInFunc":[32],"SrcLoc":"src/link.c:76","Type":"ADD$@1$@2$!BITXOR$@1$@2$"},"312":{"FuncName":"main","IRPosInFunc":[32],"SrcLoc":"src/link.c:76","Type":"ADD$@1$@2$!LT$@2$@1$"},"313":{"FuncName":"main","IRPosInFunc":[32],"SrcLoc":"src/link.c:76","Type":"ADD$@1$@2$!DIV$@2$@1$"},"314":{"FuncName":"main","IRPosInFunc":[32],"SrcLoc":"src/link.c:76","Type":"ADD$@1$@2$!NEG$@1$"},"315":{"FuncName":"main","IRPosInFunc":[32],"SrcLoc":"src/link.c:76","Type":"ADD$@1$@2$!BITOR$@1$@2$"},"316":{"FuncName":"main","IRPosInFunc":[32],"SrcLoc":"src/link.c:76","Type":"ADD$@1$@2$!BITNOT$@2$"},"317":{"FuncName":"main","IRPosInFunc":[32],"SrcLoc":"src/link.c:76","Type":"ADD$@1$@2$!NEG$@2$"},"318":{"FuncName":"main","IRPosInFunc":[32],"SrcLoc":"src/link.c:76","Type":"ADD$@1$@2$!GT$@1$@2$"},"319":{"FuncName":"main","IRPosInFunc":[32],"SrcLoc":"src/link.c:76","Type":"ADD$@1$@2$!GE$@1$@2$"},"32":{"FuncName":"usage","IRPosInFunc":[4],"SrcLoc":"src/link.c:41","Type":"NEQ$@1$@2$!EQ$@1$@2$"},"320":{"FuncName":"main","IRPosInFunc":[32],"SrcLoc":"src/link.c:76","Type":"ADD$@1$@2$!EQ$@1$@2$"},"321":{"FuncName":"main","IRPosInFunc":[32],"SrcLoc":"src/link.c:76","Type":"ADD$@1$@2$!GE$@2$@1$"},"322":{"FuncName":"main","IRPosInFunc":[32],"SrcLoc":"src/link.c:76","Type":"ADD$@1$@2$!BITSHL$@1$@2$"},"323":{"FuncName":"main","IRPosInFunc":[32],"SrcLoc":"src/link.c:76","Type":"ADD$@1$@2$!NEQ$@1$@2$"},"324":{"FuncName":"main","IRPosInFunc":[32],"SrcLoc":"src/link.c:76","Type":"ADD$@1$@2$!BITNOT$@1$"},"325":{"FuncName":"main","IRPosInFunc":[32],"SrcLoc":"src/link.c:76","Type":"ADD$@1$@2$!BITSHL$@2$@1$"},"326":{"FuncName":"main","IRPosInFunc":[32],"SrcLoc":"src/link.c:76","Type":"ADD$@1$@2$!BITSHR$@1$@2$"},"327":{"FuncName":"main","IRPosInFunc":[32],"SrcLoc":"src/link.c:76","Type":"ADD$@1$@2$!GT$@2$@1$"},"328":{"FuncName":"main","IRPosInFunc":[32],"SrcLoc":"src/link.c:76","Type":"ADD$@1$@2$!BITSHR$@2$@1$"},"329":{"FuncName":"main","IRPosInFunc":[32],"SrcLoc":"src/link.c:76","Type":"ADD$@1$@2$!LT$@1$@2$"},"33":{"FuncName":"usage","IRPosInFunc":[4],"SrcLoc":"src/link.c:41","Type":"NEQ$@1$@2$!MOD$@1$@2$"},"330":{"FuncName":"main","IRPosInFunc":[32],"SrcLoc":"src/link.c:76","Type":"ADD$@1$@2$!LE$@2$@1$"},"331":{"FuncName":"main","IRPosInFunc":[32],"SrcLoc":"src/link.c:76","Type":"ADD$@1$@2$!LE$@1$@2$"},"332":{"FuncName":"main","IRPosInFunc":[32],"SrcLoc":"src/link.c:76","Type":"ADD$@1$@2$!MOD$@2$@1$"},"333":{"FuncName":"main","IRPosInFunc":[32],"SrcLoc":"src/link.c:76","Type":"ADD$@1$@2$!LT$@2$@1$"},"334":{"FuncName":"main","IRPosInFunc":[32],"SrcLoc":"src/link.c:76","Type":"ADD$@1$@2$!DIV$@2$@1$"},"335":{"FuncName":"main","IRPosInFunc":[32],"SrcLoc":"src/link.c:76","Type":"ADD$@1$@2$!GT$@1$@2$"},"336":{"FuncName":"main","IRPosInFunc":[32],"SrcLoc":"src/link.c:76","Type":"ADD$@1$@2$!GE$@1$@2$"},"337":{"FuncName":"main","IRPosInFunc":[32],"SrcLoc":"src/link.c:76","Type":"ADD$@1$@2$!GE$@2$@1$"},"338":{"FuncName":"main","IRPosInFunc":[32],"SrcLoc":"src/link.c:76","Type":"ADD$@1$@2$!BITSHR$@1$@2$"},"339":{"FuncName":"main","IRPosInFunc":[33],"SrcLoc":"src/link.c:76","Type":"LT$V1$@2$!ASSIGN$V1$@2$"},"34":{"FuncName":"usage","IRPosInFunc":[4],"SrcLoc":"src/link.c:41","Type":"NEQ$@1$@2$!GT$@2$@1$"},"340":{"FuncName":"main","IRPosInFunc":[33],"SrcLoc":"src/link.c:76","Type":"LT$@1$@2$!MOD$@2$@1$"},"341":{"FuncName":"main","IRPosInFunc":[33],"SrcLoc":"src/link.c:76","Type":"LT$@1$@2$!NEG$@2$"},"342":{"FuncName":"main","IRPosInFunc":[33],"SrcLoc":"src/link.c:76","Type":"LT$@1$@2$!BITXOR$@1$@2$"},"343":{"FuncName":"main","IRPosInFunc":[33],"SrcLoc":"src/link.c:76","Type":"LT$@1$@2$!DIV$@2$@1$"},"344":{"FuncName":"main","IRPosInFunc":[33],"SrcLoc":"src/link.c:76","Type":"LT$@1$@2$!BITSHR$@1$@2$"},"345":{"FuncName":"main","IRPosInFunc":[33],"SrcLoc":"src/link.c:76","Type":"LT$@1$@2$!BITOR$@1$@2$"},"346":{"FuncName":"main","IRPosInFunc":[33],"SrcLoc":"src/link.c:76","Type":"LT$@1$@2$!SUB$@2$@1$"},"347":{"FuncName":"main","IRPosInFunc":[33],"SrcLoc":"src/link.c:76","Type":"LT$@1$@2$!NEG$@1$"},"348":{"FuncName":"main","IRPosInFunc":[33],"SrcLoc":"src/link.c:76","Type":"LT$@1$@2$!NEQ$@1$@2$"},"349":{"FuncName":"main","IRPosInFunc":[33],"SrcLoc":"src/link.c:76","Type":"LT$@1$@2$!BITNOT$@2$"},"35":{"FuncName":"usage","IRPosInFunc":[4],"SrcLoc":"src/link.c:41","Type":"NEQ$@1$@2$!GE$@1$@2$"},"350":{"FuncName":"main","IRPosInFunc":[33],"SrcLoc":"src/link.c:76","Type":"LT$@1$@2$!BITSHL$@2$@1$"},"351":{"FuncName":"main","IRPosInFunc":[33],"SrcLoc":"src/link.c:76","Type":"LT$@1$@2$!BITSHL$@1$@2$"},"352":{"FuncName":"main","IRPosInFunc":[33],"SrcLoc":"src/link.c:76","Type":"LT$@1$@2$!CONSTVAL$1$"},"353":{"FuncName":"main","IRPosInFunc":[33],"SrcLoc":"src/link.c:76","Type":"LT$@1$@2$!EQ$@1$@2$"},"354":{"FuncName":"main","IRPosInFunc":[33],"SrcLoc":"src/link.c:76","Type":"LT$@1$@2$!ADD$@1$@2$"},"355":{"FuncName":"main","IRPosInFunc":[33],"SrcLoc":"src/link.c:76","Type":"LT$@1$@2$!OPERAND$@1$"},"356":{"FuncName":"main","IRPosInFunc":[33],"SrcLoc":"src/link.c:76","Type":"LT$@1$@2$!MUL$@1$@2$"},"357":{"FuncName":"main","IRPosInFunc":[33],"SrcLoc":"src/link.c:76","Type":"LT$@1$@2$!BITAND$@1$@2$"},"358":{"FuncName":"main","IRPosInFunc":[33],"SrcLoc":"src/link.c:76","Type":"LT$@1$@2$!ABS$@1$"},"359":{"FuncName":"main","IRPosInFunc":[33],"SrcLoc":"src/link.c:76","Type":"LT$@1$@2$!ABS$@2$"},"36":{"FuncName":"usage","IRPosInFunc":[4],"SrcLoc":"src/link.c:41","Type":"NEQ$@1$@2$!GT$@1$@2$"},"360":{"FuncName":"main","IRPosInFunc":[33],"SrcLoc":"src/link.c:76","Type":"LT$@1$@2$!OPERAND$@2$"},"361":{"FuncName":"main","IRPosInFunc":[33],"SrcLoc":"src/link.c:76","Type":"LT$@1$@2$!MOD$@1$@2$"},"362":{"FuncName":"main","IRPosInFunc":[33],"SrcLoc":"src/link.c:76","Type":"LT$@1$@2$!LE$@2$@1$"},"363":{"FuncName":"main","IRPosInFunc":[33],"SrcLoc":"src/link.c:76","Type":"LT$@1$@2$!GE$@2$@1$"},"364":{"FuncName":"main","IRPosInFunc":[33],"SrcLoc":"src/link.c:76","Type":"LT$@1$@2$!CONSTVAL$0$"},"365":{"FuncName":"main","IRPosInFunc":[33],"SrcLoc":"src/link.c:76","Type":"LT$@1$@2$!SUB$@1$@2$"},"366":{"FuncName":"main","IRPosInFunc":[33],"SrcLoc":"src/link.c:76","Type":"LT$@1$@2$!LE$@1$@2$"},"367":{"FuncName":"main","IRPosInFunc":[33],"SrcLoc":"src/link.c:76","Type":"LT$@1$@2$!DIV$@1$@2$"},"368":{"FuncName":"main","IRPosInFunc":[33],"SrcLoc":"src/link.c:76","Type":"LT$@1$@2$!GE$@1$@2$"},"369":{"FuncName":"main","IRPosInFunc":[33],"SrcLoc":"src/link.c:76","Type":"LT$@1$@2$!BITSHR$@2$@1$"},"37":{"FuncName":"usage","IRPosInFunc":[4],"SrcLoc":"src/link.c:41","Type":"NEQ$@1$@2$!LT$@2$@1$"},"370":{"FuncName":"main","IRPosInFunc":[33],"SrcLoc":"src/link.c:76","Type":"LT$@1$@2$!GT$@2$@1$"},"371":{"FuncName":"main","IRPosInFunc":[33],"SrcLoc":"src/link.c:76","Type":"LT$@1$@2$!BITNOT$@1$"},"372":{"FuncName":"main","IRPosInFunc":[33],"SrcLoc":"src/link.c:76","Type":"LT$@1$@2$!GT$@1$@2$"},"373":{"FuncName":"main","IRPosInFunc":[35],"SrcLoc":"src/link.c:77","Type":"STMT!TRAPSTMT"},"374":{"FuncName":"main","IRPosInFunc":[35],"SrcLoc":"src/link.c:77","Type":"STMT!DELSTMT"},"375":{"FuncName":"main","IRPosInFunc":[36],"SrcLoc":"src/link.c:77","Type":"STMT!TRAPSTMT"},"376":{"FuncName":"main","IRPosInFunc":[36],"SrcLoc":"src/link.c:77","Type":"STMT!DELSTMT"},"377":{"FuncName":"main","IRPosInFunc":[37,38,39,40,41,42,43],"SrcLoc":"src/link.c:79","Type":"STMT!TRAPSTMT"},"378":{"FuncName":"main","IRPosInFunc":[37,38,39,40,41,42,43],"SrcLoc":"src/link.c:79","Type":"STMT!DELSTMT"},"379":{"FuncName":"main","IRPosInFunc":[40,41],"SrcLoc":"src/link.c:79","Type":"PADD_DEREF$P1$@2$!PDEREF_LEFTINC$P1$"},"38":{"FuncName":"usage","IRPosInFunc":[4],"SrcLoc":"src/link.c:41","Type":"NEQ$@1$@2$!LT$@1$@2$"},"380":{"FuncName":"main","IRPosInFunc":[40,41],"SrcLoc":"src/link.c:79","Type":"PADD_DEREF$P1$@2$!PDEREF_RIGHTDEC$P1$"},"381":{"FuncName":"main","IRPosInFunc":[40,41],"SrcLoc":"src/link.c:79","Type":"PADD_DEREF$P1$@2$!PDEREF_LEFTDEC$P1$"},"382":{"FuncName":"main","IRPosInFunc":[40,41],"SrcLoc":"src/link.c:79","Type":"PADD_DEREF$P1$@2$!PDEREF_RIGHTINC$P1$"},"383":{"FuncName":"main","IRPosInFunc":[40,41],"SrcLoc":"src/link.c:79","Type":"PADD_DEREF$A1$@2$!PDEREF_ADD$A1$@2$"},"384":{"FuncName":"main","IRPosInFunc":[40,41],"SrcLoc":"src/link.c:79","Type":"PADD_DEREF$A1$@2$!PDEREF_SUB$A1$@2$"},"385":{"FuncName":"main","IRPosInFunc":[39],"SrcLoc":"src/link.c:79","Type":"A!CONSTVAL$0$"},"386":{"FuncName":"main","IRPosInFunc":[40],"SrcLoc":"src/link.c:79","Type":"A!CONSTVAL$0$"},"387":{"FuncName":"main","IRPosInFunc":[37],"SrcLoc":"src/link.c:79","Type":"@!ABS$@$"},"388":{"FuncName":"main","IRPosInFunc":[38],"SrcLoc":"src/link.c:79","Type":"@!ABS$@$"},"389":{"FuncName":"main","IRPosInFunc":[40],"SrcLoc":"src/link.c:79","Type":"PADD$A1$@2$!OPERAND$@2$"},"39":{"FuncName":"usage","IRPosInFunc":[4],"SrcLoc":"src/link.c:41","Type":"NEQ$@1$@2$!LE$@1$@2$"},"390":{"FuncName":"main","IRPosInFunc":[40],"SrcLoc":"src/link.c:79","Type":"PADD$A1$@2$!PSUB$A1$@2$"},"391":{"FuncName":"main","IRPosInFunc":[40],"SrcLoc":"src/link.c:79","Type":"PADD$A1$@2$!OPERAND$A1$"},"392":{"FuncName":"main","IRPosInFunc":[40],"SrcLoc":"src/link.c:79","Type":"PADD$P1$@2$!PLEFTINC$P1$"},"393":{"FuncName":"main","IRPosInFunc":[40],"SrcLoc":"src/link.c:79","Type":"PADD$P1$@2$!PRIGHTDEC$P1$"},"394":{"FuncName":"main","IRPosInFunc":[40],"SrcLoc":"src/link.c:79","Type":"PADD$P1$@2$!PRIGHTINC$P1$"},"395":{"FuncName":"main","IRPosInFunc":[40],"SrcLoc":"src/link.c:79","Type":"PADD$P1$@2$!PLEFTDEC$P1$"},"396":{"FuncName":"main","IRPosInFunc":[39],"SrcLoc":"src/link.c:79","Type":"P!PRIGHTDEC$P$"},"397":{"FuncName":"main","IRPosInFunc":[39],"SrcLoc":"src/link.c:79","Type":"P!PLEFTINC$P$"},"398":{"FuncName":"main","IRPosInFunc":[39],"SrcLoc":"src/link.c:79","Type":"P!PRIGHTINC$P$"},"399":{"FuncName":"main","IRPosInFunc":[39],"SrcLoc":"src/link.c:79","Type":"P!PLEFTDEC$P$"},"4":{"FuncName":"usage","IRPosInFunc":[1],"SrcLoc":"","Type":"ASSIGN$V1$@2$!ABS$V1$"},"40":{"FuncName":"usage","IRPosInFunc":[4],"SrcLoc":"src/link.c:41","Type":"NEQ$@1$@2$!GE$@2$@1$"},"400":{"FuncName":"main","IRPosInFunc":[43],"SrcLoc":"src/link.c:79","Type":"CALL!SHUFFLEARGS$2$"},"401":{"FuncName":"main","IRPosInFunc":[44],"SrcLoc":"","Type":"STMT!TRAPSTMT"},"402":{"FuncName":"main","IRPosInFunc":[45],"SrcLoc":"src/link.c:80","Type":"STMT!TRAPSTMT"},"403":{"FuncName":"main","IRPosInFunc":[45],"SrcLoc":"src/link.c:80","Type":"STMT!DELSTMT"},"404":{"FuncName":"main","IRPosInFunc":[47,48,49,50,51],"SrcLoc":"src/link.c:83","Type":"STMT!TRAPSTMT"},"405":{"FuncName":"main","IRPosInFunc":[48,47],"SrcLoc":"src/link.c:83","Type":"PDEREF_ADD$A1$@2$!PADD_DEREF$A1$@2$"},"406":{"FuncName":"main","IRPosInFunc":[48,47],"SrcLoc":"src/link.c:83","Type":"PDEREF_ADD$A1$@2$!PSUB_DEREF$A1$@2$"},"407":{"FuncName":"main","IRPosInFunc":[47],"SrcLoc":"src/link.c:83","Type":"@!ABS$@$"},"408":{"FuncName":"main","IRPosInFunc":[48],"SrcLoc":"src/link.c:83","Type":"@!ABS$@$"},"409":{"FuncName":"main","IRPosInFunc":[49],"SrcLoc":"src/link.c:83","Type":"@!ABS$@$"},"41":{"FuncName":"usage","IRPosInFunc":[4],"SrcLoc":"src/link.c:41","Type":"NEQ$@1$@2$!DIV$@1$@2$"},"410":{"FuncName":"main","IRPosInFunc":[50],"SrcLoc":"src/link.c:83","Type":"@!ABS$@$"},"411":{"FuncName":"main","IRPosInFunc":[48],"SrcLoc":"src/link.c:83","Type":"C!CONSTVAL$0$"},"412":{"FuncName":"main","IRPosInFunc":[48],"SrcLoc":"src/link.c:83","Type":"C!ADD$C$-1$"},"413":{"FuncName":"main","IRPosInFunc":[48],"SrcLoc":"src/link.c:83","Type":"C!ADD$C$1$"},"414":{"FuncName":"main","IRPosInFunc":[48],"SrcLoc":"src/link.c:83","Type":"ADD$V1$@2$!ASSIGN$V1$@2$"},"415":{"FuncName":"main","IRPosInFunc":[48],"SrcLoc":"src/link.c:83","Type":"ADD$@1$@2$!GT$@2$@1$"},"416":{"FuncName":"main","IRPosInFunc":[48],"SrcLoc":"src/link.c:83","Type":"ADD$@1$@2$!SUB$@1$@2$"},"417":{"FuncName":"main","IRPosInFunc":[48],"SrcLoc":"src/link.c:83","Type":"ADD$@1$@2$!BITSHR$@2$@1$"},"418":{"FuncName":"main","IRPosInFunc":[48],"SrcLoc":"src/link.c:83","Type":"ADD$@1$@2$!LT$@1$@2$"},"419":{"FuncName":"main","IRPosInFunc":[48],"SrcLoc":"src/link.c:83","Type":"ADD$@1$@2$!SUB$@2$@1$"},"42":{"FuncName":"usage","IRPosInFunc":[4],"SrcLoc":"src/link.c:41","Type":"NEQ$@1$@2$!GT$@1$@2$"},"420":{"FuncName":"main","IRPosInFunc":[48],"SrcLoc":"src/link.c:83","Type":"ADD$@1$@2$!OPERAND$@2$"},"421":{"FuncName":"main","IRPosInFunc":[48],"SrcLoc":"src/link.c:83","Type":"ADD$@1$@2$!LE$@2$@1$"},"422":{"FuncName":"main","IRPosInFunc":[48],"SrcLoc":"src/link.c:83","Type":"ADD$@1$@2$!BITAND$@1$@2$"},"423":{"FuncName":"main","IRPosInFunc":[48],"SrcLoc":"src/link.c:83","Type":"ADD$@1$@2$!ABS$@1$"},"424":{"FuncName":"main","IRPosInFunc":[48],"SrcLoc":"src/link.c:83","Type":"ADD$@1$@2$!LE$@1$@2$"},"425":{"FuncName":"main","IRPosInFunc":[48],"SrcLoc":"src/link.c:83","Type":"ADD$@1$@2$!DIV$@1$@2$"},"426":{"FuncName":"main","IRPosInFunc":[48],"SrcLoc":"src/link.c:83","Type":"ADD$@1$@2$!CONSTVAL$0$"},"427":{"FuncName":"main","IRPosInFunc":[48],"SrcLoc":"src/link.c:83","Type":"ADD$@1$@2$!MOD$@1$@2$"},"428":{"FuncName":"main","IRPosInFunc":[48],"SrcLoc":"src/link.c:83","Type":"ADD$@1$@2$!MOD$@2$@1$"},"429":{"FuncName":"main","IRPosInFunc":[48],"SrcLoc":"src/link.c:83","Type":"ADD$@1$@2$!MUL$@1$@2$"},"43":{"FuncName":"usage","IRPosInFunc":[4],"SrcLoc":"src/link.c:41","Type":"NEQ$@1$@2$!LT$@2$@1$"},"430":{"FuncName":"main","IRPosInFunc":[48],"SrcLoc":"src/link.c:83","Type":"ADD$@1$@2$!BITXOR$@1$@2$"},"431":{"FuncName":"main","IRPosInFunc":[48],"SrcLoc":"src/link.c:83","Type":"ADD$@1$@2$!LT$@2$@1$"},"432":{"FuncName":"main","IRPosInFunc":[48],"SrcLoc":"src/link.c:83","Type":"ADD$@1$@2$!DIV$@2$@1$"},"433":{"FuncName":"main","IRPosInFunc":[48],"SrcLoc":"src/link.c:83","Type":"ADD$@1$@2$!NEG$@1$"},"434":{"FuncName":"main","IRPosInFunc":[48],"SrcLoc":"src/link.c:83","Type":"ADD$@1$@2$!BITOR$@1$@2$"},"435":{"FuncName":"main","IRPosInFunc":[48],"SrcLoc":"src/link.c:83","Type":"ADD$@1$@2$!BITNOT$@2$"},"436":{"FuncName":"main","IRPosInFunc":[48],"SrcLoc":"src/link.c:83","Type":"ADD$@1$@2$!NEG$@2$"},"437":{"FuncName":"main","IRPosInFunc":[48],"SrcLoc":"src/link.c:83","Type":"ADD$@1$@2$!GT$@1$@2$"},"438":{"FuncName":"main","IRPosInFunc":[48],"SrcLoc":"src/link.c:83","Type":"ADD$@1$@2$!GE$@1$@2$"},"439":{"FuncName":"main","IRPosInFunc":[48],"SrcLoc":"src/link.c:83","Type":"ADD$@1$@2$!EQ$@1$@2$"},"44":{"FuncName":"usage","IRPosInFunc":[4],"SrcLoc":"src/link.c:41","Type":"NEQ$@1$@2$!LE$@1$@2$"},"440":{"FuncName":"main","IRPosInFunc":[48],"SrcLoc":"src/link.c:83","Type":"ADD$@1$@2$!GE$@2$@1$"},"441":{"FuncName":"main","IRPosInFunc":[48],"SrcLoc":"src/link.c:83","Type":"ADD$@1$@2$!BITSHL$@1$@2$"},"442":{"FuncName":"main","IRPosInFunc":[48],"SrcLoc":"src/link.c:83","Type":"ADD$@1$@2$!NEQ$@1$@2$"},"443":{"FuncName":"main","IRPosInFunc":[48],"SrcLoc":"src/link.c:83","Type":"ADD$@1$@2$!BITNOT$@1$"},"444":{"FuncName":"main","IRPosInFunc":[48],"SrcLoc":"src/link.c:83","Type":"ADD$@1$@2$!CONSTVAL$1$"},"445":{"FuncName":"main","IRPosInFunc":[48],"SrcLoc":"src/link.c:83","Type":"ADD$@1$@2$!BITSHL$@2$@1$"},"446":{"FuncName":"main","IRPosInFunc":[48],"SrcLoc":"src/link.c:83","Type":"ADD$@1$@2$!BITSHR$@1$@2$"},"447":{"FuncName":"main","IRPosInFunc":[48],"SrcLoc":"src/link.c:83","Type":"ADD$@1$@2$!GT$@2$@1$"},"448":{"FuncName":"main","IRPosInFunc":[48],"SrcLoc":"src/link.c:83","Type":"ADD$@1$@2$!BITSHR$@2$@1$"},"449":{"FuncName":"main","IRPosInFunc":[48],"SrcLoc":"src/link.c:83","Type":"ADD$@1$@2$!LT$@1$@2$"},"45":{"FuncName":"usage","IRPosInFunc":[4],"SrcLoc":"src/link.c:41","Type":"NEQ$@1$@2$!GE$@2$@1$"},"450":{"FuncName":"main","IRPosInFunc":[48],"SrcLoc":"src/link.c:83","Type":"ADD$@1$@2$!LE$@2$@1$"},"451":{"FuncName":"main","IRPosInFunc":[48],"SrcLoc":"src/link.c:83","Type":"ADD$@1$@2$!LE$@1$@2$"},"452":{"FuncName":"main","IRPosInFunc":[48],"SrcLoc":"src/link.c:83","Type":"ADD$@1$@2$!DIV$@1$@2$"},"453":{"FuncName":"main","IRPosInFunc":[48],"SrcLoc":"src/link.c:83","Type":"ADD$@1$@2$!MOD$@1$@2$"},"454":{"FuncName":"main","IRPosInFunc":[48],"SrcLoc":"src/link.c:83","Type":"ADD$@1$@2$!MOD$@2$@1$"},"455":{"FuncName":"main","IRPosInFunc":[48],"SrcLoc":"src/link.c:83","Type":"ADD$@1$@2$!LT$@2$@1$"},"456":{"FuncName":"main","IRPosInFunc":[48],"SrcLoc":"src/link.c:83","Type":"ADD$@1$@2$!DIV$@2$@1$"},"457":{"FuncName":"main","IRPosInFunc":[48],"SrcLoc":"src/link.c:83","Type":"ADD$@1$@2$!GT$@1$@2$"},"458":{"FuncName":"main","IRPosInFunc":[48],"SrcLoc":"src/link.c:83","Type":"ADD$@1$@2$!GE$@1$@2$"},"459":{"FuncName":"main","IRPosInFunc":[48],"SrcLoc":"src/link.c:83","Type":"ADD$@1$@2$!GE$@2$@1$"},"46":{"FuncName":"usage","IRPosInFunc":[4],"SrcLoc":"src/link.c:41","Type":"@!ABS$@$"},"460":{"FuncName":"main","IRPosInFunc":[48],"SrcLoc":"src/link.c:83","Type":"ADD$@1$@2$!BITSHR$@1$@2$"},"461":{"FuncName":"main","IRPosInFunc":[50],"SrcLoc":"src/link.c:83","Type":"LT$@1$V2$!ASSIGN$V2$@1$"},"462":{"FuncName":"main","IRPosInFunc":[50],"SrcLoc":"src/link.c:83","Type":"LT$@1$@2$!MOD$@2$@1$"},"463":{"FuncName":"main","IRPosInFunc":[50],"SrcLoc":"src/link.c:83","Type":"LT$@1$@2$!NEG$@2$"},"464":{"FuncName":"main","IRPosInFunc":[50],"SrcLoc":"src/link.c:83","Type":"LT$@1$@2$!BITXOR$@1$@2$"},"465":{"FuncName":"main","IRPosInFunc":[50],"SrcLoc":"src/link.c:83","Type":"LT$@1$@2$!DIV$@2$@1$"},"466":{"FuncName":"main","IRPosInFunc":[50],"SrcLoc":"src/link.c:83","Type":"LT$@1$@2$!BITSHR$@1$@2$"},"467":{"FuncName":"main","IRPosInFunc":[50],"SrcLoc":"src/link.c:83","Type":"LT$@1$@2$!BITOR$@1$@2$"},"468":{"FuncName":"main","IRPosInFunc":[50],"SrcLoc":"src/link.c:83","Type":"LT$@1$@2$!SUB$@2$@1$"},"469":{"FuncName":"main","IRPosInFunc":[50],"SrcLoc":"src/link.c:83","Type":"LT$@1$@2$!NEG$@1$"},"47":{"FuncName":"usage","IRPosInFunc":[4],"SrcLoc":"src/link.c:41","Type":"C!ADD$C$-1$"},"470":{"FuncName":"main","IRPosInFunc":[50],"SrcLoc":"src/link.c:83","Type":"LT$@1$@2$!NEQ$@1$@2$"},"471":{"FuncName":"main","IRPosInFunc":[50],"SrcLoc":"src/link.c:83","Type":"LT$@1$@2$!BITNOT$@2$"},"472":{"FuncName":"main","IRPosInFunc":[50],"SrcLoc":"src/link.c:83","Type":"LT$@1$@2$!BITSHL$@2$@1$"},"473":{"FuncName":"main","IRPosInFunc":[50],"SrcLoc":"src/link.c:83","Type":"LT$@1$@2$!BITSHL$@1$@2$"},"474":{"FuncName":"main","IRPosInFunc":[50],"SrcLoc":"src/link.c:83","Type":"LT$@1$@2$!CONSTVAL$1$"},"475":{"FuncName":"main","IRPosInFunc":[50],"SrcLoc":"src/link.c:83","Type":"LT$@1$@2$!EQ$@1$@2$"},"476":{"FuncName":"main","IRPosInFunc":[50],"SrcLoc":"src/link.c:83","Type":"LT$@1$@2$!ADD$@1$@2$"},"477":{"FuncName":"main","IRPosInFunc":[50],"SrcLoc":"src/link.c:83","Type":"LT$@1$@2$!OPERAND$@1$"},"478":{"FuncName":"main","IRPosInFunc":[50],"SrcLoc":"src/link.c:83","Type":"LT$@1$@2$!MUL$@1$@2$"},"479":{"FuncName":"main","IRPosInFunc":[50],"SrcLoc":"src/link.c:83","Type":"LT$@1$@2$!BITAND$@1$@2$"},"48":{"FuncName":"usage","IRPosInFunc":[4],"SrcLoc":"src/link.c:41","Type":"C!ADD$C$1$"},"480":{"FuncName":"main","IRPosInFunc":[50],"SrcLoc":"src/link.c:83","Type":"LT$@1$@2$!ABS$@1$"},"481":{"FuncName":"main","IRPosInFunc":[50],"SrcLoc":"src/link.c:83","Type":"LT$@1$@2$!ABS$@2$"},"482":{"FuncName":"main","IRPosInFunc":[50],"SrcLoc":"src/link.c:83","Type":"LT$@1$@2$!OPERAND$@2$"},"483":{"FuncName":"main","IRPosInFunc":[50],"SrcLoc":"src/link.c:83","Type":"LT$@1$@2$!MOD$@1$@2$"},"484":{"FuncName":"main","IRPosInFunc":[50],"SrcLoc":"src/link.c:83","Type":"LT$@1$@2$!LE$@2$@1$"},"485":{"FuncName":"main","IRPosInFunc":[50],"SrcLoc":"src/link.c:83","Type":"LT$@1$@2$!GE$@2$@1$"},"486":{"FuncName":"main","IRPosInFunc":[50],"SrcLoc":"src/link.c:83","Type":"LT$@1$@2$!CONSTVAL$0$"},"487":{"FuncName":"main","IRPosInFunc":[50],"SrcLoc":"src/link.c:83","Type":"LT$@1$@2$!SUB$@1$@2$"},"488":{"FuncName":"main","IRPosInFunc":[50],"SrcLoc":"src/link.c:83","Type":"LT$@1$@2$!LE$@1$@2$"},"489":{"FuncName":"main","IRPosInFunc":[50],"SrcLoc":"src/link.c:83","Type":"LT$@1$@2$!DIV$@1$@2$"},"49":{"FuncName":"usage","IRPosInFunc":[6],"SrcLoc":"src/link.c:42","Type":"STMT!TRAPSTMT"},"490":{"FuncName":"main","IRPosInFunc":[50],"SrcLoc":"src/link.c:83","Type":"LT$@1$@2$!GE$@1$@2$"},"491":{"FuncName":"main","IRPosInFunc":[50],"SrcLoc":"src/link.c:83","Type":"LT$@1$@2$!BITSHR$@2$@1$"},"492":{"FuncName":"main","IRPosInFunc":[50],"SrcLoc":"src/link.c:83","Type":"LT$@1$@2$!GT$@2$@1$"},"493":{"FuncName":"main","IRPosInFunc":[50],"SrcLoc":"src/link.c:83","Type":"LT$@1$@2$!BITNOT$@1$"},"494":{"FuncName":"main","IRPosInFunc":[50],"SrcLoc":"src/link.c:83","Type":"LT$@1$@2$!GT$@1$@2$"},"495":{"FuncName":"main","IRPosInFunc":[52,53,54,55,56,57,58,59],"SrcLoc":"src/link.c:85","Type":"STMT!TRAPSTMT"},"496":{"FuncName":"main","IRPosInFunc":[52,53,54,55,56,57,58,59],"SrcLoc":"src/link.c:85","Type":"STMT!DELSTMT"},"497":{"FuncName":"main","IRPosInFunc":[53,52],"SrcLoc":"src/link.c:85","Type":"PDEREF_ADD$A1$@2$!PADD_DEREF$A1$@2$"},"498":{"FuncName":"main","IRPosInFunc":[53,52],"SrcLoc":"src/link.c:85","Type":"PDEREF_ADD$A1$@2$!PSUB_DEREF$A1$@2$"},"499":{"FuncName":"main","IRPosInFunc":[56,57],"SrcLoc":"src/link.c:85","Type":"PADD_DEREF$P1$@2$!PDEREF_LEFTINC$P1$"},"5":{"FuncName":"usage","IRPosInFunc":[1],"SrcLoc":"","Type":"ASSIGN$V1$@2$!LT$@2$V1$"},"50":{"FuncName":"usage","IRPosInFunc":[6],"SrcLoc":"src/link.c:42","Type":"STMT!DELSTMT"},"500":{"FuncName":"main","IRPosInFunc":[56,57],"SrcLoc":"src/link.c:85","Type":"PADD_DEREF$P1$@2$!PDEREF_RIGHTDEC$P1$"},"501":{"FuncName":"main","IRPosInFunc":[56,57],"SrcLoc":"src/link.c:85","Type":"PADD_DEREF$P1$@2$!PDEREF_LEFTDEC$P1$"},"502":{"FuncName":"main","IRPosInFunc":[56,57],"SrcLoc":"src/link.c:85","Type":"PADD_DEREF$P1$@2$!PDEREF_RIGHTINC$P1$"},"503":{"FuncName":"main","IRPosInFunc":[56,57],"SrcLoc":"src/link.c:85","Type":"PADD_DEREF$A1$@2$!PDEREF_ADD$A1$@2$"},"504":{"FuncName":"main","IRPosInFunc":[56,57],"SrcLoc":"src/link.c:85","Type":"PADD_DEREF$A1$@2$!PDEREF_SUB$A1$@2$"},"505":{"FuncName":"main","IRPosInFunc":[55],"SrcLoc":"src/link.c:85","Type":"A!CONSTVAL$0$"},"506":{"FuncName":"main","IRPosInFunc":[56],"SrcLoc":"src/link.c:85","Type":"A!CONSTVAL$0$"},"507":{"FuncName":"main","IRPosInFunc":[52],"SrcLoc":"src/link.c:85","Type":"@!ABS$@$"},"508":{"FuncName":"main","IRPosInFunc":[53],"SrcLoc":"src/link.c:85","Type":"@!ABS$@$"},"509":{"FuncName":"main","IRPosInFunc":[54],"SrcLoc":"src/link.c:85","Type":"@!ABS$@$"},"51":{"FuncName":"usage","IRPosInFunc":[7],"SrcLoc":"src/link.c:42","Type":"STMT!TRAPSTMT"},"510":{"FuncName":"main","IRPosInFunc":[53],"SrcLoc":"src/link.c:85","Type":"C!CONSTVAL$0$"},"511":{"FuncName":"main","IRPosInFunc":[53],"SrcLoc":"src/link.c:85","Type":"C!ADD$C$-1$"},"512":{"FuncName":"main","IRPosInFunc":[53],"SrcLoc":"src/link.c:85","Type":"C!ADD$C$1$"},"513":{"FuncName":"main","IRPosInFunc":[56],"SrcLoc":"src/link.c:85","Type":"PADD$A1$@2$!OPERAND$@2$"},"514":{"FuncName":"main","IRPosInFunc":[56],"SrcLoc":"src/link.c:85","Type":"PADD$A1$@2$!PSUB$A1$@2$"},"515":{"FuncName":"main","IRPosInFunc":[56],"SrcLoc":"src/link.c:85","Type":"PADD$A1$@2$!OPERAND$A1$"},"516":{"FuncName":"main","IRPosInFunc":[56],"SrcLoc":"src/link.c:85","Type":"PADD$P1$@2$!PLEFTINC$P1$"},"517":{"FuncName":"main","IRPosInFunc":[56],"SrcLoc":"src/link.c:85","Type":"PADD$P1$@2$!PRIGHTDEC$P1$"},"518":{"FuncName":"main","IRPosInFunc":[56],"SrcLoc":"src/link.c:85","Type":"PADD$P1$@2$!PRIGHTINC$P1$"},"519":{"FuncName":"main","IRPosInFunc":[56],"SrcLoc":"src/link.c:85","Type":"PADD$P1$@2$!PLEFTDEC$P1$"},"52":{"FuncName":"usage","IRPosInFunc":[7],"SrcLoc":"src/link.c:42","Type":"STMT!DELSTMT"},"520":{"FuncName":"main","IRPosInFunc":[55],"SrcLoc":"src/link.c:85","Type":"P!PRIGHTDEC$P$"},"521":{"FuncName":"main","IRPosInFunc":[55],"SrcLoc":"src/link.c:85","Type":"P!PLEFTINC$P$"},"522":{"FuncName":"main","IRPosInFunc":[55],"SrcLoc":"src/link.c:85","Type":"P!PRIGHTINC$P$"},"523":{"FuncName":"main","IRPosInFunc":[55],"SrcLoc":"src/link.c:85","Type":"P!PLEFTDEC$P$"},"524":{"FuncName":"main","IRPosInFunc":[53],"SrcLoc":"src/link.c:85","Type":"ADD$V1$@2$!ASSIGN$V1$@2$"},"525":{"FuncName":"main","IRPosInFunc":[53],"SrcLoc":"src/link.c:85","Type":"ADD$@1$@2$!GT$@2$@1$"},"526":{"FuncName":"main","IRPosInFunc":[53],"SrcLoc":"src/link.c:85","Type":"ADD$@1$@2$!SUB$@1$@2$"},"527":{"FuncName":"main","IRPosInFunc":[53],"SrcLoc":"src/link.c:85","Type":"ADD$@1$@2$!BITSHR$@2$@1$"},"528":{"FuncName":"main","IRPosInFunc":[53],"SrcLoc":"src/link.c:85","Type":"ADD$@1$@2$!LT$@1$@2$"},"529":{"FuncName":"main","IRPosInFunc":[53],"SrcLoc":"src/link.c:85","Type":"ADD$@1$@2$!SUB$@2$@1$"},"53":{"FuncName":"usage","IRPosInFunc":[8,9,10],"SrcLoc":"src/link.c:45","Type":"STMT!TRAPSTMT"},"530":{"FuncName":"main","IRPosInFunc":[53],"SrcLoc":"src/link.c:85","Type":"ADD$@1$@2$!OPERAND$@2$"},"531":{"FuncName":"main","IRPosInFunc":[53],"SrcLoc":"src/link.c:85","Type":"ADD$@1$@2$!LE$@2$@1$"},"532":{"FuncName":"main","IRPosInFunc":[53],"SrcLoc":"src/link.c:85","Type":"ADD$@1$@2$!OPERAND$@1$"},"533":{"FuncName":"main","IRPosInFunc":[53],"SrcLoc":"src/link.c:85","Type":"ADD$@1$@2$!BITAND$@1$@2$"},"534":{"FuncName":"main","IRPosInFunc":[53],"SrcLoc":"src/link.c:85","Type":"ADD$@1$@2$!ABS$@1$"},"535":{"FuncName":"main","IRPosInFunc":[53],"SrcLoc":"src/link.c:85","Type":"ADD$@1$@2$!LE$@1$@2$"},"536":{"FuncName":"main","IRPosInFunc":[53],"SrcLoc":"src/link.c:85","Type":"ADD$@1$@2$!DIV$@1$@2$"},"537":{"FuncName":"main","IRPosInFunc":[53],"SrcLoc":"src/link.c:85","Type":"ADD$@1$@2$!MOD$@1$@2$"},"538":{"FuncName":"main","IRPosInFunc":[53],"SrcLoc":"src/link.c:85","Type":"ADD$@1$@2$!MOD$@2$@1$"},"539":{"FuncName":"main","IRPosInFunc":[53],"SrcLoc":"src/link.c:85","Type":"ADD$@1$@2$!MUL$@1$@2$"},"54":{"FuncName":"usage","IRPosInFunc":[8,9,10],"SrcLoc":"src/link.c:45","Type":"STMT!DELSTMT"},"540":{"FuncName":"main","IRPosInFunc":[53],"SrcLoc":"src/link.c:85","Type":"ADD$@1$@2$!BITXOR$@1$@2$"},"541":{"FuncName":"main","IRPosInFunc":[53],"SrcLoc":"src/link.c:85","Type":"ADD$@1$@2$!LT$@2$@1$"},"542":{"FuncName":"main","IRPosInFunc":[53],"SrcLoc":"src/link.c:85","Type":"ADD$@1$@2$!DIV$@2$@1$"},"543":{"FuncName":"main","IRPosInFunc":[53],"SrcLoc":"src/link.c:85","Type":"ADD$@1$@2$!NEG$@1$"},"544":{"FuncName":"main","IRPosInFunc":[53],"SrcLoc":"src/link.c:85","Type":"ADD$@1$@2$!BITOR$@1$@2$"},"545":{"FuncName":"main","IRPosInFunc":[53],"SrcLoc":"src/link.c:85","Type":"ADD$@1$@2$!BITNOT$@2$"},"546":{"FuncName":"main","IRPosInFunc":[53],"SrcLoc":"src/link.c:85","Type":"ADD$@1$@2$!NEG$@2$"},"547":{"FuncName":"main","IRPosInFunc":[53],"SrcLoc":"src/link.c:85","Type":"ADD$@1$@2$!GT$@1$@2$"},"548":{"FuncName":"main","IRPosInFunc":[53],"SrcLoc":"src/link.c:85","Type":"ADD$@1$@2$!GE$@1$@2$"},"549":{"FuncName":"main","IRPosInFunc":[53],"SrcLoc":"src/link.c:85","Type":"ADD$@1$@2$!EQ$@1$@2$"},"55":{"FuncName":"usage","IRPosInFunc":[10],"SrcLoc":"src/link.c:45","Type":"@!ABS$@$"},"550":{"FuncName":"main","IRPosInFunc":[53],"SrcLoc":"src/link.c:85","Type":"ADD$@1$@2$!GE$@2$@1$"},"551":{"FuncName":"main","IRPosInFunc":[53],"SrcLoc":"src/link.c:85","Type":"ADD$@1$@2$!BITSHL$@1$@2$"},"552":{"FuncName":"main","IRPosInFunc":[53],"SrcLoc":"src/link.c:85","Type":"ADD$@1$@2$!NEQ$@1$@2$"},"553":{"FuncName":"main","IRPosInFunc":[53],"SrcLoc":"src/link.c:85","Type":"ADD$@1$@2$!BITNOT$@1$"},"554":{"FuncName":"main","IRPosInFunc":[53],"SrcLoc":"src/link.c:85","Type":"ADD$@1$@2$!CONSTVAL$1$"},"555":{"FuncName":"main","IRPosInFunc":[53],"SrcLoc":"src/link.c:85","Type":"ADD$@1$@2$!BITSHL$@2$@1$"},"556":{"FuncName":"main","IRPosInFunc":[53],"SrcLoc":"src/link.c:85","Type":"ADD$@1$@2$!BITSHR$@1$@2$"},"557":{"FuncName":"main","IRPosInFunc":[53],"SrcLoc":"src/link.c:85","Type":"ADD$@1$@2$!GT$@2$@1$"},"558":{"FuncName":"main","IRPosInFunc":[53],"SrcLoc":"src/link.c:85","Type":"ADD$@1$@2$!BITSHR$@2$@1$"},"559":{"FuncName":"main","IRPosInFunc":[53],"SrcLoc":"src/link.c:85","Type":"ADD$@1$@2$!LT$@1$@2$"},"56":{"FuncName":"usage","IRPosInFunc":[10],"SrcLoc":"src/link.c:45","Type":"CALL!SHUFFLEARGS$2$"},"560":{"FuncName":"main","IRPosInFunc":[53],"SrcLoc":"src/link.c:85","Type":"ADD$@1$@2$!LE$@2$@1$"},"561":{"FuncName":"main","IRPosInFunc":[53],"SrcLoc":"src/link.c:85","Type":"ADD$@1$@2$!LE$@1$@2$"},"562":{"FuncName":"main","IRPosInFunc":[53],"SrcLoc":"src/link.c:85","Type":"ADD$@1$@2$!DIV$@1$@2$"},"563":{"FuncName":"main","IRPosInFunc":[53],"SrcLoc":"src/link.c:85","Type":"ADD$@1$@2$!MOD$@1$@2$"},"564":{"FuncName":"main","IRPosInFunc":[53],"SrcLoc":"src/link.c:85","Type":"ADD$@1$@2$!MOD$@2$@1$"},"565":{"FuncName":"main","IRPosInFunc":[53],"SrcLoc":"src/link.c:85","Type":"ADD$@1$@2$!LT$@2$@1$"},"566":{"FuncName":"main","IRPosInFunc":[53],"SrcLoc":"src/link.c:85","Type":"ADD$@1$@2$!DIV$@2$@1$"},"567":{"FuncName":"main","IRPosInFunc":[53],"SrcLoc":"src/link.c:85","Type":"ADD$@1$@2$!GT$@1$@2$"},"568":{"FuncName":"main","IRPosInFunc":[53],"SrcLoc":"src/link.c:85","Type":"ADD$@1$@2$!GE$@1$@2$"},"569":{"FuncName":"main","IRPosInFunc":[53],"SrcLoc":"src/link.c:85","Type":"ADD$@1$@2$!GE$@2$@1$"},"57":{"FuncName":"usage","IRPosInFunc":[10],"SrcLoc":"src/link.c:45","Type":"CALL!SHUFFLEARGS$2$"},"570":{"FuncName":"main","IRPosInFunc":[53],"SrcLoc":"src/link.c:85","Type":"ADD$@1$@2$!BITSHR$@1$@2$"},"571":{"FuncName":"main","IRPosInFunc":[59],"SrcLoc":"src/link.c:85","Type":"CALL!SHUFFLEARGS$2$"},"572":{"FuncName":"main","IRPosInFunc":[60],"SrcLoc":"src/link.c:86","Type":"STMT!TRAPSTMT"},"573":{"FuncName":"main","IRPosInFunc":[60],"SrcLoc":"src/link.c:86","Type":"STMT!DELSTMT"},"574":{"FuncName":"main","IRPosInFunc":[62,63,64,65,66,67,68,69,70,71,72,73,74,75],"SrcLoc":"src/link.c:89","Type":"STMT!TRAPSTMT"},"575":{"FuncName":"main","IRPosInFunc":[68,67],"SrcLoc":"src/link.c:89","Type":"PDEREF_ADD$A1$@2$!PADD_DEREF$A1$@2$"},"576":{"FuncName":"main","IRPosInFunc":[68,67],"SrcLoc":"src/link.c:89","Type":"PDEREF_ADD$A1$@2$!PSUB_DEREF$A1$@2$"},"577":{"FuncName":"main","IRPosInFunc":[74],"SrcLoc":"src/link.c:89","Type":"NEQ$@1$@2$!ABS$@1$"},"578":{"FuncName":"main","IRPosInFunc":[74],"SrcLoc":"src/link.c:89","Type":"NEQ$@1$@2$!BITNOT$@2$"},"579":{"FuncName":"main","IRPosInFunc":[74],"SrcLoc":"src/link.c:89","Type":"NEQ$@1$@2$!CONSTVAL$0$"},"58":{"FuncName":"usage","IRPosInFunc":[11,12],"SrcLoc":"src/link.c:48","Type":"STMT!TRAPSTMT"},"580":{"FuncName":"main","IRPosInFunc":[74],"SrcLoc":"src/link.c:89","Type":"NEQ$@1$@2$!LE$@2$@1$"},"581":{"FuncName":"main","IRPosInFunc":[74],"SrcLoc":"src/link.c:89","Type":"NEQ$@1$@2$!BITNOT$@1$"},"582":{"FuncName":"main","IRPosInFunc":[74],"SrcLoc":"src/link.c:89","Type":"NEQ$@1$@2$!DIV$@1$@2$"},"583":{"FuncName":"main","IRPosInFunc":[74],"SrcLoc":"src/link.c:89","Type":"NEQ$@1$@2$!SUB$@2$@1$"},"584":{"FuncName":"main","IRPosInFunc":[74],"SrcLoc":"src/link.c:89","Type":"NEQ$@1$@2$!EQ$@1$@2$"},"585":{"FuncName":"main","IRPosInFunc":[74],"SrcLoc":"src/link.c:89","Type":"NEQ$@1$@2$!MOD$@1$@2$"},"586":{"FuncName":"main","IRPosInFunc":[74],"SrcLoc":"src/link.c:89","Type":"NEQ$@1$@2$!GT$@2$@1$"},"587":{"FuncName":"main","IRPosInFunc":[74],"SrcLoc":"src/link.c:89","Type":"NEQ$@1$@2$!GE$@1$@2$"},"588":{"FuncName":"main","IRPosInFunc":[74],"SrcLoc":"src/link.c:89","Type":"NEQ$@1$@2$!GT$@1$@2$"},"589":{"FuncName":"main","IRPosInFunc":[74],"SrcLoc":"src/link.c:89","Type":"NEQ$@1$@2$!LT$@2$@1$"},"59":{"FuncName":"usage","IRPosInFunc":[11,12],"SrcLoc":"src/link.c:48","Type":"STMT!DELSTMT"},"590":{"FuncName":"main","IRPosInFunc":[74],"SrcLoc":"src/link.c:89","Type":"NEQ$@1$@2$!LT$@1$@2$"},"591":{"FuncName":"main","IRPosInFunc":[74],"SrcLoc":"src/link.c:89","Type":"NEQ$@1$@2$!LE$@1$@2$"},"592":{"FuncName":"main","IRPosInFunc":[74],"SrcLoc":"src/link.c:89","Type":"NEQ$@1$@2$!GE$@2$@1$"},"593":{"FuncName":"main","IRPosInFunc":[74],"SrcLoc":"src/link.c:89","Type":"NEQ$@1$@2$!DIV$@1$@2$"},"594":{"FuncName":"main","IRPosInFunc":[74],"SrcLoc":"src/link.c:89","Type":"NEQ$@1$@2$!GT$@1$@2$"},"595":{"FuncName":"main","IRPosInFunc":[74],"SrcLoc":"src/link.c:89","Type":"NEQ$@1$@2$!LT$@2$@1$"},"596":{"FuncName":"main","IRPosInFunc":[74],"SrcLoc":"src/link.c:89","Type":"NEQ$@1$@2$!LE$@1$@2$"},"597":{"FuncName":"main","IRPosInFunc":[74],"SrcLoc":"src/link.c:89","Type":"NEQ$@1$@2$!GE$@2$@1$"},"598":{"FuncName":"main","IRPosInFunc":[65,66],"SrcLoc":"src/link.c:89","Type":"PADD_DEREF$P1$@2$!PDEREF_LEFTINC$P1$"},"599":{"FuncName":"main","IRPosInFunc":[65,66],"SrcLoc":"src/link.c:89","Type":"PADD_DEREF$P1$@2$!PDEREF_RIGHTDEC$P1$"},"6":{"FuncName":"usage","IRPosInFunc":[1],"SrcLoc":"","Type":"ASSIGN$V1$@2$!NEQ$V1$@2$"},"60":{"FuncName":"usage","IRPosInFunc":[12],"SrcLoc":"src/link.c:48","Type":"@!ABS$@$"},"600":{"FuncName":"main","IRPosInFunc":[65,66],"SrcLoc":"src/link.c:89","Type":"PADD_DEREF$P1$@2$!PDEREF_LEFTDEC$P1$"},"601":{"FuncName":"main","IRPosInFunc":[65,66],"SrcLoc":"src/link.c:89","Type":"PADD_DEREF$P1$@2$!PDEREF_RIGHTINC$P1$"},"602":{"FuncName":"main","IRPosInFunc":[71,72],"SrcLoc":"src/link.c:89","Type":"PADD_DEREF$P1$@2$!PDEREF_LEFTINC$P1$"},"603":{"FuncName":"main","IRPosInFunc":[71,72],"SrcLoc":"src/link.c:89","Type":"PADD_DEREF$P1$@2$!PDEREF_RIGHTDEC$P1$"},"604":{"FuncName":"main","IRPosInFunc":[71,72],"SrcLoc":"src/link.c:89","Type":"PADD_DEREF$P1$@2$!PDEREF_LEFTDEC$P1$"},"605":{"FuncName":"main","IRPosInFunc":[71,72],"SrcLoc":"src/link.c:89","Type":"PADD_DEREF$P1$@2$!PDEREF_RIGHTINC$P1$"},"606":{"FuncName":"main","IRPosInFunc":[65,66],"SrcLoc":"src/link.c:89","Type":"PADD_DEREF$A1$@2$!PDEREF_ADD$A1$@2$"},"607":{"FuncName":"main","IRPosInFunc":[65,66],"SrcLoc":"src/link.c:89","Type":"PADD_DEREF$A1$@2$!PDEREF_SUB$A1$@2$"},"608":{"FuncName":"main","IRPosInFunc":[71,72],"SrcLoc":"src/link.c:89","Type":"PADD_DEREF$A1$@2$!PDEREF_ADD$A1$@2$"},"609":{"FuncName":"main","IRPosInFunc":[71,72],"SrcLoc":"src/link.c:89","Type":"PADD_DEREF$A1$@2$!PDEREF_SUB$A1$@2$"},"61":{"FuncName":"usage","IRPosInFunc":[13,14],"SrcLoc":"src/link.c:51","Type":"STMT!TRAPSTMT"},"610":{"FuncName":"main","IRPosInFunc":[64],"SrcLoc":"src/link.c:89","Type":"A!CONSTVAL$0$"},"611":{"FuncName":"main","IRPosInFunc":[65],"SrcLoc":"src/link.c:89","Type":"A!CONSTVAL$0$"},"612":{"FuncName":"main","IRPosInFunc":[70],"SrcLoc":"src/link.c:89","Type":"A!CONSTVAL$0$"},"613":{"FuncName":"main","IRPosInFunc":[71],"SrcLoc":"src/link.c:89","Type":"A!CONSTVAL$0$"},"614":{"FuncName":"main","IRPosInFunc":[62],"SrcLoc":"src/link.c:89","Type":"@!ABS$@$"},"615":{"FuncName":"main","IRPosInFunc":[63],"SrcLoc":"src/link.c:89","Type":"@!ABS$@$"},"616":{"FuncName":"main","IRPosInFunc":[67],"SrcLoc":"src/link.c:89","Type":"@!ABS$@$"},"617":{"FuncName":"main","IRPosInFunc":[68],"SrcLoc":"src/link.c:89","Type":"@!ABS$@$"},"618":{"FuncName":"main","IRPosInFunc":[69],"SrcLoc":"src/link.c:89","Type":"@!ABS$@$"},"619":{"FuncName":"main","IRPosInFunc":[74],"SrcLoc":"src/link.c:89","Type":"@!ABS$@$"},"62":{"FuncName":"usage","IRPosInFunc":[13,14],"SrcLoc":"src/link.c:51","Type":"STMT!DELSTMT"},"620":{"FuncName":"main","IRPosInFunc":[68],"SrcLoc":"src/link.c:89","Type":"C!CONSTVAL$0$"},"621":{"FuncName":"main","IRPosInFunc":[68],"SrcLoc":"src/link.c:89","Type":"C!ADD$C$1$"},"622":{"FuncName":"main","IRPosInFunc":[74],"SrcLoc":"src/link.c:89","Type":"C!ADD$C$-1$"},"623":{"FuncName":"main","IRPosInFunc":[74],"SrcLoc":"src/link.c:89","Type":"C!ADD$C$1$"},"624":{"FuncName":"main","IRPosInFunc":[65],"SrcLoc":"src/link.c:89","Type":"PADD$A1$@2$!OPERAND$@2$"},"625":{"FuncName":"main","IRPosInFunc":[65],"SrcLoc":"src/link.c:89","Type":"PADD$A1$@2$!PSUB$A1$@2$"},"626":{"FuncName":"main","IRPosInFunc":[65],"SrcLoc":"src/link.c:89","Type":"PADD$A1$@2$!OPERAND$A1$"},"627":{"FuncName":"main","IRPosInFunc":[71],"SrcLoc":"src/link.c:89","Type":"PADD$A1$@2$!OPERAND$@2$"},"628":{"FuncName":"main","IRPosInFunc":[71],"SrcLoc":"src/link.c:89","Type":"PADD$A1$@2$!PSUB$A1$@2$"},"629":{"FuncName":"main","IRPosInFunc":[71],"SrcLoc":"src/link.c:89","Type":"PADD$A1$@2$!OPERAND$A1$"},"63":{"FuncName":"usage","IRPosInFunc":[14],"SrcLoc":"src/link.c:51","Type":"@!ABS$@$"},"630":{"FuncName":"main","IRPosInFunc":[65],"SrcLoc":"src/link.c:89","Type":"PADD$P1$@2$!PLEFTINC$P1$"},"631":{"FuncName":"main","IRPosInFunc":[65],"SrcLoc":"src/link.c:89","Type":"PADD$P1$@2$!PRIGHTDEC$P1$"},"632":{"FuncName":"main","IRPosInFunc":[65],"SrcLoc":"src/link.c:89","Type":"PADD$P1$@2$!PRIGHTINC$P1$"},"633":{"FuncName":"main","IRPosInFunc":[65],"SrcLoc":"src/link.c:89","Type":"PADD$P1$@2$!PLEFTDEC$P1$"},"634":{"FuncName":"main","IRPosInFunc":[71],"SrcLoc":"src/link.c:89","Type":"PADD$P1$@2$!PLEFTINC$P1$"},"635":{"FuncName":"main","IRPosInFunc":[71],"SrcLoc":"src/link.c:89","Type":"PADD$P1$@2$!PRIGHTDEC$P1$"},"636":{"FuncName":"main","IRPosInFunc":[71],"SrcLoc":"src/link.c:89","Type":"PADD$P1$@2$!PRIGHTINC$P1$"},"637":{"FuncName":"main","IRPosInFunc":[71],"SrcLoc":"src/link.c:89","Type":"PADD$P1$@2$!PLEFTDEC$P1$"},"638":{"FuncName":"main","IRPosInFunc":[64],"SrcLoc":"src/link.c:89","Type":"P!PRIGHTDEC$P$"},"639":{"FuncName":"main","IRPosInFunc":[64],"SrcLoc":"src/link.c:89","Type":"P!PLEFTINC$P$"},"64":{"FuncName":"usage","IRPosInFunc":[15,16],"SrcLoc":"src/link.c:52","Type":"STMT!TRAPSTMT"},"640":{"FuncName":"main","IRPosInFunc":[64],"SrcLoc":"src/link.c:89","Type":"P!PRIGHTINC$P$"},"641":{"FuncName":"main","IRPosInFunc":[64],"SrcLoc":"src/link.c:89","Type":"P!PLEFTDEC$P$"},"642":{"FuncName":"main","IRPosInFunc":[70],"SrcLoc":"src/link.c:89","Type":"P!PRIGHTDEC$P$"},"643":{"FuncName":"main","IRPosInFunc":[70],"SrcLoc":"src/link.c:89","Type":"P!PLEFTINC$P$"},"644":{"FuncName":"main","IRPosInFunc":[70],"SrcLoc":"src/link.c:89","Type":"P!PRIGHTINC$P$"},"645":{"FuncName":"main","IRPosInFunc":[70],"SrcLoc":"src/link.c:89","Type":"P!PLEFTDEC$P$"},"646":{"FuncName":"main","IRPosInFunc":[68],"SrcLoc":"src/link.c:89","Type":"ADD$V1$@2$!ASSIGN$V1$@2$"},"647":{"FuncName":"main","IRPosInFunc":[68],"SrcLoc":"src/link.c:89","Type":"ADD$@1$@2$!GT$@2$@1$"},"648":{"FuncName":"main","IRPosInFunc":[68],"SrcLoc":"src/link.c:89","Type":"ADD$@1$@2$!SUB$@1$@2$"},"649":{"FuncName":"main","IRPosInFunc":[68],"SrcLoc":"src/link.c:89","Type":"ADD$@1$@2$!BITSHR$@2$@1$"},"65":{"FuncName":"usage","IRPosInFunc":[15,16],"SrcLoc":"src/link.c:52","Type":"STMT!DELSTMT"},"650":{"FuncName":"main","IRPosInFunc":[68],"SrcLoc":"src/link.c:89","Type":"ADD$@1$@2$!LT$@1$@2$"},"651":{"FuncName":"main","IRPosInFunc":[68],"SrcLoc":"src/link.c:89","Type":"ADD$@1$@2$!SUB$@2$@1$"},"652":{"FuncName":"main","IRPosInFunc":[68],"SrcLoc":"src/link.c:89","Type":"ADD$@1$@2$!OPERAND$@2$"},"653":{"FuncName":"main","IRPosInFunc":[68],"SrcLoc":"src/link.c:89","Type":"ADD$@1$@2$!LE$@2$@1$"},"654":{"FuncName":"main","IRPosInFunc":[68],"SrcLoc":"src/link.c:89","Type":"ADD$@1$@2$!BITAND$@1$@2$"},"655":{"FuncName":"main","IRPosInFunc":[68],"SrcLoc":"src/link.c:89","Type":"ADD$@1$@2$!ABS$@1$"},"656":{"FuncName":"main","IRPosInFunc":[68],"SrcLoc":"src/link.c:89","Type":"ADD$@1$@2$!LE$@1$@2$"},"657":{"FuncName":"main","IRPosInFunc":[68],"SrcLoc":"src/link.c:89","Type":"ADD$@1$@2$!CONSTVAL$0$"},"658":{"FuncName":"main","IRPosInFunc":[68],"SrcLoc":"src/link.c:89","Type":"ADD$@1$@2$!MOD$@2$@1$"},"659":{"FuncName":"main","IRPosInFunc":[68],"SrcLoc":"src/link.c:89","Type":"ADD$@1$@2$!BITXOR$@1$@2$"},"66":{"FuncName":"usage","IRPosInFunc":[16],"SrcLoc":"src/link.c:52","Type":"@!ABS$@$"},"660":{"FuncName":"main","IRPosInFunc":[68],"SrcLoc":"src/link.c:89","Type":"ADD$@1$@2$!LT$@2$@1$"},"661":{"FuncName":"main","IRPosInFunc":[68],"SrcLoc":"src/link.c:89","Type":"ADD$@1$@2$!DIV$@2$@1$"},"662":{"FuncName":"main","IRPosInFunc":[68],"SrcLoc":"src/link.c:89","Type":"ADD$@1$@2$!NEG$@1$"},"663":{"FuncName":"main","IRPosInFunc":[68],"SrcLoc":"src/link.c:89","Type":"ADD$@1$@2$!BITOR$@1$@2$"},"664":{"FuncName":"main","IRPosInFunc":[68],"SrcLoc":"src/link.c:89","Type":"ADD$@1$@2$!BITNOT$@2$"},"665":{"FuncName":"main","IRPosInFunc":[68],"SrcLoc":"src/link.c:89","Type":"ADD$@1$@2$!NEG$@2$"},"666":{"FuncName":"main","IRPosInFunc":[68],"SrcLoc":"src/link.c:89","Type":"ADD$@1$@2$!GT$@1$@2$"},"667":{"FuncName":"main","IRPosInFunc":[68],"SrcLoc":"src/link.c:89","Type":"ADD$@1$@2$!GE$@1$@2$"},"668":{"FuncName":"main","IRPosInFunc":[68],"SrcLoc":"src/link.c:89","Type":"ADD$@1$@2$!EQ$@1$@2$"},"669":{"FuncName":"main","IRPosInFunc":[68],"SrcLoc":"src/link.c:89","Type":"ADD$@1$@2$!GE$@2$@1$"},"67":{"FuncName":"usage","IRPosInFunc":[17],"SrcLoc":"src/link.c:53","Type":"STMT!TRAPSTMT"},"670":{"FuncName":"main","IRPosInFunc":[68],"SrcLoc":"src/link.c:89","Type":"ADD$@1$@2$!BITSHL$@1$@2$"},"671":{"FuncName":"main","IRPosInFunc":[68],"SrcLoc":"src/link.c:89","Type":"ADD$@1$@2$!NEQ$@1$@2$"},"672":{"FuncName":"main","IRPosInFunc":[68],"SrcLoc":"src/link.c:89","Type":"ADD$@1$@2$!BITNOT$@1$"},"673":{"FuncName":"main","IRPosInFunc":[68],"SrcLoc":"src/link.c:89","Type":"ADD$@1$@2$!BITSHL$@2$@1$"},"674":{"FuncName":"main","IRPosInFunc":[68],"SrcLoc":"src/link.c:89","Type":"ADD$@1$@2$!BITSHR$@1$@2$"},"675":{"FuncName":"main","IRPosInFunc":[68],"SrcLoc":"src/link.c:89","Type":"ADD$@1$@2$!GT$@2$@1$"},"676":{"FuncName":"main","IRPosInFunc":[68],"SrcLoc":"src/link.c:89","Type":"ADD$@1$@2$!BITSHR$@2$@1$"},"677":{"FuncName":"main","IRPosInFunc":[68],"SrcLoc":"src/link.c:89","Type":"ADD$@1$@2$!LT$@1$@2$"},"678":{"FuncName":"main","IRPosInFunc":[68],"SrcLoc":"src/link.c:89","Type":"ADD$@1$@2$!LE$@2$@1$"},"679":{"FuncName":"main","IRPosInFunc":[68],"SrcLoc":"src/link.c:89","Type":"ADD$@1$@2$!LE$@1$@2$"},"68":{"FuncName":"usage","IRPosInFunc":[17],"SrcLoc":"src/link.c:53","Type":"STMT!DELSTMT"},"680":{"FuncName":"main","IRPosInFunc":[68],"SrcLoc":"src/link.c:89","Type":"ADD$@1$@2$!MOD$@2$@1$"},"681":{"FuncName":"main","IRPosInFunc":[68],"SrcLoc":"src/link.c:89","Type":"ADD$@1$@2$!LT$@2$@1$"},"682":{"FuncName":"main","IRPosInFunc":[68],"SrcLoc":"src/link.c:89","Type":"ADD$@1$@2$!DIV$@2$@1$"},"683":{"FuncName":"main","IRPosInFunc":[68],"SrcLoc":"src/link.c:89","Type":"ADD$@1$@2$!GT$@1$@2$"},"684":{"FuncName":"main","IRPosInFunc":[68],"SrcLoc":"src/link.c:89","Type":"ADD$@1$@2$!GE$@1$@2$"},"685":{"FuncName":"main","IRPosInFunc":[68],"SrcLoc":"src/link.c:89","Type":"ADD$@1$@2$!GE$@2$@1$"},"686":{"FuncName":"main","IRPosInFunc":[68],"SrcLoc":"src/link.c:89","Type":"ADD$@1$@2$!BITSHR$@1$@2$"},"687":{"FuncName":"main","IRPosInFunc":[73],"SrcLoc":"src/link.c:89","Type":"CALL!SHUFFLEARGS$2$"},"688":{"FuncName":"main","IRPosInFunc":[76,77,78,79,80,81,82,83,84,85,86,87,88,89,90,91],"SrcLoc":"src/link.c:90","Type":"STMT!TRAPSTMT"},"689":{"FuncName":"main","IRPosInFunc":[76,77,78,79,80,81,82,83,84,85,86,87,88,89,90,91],"SrcLoc":"src/link.c:90","Type":"STMT!DELSTMT"},"69":{"FuncName":"usage","IRPosInFunc":[18],"SrcLoc":"","Type":"STMT!TRAPSTMT"},"690":{"FuncName":"main","IRPosInFunc":[79,78],"SrcLoc":"src/link.c:90","Type":"PDEREF_ADD$A1$@2$!PADD_DEREF$A1$@2$"},"691":{"FuncName":"main","IRPosInFunc":[79,78],"SrcLoc":"src/link.c:90","Type":"PDEREF_ADD$A1$@2$!PSUB_DEREF$A1$@2$"},"692":{"FuncName":"main","IRPosInFunc":[82,83],"SrcLoc":"src/link.c:90","Type":"PADD_DEREF$P1$@2$!PDEREF_LEFTINC$P1$"},"693":{"FuncName":"main","IRPosInFunc":[82,83],"SrcLoc":"src/link.c:90","Type":"PADD_DEREF$P1$@2$!PDEREF_RIGHTDEC$P1$"},"694":{"FuncName":"main","IRPosInFunc":[82,83],"SrcLoc":"src/link.c:90","Type":"PADD_DEREF$P1$@2$!PDEREF_LEFTDEC$P1$"},"695":{"FuncName":"main","IRPosInFunc":[82,83],"SrcLoc":"src/link.c:90","Type":"PADD_DEREF$P1$@2$!PDEREF_RIGHTINC$P1$"},"696":{"FuncName":"main","IRPosInFunc":[88,89],"SrcLoc":"src/link.c:90","Type":"PADD_DEREF$P1$@2$!PDEREF_LEFTINC$P1$"},"697":{"FuncName":"main","IRPosInFunc":[88,89],"SrcLoc":"src/link.c:90","Type":"PADD_DEREF$P1$@2$!PDEREF_RIGHTDEC$P1$"},"698":{"FuncName":"main","IRPosInFunc":[88,89],"SrcLoc":"src/link.c:90","Type":"PADD_DEREF$P1$@2$!PDEREF_LEFTDEC$P1$"},"699":{"FuncName":"main","IRPosInFunc":[88,89],"SrcLoc":"src/link.c:90","Type":"PADD_DEREF$P1$@2$!PDEREF_RIGHTINC$P1$"},"7":{"FuncName":"usage","IRPosInFunc":[1],"SrcLoc":"","Type":"ASSIGN$V1$@2$!LT$V1$@2$"},"70":{"FuncName":"usage","IRPosInFunc":[19,20],"SrcLoc":"src/link.c:55","Type":"STMT!TRAPSTMT"},"700":{"FuncName":"main","IRPosInFunc":[82,83],"SrcLoc":"src/link.c:90","Type":"PADD_DEREF$A1$@2$!PDEREF_ADD$A1$@2$"},"701":{"FuncName":"main","IRPosInFunc":[82,83],"SrcLoc":"src/link.c:90","Type":"PADD_DEREF$A1$@2$!PDEREF_SUB$A1$@2$"},"702":{"FuncName":"main","IRPosInFunc":[88,89],"SrcLoc":"src/link.c:90","Type":"PADD_DEREF$A1$@2$!PDEREF_ADD$A1$@2$"},"703":{"FuncName":"main","IRPosInFunc":[88,89],"SrcLoc":"src/link.c:90","Type":"PADD_DEREF$A1$@2$!PDEREF_SUB$A1$@2$"},"704":{"FuncName":"main","IRPosInFunc":[81],"SrcLoc":"src/link.c:90","Type":"A!CONSTVAL$0$"},"705":{"FuncName":"main","IRPosInFunc":[82],"SrcLoc":"src/link.c:90","Type":"A!CONSTVAL$0$"},"706":{"FuncName":"main","IRPosInFunc":[87],"SrcLoc":"src/link.c:90","Type":"A!CONSTVAL$0$"},"707":{"FuncName":"main","IRPosInFunc":[88],"SrcLoc":"src/link.c:90","Type":"A!CONSTVAL$0$"},"708":{"FuncName":"main","IRPosInFunc":[77],"SrcLoc":"src/link.c:90","Type":"@!ABS$@$"},"709":{"FuncName":"main","IRPosInFunc":[78],"SrcLoc":"src/link.c:90","Type":"@!ABS$@$"},"71":{"FuncName":"usage","IRPosInFunc":[19,20],"SrcLoc":"src/link.c:55","Type":"STMT!DELSTMT"},"710":{"FuncName":"main","IRPosInFunc":[79],"SrcLoc":"src/link.c:90","Type":"@!ABS$@$"},"711":{"FuncName":"main","IRPosInFunc":[80],"SrcLoc":"src/link.c:90","Type":"@!ABS$@$"},"712":{"FuncName":"main","IRPosInFunc":[85],"SrcLoc":"src/link.c:90","Type":"@!ABS$@$"},"713":{"FuncName":"main","IRPosInFunc":[86],"SrcLoc":"src/link.c:90","Type":"@!ABS$@$"},"714":{"FuncName":"main","IRPosInFunc":[79],"SrcLoc":"src/link.c:90","Type":"C!CONSTVAL$0$"},"715":{"FuncName":"main","IRPosInFunc":[79],"SrcLoc":"src/link.c:90","Type":"C!ADD$C$1$"},"716":{"FuncName":"main","IRPosInFunc":[82],"SrcLoc":"src/link.c:90","Type":"PADD$A1$@2$!OPERAND$@2$"},"717":{"FuncName":"main","IRPosInFunc":[82],"SrcLoc":"src/link.c:90","Type":"PADD$A1$@2$!PSUB$A1$@2$"},"718":{"FuncName":"main","IRPosInFunc":[82],"SrcLoc":"src/link.c:90","Type":"PADD$A1$@2$!OPERAND$A1$"},"719":{"FuncName":"main","IRPosInFunc":[88],"SrcLoc":"src/link.c:90","Type":"PADD$A1$@2$!OPERAND$@2$"},"72":{"FuncName":"usage","IRPosInFunc":[19],"SrcLoc":"src/link.c:55","Type":"@!ABS$@$"},"720":{"FuncName":"main","IRPosInFunc":[88],"SrcLoc":"src/link.c:90","Type":"PADD$A1$@2$!PSUB$A1$@2$"},"721":{"FuncName":"main","IRPosInFunc":[88],"SrcLoc":"src/link.c:90","Type":"PADD$A1$@2$!OPERAND$A1$"},"722":{"FuncName":"main","IRPosInFunc":[82],"SrcLoc":"src/link.c:90","Type":"PADD$P1$@2$!PLEFTINC$P1$"},"723":{"FuncName":"main","IRPosInFunc":[82],"SrcLoc":"src/link.c:90","Type":"PADD$P1$@2$!PRIGHTDEC$P1$"},"724":{"FuncName":"main","IRPosInFunc":[82],"SrcLoc":"src/link.c:90","Type":"PADD$P1$@2$!PRIGHTINC$P1$"},"725":{"FuncName":"main","IRPosInFunc":[82],"SrcLoc":"src/link.c:90","Type":"PADD$P1$@2$!PLEFTDEC$P1$"},"726":{"FuncName":"main","IRPosInFunc":[88],"SrcLoc":"src/link.c:90","Type":"PADD$P1$@2$!PLEFTINC$P1$"},"727":{"FuncName":"main","IRPosInFunc":[88],"SrcLoc":"src/link.c:90","Type":"PADD$P1$@2$!PRIGHTDEC$P1$"},"728":{"FuncName":"main","IRPosInFunc":[88],"SrcLoc":"src/link.c:90","Type":"PADD$P1$@2$!PRIGHTINC$P1$"},"729":{"FuncName":"main","IRPosInFunc":[88],"SrcLoc":"src/link.c:90","Type":"PADD$P1$@2$!PLEFTDEC$P1$"},"73":{"FuncName":"main","IRPosInFunc":[3],"SrcLoc":"","Type":"STMT!TRAPSTMT"},"730":{"FuncName":"main","IRPosInFunc":[81],"SrcLoc":"src/link.c:90","Type":"P!PRIGHTDEC$P$"},"731":{"FuncName":"main","IRPosInFunc":[81],"SrcLoc":"src/link.c:90","Type":"P!PLEFTINC$P$"},"732":{"FuncName":"main","IRPosInFunc":[81],"SrcLoc":"src/link.c:90","Type":"P!PRIGHTINC$P$"},"733":{"FuncName":"main","IRPosInFunc":[81],"SrcLoc":"src/link.c:90","Type":"P!PLEFTDEC$P$"},"734":{"FuncName":"main","IRPosInFunc":[87],"SrcLoc":"src/link.c:90","Type":"P!PRIGHTDEC$P$"},"735":{"FuncName":"main","IRPosInFunc":[87],"SrcLoc":"src/link.c:90","Type":"P!PLEFTINC$P$"},"736":{"FuncName":"main","IRPosInFunc":[87],"SrcLoc":"src/link.c:90","Type":"P!PRIGHTINC$P$"},"737":{"FuncName":"main","IRPosInFunc":[87],"SrcLoc":"src/link.c:90","Type":"P!PLEFTDEC$P$"},"738":{"FuncName":"main","IRPosInFunc":[79],"SrcLoc":"src/link.c:90","Type":"ADD$V1$@2$!ASSIGN$V1$@2$"},"739":{"FuncName":"main","IRPosInFunc":[79],"SrcLoc":"src/link.c:90","Type":"ADD$@1$@2$!GT$@2$@1$"},"74":{"FuncName":"main","IRPosInFunc":[3],"SrcLoc":"","Type":"STMT!DELSTMT"},"740":{"FuncName":"main","IRPosInFunc":[79],"SrcLoc":"src/link.c:90","Type":"ADD$@1$@2$!SUB$@1$@2$"},"741":{"FuncName":"main","IRPosInFunc":[79],"SrcLoc":"src/link.c:90","Type":"ADD$@1$@2$!BITSHR$@2$@1$"},"742":{"FuncName":"main","IRPosInFunc":[79],"SrcLoc":"src/link.c:90","Type":"ADD$@1$@2$!LT$@1$@2$"},"743":{"FuncName":"main","IRPosInFunc":[79],"SrcLoc":"src/link.c:90","Type":"ADD$@1$@2$!SUB$@2$@1$"},"744":{"FuncName":"main","IRPosInFunc":[79],"SrcLoc":"src/link.c:90","Type":"ADD$@1$@2$!OPERAND$@2$"},"745":{"FuncName":"main","IRPosInFunc":[79],"SrcLoc":"src/link.c:90","Type":"ADD$@1$@2$!LE$@2$@1$"},"746":{"FuncName":"main","IRPosInFunc":[79],"SrcLoc":"src/link.c:90","Type":"ADD$@1$@2$!BITAND$@1$@2$"},"747":{"FuncName":"main","IRPosInFunc":[79],"SrcLoc":"src/link.c:90","Type":"ADD$@1$@2$!ABS$@1$"},"748":{"FuncName":"main","IRPosInFunc":[79],"SrcLoc":"src/link.c:90","Type":"ADD$@1$@2$!LE$@1$@2$"},"749":{"FuncName":"main","IRPosInFunc":[79],"SrcLoc":"src/link.c:90","Type":"ADD$@1$@2$!CONSTVAL$0$"},"75":{"FuncName":"main","IRPosInFunc":[3],"SrcLoc":"","Type":"ASSIGN$V1$@2$!BITOR$V1$@2$"},"750":{"FuncName":"main","IRPosInFunc":[79],"SrcLoc":"src/link.c:90","Type":"ADD$@1$@2$!MOD$@1$@2$"},"751":{"FuncName":"main","IRPosInFunc":[79],"SrcLoc":"src/link.c:90","Type":"ADD$@1$@2$!MOD$@2$@1$"},"752":{"FuncName":"main","IRPosInFunc":[79],"SrcLoc":"src/link.c:90","Type":"ADD$@1$@2$!BITXOR$@1$@2$"},"753":{"FuncName":"main","IRPosInFunc":[79],"SrcLoc":"src/link.c:90","Type":"ADD$@1$@2$!LT$@2$@1$"},"754":{"FuncName":"main","IRPosInFunc":[79],"SrcLoc":"src/link.c:90","Type":"ADD$@1$@2$!DIV$@2$@1$"},"755":{"FuncName":"main","IRPosInFunc":[79],"SrcLoc":"src/link.c:90","Type":"ADD$@1$@2$!NEG$@1$"},"756":{"FuncName":"main","IRPosInFunc":[79],"SrcLoc":"src/link.c:90","Type":"ADD$@1$@2$!BITOR$@1$@2$"},"757":{"FuncName":"main","IRPosInFunc":[79],"SrcLoc":"src/link.c:90","Type":"ADD$@1$@2$!BITNOT$@2$"},"758":{"FuncName":"main","IRPosInFunc":[79],"SrcLoc":"src/link.c:90","Type":"ADD$@1$@2$!NEG$@2$"},"759":{"FuncName":"main","IRPosInFunc":[79],"SrcLoc":"src/link.c:90","Type":"ADD$@1$@2$!GT$@1$@2$"},"76":{"FuncName":"main","IRPosInFunc":[3],"SrcLoc":"","Type":"ASSIGN$V1$@2$!MOD$@2$V1$"},"760":{"FuncName":"main","IRPosInFunc":[79],"SrcLoc":"src/link.c:90","Type":"ADD$@1$@2$!GE$@1$@2$"},"761":{"FuncName":"main","IRPosInFunc":[79],"SrcLoc":"src/link.c:90","Type":"ADD$@1$@2$!EQ$@1$@2$"},"762":{"FuncName":"main","IRPosInFunc":[79],"SrcLoc":"src/link.c:90","Type":"ADD$@1$@2$!GE$@2$@1$"},"763":{"FuncName":"main","IRPosInFunc":[79],"SrcLoc":"src/link.c:90","Type":"ADD$@1$@2$!BITSHL$@1$@2$"},"764":{"FuncName":"main","IRPosInFunc":[79],"SrcLoc":"src/link.c:90","Type":"ADD$@1$@2$!NEQ$@1$@2$"},"765":{"FuncName":"main","IRPosInFunc":[79],"SrcLoc":"src/link.c:90","Type":"ADD$@1$@2$!BITNOT$@1$"},"766":{"FuncName":"main","IRPosInFunc":[79],"SrcLoc":"src/link.c:90","Type":"ADD$@1$@2$!BITSHL$@2$@1$"},"767":{"FuncName":"main","IRPosInFunc":[79],"SrcLoc":"src/link.c:90","Type":"ADD$@1$@2$!BITSHR$@1$@2$"},"768":{"FuncName":"main","IRPosInFunc":[79],"SrcLoc":"src/link.c:90","Type":"ADD$@1$@2$!GT$@2$@1$"},"769":{"FuncName":"main","IRPosInFunc":[79],"SrcLoc":"src/link.c:90","Type":"ADD$@1$@2$!BITSHR$@2$@1$"},"77":{"FuncName":"main","IRPosInFunc":[3],"SrcLoc":"","Type":"ASSIGN$V1$@2$!LE$@2$V1$"},"770":{"FuncName":"main","IRPosInFunc":[79],"SrcLoc":"src/link.c:90","Type":"ADD$@1$@2$!LT$@1$@2$"},"771":{"FuncName":"main","IRPosInFunc":[79],"SrcLoc":"src/link.c:90","Type":"ADD$@1$@2$!LE$@2$@1$"},"772":{"FuncName":"main","IRPosInFunc":[79],"SrcLoc":"src/link.c:90","Type":"ADD$@1$@2$!LE$@1$@2$"},"773":{"FuncName":"main","IRPosInFunc":[79],"SrcLoc":"src/link.c:90","Type":"ADD$@1$@2$!MOD$@2$@1$"},"774":{"FuncName":"main","IRPosInFunc":[79],"SrcLoc":"src/link.c:90","Type":"ADD$@1$@2$!LT$@2$@1$"},"775":{"FuncName":"main","IRPosInFunc":[79],"SrcLoc":"src/link.c:90","Type":"ADD$@1$@2$!DIV$@2$@1$"},"776":{"FuncName":"main","IRPosInFunc":[79],"SrcLoc":"src/link.c:90","Type":"ADD$@1$@2$!GT$@1$@2$"},"777":{"FuncName":"main","IRPosInFunc":[79],"SrcLoc":"src/link.c:90","Type":"ADD$@1$@2$!GE$@1$@2$"},"778":{"FuncName":"main","IRPosInFunc":[79],"SrcLoc":"src/link.c:90","Type":"ADD$@1$@2$!GE$@2$@1$"},"779":{"FuncName":"main","IRPosInFunc":[79],"SrcLoc":"src/link.c:90","Type":"ADD$@1$@2$!BITSHR$@1$@2$"},"78":{"FuncName":"main","IRPosInFunc":[3],"SrcLoc":"","Type":"ASSIGN$V1$@2$!ABS$V1$"},"780":{"FuncName":"main","IRPosInFunc":[91],"SrcLoc":"src/link.c:90","Type":"CALL!SHUFFLEARGS$2$"},"781":{"FuncName":"main","IRPosInFunc":[91],"SrcLoc":"src/link.c:90","Type":"CALL!SHUFFLEARGS$2$"},"782":{"FuncName":"main","IRPosInFunc":[91],"SrcLoc":"src/link.c:90","Type":"CALL!SHUFFLEARGS$2$"},"783":{"FuncName":"main","IRPosInFunc":[91],"SrcLoc":"src/link.c:90","Type":"CALL!SHUFFLEARGS$2$"},"784":{"FuncName":"main","IRPosInFunc":[92],"SrcLoc":"src/link.c:90","Type":"STMT!TRAPSTMT"},"785":{"FuncName":"main","IRPosInFunc":[93],"SrcLoc":"src/link.c:93","Type":"STMT!TRAPSTMT"},"786":{"FuncName":"main","IRPosInFunc":[93],"SrcLoc":"src/link.c:93","Type":"STMT!DELSTMT"},"79":{"FuncName":"main","IRPosInFunc":[3],"SrcLoc":"","Type":"ASSIGN$V1$@2$!LT$@2$V1$"},"8":{"FuncName":"usage","IRPosInFunc":[1],"SrcLoc":"","Type":"ASSIGN$V1$@2$!EQ$V1$@2$"},"80":{"FuncName":"main","IRPosInFunc":[3],"SrcLoc":"","Type":"ASSIGN$V1$@2$!NEQ$V1$@2$"},"81":{"FuncName":"main","IRPosInFunc":[3],"SrcLoc":"","Type":"ASSIGN$V1$@2$!LT$V1$@2$"},"82":{"FuncName":"main","IRPosInFunc":[3],"SrcLoc":"","Type":"ASSIGN$V1$@2$!EQ$V1$@2$"},"83":{"FuncName":"main","IRPosInFunc":[3],"SrcLoc":"","Type":"ASSIGN$V1$@2$!GE$@2$V1$"},"84":{"FuncName":"main","IRPosInFunc":[3],"SrcLoc":"","Type":"ASSIGN$V1$@2$!GE$V1$@2$"},"85":{"FuncName":"main","IRPosInFunc":[3],"SrcLoc":"","Type":"ASSIGN$V1$@2$!LE$V1$@2$"},"86":{"FuncName":"main","IRPosInFunc":[3],"SrcLoc":"","Type":"ASSIGN$V1$@2$!GT$@2$V1$"},"87":{"FuncName":"main","IRPosInFunc":[3],"SrcLoc":"","Type":"ASSIGN$V1$@2$!GT$V1$@2$"},"88":{"FuncName":"main","IRPosInFunc":[3],"SrcLoc":"","Type":"ASSIGN$V1$@2$!LT$@2$V1$"},"89":{"FuncName":"main","IRPosInFunc":[3],"SrcLoc":"","Type":"ASSIGN$V1$@2$!GE$@2$V1$"},"9":{"FuncName":"usage","IRPosInFunc":[1],"SrcLoc":"","Type":"ASSIGN$V1$@2$!GE$@2$V1$"},"90":{"FuncName":"main","IRPosInFunc":[3],"SrcLoc":"","Type":"ASSIGN$V1$@2$!LE$V1$@2$"},"91":{"FuncName":"main","IRPosInFunc":[3],"SrcLoc":"","Type":"ASSIGN$V1$@2$!GT$V1$@2$"},"92":{"FuncName":"main","IRPosInFunc":[3],"SrcLoc":"","Type":"C!ADD$C$-1$"},"93":{"FuncName":"main","IRPosInFunc":[3],"SrcLoc":"","Type":"C!ADD$C$1$"},"94":{"FuncName":"main","IRPosInFunc":[4],"SrcLoc":"","Type":"STMT!TRAPSTMT"},"95":{"FuncName":"main","IRPosInFunc":[4],"SrcLoc":"","Type":"STMT!DELSTMT"},"96":{"FuncName":"main","IRPosInFunc":[4],"SrcLoc":"","Type":"ASSIGN$V1$@2$!BITOR$V1$@2$"},"97":{"FuncName":"main","IRPosInFunc":[4],"SrcLoc":"","Type":"ASSIGN$V1$@2$!LE$@2$V1$"},"98":{"FuncName":"main","IRPosInFunc":[4],"SrcLoc":"","Type":"ASSIGN$V1$@2$!ABS$V1$"},"99":{"FuncName":"main","IRPosInFunc":[4],"SrcLoc":"","Type":"ASSIGN$V1$@2$!LT$@2$V1$"}}