{
  "1": {
    "FuncName": "main",
    "IRPosInFunc": [
      5
    ],
    "SrcLoc": "",
    "Type": "STMT!TRAPSTMT"
  },
  "115": {
    "FuncName": "main",
    "IRPosInFunc": [
      22
    ],
    "SrcLoc": "src/expr.c:309",
    "Type": "@!ABS$@$"
  },
  "116": {
    "FuncName": "main",
    "IRPosInFunc": [
      24,
      25,
      26
    ],
    "SrcLoc": "src/expr.c:310",
    "Type": "STMT!TRAPSTMT"
  },
  "117": {
    "FuncName": "main",
    "IRPosInFunc": [
      24
    ],
    "SrcLoc": "src/expr.c:310",
    "Type": "@!ABS$@$"
  },
  "118": {
    "FuncName": "main",
    "IRPosInFunc": [
      25
    ],
    "SrcLoc": "src/expr.c:310",
    "Type": "@!ABS$@$"
  },
  "119": {
    "FuncName": "main",
    "IRPosInFunc": [
      25
    ],
    "SrcLoc": "src/expr.c:310",
    "Type": "C!CONSTVAL$0$"
  },
  "120": {
    "FuncName": "main",
    "IRPosInFunc": [
      25
    ],
    "SrcLoc": "src/expr.c:310",
    "Type": "C!ADD$C$1$"
  },
  "121": {
    "FuncName": "main",
    "IRPosInFunc": [
      26
    ],
    "SrcLoc": "src/expr.c:310",
    "Type": "AND$@1$@2$!CONSTVAL$0$"
  },
  "122": {
    "FuncName": "main",
    "IRPosInFunc": [
      26
    ],
    "SrcLoc": "src/expr.c:310",
    "Type": "AND$@1$@2$!CONSTVAL$1$"
  },
  "123": {
    "FuncName": "main",
    "IRPosInFunc": [
      26
    ],
    "SrcLoc": "src/expr.c:310",
    "Type": "AND$@1$@2$!OPERAND$@1$"
  },
  "124": {
    "FuncName": "main",
    "IRPosInFunc": [
      26
    ],
    "SrcLoc": "src/expr.c:310",
    "Type": "AND$@1$@2$!OPERAND$@2$"
  },
  "125": {
    "FuncName": "main",
    "IRPosInFunc": [
      26
    ],
    "SrcLoc": "src/expr.c:310",
    "Type": "AND$@1$@2$!OR$@1$@2$"
  },
  "126": {
    "FuncName": "main",
    "IRPosInFunc": [
      25
    ],
    "SrcLoc": "src/expr.c:310",
    "Type": "LT$@1$V2$!ASSIGN$V2$@1$"
  },
  "127": {
    "FuncName": "main",
    "IRPosInFunc": [
      25
    ],
    "SrcLoc": "src/expr.c:310",
    "Type": "LT$@1$@2$!MOD$@2$@1$"
  },
  "128": {
    "FuncName": "main",
    "IRPosInFunc": [
      25
    ],
    "SrcLoc": "src/expr.c:310",
    "Type": "LT$@1$@2$!NEG$@2$"
  },
  "129": {
    "FuncName": "main",
    "IRPosInFunc": [
      25
    ],
    "SrcLoc": "src/expr.c:310",
    "Type": "LT$@1$@2$!BITXOR$@1$@2$"
  },
  "130": {
    "FuncName": "main",
    "IRPosInFunc": [
      25
    ],
    "SrcLoc": "src/expr.c:310",
    "Type": "LT$@1$@2$!DIV$@2$@1$"
  },
  "131": {
    "FuncName": "main",
    "IRPosInFunc": [
      25
    ],
    "SrcLoc": "src/expr.c:310",
    "Type": "LT$@1$@2$!BITSHR$@1$@2$"
  },
  "132": {
    "FuncName": "main",
    "IRPosInFunc": [
      25
    ],
    "SrcLoc": "src/expr.c:310",
    "Type": "LT$@1$@2$!BITOR$@1$@2$"
  },
  "133": {
    "FuncName": "main",
    "IRPosInFunc": [
      25
    ],
    "SrcLoc": "src/expr.c:310",
    "Type": "LT$@1$@2$!SUB$@2$@1$"
  },
  "135": {
    "FuncName": "main",
    "IRPosInFunc": [
      25
    ],
    "SrcLoc": "src/expr.c:310",
    "Type": "LT$@1$@2$!NEQ$@1$@2$"
  },
  "136": {
    "FuncName": "main",
    "IRPosInFunc": [
      25
    ],
    "SrcLoc": "src/expr.c:310",
    "Type": "LT$@1$@2$!BITNOT$@2$"
  },
  "137": {
    "FuncName": "main",
    "IRPosInFunc": [
      25
    ],
    "SrcLoc": "src/expr.c:310",
    "Type": "LT$@1$@2$!BITSHL$@2$@1$"
  },
  "139": {
    "FuncName": "main",
    "IRPosInFunc": [
      25
    ],
    "SrcLoc": "src/expr.c:310",
    "Type": "LT$@1$@2$!EQ$@1$@2$"
  },
  "140": {
    "FuncName": "main",
    "IRPosInFunc": [
      25
    ],
    "SrcLoc": "src/expr.c:310",
    "Type": "LT$@1$@2$!ADD$@1$@2$"
  },
  "141": {
    "FuncName": "main",
    "IRPosInFunc": [
      25
    ],
    "SrcLoc": "src/expr.c:310",
    "Type": "LT$@1$@2$!BITAND$@1$@2$"
  },
  "142": {
    "FuncName": "main",
    "IRPosInFunc": [
      25
    ],
    "SrcLoc": "src/expr.c:310",
    "Type": "LT$@1$@2$!ABS$@2$"
  },
  "143": {
    "FuncName": "main",
    "IRPosInFunc": [
      25
    ],
    "SrcLoc": "src/expr.c:310",
    "Type": "LT$@1$@2$!MOD$@1$@2$"
  },
  "144": {
    "FuncName": "main",
    "IRPosInFunc": [
      25
    ],
    "SrcLoc": "src/expr.c:310",
    "Type": "LT$@1$@2$!LE$@2$@1$"
  },
  "145": {
    "FuncName": "main",
    "IRPosInFunc": [
      25
    ],
    "SrcLoc": "src/expr.c:310",
    "Type": "LT$@1$@2$!GE$@2$@1$"
  },
  "146": {
    "FuncName": "main",
    "IRPosInFunc": [
      25
    ],
    "SrcLoc": "src/expr.c:310",
    "Type": "LT$@1$@2$!SUB$@1$@2$"
  },
  "147": {
    "FuncName": "main",
    "IRPosInFunc": [
      25
    ],
    "SrcLoc": "src/expr.c:310",
    "Type": "LT$@1$@2$!LE$@1$@2$"
  },
  "148": {
    "FuncName": "main",
    "IRPosInFunc": [
      25
    ],
    "SrcLoc": "src/expr.c:310",
    "Type": "LT$@1$@2$!DIV$@1$@2$"
  },
  "149": {
    "FuncName": "main",
    "IRPosInFunc": [
      25
    ],
    "SrcLoc": "src/expr.c:310",
    "Type": "LT$@1$@2$!GE$@1$@2$"
  },
  "150": {
    "FuncName": "main",
    "IRPosInFunc": [
      25
    ],
    "SrcLoc": "src/expr.c:310",
    "Type": "LT$@1$@2$!BITSHR$@2$@1$"
  },
  "151": {
    "FuncName": "main",
    "IRPosInFunc": [
      25
    ],
    "SrcLoc": "src/expr.c:310",
    "Type": "LT$@1$@2$!GT$@2$@1$"
  },
  "152": {
    "FuncName": "main",
    "IRPosInFunc": [
      25
    ],
    "SrcLoc": "src/expr.c:310",
    "Type": "LT$@1$@2$!GT$@1$@2$"
  },
  "153": {
    "FuncName": "main",
    "IRPosInFunc": [
      27,
      28,
      29,
      30,
      31,
      32
    ],
    "SrcLoc": "src/expr.c:310",
    "Type": "STMT!TRAPSTMT"
  },
  "154": {
    "FuncName": "main",
    "IRPosInFunc": [
      28,
      29
    ],
    "SrcLoc": "src/expr.c:310",
    "Type": "PADD_DEREF$P1$@2$!PDEREF_LEFTINC$P1$"
  },
  "155": {
    "FuncName": "main",
    "IRPosInFunc": [
      28,
      29
    ],
    "SrcLoc": "src/expr.c:310",
    "Type": "PADD_DEREF$P1$@2$!PDEREF_RIGHTDEC$P1$"
  },
  "156": {
    "FuncName": "main",
    "IRPosInFunc": [
      28,
      29
    ],
    "SrcLoc": "src/expr.c:310",
    "Type": "PADD_DEREF$P1$@2$!PDEREF_LEFTDEC$P1$"
  },
  "157": {
    "FuncName": "main",
    "IRPosInFunc": [
      28,
      29
    ],
    "SrcLoc": "src/expr.c:310",
    "Type": "PADD_DEREF$P1$@2$!PDEREF_RIGHTINC$P1$"
  },
  "158": {
    "FuncName": "main",
    "IRPosInFunc": [
      28,
      29
    ],
    "SrcLoc": "src/expr.c:310",
    "Type": "PADD_DEREF$A1$@2$!PDEREF_ADD$A1$@2$"
  },
  "159": {
    "FuncName": "main",
    "IRPosInFunc": [
      28,
      29
    ],
    "SrcLoc": "src/expr.c:310",
    "Type": "PADD_DEREF$A1$@2$!PDEREF_SUB$A1$@2$"
  },
  "160": {
    "FuncName": "main",
    "IRPosInFunc": [
      27
    ],
    "SrcLoc": "src/expr.c:310",
    "Type": "A!CONSTVAL$0$"
  },
  "161": {
    "FuncName": "main",
    "IRPosInFunc": [
      28
    ],
    "SrcLoc": "src/expr.c:310",
    "Type": "A!CONSTVAL$0$"
  },
  "162": {
    "FuncName": "main",
    "IRPosInFunc": [
      30
    ],
    "SrcLoc": "src/expr.c:310",
    "Type": "@!ABS$@$"
  },
  "163": {
    "FuncName": "main",
    "IRPosInFunc": [
      31
    ],
    "SrcLoc": "src/expr.c:310",
    "Type": "@!ABS$@$"
  },
  "164": {
    "FuncName": "main",
    "IRPosInFunc": [
      28
    ],
    "SrcLoc": "src/expr.c:310",
    "Type": "C!CONSTVAL$0$"
  },
  "165": {
    "FuncName": "main",
    "IRPosInFunc": [
      28
    ],
    "SrcLoc": "src/expr.c:310",
    "Type": "C!ADD$C$1$"
  },
  "166": {
    "FuncName": "main",
    "IRPosInFunc": [
      31
    ],
    "SrcLoc": "src/expr.c:310",
    "Type": "C!ADD$C$-1$"
  },
  "167": {
    "FuncName": "main",
    "IRPosInFunc": [
      31
    ],
    "SrcLoc": "src/expr.c:310",
    "Type": "C!ADD$C$1$"
  },
  "168": {
    "FuncName": "main",
    "IRPosInFunc": [
      28
    ],
    "SrcLoc": "src/expr.c:310",
    "Type": "PADD$A1$@2$!OPERAND$@2$"
  },
  "169": {
    "FuncName": "main",
    "IRPosInFunc": [
      28
    ],
    "SrcLoc": "src/expr.c:310",
    "Type": "PADD$A1$@2$!PSUB$A1$@2$"
  },
  "170": {
    "FuncName": "main",
    "IRPosInFunc": [
      28
    ],
    "SrcLoc": "src/expr.c:310",
    "Type": "PADD$P1$@2$!PLEFTINC$P1$"
  },
  "171": {
    "FuncName": "main",
    "IRPosInFunc": [
      28
    ],
    "SrcLoc": "src/expr.c:310",
    "Type": "PADD$P1$@2$!PRIGHTDEC$P1$"
  },
  "172": {
    "FuncName": "main",
    "IRPosInFunc": [
      28
    ],
    "SrcLoc": "src/expr.c:310",
    "Type": "PADD$P1$@2$!PRIGHTINC$P1$"
  },
  "173": {
    "FuncName": "main",
    "IRPosInFunc": [
      28
    ],
    "SrcLoc": "src/expr.c:310",
    "Type": "PADD$P1$@2$!PLEFTDEC$P1$"
  },
  "174": {
    "FuncName": "main",
    "IRPosInFunc": [
      27
    ],
    "SrcLoc": "src/expr.c:310",
    "Type": "P!PRIGHTDEC$P$"
  },
  "175": {
    "FuncName": "main",
    "IRPosInFunc": [
      27
    ],
    "SrcLoc": "src/expr.c:310",
    "Type": "P!PLEFTINC$P$"
  },
  "177": {
    "FuncName": "main",
    "IRPosInFunc": [
      31
    ],
    "SrcLoc": "src/expr.c:310",
    "Type": "EQ$@1$@2$!BITOR$@1$@2$"
  },
  "178": {
    "FuncName": "main",
    "IRPosInFunc": [
      31
    ],
    "SrcLoc": "src/expr.c:310",
    "Type": "EQ$@1$@2$!BITNOT$@1$"
  },
  "179": {
    "FuncName": "main",
    "IRPosInFunc": [
      31
    ],
    "SrcLoc": "src/expr.c:310",
    "Type": "EQ$@1$@2$!MUL$@1$@2$"
  },
  "180": {
    "FuncName": "main",
    "IRPosInFunc": [
      31
    ],
    "SrcLoc": "src/expr.c:310",
    "Type": "EQ$@1$@2$!CONSTVAL$1$"
  },
  "181": {
    "FuncName": "main",
    "IRPosInFunc": [
      31
    ],
    "SrcLoc": "src/expr.c:310",
    "Type": "EQ$@1$@2$!GT$@2$@1$"
  },
  "182": {
    "FuncName": "main",
    "IRPosInFunc": [
      31
    ],
    "SrcLoc": "src/expr.c:310",
    "Type": "EQ$@1$@2$!LE$@1$@2$"
  },
  "183": {
    "FuncName": "main",
    "IRPosInFunc": [
      31
    ],
    "SrcLoc": "src/expr.c:310",
    "Type": "EQ$@1$@2$!MOD$@1$@2$"
  },
  "184": {
    "FuncName": "main",
    "IRPosInFunc": [
      31
    ],
    "SrcLoc": "src/expr.c:310",
    "Type": "EQ$@1$@2$!GT$@1$@2$"
  },
  "186": {
    "FuncName": "main",
    "IRPosInFunc": [
      31
    ],
    "SrcLoc": "src/expr.c:310",
    "Type": "EQ$@1$@2$!LE$@2$@1$"
  },
  "187": {
    "FuncName": "main",
    "IRPosInFunc": [
      31
    ],
    "SrcLoc": "src/expr.c:310",
    "Type": "EQ$@1$@2$!DIV$@1$@2$"
  },
  "188": {
    "FuncName": "main",
    "IRPosInFunc": [
      31
    ],
    "SrcLoc": "src/expr.c:310",
    "Type": "EQ$@1$@2$!GE$@2$@1$"
  },
  "189": {
    "FuncName": "main",
    "IRPosInFunc": [
      31
    ],
    "SrcLoc": "src/expr.c:310",
    "Type": "EQ$@1$@2$!NEG$@1$"
  },
  "190": {
    "FuncName": "main",
    "IRPosInFunc": [
      31
    ],
    "SrcLoc": "src/expr.c:310",
    "Type": "EQ$@1$@2$!ABS$@1$"
  },
  "191": {
    "FuncName": "main",
    "IRPosInFunc": [
      31
    ],
    "SrcLoc": "src/expr.c:310",
    "Type": "EQ$@1$@2$!LT$@1$@2$"
  },
  "192": {
    "FuncName": "main",
    "IRPosInFunc": [
      31
    ],
    "SrcLoc": "src/expr.c:310",
    "Type": "EQ$@1$@2$!LT$@2$@1$"
  },
  "193": {
    "FuncName": "main",
    "IRPosInFunc": [
      31
    ],
    "SrcLoc": "src/expr.c:310",
    "Type": "EQ$@1$@2$!GE$@1$@2$"
  },
  "194": {
    "FuncName": "main",
    "IRPosInFunc": [
      31
    ],
    "SrcLoc": "src/expr.c:310",
    "Type": "EQ$@1$@2$!LE$@1$@2$"
  },
  "195": {
    "FuncName": "main",
    "IRPosInFunc": [
      31
    ],
    "SrcLoc": "src/expr.c:310",
    "Type": "EQ$@1$@2$!GT$@1$@2$"
  },
  "197": {
    "FuncName": "main",
    "IRPosInFunc": [
      31
    ],
    "SrcLoc": "src/expr.c:310",
    "Type": "EQ$@1$@2$!DIV$@1$@2$"
  },
  "198": {
    "FuncName": "main",
    "IRPosInFunc": [
      31
    ],
    "SrcLoc": "src/expr.c:310",
    "Type": "EQ$@1$@2$!GE$@2$@1$"
  },
  "199": {
    "FuncName": "main",
    "IRPosInFunc": [
      31
    ],
    "SrcLoc": "src/expr.c:310",
    "Type": "EQ$@1$@2$!LT$@2$@1$"
  },
  "2": {
    "FuncName": "main",
    "IRPosInFunc": [
      5
    ],
    "SrcLoc": "",
    "Type": "STMT!DELSTMT"
  },
  "20": {
    "FuncName": "main",
    "IRPosInFunc": [
      5
    ],
    "SrcLoc": "",
    "Type": "C!ADD$C$-1$"
  },
  "200": {
    "FuncName": "main",
    "IRPosInFunc": [
      30
    ],
    "SrcLoc": "src/expr.c:310",
    "Type": "CALL!SHUFFLEARGS$2$"
  },
  "201": {
    "FuncName": "main",
    "IRPosInFunc": [
      33,
      34,
      35
    ],
    "SrcLoc": "src/expr.c:312",
    "Type": "STMT!TRAPSTMT"
  },
  "21": {
    "FuncName": "main",
    "IRPosInFunc": [
      5
    ],
    "SrcLoc": "",
    "Type": "C!ADD$C$1$"
  },
  "210": {
    "FuncName": "main",
    "IRPosInFunc": [
      35
    ],
    "SrcLoc": "src/expr.c:312",
    "Type": "ASSIGN$V1$@2$!GE$V1$@2$"
  },
  "22": {
    "FuncName": "main",
    "IRPosInFunc": [
      6
    ],
    "SrcLoc": "",
    "Type": "STMT!TRAPSTMT"
  },
  "222": {
    "FuncName": "main",
    "IRPosInFunc": [
      34
    ],
    "SrcLoc": "src/expr.c:312",
    "Type": "@!ABS$@$"
  },
  "223": {
    "FuncName": "main",
    "IRPosInFunc": [
      33
    ],
    "SrcLoc": "src/expr.c:312",
    "Type": "@!ABS$@$"
  },
  "224": {
    "FuncName": "main",
    "IRPosInFunc": [
      34
    ],
    "SrcLoc": "src/expr.c:312",
    "Type": "@!ABS$@$"
  },
  "225": {
    "FuncName": "main",
    "IRPosInFunc": [
      34
    ],
    "SrcLoc": "src/expr.c:312",
    "Type": "C!CONSTVAL$0$"
  },
  "226": {
    "FuncName": "main",
    "IRPosInFunc": [
      34
    ],
    "SrcLoc": "src/expr.c:312",
    "Type": "C!ADD$C$-1$"
  },
  "227": {
    "FuncName": "main",
    "IRPosInFunc": [
      34
    ],
    "SrcLoc": "src/expr.c:312",
    "Type": "ADD$V1$@2$!ASSIGN$V1$@2$"
  },
  "228": {
    "FuncName": "main",
    "IRPosInFunc": [
      34
    ],
    "SrcLoc": "src/expr.c:312",
    "Type": "ADD$@1$@2$!GT$@2$@1$"
  },
  "229": {
    "FuncName": "main",
    "IRPosInFunc": [
      34
    ],
    "SrcLoc": "src/expr.c:312",
    "Type": "ADD$@1$@2$!SUB$@1$@2$"
  },
  "230": {
    "FuncName": "main",
    "IRPosInFunc": [
      34
    ],
    "SrcLoc": "src/expr.c:312",
    "Type": "ADD$@1$@2$!LT$@1$@2$"
  },
  "231": {
    "FuncName": "main",
    "IRPosInFunc": [
      34
    ],
    "SrcLoc": "src/expr.c:312",
    "Type": "ADD$@1$@2$!SUB$@2$@1$"
  },
  "232": {
    "FuncName": "main",
    "IRPosInFunc": [
      34
    ],
    "SrcLoc": "src/expr.c:312",
    "Type": "ADD$@1$@2$!LE$@2$@1$"
  },
  "233": {
    "FuncName": "main",
    "IRPosInFunc": [
      34
    ],
    "SrcLoc": "src/expr.c:312",
    "Type": "ADD$@1$@2$!ABS$@1$"
  },
  "234": {
    "FuncName": "main",
    "IRPosInFunc": [
      34
    ],
    "SrcLoc": "src/expr.c:312",
    "Type": "ADD$@1$@2$!LE$@1$@2$"
  },
  "235": {
    "FuncName": "main",
    "IRPosInFunc": [
      34
    ],
    "SrcLoc": "src/expr.c:312",
    "Type": "ADD$@1$@2$!DIV$@1$@2$"
  },
  "236": {
    "FuncName": "main",
    "IRPosInFunc": [
      34
    ],
    "SrcLoc": "src/expr.c:312",
    "Type": "ADD$@1$@2$!CONSTVAL$0$"
  },
  "237": {
    "FuncName": "main",
    "IRPosInFunc": [
      34
    ],
    "SrcLoc": "src/expr.c:312",
    "Type": "ADD$@1$@2$!MOD$@1$@2$"
  },
  "238": {
    "FuncName": "main",
    "IRPosInFunc": [
      34
    ],
    "SrcLoc": "src/expr.c:312",
    "Type": "ADD$@1$@2$!MOD$@2$@1$"
  },
  "239": {
    "FuncName": "main",
    "IRPosInFunc": [
      34
    ],
    "SrcLoc": "src/expr.c:312",
    "Type": "ADD$@1$@2$!MUL$@1$@2$"
  },
  "240": {
    "FuncName": "main",
    "IRPosInFunc": [
      34
    ],
    "SrcLoc": "src/expr.c:312",
    "Type": "ADD$@1$@2$!BITXOR$@1$@2$"
  },
  "241": {
    "FuncName": "main",
    "IRPosInFunc": [
      34
    ],
    "SrcLoc": "src/expr.c:312",
    "Type": "ADD$@1$@2$!LT$@2$@1$"
  },
  "242": {
    "FuncName": "main",
    "IRPosInFunc": [
      34
    ],
    "SrcLoc": "src/expr.c:312",
    "Type": "ADD$@1$@2$!DIV$@2$@1$"
  },
  "243": {
    "FuncName": "main",
    "IRPosInFunc": [
      34
    ],
    "SrcLoc": "src/expr.c:312",
    "Type": "ADD$@1$@2$!NEG$@1$"
  },
  "244": {
    "FuncName": "main",
    "IRPosInFunc": [
      34
    ],
    "SrcLoc": "src/expr.c:312",
    "Type": "ADD$@1$@2$!NEG$@2$"
  },
  "245": {
    "FuncName": "main",
    "IRPosInFunc": [
      34
    ],
    "SrcLoc": "src/expr.c:312",
    "Type": "ADD$@1$@2$!GT$@1$@2$"
  },
  "246": {
    "FuncName": "main",
    "IRPosInFunc": [
      34
    ],
    "SrcLoc": "src/expr.c:312",
    "Type": "ADD$@1$@2$!GE$@1$@2$"
  },
  "247": {
    "FuncName": "main",
    "IRPosInFunc": [
      34
    ],
    "SrcLoc": "src/expr.c:312",
    "Type": "ADD$@1$@2$!EQ$@1$@2$"
  },
  "248": {
    "FuncName": "main",
    "IRPosInFunc": [
      34
    ],
    "SrcLoc": "src/expr.c:312",
    "Type": "ADD$@1$@2$!GE$@2$@1$"
  },
  "249": {
    "FuncName": "main",
    "IRPosInFunc": [
      34
    ],
    "SrcLoc": "src/expr.c:312",
    "Type": "ADD$@1$@2$!BITSHL$@1$@2$"
  },
  "250": {
    "FuncName": "main",
    "IRPosInFunc": [
      34
    ],
    "SrcLoc": "src/expr.c:312",
    "Type": "ADD$@1$@2$!NEQ$@1$@2$"
  },
  "251": {
    "FuncName": "main",
    "IRPosInFunc": [
      34
    ],
    "SrcLoc": "src/expr.c:312",
    "Type": "ADD$@1$@2$!BITSHL$@2$@1$"
  },
  "252": {
    "FuncName": "main",
    "IRPosInFunc": [
      34
    ],
    "SrcLoc": "src/expr.c:312",
    "Type": "ADD$@1$@2$!GT$@2$@1$"
  },
  "253": {
    "FuncName": "main",
    "IRPosInFunc": [
      34
    ],
    "SrcLoc": "src/expr.c:312",
    "Type": "ADD$@1$@2$!BITSHR$@2$@1$"
  },
  "254": {
    "FuncName": "main",
    "IRPosInFunc": [
      34
    ],
    "SrcLoc": "src/expr.c:312",
    "Type": "ADD$@1$@2$!LT$@1$@2$"
  },
  "255": {
    "FuncName": "main",
    "IRPosInFunc": [
      34
    ],
    "SrcLoc": "src/expr.c:312",
    "Type": "ADD$@1$@2$!LE$@2$@1$"
  },
  "256": {
    "FuncName": "main",
    "IRPosInFunc": [
      34
    ],
    "SrcLoc": "src/expr.c:312",
    "Type": "ADD$@1$@2$!DIV$@1$@2$"
  },
  "257": {
    "FuncName": "main",
    "IRPosInFunc": [
      34
    ],
    "SrcLoc": "src/expr.c:312",
    "Type": "ADD$@1$@2$!MOD$@1$@2$"
  },
  "258": {
    "FuncName": "main",
    "IRPosInFunc": [
      34
    ],
    "SrcLoc": "src/expr.c:312",
    "Type": "ADD$@1$@2$!MOD$@2$@1$"
  },
  "259": {
    "FuncName": "main",
    "IRPosInFunc": [
      34
    ],
    "SrcLoc": "src/expr.c:312",
    "Type": "ADD$@1$@2$!DIV$@2$@1$"
  },
  "260": {
    "FuncName": "main",
    "IRPosInFunc": [
      34
    ],
    "SrcLoc": "src/expr.c:312",
    "Type": "ADD$@1$@2$!GE$@1$@2$"
  },
  "261": {
    "FuncName": "main",
    "IRPosInFunc": [
      36,
      37,
      38
    ],
    "SrcLoc": "src/expr.c:313",
    "Type": "STMT!TRAPSTMT"
  },
  "262": {
    "FuncName": "main",
    "IRPosInFunc": [
      36,
      37,
      38
    ],
    "SrcLoc": "src/expr.c:313",
    "Type": "STMT!DELSTMT"
  },
  "263": {
    "FuncName": "main",
    "IRPosInFunc": [
      37,
      38
    ],
    "SrcLoc": "src/expr.c:313",
    "Type": "PLEFTINC$P1$!PLEFTDEC$P1$"
  },
  "265": {
    "FuncName": "main",
    "IRPosInFunc": [
      36
    ],
    "SrcLoc": "src/expr.c:313",
    "Type": "A!CONSTVAL$0$"
  },
  "266": {
    "FuncName": "main",
    "IRPosInFunc": [
      37
    ],
    "SrcLoc": "src/expr.c:313",
    "Type": "A!CONSTVAL$0$"
  },
  "268": {
    "FuncName": "main",
    "IRPosInFunc": [
      37
    ],
    "SrcLoc": "src/expr.c:313",
    "Type": "C!ADD$C$1$"
  },
  "269": {
    "FuncName": "main",
    "IRPosInFunc": [
      37
    ],
    "SrcLoc": "src/expr.c:313",
    "Type": "PADD$A1$@2$!OPERAND$@2$"
  },
  "271": {
    "FuncName": "main",
    "IRPosInFunc": [
      37
    ],
    "SrcLoc": "src/expr.c:313",
    "Type": "PADD$P1$@2$!PRIGHTDEC$P1$"
  },
  "274": {
    "FuncName": "main",
    "IRPosInFunc": [
      36
    ],
    "SrcLoc": "src/expr.c:313",
    "Type": "P!PLEFTINC$P$"
  },
  "276": {
    "FuncName": "main",
    "IRPosInFunc": [
      36
    ],
    "SrcLoc": "src/expr.c:313",
    "Type": "P!PLEFTDEC$P$"
  },
  "277": {
    "FuncName": "main",
    "IRPosInFunc": [
      39
    ],
    "SrcLoc": "src/expr.c:314",
    "Type": "STMT!TRAPSTMT"
  },
  "278": {
    "FuncName": "main",
    "IRPosInFunc": [
      40,
      41,
      42
    ],
    "SrcLoc": "src/expr.c:316",
    "Type": "STMT!TRAPSTMT"
  },
  "279": {
    "FuncName": "main",
    "IRPosInFunc": [
      40
    ],
    "SrcLoc": "src/expr.c:316",
    "Type": "@!ABS$@$"
  },
  "280": {
    "FuncName": "main",
    "IRPosInFunc": [
      41
    ],
    "SrcLoc": "src/expr.c:316",
    "Type": "@!ABS$@$"
  },
  "281": {
    "FuncName": "main",
    "IRPosInFunc": [
      41
    ],
    "SrcLoc": "src/expr.c:316",
    "Type": "C!CONSTVAL$0$"
  },
  "282": {
    "FuncName": "main",
    "IRPosInFunc": [
      41
    ],
    "SrcLoc": "src/expr.c:316",
    "Type": "C!ADD$C$1$"
  },
  "283": {
    "FuncName": "main",
    "IRPosInFunc": [
      41
    ],
    "SrcLoc": "src/expr.c:316",
    "Type": "LE$V1$@2$!ASSIGN$V1$@2$"
  },
  "284": {
    "FuncName": "main",
    "IRPosInFunc": [
      41
    ],
    "SrcLoc": "src/expr.c:316",
    "Type": "LE$@1$@2$!CONSTVAL$1$"
  },
  "285": {
    "FuncName": "main",
    "IRPosInFunc": [
      41
    ],
    "SrcLoc": "src/expr.c:316",
    "Type": "LE$@1$@2$!ABS$@1$"
  },
  "286": {
    "FuncName": "main",
    "IRPosInFunc": [
      41
    ],
    "SrcLoc": "src/expr.c:316",
    "Type": "LE$@1$@2$!ADD$@1$@2$"
  },
  "287": {
    "FuncName": "main",
    "IRPosInFunc": [
      41
    ],
    "SrcLoc": "src/expr.c:316",
    "Type": "LE$@1$@2$!NEQ$@1$@2$"
  },
  "288": {
    "FuncName": "main",
    "IRPosInFunc": [
      41
    ],
    "SrcLoc": "src/expr.c:316",
    "Type": "LE$@1$@2$!MOD$@2$@1$"
  },
  "289": {
    "FuncName": "main",
    "IRPosInFunc": [
      41
    ],
    "SrcLoc": "src/expr.c:316",
    "Type": "LE$@1$@2$!BITXOR$@1$@2$"
  },
  "290": {
    "FuncName": "main",
    "IRPosInFunc": [
      41
    ],
    "SrcLoc": "src/expr.c:316",
    "Type": "LE$@1$@2$!MUL$@1$@2$"
  },
  "292": {
    "FuncName": "main",
    "IRPosInFunc": [
      41
    ],
    "SrcLoc": "src/expr.c:316",
    "Type": "LE$@1$@2$!EQ$@1$@2$"
  },
  "293": {
    "FuncName": "main",
    "IRPosInFunc": [
      41
    ],
    "SrcLoc": "src/expr.c:316",
    "Type": "LE$@1$@2$!BITSHR$@1$@2$"
  },
  "294": {
    "FuncName": "main",
    "IRPosInFunc": [
      41
    ],
    "SrcLoc": "src/expr.c:316",
    "Type": "LE$@1$@2$!DIV$@2$@1$"
  },
  "295": {
    "FuncName": "main",
    "IRPosInFunc": [
      41
    ],
    "SrcLoc": "src/expr.c:316",
    "Type": "LE$@1$@2$!SUB$@1$@2$"
  },
  "296": {
    "FuncName": "main",
    "IRPosInFunc": [
      41
    ],
    "SrcLoc": "src/expr.c:316",
    "Type": "LE$@1$@2$!GT$@1$@2$"
  },
  "297": {
    "FuncName": "main",
    "IRPosInFunc": [
      41
    ],
    "SrcLoc": "src/expr.c:316",
    "Type": "LE$@1$@2$!BITNOT$@1$"
  },
  "30": {
    "FuncName": "main",
    "IRPosInFunc": [
      6
    ],
    "SrcLoc": "",
    "Type": "ASSIGN$V1$@2$!EQ$V1$@2$"
  },
  "300": {
    "FuncName": "main",
    "IRPosInFunc": [
      41
    ],
    "SrcLoc": "src/expr.c:316",
    "Type": "LE$@1$@2$!LT$@1$@2$"
  },
  "301": {
    "FuncName": "main",
    "IRPosInFunc": [
      41
    ],
    "SrcLoc": "src/expr.c:316",
    "Type": "LE$@1$@2$!GE$@1$@2$"
  },
  "302": {
    "FuncName": "main",
    "IRPosInFunc": [
      41
    ],
    "SrcLoc": "src/expr.c:316",
    "Type": "LE$@1$@2$!GT$@2$@1$"
  },
  "303": {
    "FuncName": "main",
    "IRPosInFunc": [
      41
    ],
    "SrcLoc": "src/expr.c:316",
    "Type": "LE$@1$@2$!LT$@2$@1$"
  },
  "304": {
    "FuncName": "main",
    "IRPosInFunc": [
      41
    ],
    "SrcLoc": "src/expr.c:316",
    "Type": "LE$@1$@2$!BITSHL$@1$@2$"
  },
  "305": {
    "FuncName": "main",
    "IRPosInFunc": [
      41
    ],
    "SrcLoc": "src/expr.c:316",
    "Type": "LE$@1$@2$!BITSHR$@2$@1$"
  },
  "306": {
    "FuncName": "main",
    "IRPosInFunc": [
      41
    ],
    "SrcLoc": "src/expr.c:316",
    "Type": "LE$@1$@2$!BITAND$@1$@2$"
  },
  "307": {
    "FuncName": "main",
    "IRPosInFunc": [
      41
    ],
    "SrcLoc": "src/expr.c:316",
    "Type": "LE$@1$@2$!GE$@2$@1$"
  },
  "308": {
    "FuncName": "main",
    "IRPosInFunc": [
      41
    ],
    "SrcLoc": "src/expr.c:316",
    "Type": "LE$@1$@2$!NEG$@1$"
  },
  "309": {
    "FuncName": "main",
    "IRPosInFunc": [
      41
    ],
    "SrcLoc": "src/expr.c:316",
    "Type": "LE$@1$@2$!SUB$@2$@1$"
  },
  "310": {
    "FuncName": "main",
    "IRPosInFunc": [
      41
    ],
    "SrcLoc": "src/expr.c:316",
    "Type": "LE$@1$@2$!MOD$@1$@2$"
  },
  "311": {
    "FuncName": "main",
    "IRPosInFunc": [
      43
    ],
    "SrcLoc": "src/expr.c:318",
    "Type": "STMT!TRAPSTMT"
  },
  "312": {
    "FuncName": "main",
    "IRPosInFunc": [
      43
    ],
    "SrcLoc": "src/expr.c:318",
    "Type": "STMT!DELSTMT"
  },
  "313": {
    "FuncName": "main",
    "IRPosInFunc": [
      44
    ],
    "SrcLoc": "src/expr.c:319",
    "Type": "STMT!TRAPSTMT"
  },
  "314": {
    "FuncName": "main",
    "IRPosInFunc": [
      44
    ],
    "SrcLoc": "src/expr.c:319",
    "Type": "STMT!DELSTMT"
  },
  "315": {
    "FuncName": "main",
    "IRPosInFunc": [
      46,
      47,
      48
    ],
    "SrcLoc": "src/expr.c:322",
    "Type": "STMT!TRAPSTMT"
  },
  "316": {
    "FuncName": "main",
    "IRPosInFunc": [
      46,
      47,
      48
    ],
    "SrcLoc": "src/expr.c:322",
    "Type": "STMT!DELSTMT"
  },
  "317": {
    "FuncName": "main",
    "IRPosInFunc": [
      47,
      48
    ],
    "SrcLoc": "src/expr.c:322",
    "Type": "PLEFTINC$P1$!PLEFTDEC$P1$"
  },
  "318": {
    "FuncName": "main",
    "IRPosInFunc": [
      47,
      48
    ],
    "SrcLoc": "src/expr.c:322",
    "Type": "PLEFTINC$P1$!PRIGHTINC$P1$"
  },
  "319": {
    "FuncName": "main",
    "IRPosInFunc": [
      46
    ],
    "SrcLoc": "src/expr.c:322",
    "Type": "A!CONSTVAL$0$"
  },
  "320": {
    "FuncName": "main",
    "IRPosInFunc": [
      47
    ],
    "SrcLoc": "src/expr.c:322",
    "Type": "A!CONSTVAL$0$"
  },
  "321": {
    "FuncName": "main",
    "IRPosInFunc": [
      47
    ],
    "SrcLoc": "src/expr.c:322",
    "Type": "C!CONSTVAL$0$"
  },
  "322": {
    "FuncName": "main",
    "IRPosInFunc": [
      47
    ],
    "SrcLoc": "src/expr.c:322",
    "Type": "C!ADD$C$1$"
  },
  "323": {
    "FuncName": "main",
    "IRPosInFunc": [
      47
    ],
    "SrcLoc": "src/expr.c:322",
    "Type": "PADD$A1$@2$!OPERAND$@2$"
  },
  "324": {
    "FuncName": "main",
    "IRPosInFunc": [
      47
    ],
    "SrcLoc": "src/expr.c:322",
    "Type": "PADD$A1$@2$!PSUB$A1$@2$"
  },
  "325": {
    "FuncName": "main",
    "IRPosInFunc": [
      47
    ],
    "SrcLoc": "src/expr.c:322",
    "Type": "PADD$P1$@2$!PLEFTINC$P1$"
  },
  "326": {
    "FuncName": "main",
    "IRPosInFunc": [
      47
    ],
    "SrcLoc": "src/expr.c:322",
    "Type": "PADD$P1$@2$!PRIGHTDEC$P1$"
  },
  "327": {
    "FuncName": "main",
    "IRPosInFunc": [
      47
    ],
    "SrcLoc": "src/expr.c:322",
    "Type": "PADD$P1$@2$!PRIGHTINC$P1$"
  },
  "328": {
    "FuncName": "main",
    "IRPosInFunc": [
      47
    ],
    "SrcLoc": "src/expr.c:322",
    "Type": "PADD$P1$@2$!PLEFTDEC$P1$"
  },
  "329": {
    "FuncName": "main",
    "IRPosInFunc": [
      46
    ],
    "SrcLoc": "src/expr.c:322",
    "Type": "P!PRIGHTDEC$P$"
  },
  "330": {
    "FuncName": "main",
    "IRPosInFunc": [
      46
    ],
    "SrcLoc": "src/expr.c:322",
    "Type": "P!PLEFTINC$P$"
  },
  "331": {
    "FuncName": "main",
    "IRPosInFunc": [
      46
    ],
    "SrcLoc": "src/expr.c:322",
    "Type": "P!PLEFTDEC$P$"
  },
  "332": {
    "FuncName": "main",
    "IRPosInFunc": [
      49,
      50
    ],
    "SrcLoc": "src/expr.c:324",
    "Type": "STMT!TRAPSTMT"
  },
  "333": {
    "FuncName": "main",
    "IRPosInFunc": [
      49,
      50
    ],
    "SrcLoc": "src/expr.c:324",
    "Type": "STMT!DELSTMT"
  },
  "334": {
    "FuncName": "main",
    "IRPosInFunc": [
      51,
      52
    ],
    "SrcLoc": "src/expr.c:325",
    "Type": "STMT!TRAPSTMT"
  },
  "336": {
    "FuncName": "main",
    "IRPosInFunc": [
      53
    ],
    "SrcLoc": "src/expr.c:326",
    "Type": "STMT!TRAPSTMT"
  },
  "337": {
    "FuncName": "main",
    "IRPosInFunc": [
      53
    ],
    "SrcLoc": "src/expr.c:326",
    "Type": "STMT!DELSTMT"
  },
  "338": {
    "FuncName": "main",
    "IRPosInFunc": [
      54
    ],
    "SrcLoc": "src/expr.c:326",
    "Type": "STMT!TRAPSTMT"
  },
  "339": {
    "FuncName": "main",
    "IRPosInFunc": [
      55,
      56
    ],
    "SrcLoc": "src/expr.c:327",
    "Type": "STMT!TRAPSTMT"
  },
  "340": {
    "FuncName": "main",
    "IRPosInFunc": [
      55,
      56
    ],
    "SrcLoc": "src/expr.c:327",
    "Type": "STMT!DELSTMT"
  },
  "341": {
    "FuncName": "main",
    "IRPosInFunc": [
      57,
      58,
      59,
      60
    ],
    "SrcLoc": "src/expr.c:329",
    "Type": "STMT!TRAPSTMT"
  },
  "342": {
    "FuncName": "main",
    "IRPosInFunc": [
      57,
      58,
      59,
      60
    ],
    "SrcLoc": "src/expr.c:329",
    "Type": "STMT!DELSTMT"
  },
  "345": {
    "FuncName": "nomoreargs",
    "IRPosInFunc": [
      0,
      1,
      2,
      3
    ],
    "SrcLoc": "src/expr.c:517",
    "Type": "STMT!TRAPSTMT"
  },
  "346": {
    "FuncName": "nomoreargs",
    "IRPosInFunc": [
      3
    ],
    "SrcLoc": "src/expr.c:517",
    "Type": "STMT!DELSTMT"
  },
  "347": {
    "FuncName": "nomoreargs",
    "IRPosInFunc": [
      0
    ],
    "SrcLoc": "src/expr.c:517",
    "Type": "A!CONSTVAL$0$"
  },
  "348": {
    "FuncName": "nomoreargs",
    "IRPosInFunc": [
      2
    ],
    "SrcLoc": "src/expr.c:517",
    "Type": "@!ABS$@$"
  },
  "349": {
    "FuncName": "nomoreargs",
    "IRPosInFunc": [
      0
    ],
    "SrcLoc": "src/expr.c:517",
    "Type": "P!PRIGHTDEC$P$"
  },
  "350": {
    "FuncName": "nomoreargs",
    "IRPosInFunc": [
      0
    ],
    "SrcLoc": "src/expr.c:517",
    "Type": "P!PLEFTINC$P$"
  },
  "351": {
    "FuncName": "nomoreargs",
    "IRPosInFunc": [
      0
    ],
    "SrcLoc": "src/expr.c:517",
    "Type": "P!PRIGHTINC$P$"
  },
  "352": {
    "FuncName": "nomoreargs",
    "IRPosInFunc": [
      0
    ],
    "SrcLoc": "src/expr.c:517",
    "Type": "P!PLEFTDEC$P$"
  },
  "353": {
    "FuncName": "nextarg",
    "IRPosInFunc": [
      3
    ],
    "SrcLoc": "",
    "Type": "STMT!TRAPSTMT"
  },
  "354": {
    "FuncName": "nextarg",
    "IRPosInFunc": [
      3
    ],
    "SrcLoc": "",
    "Type": "STMT!DELSTMT"
  },
  "356": {
    "FuncName": "nextarg",
    "IRPosInFunc": [
      5
    ],
    "SrcLoc": "src/expr.c:502",
    "Type": "A!CONSTVAL$0$"
  },
  "357": {
    "FuncName": "nextarg",
    "IRPosInFunc": [
      7
    ],
    "SrcLoc": "src/expr.c:502",
    "Type": "@!ABS$@$"
  },
  "358": {
    "FuncName": "nextarg",
    "IRPosInFunc": [
      5
    ],
    "SrcLoc": "src/expr.c:502",
    "Type": "P!PRIGHTDEC$P$"
  },
  "359": {
    "FuncName": "nextarg",
    "IRPosInFunc": [
      5
    ],
    "SrcLoc": "src/expr.c:502",
    "Type": "P!PLEFTINC$P$"
  },
  "360": {
    "FuncName": "nextarg",
    "IRPosInFunc": [
      5
    ],
    "SrcLoc": "src/expr.c:502",
    "Type": "P!PRIGHTINC$P$"
  },
  "361": {
    "FuncName": "nextarg",
    "IRPosInFunc": [
      5
    ],
    "SrcLoc": "src/expr.c:502",
    "Type": "P!PLEFTDEC$P$"
  },
  "362": {
    "FuncName": "nextarg",
    "IRPosInFunc": [
      9
    ],
    "SrcLoc": "src/expr.c:503",
    "Type": "STMT!TRAPSTMT"
  },
  "363": {
    "FuncName": "nextarg",
    "IRPosInFunc": [
      9
    ],
    "SrcLoc": "src/expr.c:503",
    "Type": "STMT!DELSTMT"
  },
  "366": {
    "FuncName": "nextarg",
    "IRPosInFunc": [
      9
    ],
    "SrcLoc": "src/expr.c:503",
    "Type": "ASSIGN$V1$@2$!ABS$V1$"
  },
  "367": {
    "FuncName": "nextarg",
    "IRPosInFunc": [
      9
    ],
    "SrcLoc": "src/expr.c:503",
    "Type": "C!ADD$C$-1$"
  },
  "368": {
    "FuncName": "nextarg",
    "IRPosInFunc": [
      10
    ],
    "SrcLoc": "src/expr.c:503",
    "Type": "STMT!TRAPSTMT"
  },
  "369": {
    "FuncName": "nextarg",
    "IRPosInFunc": [
      10
    ],
    "SrcLoc": "src/expr.c:503",
    "Type": "STMT!DELSTMT"
  },
  "370": {
    "FuncName": "nextarg",
    "IRPosInFunc": [
      12,
      13,
      14,
      15,
      16,
      17,
      18
    ],
    "SrcLoc": "src/expr.c:506",
    "Type": "STMT!TRAPSTMT"
  },
  "371": {
    "FuncName": "nextarg",
    "IRPosInFunc": [
      12,
      13,
      14,
      15,
      16,
      17,
      18
    ],
    "SrcLoc": "src/expr.c:506",
    "Type": "STMT!DELSTMT"
  },
  "373": {
    "FuncName": "nextarg",
    "IRPosInFunc": [
      18
    ],
    "SrcLoc": "src/expr.c:506",
    "Type": "ASSIGN$V1$@2$!OPERAND$V1$"
  },
  "394": {
    "FuncName": "nextarg",
    "IRPosInFunc": [
      12
    ],
    "SrcLoc": "src/expr.c:506",
    "Type": "A!CONSTVAL$0$"
  },
  "395": {
    "FuncName": "nextarg",
    "IRPosInFunc": [
      15
    ],
    "SrcLoc": "src/expr.c:506",
    "Type": "@!ABS$@$"
  },
  "397": {
    "FuncName": "nextarg",
    "IRPosInFunc": [
      17
    ],
    "SrcLoc": "src/expr.c:506",
    "Type": "@!ABS$@$"
  },
  "398": {
    "FuncName": "nextarg",
    "IRPosInFunc": [
      16
    ],
    "SrcLoc": "src/expr.c:506",
    "Type": "C!ADD$C$-1$"
  },
  "399": {
    "FuncName": "nextarg",
    "IRPosInFunc": [
      16
    ],
    "SrcLoc": "src/expr.c:506",
    "Type": "C!ADD$C$1$"
  },
  "400": {
    "FuncName": "nextarg",
    "IRPosInFunc": [
      12
    ],
    "SrcLoc": "src/expr.c:506",
    "Type": "P!PRIGHTDEC$P$"
  },
  "401": {
    "FuncName": "nextarg",
    "IRPosInFunc": [
      12
    ],
    "SrcLoc": "src/expr.c:506",
    "Type": "P!PLEFTINC$P$"
  },
  "402": {
    "FuncName": "nextarg",
    "IRPosInFunc": [
      12
    ],
    "SrcLoc": "src/expr.c:506",
    "Type": "P!PRIGHTINC$P$"
  },
  "403": {
    "FuncName": "nextarg",
    "IRPosInFunc": [
      12
    ],
    "SrcLoc": "src/expr.c:506",
    "Type": "P!PLEFTDEC$P$"
  },
  "404": {
    "FuncName": "nextarg",
    "IRPosInFunc": [
      16
    ],
    "SrcLoc": "src/expr.c:506",
    "Type": "EQ$@1$@2$!BITOR$@1$@2$"
  },
  "405": {
    "FuncName": "nextarg",
    "IRPosInFunc": [
      16
    ],
    "SrcLoc": "src/expr.c:506",
    "Type": "EQ$@1$@2$!BITNOT$@1$"
  },
  "406": {
    "FuncName": "nextarg",
    "IRPosInFunc": [
      16
    ],
    "SrcLoc": "src/expr.c:506",
    "Type": "EQ$@1$@2$!MUL$@1$@2$"
  },
  "407": {
    "FuncName": "nextarg",
    "IRPosInFunc": [
      16
    ],
    "SrcLoc": "src/expr.c:506",
    "Type": "EQ$@1$@2$!CONSTVAL$1$"
  },
  "408": {
    "FuncName": "nextarg",
    "IRPosInFunc": [
      16
    ],
    "SrcLoc": "src/expr.c:506",
    "Type": "EQ$@1$@2$!GT$@2$@1$"
  },
  "409": {
    "FuncName": "nextarg",
    "IRPosInFunc": [
      16
    ],
    "SrcLoc": "src/expr.c:506",
    "Type": "EQ$@1$@2$!LE$@1$@2$"
  },
  "410": {
    "FuncName": "nextarg",
    "IRPosInFunc": [
      16
    ],
    "SrcLoc": "src/expr.c:506",
    "Type": "EQ$@1$@2$!GT$@1$@2$"
  },
  "411": {
    "FuncName": "nextarg",
    "IRPosInFunc": [
      16
    ],
    "SrcLoc": "src/expr.c:506",
    "Type": "EQ$@1$@2$!ABS$@2$"
  },
  "412": {
    "FuncName": "nextarg",
    "IRPosInFunc": [
      16
    ],
    "SrcLoc": "src/expr.c:506",
    "Type": "EQ$@1$@2$!LE$@2$@1$"
  },
  "413": {
    "FuncName": "nextarg",
    "IRPosInFunc": [
      16
    ],
    "SrcLoc": "src/expr.c:506",
    "Type": "EQ$@1$@2$!DIV$@1$@2$"
  },
  "414": {
    "FuncName": "nextarg",
    "IRPosInFunc": [
      16
    ],
    "SrcLoc": "src/expr.c:506",
    "Type": "EQ$@1$@2$!GE$@2$@1$"
  },
  "415": {
    "FuncName": "nextarg",
    "IRPosInFunc": [
      16
    ],
    "SrcLoc": "src/expr.c:506",
    "Type": "EQ$@1$@2$!NEG$@1$"
  },
  "416": {
    "FuncName": "nextarg",
    "IRPosInFunc": [
      16
    ],
    "SrcLoc": "src/expr.c:506",
    "Type": "EQ$@1$@2$!ABS$@1$"
  },
  "417": {
    "FuncName": "nextarg",
    "IRPosInFunc": [
      16
    ],
    "SrcLoc": "src/expr.c:506",
    "Type": "EQ$@1$@2$!LT$@1$@2$"
  },
  "418": {
    "FuncName": "nextarg",
    "IRPosInFunc": [
      16
    ],
    "SrcLoc": "src/expr.c:506",
    "Type": "EQ$@1$@2$!LT$@2$@1$"
  },
  "419": {
    "FuncName": "nextarg",
    "IRPosInFunc": [
      16
    ],
    "SrcLoc": "src/expr.c:506",
    "Type": "EQ$@1$@2$!GE$@1$@2$"
  },
  "420": {
    "FuncName": "nextarg",
    "IRPosInFunc": [
      16
    ],
    "SrcLoc": "src/expr.c:506",
    "Type": "EQ$@1$@2$!LE$@1$@2$"
  },
  "421": {
    "FuncName": "nextarg",
    "IRPosInFunc": [
      16
    ],
    "SrcLoc": "src/expr.c:506",
    "Type": "EQ$@1$@2$!GT$@1$@2$"
  },
  "422": {
    "FuncName": "nextarg",
    "IRPosInFunc": [
      16
    ],
    "SrcLoc": "src/expr.c:506",
    "Type": "EQ$@1$@2$!LE$@2$@1$"
  },
  "423": {
    "FuncName": "nextarg",
    "IRPosInFunc": [
      16
    ],
    "SrcLoc": "src/expr.c:506",
    "Type": "EQ$@1$@2$!DIV$@1$@2$"
  },
  "424": {
    "FuncName": "nextarg",
    "IRPosInFunc": [
      16
    ],
    "SrcLoc": "src/expr.c:506",
    "Type": "EQ$@1$@2$!GE$@2$@1$"
  },
  "425": {
    "FuncName": "nextarg",
    "IRPosInFunc": [
      16
    ],
    "SrcLoc": "src/expr.c:506",
    "Type": "EQ$@1$@2$!LT$@2$@1$"
  },
  "426": {
    "FuncName": "nextarg",
    "IRPosInFunc": [
      15
    ],
    "SrcLoc": "src/expr.c:506",
    "Type": "CALL!SHUFFLEARGS$2$"
  },
  "427": {
    "FuncName": "nextarg",
    "IRPosInFunc": [
      19,
      20,
      21,
      22,
      23,
      24,
      25
    ],
    "SrcLoc": "src/expr.c:507",
    "Type": "STMT!TRAPSTMT"
  },
  "428": {
    "FuncName": "nextarg",
    "IRPosInFunc": [
      19,
      20,
      21,
      22,
      23,
      24,
      25
    ],
    "SrcLoc": "src/expr.c:507",
    "Type": "STMT!DELSTMT"
  },
  "429": {
    "FuncName": "nextarg",
    "IRPosInFunc": [
      24,
      22
    ],
    "SrcLoc": "src/expr.c:507",
    "Type": "PDEREF_ADD$A1$@2$!PADD_DEREF$A1$@2$"
  },
  "430": {
    "FuncName": "nextarg",
    "IRPosInFunc": [
      24,
      22
    ],
    "SrcLoc": "src/expr.c:507",
    "Type": "PDEREF_ADD$A1$@2$!PSUB_DEREF$A1$@2$"
  },
  "431": {
    "FuncName": "nextarg",
    "IRPosInFunc": [
      22
    ],
    "SrcLoc": "src/expr.c:507",
    "Type": "A!CONSTVAL$0$"
  },
  "432": {
    "FuncName": "nextarg",
    "IRPosInFunc": [
      24
    ],
    "SrcLoc": "src/expr.c:507",
    "Type": "A!CONSTVAL$0$"
  },
  "437": {
    "FuncName": "nextarg",
    "IRPosInFunc": [
      24
    ],
    "SrcLoc": "src/expr.c:507",
    "Type": "PADD$A1$@2$!OPERAND$@2$"
  },
  "438": {
    "FuncName": "nextarg",
    "IRPosInFunc": [
      24
    ],
    "SrcLoc": "src/expr.c:507",
    "Type": "PADD$A1$@2$!PSUB$A1$@2$"
  },
  "440": {
    "FuncName": "nextarg",
    "IRPosInFunc": [
      24
    ],
    "SrcLoc": "src/expr.c:507",
    "Type": "PADD$P1$@2$!PLEFTINC$P1$"
  },
  "442": {
    "FuncName": "nextarg",
    "IRPosInFunc": [
      24
    ],
    "SrcLoc": "src/expr.c:507",
    "Type": "PADD$P1$@2$!PRIGHTINC$P1$"
  },
  "443": {
    "FuncName": "nextarg",
    "IRPosInFunc": [
      24
    ],
    "SrcLoc": "src/expr.c:507",
    "Type": "PADD$P1$@2$!PLEFTDEC$P1$"
  },
  "445": {
    "FuncName": "nextarg",
    "IRPosInFunc": [
      22
    ],
    "SrcLoc": "src/expr.c:507",
    "Type": "P!PLEFTINC$P$"
  },
  "447": {
    "FuncName": "nextarg",
    "IRPosInFunc": [
      22
    ],
    "SrcLoc": "src/expr.c:507",
    "Type": "P!PLEFTDEC$P$"
  },
  "448": {
    "FuncName": "nextarg",
    "IRPosInFunc": [
      26,
      27,
      28
    ],
    "SrcLoc": "src/expr.c:508",
    "Type": "STMT!TRAPSTMT"
  },
  "454": {
    "FuncName": "nextarg",
    "IRPosInFunc": [
      28
    ],
    "SrcLoc": "src/expr.c:508",
    "Type": "ASSIGN$V1$@2$!ABS$V1$"
  },
  "456": {
    "FuncName": "nextarg",
    "IRPosInFunc": [
      26
    ],
    "SrcLoc": "src/expr.c:508",
    "Type": "@!ABS$@$"
  },
  "458": {
    "FuncName": "nextarg",
    "IRPosInFunc": [
      29
    ],
    "SrcLoc": "src/expr.c:508",
    "Type": "STMT!TRAPSTMT"
  },
  "459": {
    "FuncName": "nextarg",
    "IRPosInFunc": [
      30,
      31
    ],
    "SrcLoc": "src/expr.c:510",
    "Type": "STMT!TRAPSTMT"
  },
  "46": {
    "FuncName": "main",
    "IRPosInFunc": [
      8
    ],
    "SrcLoc": "",
    "Type": "STMT!DELSTMT"
  },
  "460": {
    "FuncName": "nextarg",
    "IRPosInFunc": [
      31
    ],
    "SrcLoc": "src/expr.c:510",
    "Type": "STMT!DELSTMT"
  },
  "48": {
    "FuncName": "main",
    "IRPosInFunc": [
      11,
      12,
      13,
      14
    ],
    "SrcLoc": "src/expr.c:296",
    "Type": "STMT!DELSTMT"
  },
  "49": {
    "FuncName": "main",
    "IRPosInFunc": [
      11
    ],
    "SrcLoc": "src/expr.c:296",
    "Type": "A!CONSTVAL$0$"
  },
  "5": {
    "FuncName": "main",
    "IRPosInFunc": [
      5
    ],
    "SrcLoc": "",
    "Type": "ASSIGN$V1$@2$!LE$@2$V1$"
  },
  "50": {
    "FuncName": "main",
    "IRPosInFunc": [
      12
    ],
    "SrcLoc": "src/expr.c:296",
    "Type": "C!ADD$C$-1$"
  },
  "51": {
    "FuncName": "main",
    "IRPosInFunc": [
      12
    ],
    "SrcLoc": "src/expr.c:296",
    "Type": "C!ADD$C$1$"
  },
  "52": {
    "FuncName": "main",
    "IRPosInFunc": [
      11
    ],
    "SrcLoc": "src/expr.c:296",
    "Type": "P!PRIGHTDEC$P$"
  },
  "53": {
    "FuncName": "main",
    "IRPosInFunc": [
      11
    ],
    "SrcLoc": "src/expr.c:296",
    "Type": "P!PLEFTINC$P$"
  },
  "54": {
    "FuncName": "main",
    "IRPosInFunc": [
      11
    ],
    "SrcLoc": "src/expr.c:296",
    "Type": "P!PRIGHTINC$P$"
  },
  "55": {
    "FuncName": "main",
    "IRPosInFunc": [
      11
    ],
    "SrcLoc": "src/expr.c:296",
    "Type": "P!PLEFTDEC$P$"
  },
  "56": {
    "FuncName": "main",
    "IRPosInFunc": [
      15
    ],
    "SrcLoc": "src/expr.c:297",
    "Type": "STMT!TRAPSTMT"
  },
  "57": {
    "FuncName": "main",
    "IRPosInFunc": [
      15
    ],
    "SrcLoc": "src/expr.c:297",
    "Type": "STMT!DELSTMT"
  },
  "58": {
    "FuncName": "main",
    "IRPosInFunc": [
      16
    ],
    "SrcLoc": "src/expr.c:301",
    "Type": "STMT!TRAPSTMT"
  },
  "59": {
    "FuncName": "main",
    "IRPosInFunc": [
      16
    ],
    "SrcLoc": "src/expr.c:301",
    "Type": "STMT!DELSTMT"
  },
  "60": {
    "FuncName": "main",
    "IRPosInFunc": [
      17
    ],
    "SrcLoc": "src/expr.c:302",
    "Type": "STMT!TRAPSTMT"
  },
  "61": {
    "FuncName": "main",
    "IRPosInFunc": [
      17
    ],
    "SrcLoc": "src/expr.c:302",
    "Type": "STMT!DELSTMT"
  },
  "62": {
    "FuncName": "main",
    "IRPosInFunc": [
      17
    ],
    "SrcLoc": "src/expr.c:302",
    "Type": "@!ABS$@$"
  },
  "63": {
    "FuncName": "main",
    "IRPosInFunc": [
      18,
      19,
      20
    ],
    "SrcLoc": "src/expr.c:304",
    "Type": "STMT!TRAPSTMT"
  },
  "64": {
    "FuncName": "main",
    "IRPosInFunc": [
      18,
      19,
      20
    ],
    "SrcLoc": "src/expr.c:304",
    "Type": "STMT!DELSTMT"
  },
  "65": {
    "FuncName": "main",
    "IRPosInFunc": [
      19
    ],
    "SrcLoc": "src/expr.c:304",
    "Type": "A!CONSTVAL$0$"
  },
  "66": {
    "FuncName": "main",
    "IRPosInFunc": [
      18
    ],
    "SrcLoc": "src/expr.c:304",
    "Type": "@!ABS$@$"
  },
  "67": {
    "FuncName": "main",
    "IRPosInFunc": [
      19
    ],
    "SrcLoc": "src/expr.c:304",
    "Type": "P!PRIGHTDEC$P$"
  },
  "68": {
    "FuncName": "main",
    "IRPosInFunc": [
      19
    ],
    "SrcLoc": "src/expr.c:304",
    "Type": "P!PLEFTINC$P$"
  },
  "69": {
    "FuncName": "main",
    "IRPosInFunc": [
      19
    ],
    "SrcLoc": "src/expr.c:304",
    "Type": "P!PRIGHTINC$P$"
  },
  "70": {
    "FuncName": "main",
    "IRPosInFunc": [
      19
    ],
    "SrcLoc": "src/expr.c:304",
    "Type": "P!PLEFTDEC$P$"
  },
  "71": {
    "FuncName": "main",
    "IRPosInFunc": [
      20
    ],
    "SrcLoc": "src/expr.c:304",
    "Type": "CALL!SHUFFLEARGS$2$"
  },
  "72": {
    "FuncName": "main",
    "IRPosInFunc": [
      20
    ],
    "SrcLoc": "src/expr.c:304",
    "Type": "CALL!SHUFFLEARGS$2$"
  },
  "73": {
    "FuncName": "main",
    "IRPosInFunc": [
      20
    ],
    "SrcLoc": "src/expr.c:304",
    "Type": "CALL!SHUFFLEARGS$2$"
  },
  "74": {
    "FuncName": "main",
    "IRPosInFunc": [
      20
    ],
    "SrcLoc": "src/expr.c:304",
    "Type": "CALL!SHUFFLEARGS$2$"
  },
  "75": {
    "FuncName": "main",
    "IRPosInFunc": [
      20
    ],
    "SrcLoc": "src/expr.c:304",
    "Type": "CALL!SHUFFLEARGS$2$"
  },
  "76": {
    "FuncName": "main",
    "IRPosInFunc": [
      20
    ],
    "SrcLoc": "src/expr.c:304",
    "Type": "CALL!SHUFFLEARGS$2$"
  },
  "77": {
    "FuncName": "main",
    "IRPosInFunc": [
      20
    ],
    "SrcLoc": "src/expr.c:304",
    "Type": "CALL!SHUFFLEARGS$2$"
  },
  "78": {
    "FuncName": "main",
    "IRPosInFunc": [
      20
    ],
    "SrcLoc": "src/expr.c:304",
    "Type": "CALL!SHUFFLEARGS$2$"
  },
  "79": {
    "FuncName": "main",
    "IRPosInFunc": [
      20
    ],
    "SrcLoc": "src/expr.c:304",
    "Type": "CALL!SHUFFLEARGS$2$"
  },
  "80": {
    "FuncName": "main",
    "IRPosInFunc": [
      20
    ],
    "SrcLoc": "src/expr.c:304",
    "Type": "CALL!SHUFFLEARGS$2$"
  },
  "81": {
    "FuncName": "main",
    "IRPosInFunc": [
      20
    ],
    "SrcLoc": "src/expr.c:304",
    "Type": "CALL!SHUFFLEARGS$2$"
  },
  "82": {
    "FuncName": "main",
    "IRPosInFunc": [
      20
    ],
    "SrcLoc": "src/expr.c:304",
    "Type": "CALL!SHUFFLEARGS$2$"
  },
  "83": {
    "FuncName": "main",
    "IRPosInFunc": [
      20
    ],
    "SrcLoc": "src/expr.c:304",
    "Type": "CALL!SHUFFLEARGS$2$"
  },
  "84": {
    "FuncName": "main",
    "IRPosInFunc": [
      20
    ],
    "SrcLoc": "src/expr.c:304",
    "Type": "CALL!SHUFFLEARGS$2$"
  },
  "85": {
    "FuncName": "main",
    "IRPosInFunc": [
      20
    ],
    "SrcLoc": "src/expr.c:304",
    "Type": "CALL!SHUFFLEARGS$2$"
  },
  "86": {
    "FuncName": "main",
    "IRPosInFunc": [
      20
    ],
    "SrcLoc": "src/expr.c:304",
    "Type": "CALL!SHUFFLEARGS$2$"
  },
  "87": {
    "FuncName": "main",
    "IRPosInFunc": [
      20
    ],
    "SrcLoc": "src/expr.c:304",
    "Type": "CALL!SHUFFLEARGS$2$"
  },
  "88": {
    "FuncName": "main",
    "IRPosInFunc": [
      20
    ],
    "SrcLoc": "src/expr.c:304",
    "Type": "CALL!SHUFFLEARGS$2$"
  },
  "89": {
    "FuncName": "main",
    "IRPosInFunc": [
      20
    ],
    "SrcLoc": "src/expr.c:304",
    "Type": "CALL!SHUFFLEARGS$2$"
  },
  "90": {
    "FuncName": "main",
    "IRPosInFunc": [
      20
    ],
    "SrcLoc": "src/expr.c:304",
    "Type": "CALL!SHUFFLEARGS$2$"
  },
  "91": {
    "FuncName": "main",
    "IRPosInFunc": [
      20
    ],
    "SrcLoc": "src/expr.c:304",
    "Type": "CALL!SHUFFLEARGS$2$"
  },
  "92": {
    "FuncName": "main",
    "IRPosInFunc": [
      22,
      23
    ],
    "SrcLoc": "src/expr.c:309",
    "Type": "STMT!TRAPSTMT"
  },
  "93": {
    "FuncName": "main",
    "IRPosInFunc": [
      22,
      23
    ],
    "SrcLoc": "src/expr.c:309",
    "Type": "STMT!DELSTMT"
  }
}