{"1073":{"EquivalenDuplicateOf":"1015","FuncName":"perform_basename","IRPosInFunc":[24],"SrcLoc":"src/basename.c:115","Type":"EQ$@1$@2$!BITSHR$@1$@2$"},"1074":{"EquivalenDuplicateOf":"1015","FuncName":"perform_basename","IRPosInFunc":[24],"SrcLoc":"src/basename.c:115","Type":"EQ$@1$@2$!BITSHR$@1$@2$"},"1075":{"EquivalenDuplicateOf":"1013","FuncName":"perform_basename","IRPosInFunc":[24],"SrcLoc":"src/basename.c:115","Type":"EQ$@1$@2$!BITNOT$@2$"},"1076":{"EquivalenDuplicateOf":"1013","FuncName":"perform_basename","IRPosInFunc":[24],"SrcLoc":"src/basename.c:115","Type":"EQ$@1$@2$!OPERAND$@2$"},"1077":{"EquivalenDuplicateOf":"1013","FuncName":"perform_basename","IRPosInFunc":[24],"SrcLoc":"src/basename.c:115","Type":"EQ$@1$@2$!NEG$@2$"},"1078":{"EquivalenDuplicateOf":"1013","FuncName":"perform_basename","IRPosInFunc":[24],"SrcLoc":"src/basename.c:115","Type":"EQ$@1$@2$!ABS$@2$"},"1079":{"EquivalenDuplicateOf":"969","FuncName":"perform_basename","IRPosInFunc":[9],"SrcLoc":"","Type":"ASSIGN$V1$@2$!DIV$@2$V1$"},"1080":{"EquivalenDuplicateOf":"969","FuncName":"perform_basename","IRPosInFunc":[9],"SrcLoc":"","Type":"ASSIGN$V1$@2$!MOD$V1$@2$"},"1081":{"EquivalenDuplicateOf":"969","FuncName":"perform_basename","IRPosInFunc":[9],"SrcLoc":"","Type":"ASSIGN$V1$@2$!BITSHR$@2$V1$"},"1082":{"EquivalenDuplicateOf":"969","FuncName":"perform_basename","IRPosInFunc":[9],"SrcLoc":"","Type":"ASSIGN$V1$@2$!DIV$V1$@2$"},"1083":{"EquivalenDuplicateOf":"969","FuncName":"perform_basename","IRPosInFunc":[9],"SrcLoc":"","Type":"ASSIGN$V1$@2$!BITSHR$V1$@2$"},"1084":{"EquivalenDuplicateOf":"969","FuncName":"perform_basename","IRPosInFunc":[9],"SrcLoc":"","Type":"ASSIGN$V1$@2$!MOD$@2$V1$"},"1085":{"EquivalenDuplicateOf":"969","FuncName":"perform_basename","IRPosInFunc":[9],"SrcLoc":"","Type":"ASSIGN$V1$@2$!DIV$@2$V1$"},"1086":{"EquivalenDuplicateOf":"971","FuncName":"perform_basename","IRPosInFunc":[9],"SrcLoc":"","Type":"ASSIGN$V1$@2$!BITNOT$@2$"},"1087":{"EquivalenDuplicateOf":"968","FuncName":"perform_basename","IRPosInFunc":[9],"SrcLoc":"","Type":"ASSIGN$V1$@2$!OPERAND$@2$"},"1088":{"EquivalenDuplicateOf":"969","FuncName":"perform_basename","IRPosInFunc":[9],"SrcLoc":"","Type":"ASSIGN$V1$@2$!MOD$V1$@2$"},"1089":{"EquivalenDuplicateOf":"969","FuncName":"perform_basename","IRPosInFunc":[9],"SrcLoc":"","Type":"ASSIGN$V1$@2$!BITSHR$@2$V1$"},"1090":{"EquivalenDuplicateOf":"969","FuncName":"perform_basename","IRPosInFunc":[9],"SrcLoc":"","Type":"ASSIGN$V1$@2$!SUB$V1$@2$"},"1091":{"EquivalenDuplicateOf":"969","FuncName":"perform_basename","IRPosInFunc":[9],"SrcLoc":"","Type":"ASSIGN$V1$@2$!SUB$@2$V1$"},"1092":{"EquivalenDuplicateOf":"969","FuncName":"perform_basename","IRPosInFunc":[9],"SrcLoc":"","Type":"ASSIGN$V1$@2$!DIV$V1$@2$"},"1093":{"EquivalenDuplicateOf":"969","FuncName":"perform_basename","IRPosInFunc":[9],"SrcLoc":"","Type":"ASSIGN$V1$@2$!MUL$V1$@2$"},"1094":{"EquivalenDuplicateOf":"969","FuncName":"perform_basename","IRPosInFunc":[9],"SrcLoc":"","Type":"ASSIGN$V1$@2$!BITSHR$V1$@2$"},"1095":{"EquivalenDuplicateOf":"968","FuncName":"perform_basename","IRPosInFunc":[9],"SrcLoc":"","Type":"ASSIGN$V1$@2$!CONSTVAL$0$"},"1096":{"EquivalenDuplicateOf":"970","FuncName":"perform_basename","IRPosInFunc":[9],"SrcLoc":"","Type":"ASSIGN$V1$@2$!NEG$V1$"},"1097":{"EquivalenDuplicateOf":"969","FuncName":"perform_basename","IRPosInFunc":[9],"SrcLoc":"","Type":"ASSIGN$V1$@2$!BITXOR$V1$@2$"},"1098":{"EquivalenDuplicateOf":"968","FuncName":"perform_basename","IRPosInFunc":[9],"SrcLoc":"","Type":"ASSIGN$V1$@2$!CONSTVAL$1$"},"1099":{"EquivalenDuplicateOf":"969","FuncName":"perform_basename","IRPosInFunc":[9],"SrcLoc":"","Type":"ASSIGN$V1$@2$!BITSHL$V1$@2$"},"1100":{"EquivalenDuplicateOf":"969","FuncName":"perform_basename","IRPosInFunc":[9],"SrcLoc":"","Type":"ASSIGN$V1$@2$!BITSHL$@2$V1$"},"1101":{"EquivalenDuplicateOf":"969","FuncName":"perform_basename","IRPosInFunc":[9],"SrcLoc":"","Type":"ASSIGN$V1$@2$!BITAND$V1$@2$"},"1102":{"EquivalenDuplicateOf":"969","FuncName":"perform_basename","IRPosInFunc":[9],"SrcLoc":"","Type":"ASSIGN$V1$@2$!ADD$V1$@2$"},"1103":{"EquivalenDuplicateOf":"968","FuncName":"perform_basename","IRPosInFunc":[9],"SrcLoc":"","Type":"ASSIGN$V1$@2$!OPERAND$V1$"},"1104":{"EquivalenDuplicateOf":"969","FuncName":"perform_basename","IRPosInFunc":[9],"SrcLoc":"","Type":"ASSIGN$V1$@2$!MOD$@2$V1$"},"1105":{"EquivalenDuplicateOf":"0","FuncName":"main","IRPosInFunc":[133],"SrcLoc":"src/basename.c:188","Type":"@!ABS$@$"},"1106":{"EquivalenDuplicateOf":"0","FuncName":"main","IRPosInFunc":[134],"SrcLoc":"src/basename.c:188","Type":"RETURN_BREAK_CONTINUE!DELSTMT"},"1107":{"EquivalenDuplicateOf":"0","FuncName":"main","IRPosInFunc":[134],"SrcLoc":"src/basename.c:188","Type":"STMT!DELSTMT"},"1108":{"EquivalenDuplicateOf":"0","FuncName":"main","IRPosInFunc":[133,134],"SrcLoc":"src/basename.c:188","Type":"STMT!TRAPSTMT"},"1109":{"EquivalenDuplicateOf":"0","FuncName":"main","IRPosInFunc":[132],"SrcLoc":"src/basename.c:187","Type":"STMT!TRAPSTMT"},"1110":{"EquivalenDuplicateOf":"951","FuncName":"main","IRPosInFunc":[122],"SrcLoc":"src/basename.c:184","Type":"RETURN_BREAK_CONTINUE!DELSTMT"},"1111":{"EquivalenDuplicateOf":"920","FuncName":"main","IRPosInFunc":[116],"SrcLoc":"src/basename.c:184","Type":"ADD$@1$@2$!MOD$@1$@2$"},"1112":{"EquivalenDuplicateOf":"896","FuncName":"main","IRPosInFunc":[116],"SrcLoc":"src/basename.c:184","Type":"ADD$@1$@2$!DIV$@1$@2$"},"1113":{"EquivalenDuplicateOf":"915","FuncName":"main","IRPosInFunc":[116],"SrcLoc":"src/basename.c:184","Type":"ADD$@1$@2$!CONSTVAL$1$"},"1114":{"EquivalenDuplicateOf":"915","FuncName":"main","IRPosInFunc":[116],"SrcLoc":"src/basename.c:184","Type":"ADD$@1$@2$!ABS$@2$"},"1115":{"EquivalenDuplicateOf":"896","FuncName":"main","IRPosInFunc":[116],"SrcLoc":"src/basename.c:184","Type":"ADD$@1$@2$!MUL$@1$@2$"},"1116":{"EquivalenDuplicateOf":"920","FuncName":"main","IRPosInFunc":[116],"SrcLoc":"src/basename.c:184","Type":"ADD$@1$@2$!MOD$@1$@2$"},"1117":{"EquivalenDuplicateOf":"896","FuncName":"main","IRPosInFunc":[116],"SrcLoc":"src/basename.c:184","Type":"ADD$@1$@2$!DIV$@1$@2$"},"1118":{"EquivalenDuplicateOf":"896","FuncName":"main","IRPosInFunc":[116],"SrcLoc":"src/basename.c:184","Type":"ADD$@1$@2$!OPERAND$@1$"},"1119":{"EquivalenDuplicateOf":"896","FuncName":"main","IRPosInFunc":[116],"SrcLoc":"src/basename.c:184","Type":"C!ADD$C$-1$"},"1120":{"EquivalenDuplicateOf":"840","FuncName":"main","IRPosInFunc":[111],"SrcLoc":"src/basename.c:184","Type":"ADD$@1$@2$!ABS$@2$"},"1121":{"EquivalenDuplicateOf":"782","FuncName":"main","IRPosInFunc":[111],"SrcLoc":"src/basename.c:184","Type":"ADD$@1$@2$!OPERAND$@1$"},"1122":{"EquivalenDuplicateOf":"751","FuncName":"main","IRPosInFunc":[103],"SrcLoc":"src/basename.c:182","Type":"RETURN_BREAK_CONTINUE!DELSTMT"},"1123":{"EquivalenDuplicateOf":"749","FuncName":"main","IRPosInFunc":[102],"SrcLoc":"src/basename.c:180","Type":"RETURN_BREAK_CONTINUE!DELSTMT"},"1124":{"EquivalenDuplicateOf":"718","FuncName":"main","IRPosInFunc":[100],"SrcLoc":"src/basename.c:180","Type":"ADD$@1$@2$!MOD$@1$@2$"},"1125":{"EquivalenDuplicateOf":"705","FuncName":"main","IRPosInFunc":[100],"SrcLoc":"src/basename.c:180","Type":"ADD$@1$@2$!DIV$@1$@2$"},"1126":{"EquivalenDuplicateOf":"707","FuncName":"main","IRPosInFunc":[100],"SrcLoc":"src/basename.c:180","Type":"ADD$@1$@2$!CONSTVAL$1$"},"1127":{"EquivalenDuplicateOf":"707","FuncName":"main","IRPosInFunc":[100],"SrcLoc":"src/basename.c:180","Type":"ADD$@1$@2$!ABS$@2$"},"1128":{"EquivalenDuplicateOf":"705","FuncName":"main","IRPosInFunc":[100],"SrcLoc":"src/basename.c:180","Type":"ADD$@1$@2$!MUL$@1$@2$"},"1129":{"EquivalenDuplicateOf":"705","FuncName":"main","IRPosInFunc":[100],"SrcLoc":"src/basename.c:180","Type":"ADD$@1$@2$!DIV$@1$@2$"},"1130":{"EquivalenDuplicateOf":"705","FuncName":"main","IRPosInFunc":[100],"SrcLoc":"src/basename.c:180","Type":"ADD$@1$@2$!OPERAND$@1$"},"1131":{"EquivalenDuplicateOf":"707","FuncName":"main","IRPosInFunc":[100],"SrcLoc":"src/basename.c:180","Type":"ADD$@1$@2$!OPERAND$@2$"},"1132":{"EquivalenDuplicateOf":"705","FuncName":"main","IRPosInFunc":[100],"SrcLoc":"src/basename.c:180","Type":"C!ADD$C$-1$"},"1133":{"EquivalenDuplicateOf":"691","FuncName":"main","IRPosInFunc":[101],"SrcLoc":"src/basename.c:180","Type":"ASSIGN$V1$@2$!DIV$@2$V1$"},"1134":{"EquivalenDuplicateOf":"691","FuncName":"main","IRPosInFunc":[101],"SrcLoc":"src/basename.c:180","Type":"ASSIGN$V1$@2$!MOD$V1$@2$"},"1135":{"EquivalenDuplicateOf":"691","FuncName":"main","IRPosInFunc":[101],"SrcLoc":"src/basename.c:180","Type":"ASSIGN$V1$@2$!BITSHR$@2$V1$"},"1136":{"EquivalenDuplicateOf":"691","FuncName":"main","IRPosInFunc":[101],"SrcLoc":"src/basename.c:180","Type":"ASSIGN$V1$@2$!DIV$V1$@2$"},"1137":{"EquivalenDuplicateOf":"691","FuncName":"main","IRPosInFunc":[101],"SrcLoc":"src/basename.c:180","Type":"ASSIGN$V1$@2$!BITSHR$V1$@2$"},"1138":{"EquivalenDuplicateOf":"691","FuncName":"main","IRPosInFunc":[101],"SrcLoc":"src/basename.c:180","Type":"ASSIGN$V1$@2$!MOD$@2$V1$"},"1139":{"EquivalenDuplicateOf":"691","FuncName":"main","IRPosInFunc":[101],"SrcLoc":"src/basename.c:180","Type":"ASSIGN$V1$@2$!DIV$@2$V1$"},"1140":{"EquivalenDuplicateOf":"691","FuncName":"main","IRPosInFunc":[101],"SrcLoc":"src/basename.c:180","Type":"ASSIGN$V1$@2$!BITNOT$@2$"},"1141":{"EquivalenDuplicateOf":"691","FuncName":"main","IRPosInFunc":[101],"SrcLoc":"src/basename.c:180","Type":"ASSIGN$V1$@2$!GT$V1$@2$"},"1142":{"EquivalenDuplicateOf":"691","FuncName":"main","IRPosInFunc":[101],"SrcLoc":"src/basename.c:180","Type":"ASSIGN$V1$@2$!GT$@2$V1$"},"1143":{"EquivalenDuplicateOf":"692","FuncName":"main","IRPosInFunc":[101],"SrcLoc":"src/basename.c:180","Type":"ASSIGN$V1$@2$!OPERAND$@2$"},"1144":{"EquivalenDuplicateOf":"691","FuncName":"main","IRPosInFunc":[101],"SrcLoc":"src/basename.c:180","Type":"ASSIGN$V1$@2$!MOD$V1$@2$"},"1145":{"EquivalenDuplicateOf":"691","FuncName":"main","IRPosInFunc":[101],"SrcLoc":"src/basename.c:180","Type":"ASSIGN$V1$@2$!LE$V1$@2$"},"1146":{"EquivalenDuplicateOf":"691","FuncName":"main","IRPosInFunc":[101],"SrcLoc":"src/basename.c:180","Type":"ASSIGN$V1$@2$!BITSHR$@2$V1$"},"1147":{"EquivalenDuplicateOf":"691","FuncName":"main","IRPosInFunc":[101],"SrcLoc":"src/basename.c:180","Type":"ASSIGN$V1$@2$!SUB$V1$@2$"},"1148":{"EquivalenDuplicateOf":"691","FuncName":"main","IRPosInFunc":[101],"SrcLoc":"src/basename.c:180","Type":"ASSIGN$V1$@2$!SUB$@2$V1$"},"1149":{"EquivalenDuplicateOf":"691","FuncName":"main","IRPosInFunc":[101],"SrcLoc":"src/basename.c:180","Type":"ASSIGN$V1$@2$!GE$V1$@2$"},"1150":{"EquivalenDuplicateOf":"691","FuncName":"main","IRPosInFunc":[101],"SrcLoc":"src/basename.c:180","Type":"ASSIGN$V1$@2$!GE$@2$V1$"},"1151":{"EquivalenDuplicateOf":"691","FuncName":"main","IRPosInFunc":[101],"SrcLoc":"src/basename.c:180","Type":"ASSIGN$V1$@2$!DIV$V1$@2$"},"1152":{"EquivalenDuplicateOf":"691","FuncName":"main","IRPosInFunc":[101],"SrcLoc":"src/basename.c:180","Type":"ASSIGN$V1$@2$!MUL$V1$@2$"},"1153":{"EquivalenDuplicateOf":"691","FuncName":"main","IRPosInFunc":[101],"SrcLoc":"src/basename.c:180","Type":"ASSIGN$V1$@2$!BITSHR$V1$@2$"},"1154":{"EquivalenDuplicateOf":"691","FuncName":"main","IRPosInFunc":[101],"SrcLoc":"src/basename.c:180","Type":"ASSIGN$V1$@2$!EQ$V1$@2$"},"1155":{"EquivalenDuplicateOf":"692","FuncName":"main","IRPosInFunc":[101],"SrcLoc":"src/basename.c:180","Type":"ASSIGN$V1$@2$!CONSTVAL$0$"},"1156":{"EquivalenDuplicateOf":"692","FuncName":"main","IRPosInFunc":[101],"SrcLoc":"src/basename.c:180","Type":"ASSIGN$V1$@2$!NEG$V1$"},"1157":{"EquivalenDuplicateOf":"691","FuncName":"main","IRPosInFunc":[101],"SrcLoc":"src/basename.c:180","Type":"ASSIGN$V1$@2$!BITXOR$V1$@2$"},"1158":{"EquivalenDuplicateOf":"692","FuncName":"main","IRPosInFunc":[101],"SrcLoc":"src/basename.c:180","Type":"ASSIGN$V1$@2$!CONSTVAL$1$"},"1159":{"EquivalenDuplicateOf":"691","FuncName":"main","IRPosInFunc":[101],"SrcLoc":"src/basename.c:180","Type":"ASSIGN$V1$@2$!LT$V1$@2$"},"1160":{"EquivalenDuplicateOf":"691","FuncName":"main","IRPosInFunc":[101],"SrcLoc":"src/basename.c:180","Type":"ASSIGN$V1$@2$!NEQ$V1$@2$"},"1161":{"EquivalenDuplicateOf":"691","FuncName":"main","IRPosInFunc":[101],"SrcLoc":"src/basename.c:180","Type":"ASSIGN$V1$@2$!LT$@2$V1$"},"1162":{"EquivalenDuplicateOf":"691","FuncName":"main","IRPosInFunc":[101],"SrcLoc":"src/basename.c:180","Type":"ASSIGN$V1$@2$!BITSHL$V1$@2$"},"1163":{"EquivalenDuplicateOf":"691","FuncName":"main","IRPosInFunc":[101],"SrcLoc":"src/basename.c:180","Type":"ASSIGN$V1$@2$!BITSHL$@2$V1$"},"1164":{"EquivalenDuplicateOf":"691","FuncName":"main","IRPosInFunc":[101],"SrcLoc":"src/basename.c:180","Type":"ASSIGN$V1$@2$!BITAND$V1$@2$"},"1165":{"EquivalenDuplicateOf":"691","FuncName":"main","IRPosInFunc":[101],"SrcLoc":"src/basename.c:180","Type":"ASSIGN$V1$@2$!LE$@2$V1$"},"1166":{"EquivalenDuplicateOf":"691","FuncName":"main","IRPosInFunc":[101],"SrcLoc":"src/basename.c:180","Type":"ASSIGN$V1$@2$!NEG$@2$"},"1167":{"EquivalenDuplicateOf":"692","FuncName":"main","IRPosInFunc":[101],"SrcLoc":"src/basename.c:180","Type":"ASSIGN$V1$@2$!BITNOT$V1$"},"1168":{"EquivalenDuplicateOf":"691","FuncName":"main","IRPosInFunc":[101],"SrcLoc":"src/basename.c:180","Type":"ASSIGN$V1$@2$!ADD$V1$@2$"},"1169":{"EquivalenDuplicateOf":"691","FuncName":"main","IRPosInFunc":[101],"SrcLoc":"src/basename.c:180","Type":"ASSIGN$V1$@2$!MOD$@2$V1$"},"1170":{"EquivalenDuplicateOf":"687","FuncName":"main","IRPosInFunc":[99,100,101],"SrcLoc":"src/basename.c:180","Type":"STMT!TRAPSTMT"},"1171":{"EquivalenDuplicateOf":"622","FuncName":"main","IRPosInFunc":[85,86,87,88],"SrcLoc":"src/basename.c:180","Type":"STMT!TRAPSTMT"},"1172":{"EquivalenDuplicateOf":"0","FuncName":"main","IRPosInFunc":[80],"SrcLoc":"src/basename.c:175","Type":"STMT!TRAPSTMT"},"1173":{"EquivalenDuplicateOf":"0","FuncName":"main","IRPosInFunc":[78],"SrcLoc":"src/basename.c:174","Type":"CALL!SHUFFLEARGS$2$"},"1174":{"EquivalenDuplicateOf":"576","FuncName":"main","IRPosInFunc":[72],"SrcLoc":"src/basename.c:174","Type":"ADD$@1$@2$!ABS$@2$"},"1175":{"EquivalenDuplicateOf":"561","FuncName":"main","IRPosInFunc":[72],"SrcLoc":"src/basename.c:174","Type":"ADD$@1$@2$!CONSTVAL$0$"},"1176":{"EquivalenDuplicateOf":"556","FuncName":"main","IRPosInFunc":[72],"SrcLoc":"src/basename.c:174","Type":"ADD$@1$@2$!OPERAND$@1$"},"1177":{"EquivalenDuplicateOf":"466","FuncName":"main","IRPosInFunc":[67],"SrcLoc":"src/basename.c:172","Type":"ADD$@1$@2$!ABS$@2$"},"1178":{"EquivalenDuplicateOf":"457","FuncName":"main","IRPosInFunc":[67],"SrcLoc":"src/basename.c:172","Type":"ADD$@1$@2$!OPERAND$@1$"},"1179":{"EquivalenDuplicateOf":"0","FuncName":"main","IRPosInFunc":[62],"SrcLoc":"src/basename.c:169","Type":"STMT!TRAPSTMT"},"1180":{"EquivalenDuplicateOf":"0","FuncName":"main","IRPosInFunc":[60],"SrcLoc":"src/basename.c:168","Type":"CALL!SHUFFLEARGS$2$"},"1181":{"EquivalenDuplicateOf":"379","FuncName":"main","IRPosInFunc":[57],"SrcLoc":"src/basename.c:166","Type":"ADD$@1$@2$!MOD$@1$@2$"},"1182":{"EquivalenDuplicateOf":"365","FuncName":"main","IRPosInFunc":[57],"SrcLoc":"src/basename.c:166","Type":"ADD$@1$@2$!DIV$@1$@2$"},"1183":{"EquivalenDuplicateOf":"373","FuncName":"main","IRPosInFunc":[57],"SrcLoc":"src/basename.c:166","Type":"ADD$@1$@2$!CONSTVAL$1$"},"1184":{"EquivalenDuplicateOf":"373","FuncName":"main","IRPosInFunc":[57],"SrcLoc":"src/basename.c:166","Type":"ADD$@1$@2$!ABS$@2$"},"1185":{"EquivalenDuplicateOf":"365","FuncName":"main","IRPosInFunc":[57],"SrcLoc":"src/basename.c:166","Type":"ADD$@1$@2$!MUL$@1$@2$"},"1186":{"EquivalenDuplicateOf":"365","FuncName":"main","IRPosInFunc":[57],"SrcLoc":"src/basename.c:166","Type":"ADD$@1$@2$!DIV$@1$@2$"},"1187":{"EquivalenDuplicateOf":"365","FuncName":"main","IRPosInFunc":[57],"SrcLoc":"src/basename.c:166","Type":"ADD$@1$@2$!OPERAND$@1$"},"1188":{"EquivalenDuplicateOf":"365","FuncName":"main","IRPosInFunc":[57],"SrcLoc":"src/basename.c:166","Type":"C!ADD$C$-1$"},"1189":{"EquivalenDuplicateOf":"259","FuncName":"main","IRPosInFunc":[55,56,57,58,59],"SrcLoc":"src/basename.c:166","Type":"STMT!TRAPSTMT"},"1190":{"EquivalenDuplicateOf":"358","FuncName":"main","IRPosInFunc":[54],"SrcLoc":"src/basename.c:164","Type":"RETURN_BREAK_CONTINUE!DELSTMT"},"1191":{"EquivalenDuplicateOf":"0","FuncName":"main","IRPosInFunc":[53],"SrcLoc":"src/basename.c:162","Type":"STMT!TRAPSTMT"},"1192":{"EquivalenDuplicateOf":"0","FuncName":"main","IRPosInFunc":[51],"SrcLoc":"src/basename.c:159","Type":"STMT!TRAPSTMT"},"1193":{"EquivalenDuplicateOf":"343","FuncName":"main","IRPosInFunc":[49],"SrcLoc":"src/basename.c:159","Type":"CALL!SHUFFLEARGS$2$"},"1194":{"EquivalenDuplicateOf":"344","FuncName":"main","IRPosInFunc":[49],"SrcLoc":"src/basename.c:159","Type":"CALL!SHUFFLEARGS$2$"},"1195":{"EquivalenDuplicateOf":"345","FuncName":"main","IRPosInFunc":[49],"SrcLoc":"src/basename.c:159","Type":"CALL!SHUFFLEARGS$2$"},"1196":{"EquivalenDuplicateOf":"344","FuncName":"main","IRPosInFunc":[49],"SrcLoc":"src/basename.c:159","Type":"CALL!SHUFFLEARGS$2$"},"1197":{"EquivalenDuplicateOf":"346","FuncName":"main","IRPosInFunc":[49],"SrcLoc":"src/basename.c:159","Type":"CALL!SHUFFLEARGS$2$"},"1198":{"EquivalenDuplicateOf":"347","FuncName":"main","IRPosInFunc":[49],"SrcLoc":"src/basename.c:159","Type":"CALL!SHUFFLEARGS$2$"},"1199":{"EquivalenDuplicateOf":"348","FuncName":"main","IRPosInFunc":[49],"SrcLoc":"src/basename.c:159","Type":"CALL!SHUFFLEARGS$2$"},"1200":{"EquivalenDuplicateOf":"346","FuncName":"main","IRPosInFunc":[49],"SrcLoc":"src/basename.c:159","Type":"CALL!SHUFFLEARGS$2$"},"1201":{"EquivalenDuplicateOf":"347","FuncName":"main","IRPosInFunc":[49],"SrcLoc":"src/basename.c:159","Type":"CALL!SHUFFLEARGS$2$"},"1202":{"EquivalenDuplicateOf":"346","FuncName":"main","IRPosInFunc":[49],"SrcLoc":"src/basename.c:159","Type":"CALL!SHUFFLEARGS$2$"},"1203":{"EquivalenDuplicateOf":"349","FuncName":"main","IRPosInFunc":[49],"SrcLoc":"src/basename.c:159","Type":"CALL!SHUFFLEARGS$2$"},"1204":{"EquivalenDuplicateOf":"350","FuncName":"main","IRPosInFunc":[49],"SrcLoc":"src/basename.c:159","Type":"CALL!SHUFFLEARGS$2$"},"1205":{"EquivalenDuplicateOf":"351","FuncName":"main","IRPosInFunc":[49],"SrcLoc":"src/basename.c:159","Type":"CALL!SHUFFLEARGS$2$"},"1206":{"EquivalenDuplicateOf":"349","FuncName":"main","IRPosInFunc":[49],"SrcLoc":"src/basename.c:159","Type":"CALL!SHUFFLEARGS$2$"},"1207":{"EquivalenDuplicateOf":"350","FuncName":"main","IRPosInFunc":[49],"SrcLoc":"src/basename.c:159","Type":"CALL!SHUFFLEARGS$2$"},"1208":{"EquivalenDuplicateOf":"349","FuncName":"main","IRPosInFunc":[49],"SrcLoc":"src/basename.c:159","Type":"CALL!SHUFFLEARGS$2$"},"1209":{"EquivalenDuplicateOf":"343","FuncName":"main","IRPosInFunc":[49],"SrcLoc":"src/basename.c:159","Type":"CALL!SHUFFLEARGS$2$"},"1210":{"EquivalenDuplicateOf":"344","FuncName":"main","IRPosInFunc":[49],"SrcLoc":"src/basename.c:159","Type":"CALL!SHUFFLEARGS$2$"},"1211":{"EquivalenDuplicateOf":"345","FuncName":"main","IRPosInFunc":[49],"SrcLoc":"src/basename.c:159","Type":"CALL!SHUFFLEARGS$2$"},"1212":{"EquivalenDuplicateOf":"344","FuncName":"main","IRPosInFunc":[49],"SrcLoc":"src/basename.c:159","Type":"CALL!SHUFFLEARGS$2$"},"1213":{"EquivalenDuplicateOf":"346","FuncName":"main","IRPosInFunc":[49],"SrcLoc":"src/basename.c:159","Type":"CALL!SHUFFLEARGS$2$"},"1214":{"EquivalenDuplicateOf":"347","FuncName":"main","IRPosInFunc":[49],"SrcLoc":"src/basename.c:159","Type":"CALL!SHUFFLEARGS$2$"},"1215":{"EquivalenDuplicateOf":"346","FuncName":"main","IRPosInFunc":[49],"SrcLoc":"src/basename.c:159","Type":"CALL!SHUFFLEARGS$2$"},"1216":{"EquivalenDuplicateOf":"343","FuncName":"main","IRPosInFunc":[49],"SrcLoc":"src/basename.c:159","Type":"CALL!SHUFFLEARGS$2$"},"1217":{"EquivalenDuplicateOf":"344","FuncName":"main","IRPosInFunc":[49],"SrcLoc":"src/basename.c:159","Type":"CALL!SHUFFLEARGS$2$"},"1218":{"EquivalenDuplicateOf":"0","FuncName":"main","IRPosInFunc":[46],"SrcLoc":"src/basename.c:158","Type":"STMT!TRAPSTMT"},"1219":{"EquivalenDuplicateOf":"280","FuncName":"main","IRPosInFunc":[45],"SrcLoc":"src/basename.c:158","Type":"STMT!DELSTMT"},"1220":{"EquivalenDuplicateOf":"339","FuncName":"main","IRPosInFunc":[44],"SrcLoc":"src/basename.c:156","Type":"RETURN_BREAK_CONTINUE!DELSTMT"},"1221":{"EquivalenDuplicateOf":"336","FuncName":"main","IRPosInFunc":[43],"SrcLoc":"src/basename.c:155","Type":"C!ADD$C$-1$"},"1222":{"EquivalenDuplicateOf":"315","FuncName":"main","IRPosInFunc":[43],"SrcLoc":"src/basename.c:155","Type":"ASSIGN$V1$@2$!DIV$@2$V1$"},"1223":{"EquivalenDuplicateOf":"315","FuncName":"main","IRPosInFunc":[43],"SrcLoc":"src/basename.c:155","Type":"ASSIGN$V1$@2$!MOD$V1$@2$"},"1224":{"EquivalenDuplicateOf":"315","FuncName":"main","IRPosInFunc":[43],"SrcLoc":"src/basename.c:155","Type":"ASSIGN$V1$@2$!BITSHR$@2$V1$"},"1225":{"EquivalenDuplicateOf":"315","FuncName":"main","IRPosInFunc":[43],"SrcLoc":"src/basename.c:155","Type":"ASSIGN$V1$@2$!DIV$V1$@2$"},"1226":{"EquivalenDuplicateOf":"315","FuncName":"main","IRPosInFunc":[43],"SrcLoc":"src/basename.c:155","Type":"ASSIGN$V1$@2$!BITSHR$V1$@2$"},"1227":{"EquivalenDuplicateOf":"315","FuncName":"main","IRPosInFunc":[43],"SrcLoc":"src/basename.c:155","Type":"ASSIGN$V1$@2$!MOD$@2$V1$"},"1228":{"EquivalenDuplicateOf":"315","FuncName":"main","IRPosInFunc":[43],"SrcLoc":"src/basename.c:155","Type":"ASSIGN$V1$@2$!DIV$@2$V1$"},"1229":{"EquivalenDuplicateOf":"314","FuncName":"main","IRPosInFunc":[43],"SrcLoc":"src/basename.c:155","Type":"ASSIGN$V1$@2$!BITNOT$@2$"},"1230":{"EquivalenDuplicateOf":"314","FuncName":"main","IRPosInFunc":[43],"SrcLoc":"src/basename.c:155","Type":"ASSIGN$V1$@2$!OPERAND$@2$"},"1231":{"EquivalenDuplicateOf":"315","FuncName":"main","IRPosInFunc":[43],"SrcLoc":"src/basename.c:155","Type":"ASSIGN$V1$@2$!MOD$V1$@2$"},"1232":{"EquivalenDuplicateOf":"315","FuncName":"main","IRPosInFunc":[43],"SrcLoc":"src/basename.c:155","Type":"ASSIGN$V1$@2$!BITSHR$@2$V1$"},"1233":{"EquivalenDuplicateOf":"315","FuncName":"main","IRPosInFunc":[43],"SrcLoc":"src/basename.c:155","Type":"ASSIGN$V1$@2$!SUB$V1$@2$"},"1234":{"EquivalenDuplicateOf":"315","FuncName":"main","IRPosInFunc":[43],"SrcLoc":"src/basename.c:155","Type":"ASSIGN$V1$@2$!SUB$@2$V1$"},"1235":{"EquivalenDuplicateOf":"314","FuncName":"main","IRPosInFunc":[43],"SrcLoc":"src/basename.c:155","Type":"ASSIGN$V1$@2$!ABS$@2$"},"1236":{"EquivalenDuplicateOf":"315","FuncName":"main","IRPosInFunc":[43],"SrcLoc":"src/basename.c:155","Type":"ASSIGN$V1$@2$!DIV$V1$@2$"},"1237":{"EquivalenDuplicateOf":"315","FuncName":"main","IRPosInFunc":[43],"SrcLoc":"src/basename.c:155","Type":"ASSIGN$V1$@2$!MUL$V1$@2$"},"1238":{"EquivalenDuplicateOf":"315","FuncName":"main","IRPosInFunc":[43],"SrcLoc":"src/basename.c:155","Type":"ASSIGN$V1$@2$!BITSHR$V1$@2$"},"1239":{"EquivalenDuplicateOf":"314","FuncName":"main","IRPosInFunc":[43],"SrcLoc":"src/basename.c:155","Type":"ASSIGN$V1$@2$!CONSTVAL$0$"},"1240":{"EquivalenDuplicateOf":"315","FuncName":"main","IRPosInFunc":[43],"SrcLoc":"src/basename.c:155","Type":"ASSIGN$V1$@2$!NEG$V1$"},"1241":{"EquivalenDuplicateOf":"315","FuncName":"main","IRPosInFunc":[43],"SrcLoc":"src/basename.c:155","Type":"ASSIGN$V1$@2$!BITXOR$V1$@2$"},"1242":{"EquivalenDuplicateOf":"314","FuncName":"main","IRPosInFunc":[43],"SrcLoc":"src/basename.c:155","Type":"ASSIGN$V1$@2$!CONSTVAL$1$"},"1243":{"EquivalenDuplicateOf":"315","FuncName":"main","IRPosInFunc":[43],"SrcLoc":"src/basename.c:155","Type":"ASSIGN$V1$@2$!BITSHL$V1$@2$"},"1244":{"EquivalenDuplicateOf":"315","FuncName":"main","IRPosInFunc":[43],"SrcLoc":"src/basename.c:155","Type":"ASSIGN$V1$@2$!BITSHL$@2$V1$"},"1245":{"EquivalenDuplicateOf":"315","FuncName":"main","IRPosInFunc":[43],"SrcLoc":"src/basename.c:155","Type":"ASSIGN$V1$@2$!BITAND$V1$@2$"},"1246":{"EquivalenDuplicateOf":"314","FuncName":"main","IRPosInFunc":[43],"SrcLoc":"src/basename.c:155","Type":"ASSIGN$V1$@2$!NEG$@2$"},"1247":{"EquivalenDuplicateOf":"315","FuncName":"main","IRPosInFunc":[43],"SrcLoc":"src/basename.c:155","Type":"ASSIGN$V1$@2$!BITNOT$V1$"},"1248":{"EquivalenDuplicateOf":"315","FuncName":"main","IRPosInFunc":[43],"SrcLoc":"src/basename.c:155","Type":"ASSIGN$V1$@2$!ADD$V1$@2$"},"1249":{"EquivalenDuplicateOf":"315","FuncName":"main","IRPosInFunc":[43],"SrcLoc":"src/basename.c:155","Type":"ASSIGN$V1$@2$!MOD$@2$V1$"},"1250":{"EquivalenDuplicateOf":"312","FuncName":"main","IRPosInFunc":[42],"SrcLoc":"src/basename.c:152","Type":"RETURN_BREAK_CONTINUE!DELSTMT"},"1251":{"EquivalenDuplicateOf":"309","FuncName":"main","IRPosInFunc":[41],"SrcLoc":"src/basename.c:151","Type":"C!ADD$C$-1$"},"1252":{"EquivalenDuplicateOf":"288","FuncName":"main","IRPosInFunc":[41],"SrcLoc":"src/basename.c:151","Type":"ASSIGN$V1$@2$!DIV$@2$V1$"},"1253":{"EquivalenDuplicateOf":"288","FuncName":"main","IRPosInFunc":[41],"SrcLoc":"src/basename.c:151","Type":"ASSIGN$V1$@2$!MOD$V1$@2$"},"1254":{"EquivalenDuplicateOf":"288","FuncName":"main","IRPosInFunc":[41],"SrcLoc":"src/basename.c:151","Type":"ASSIGN$V1$@2$!BITSHR$@2$V1$"},"1255":{"EquivalenDuplicateOf":"288","FuncName":"main","IRPosInFunc":[41],"SrcLoc":"src/basename.c:151","Type":"ASSIGN$V1$@2$!DIV$V1$@2$"},"1256":{"EquivalenDuplicateOf":"288","FuncName":"main","IRPosInFunc":[41],"SrcLoc":"src/basename.c:151","Type":"ASSIGN$V1$@2$!BITSHR$V1$@2$"},"1257":{"EquivalenDuplicateOf":"288","FuncName":"main","IRPosInFunc":[41],"SrcLoc":"src/basename.c:151","Type":"ASSIGN$V1$@2$!MOD$@2$V1$"},"1258":{"EquivalenDuplicateOf":"288","FuncName":"main","IRPosInFunc":[41],"SrcLoc":"src/basename.c:151","Type":"ASSIGN$V1$@2$!DIV$@2$V1$"},"1259":{"EquivalenDuplicateOf":"287","FuncName":"main","IRPosInFunc":[41],"SrcLoc":"src/basename.c:151","Type":"ASSIGN$V1$@2$!BITNOT$@2$"},"1260":{"EquivalenDuplicateOf":"287","FuncName":"main","IRPosInFunc":[41],"SrcLoc":"src/basename.c:151","Type":"ASSIGN$V1$@2$!OPERAND$@2$"},"1261":{"EquivalenDuplicateOf":"288","FuncName":"main","IRPosInFunc":[41],"SrcLoc":"src/basename.c:151","Type":"ASSIGN$V1$@2$!MOD$V1$@2$"},"1262":{"EquivalenDuplicateOf":"288","FuncName":"main","IRPosInFunc":[41],"SrcLoc":"src/basename.c:151","Type":"ASSIGN$V1$@2$!BITSHR$@2$V1$"},"1263":{"EquivalenDuplicateOf":"288","FuncName":"main","IRPosInFunc":[41],"SrcLoc":"src/basename.c:151","Type":"ASSIGN$V1$@2$!SUB$V1$@2$"},"1264":{"EquivalenDuplicateOf":"288","FuncName":"main","IRPosInFunc":[41],"SrcLoc":"src/basename.c:151","Type":"ASSIGN$V1$@2$!SUB$@2$V1$"},"1265":{"EquivalenDuplicateOf":"287","FuncName":"main","IRPosInFunc":[41],"SrcLoc":"src/basename.c:151","Type":"ASSIGN$V1$@2$!ABS$@2$"},"1266":{"EquivalenDuplicateOf":"288","FuncName":"main","IRPosInFunc":[41],"SrcLoc":"src/basename.c:151","Type":"ASSIGN$V1$@2$!DIV$V1$@2$"},"1267":{"EquivalenDuplicateOf":"288","FuncName":"main","IRPosInFunc":[41],"SrcLoc":"src/basename.c:151","Type":"ASSIGN$V1$@2$!MUL$V1$@2$"},"1268":{"EquivalenDuplicateOf":"288","FuncName":"main","IRPosInFunc":[41],"SrcLoc":"src/basename.c:151","Type":"ASSIGN$V1$@2$!BITSHR$V1$@2$"},"1269":{"EquivalenDuplicateOf":"287","FuncName":"main","IRPosInFunc":[41],"SrcLoc":"src/basename.c:151","Type":"ASSIGN$V1$@2$!CONSTVAL$0$"},"1270":{"EquivalenDuplicateOf":"288","FuncName":"main","IRPosInFunc":[41],"SrcLoc":"src/basename.c:151","Type":"ASSIGN$V1$@2$!NEG$V1$"},"1271":{"EquivalenDuplicateOf":"288","FuncName":"main","IRPosInFunc":[41],"SrcLoc":"src/basename.c:151","Type":"ASSIGN$V1$@2$!BITXOR$V1$@2$"},"1272":{"EquivalenDuplicateOf":"287","FuncName":"main","IRPosInFunc":[41],"SrcLoc":"src/basename.c:151","Type":"ASSIGN$V1$@2$!CONSTVAL$1$"},"1273":{"EquivalenDuplicateOf":"288","FuncName":"main","IRPosInFunc":[41],"SrcLoc":"src/basename.c:151","Type":"ASSIGN$V1$@2$!BITSHL$V1$@2$"},"1274":{"EquivalenDuplicateOf":"288","FuncName":"main","IRPosInFunc":[41],"SrcLoc":"src/basename.c:151","Type":"ASSIGN$V1$@2$!BITSHL$@2$V1$"},"1275":{"EquivalenDuplicateOf":"288","FuncName":"main","IRPosInFunc":[41],"SrcLoc":"src/basename.c:151","Type":"ASSIGN$V1$@2$!BITAND$V1$@2$"},"1276":{"EquivalenDuplicateOf":"287","FuncName":"main","IRPosInFunc":[41],"SrcLoc":"src/basename.c:151","Type":"ASSIGN$V1$@2$!NEG$@2$"},"1277":{"EquivalenDuplicateOf":"288","FuncName":"main","IRPosInFunc":[41],"SrcLoc":"src/basename.c:151","Type":"ASSIGN$V1$@2$!BITNOT$V1$"},"1278":{"EquivalenDuplicateOf":"288","FuncName":"main","IRPosInFunc":[41],"SrcLoc":"src/basename.c:151","Type":"ASSIGN$V1$@2$!ADD$V1$@2$"},"1279":{"EquivalenDuplicateOf":"288","FuncName":"main","IRPosInFunc":[41],"SrcLoc":"src/basename.c:151","Type":"ASSIGN$V1$@2$!MOD$@2$V1$"},"1280":{"EquivalenDuplicateOf":"260","FuncName":"main","IRPosInFunc":[35],"SrcLoc":"src/basename.c:143","Type":"RETURN_BREAK_CONTINUE!DELSTMT"},"1281":{"EquivalenDuplicateOf":"229","FuncName":"main","IRPosInFunc":[33],"SrcLoc":"src/basename.c:142","Type":"EQ$@1$@2$!BITSHR$@1$@2$"},"1282":{"EquivalenDuplicateOf":"241","FuncName":"main","IRPosInFunc":[33],"SrcLoc":"src/basename.c:142","Type":"EQ$@1$@2$!LT$@2$@1$"},"1283":{"EquivalenDuplicateOf":"224","FuncName":"main","IRPosInFunc":[33],"SrcLoc":"src/basename.c:142","Type":"EQ$@1$@2$!GE$@2$@1$"},"1284":{"EquivalenDuplicateOf":"241","FuncName":"main","IRPosInFunc":[33],"SrcLoc":"src/basename.c:142","Type":"EQ$@1$@2$!GT$@1$@2$"},"1285":{"EquivalenDuplicateOf":"224","FuncName":"main","IRPosInFunc":[33],"SrcLoc":"src/basename.c:142","Type":"EQ$@1$@2$!LE$@1$@2$"},"1286":{"EquivalenDuplicateOf":"229","FuncName":"main","IRPosInFunc":[33],"SrcLoc":"src/basename.c:142","Type":"EQ$@1$@2$!BITSHR$@1$@2$"},"1287":{"EquivalenDuplicateOf":"241","FuncName":"main","IRPosInFunc":[33],"SrcLoc":"src/basename.c:142","Type":"EQ$@1$@2$!CONSTVAL$0$"},"1288":{"EquivalenDuplicateOf":"225","FuncName":"main","IRPosInFunc":[33],"SrcLoc":"src/basename.c:142","Type":"EQ$@1$@2$!BITXOR$@1$@2$"},"1289":{"EquivalenDuplicateOf":"224","FuncName":"main","IRPosInFunc":[33],"SrcLoc":"src/basename.c:142","Type":"EQ$@1$@2$!OPERAND$@2$"},"1290":{"EquivalenDuplicateOf":"224","FuncName":"main","IRPosInFunc":[33],"SrcLoc":"src/basename.c:142","Type":"EQ$@1$@2$!NEG$@2$"},"1291":{"EquivalenDuplicateOf":"227","FuncName":"main","IRPosInFunc":[33],"SrcLoc":"src/basename.c:142","Type":"EQ$@1$@2$!OPERAND$@1$"},"1292":{"EquivalenDuplicateOf":"224","FuncName":"main","IRPosInFunc":[33],"SrcLoc":"src/basename.c:142","Type":"EQ$@1$@2$!ABS$@2$"},"1293":{"EquivalenDuplicateOf":"224","FuncName":"main","IRPosInFunc":[33],"SrcLoc":"src/basename.c:142","Type":"EQ$@1$@2$!BITSHR$@2$@1$"},"1294":{"EquivalenDuplicateOf":"224","FuncName":"main","IRPosInFunc":[33],"SrcLoc":"src/basename.c:142","Type":"EQ$@1$@2$!CONSTVAL$1$"},"1295":{"EquivalenDuplicateOf":"222","FuncName":"main","IRPosInFunc":[33],"SrcLoc":"src/basename.c:142","Type":"C!ADD$C$1$"},"1296":{"EquivalenDuplicateOf":"190","FuncName":"main","IRPosInFunc":[31],"SrcLoc":"src/basename.c:140","Type":"ASSIGN$V1$@2$!DIV$@2$V1$"},"1297":{"EquivalenDuplicateOf":"190","FuncName":"main","IRPosInFunc":[31],"SrcLoc":"src/basename.c:140","Type":"ASSIGN$V1$@2$!MOD$V1$@2$"},"1298":{"EquivalenDuplicateOf":"190","FuncName":"main","IRPosInFunc":[31],"SrcLoc":"src/basename.c:140","Type":"ASSIGN$V1$@2$!BITSHR$@2$V1$"},"1299":{"EquivalenDuplicateOf":"190","FuncName":"main","IRPosInFunc":[31],"SrcLoc":"src/basename.c:140","Type":"ASSIGN$V1$@2$!DIV$V1$@2$"},"1300":{"EquivalenDuplicateOf":"190","FuncName":"main","IRPosInFunc":[31],"SrcLoc":"src/basename.c:140","Type":"ASSIGN$V1$@2$!BITSHR$V1$@2$"},"1301":{"EquivalenDuplicateOf":"190","FuncName":"main","IRPosInFunc":[31],"SrcLoc":"src/basename.c:140","Type":"ASSIGN$V1$@2$!MOD$@2$V1$"},"1302":{"EquivalenDuplicateOf":"190","FuncName":"main","IRPosInFunc":[31],"SrcLoc":"src/basename.c:140","Type":"ASSIGN$V1$@2$!DIV$@2$V1$"},"1303":{"EquivalenDuplicateOf":"190","FuncName":"main","IRPosInFunc":[31],"SrcLoc":"src/basename.c:140","Type":"ASSIGN$V1$@2$!BITNOT$@2$"},"1304":{"EquivalenDuplicateOf":"190","FuncName":"main","IRPosInFunc":[31],"SrcLoc":"src/basename.c:140","Type":"ASSIGN$V1$@2$!OPERAND$@2$"},"1305":{"EquivalenDuplicateOf":"190","FuncName":"main","IRPosInFunc":[31],"SrcLoc":"src/basename.c:140","Type":"ASSIGN$V1$@2$!MOD$V1$@2$"},"1306":{"EquivalenDuplicateOf":"190","FuncName":"main","IRPosInFunc":[31],"SrcLoc":"src/basename.c:140","Type":"ASSIGN$V1$@2$!BITSHR$@2$V1$"},"1307":{"EquivalenDuplicateOf":"190","FuncName":"main","IRPosInFunc":[31],"SrcLoc":"src/basename.c:140","Type":"ASSIGN$V1$@2$!SUB$V1$@2$"},"1308":{"EquivalenDuplicateOf":"190","FuncName":"main","IRPosInFunc":[31],"SrcLoc":"src/basename.c:140","Type":"ASSIGN$V1$@2$!SUB$@2$V1$"},"1309":{"EquivalenDuplicateOf":"190","FuncName":"main","IRPosInFunc":[31],"SrcLoc":"src/basename.c:140","Type":"ASSIGN$V1$@2$!DIV$V1$@2$"},"1310":{"EquivalenDuplicateOf":"190","FuncName":"main","IRPosInFunc":[31],"SrcLoc":"src/basename.c:140","Type":"ASSIGN$V1$@2$!MUL$V1$@2$"},"1311":{"EquivalenDuplicateOf":"190","FuncName":"main","IRPosInFunc":[31],"SrcLoc":"src/basename.c:140","Type":"ASSIGN$V1$@2$!BITSHR$V1$@2$"},"1312":{"EquivalenDuplicateOf":"190","FuncName":"main","IRPosInFunc":[31],"SrcLoc":"src/basename.c:140","Type":"ASSIGN$V1$@2$!CONSTVAL$0$"},"1313":{"EquivalenDuplicateOf":"190","FuncName":"main","IRPosInFunc":[31],"SrcLoc":"src/basename.c:140","Type":"ASSIGN$V1$@2$!NEG$V1$"},"1314":{"EquivalenDuplicateOf":"190","FuncName":"main","IRPosInFunc":[31],"SrcLoc":"src/basename.c:140","Type":"ASSIGN$V1$@2$!BITXOR$V1$@2$"},"1315":{"EquivalenDuplicateOf":"190","FuncName":"main","IRPosInFunc":[31],"SrcLoc":"src/basename.c:140","Type":"ASSIGN$V1$@2$!CONSTVAL$1$"},"1316":{"EquivalenDuplicateOf":"190","FuncName":"main","IRPosInFunc":[31],"SrcLoc":"src/basename.c:140","Type":"ASSIGN$V1$@2$!BITSHL$V1$@2$"},"1317":{"EquivalenDuplicateOf":"190","FuncName":"main","IRPosInFunc":[31],"SrcLoc":"src/basename.c:140","Type":"ASSIGN$V1$@2$!BITSHL$@2$V1$"},"1318":{"EquivalenDuplicateOf":"190","FuncName":"main","IRPosInFunc":[31],"SrcLoc":"src/basename.c:140","Type":"ASSIGN$V1$@2$!BITAND$V1$@2$"},"1319":{"EquivalenDuplicateOf":"190","FuncName":"main","IRPosInFunc":[31],"SrcLoc":"src/basename.c:140","Type":"ASSIGN$V1$@2$!NEG$@2$"},"1320":{"EquivalenDuplicateOf":"190","FuncName":"main","IRPosInFunc":[31],"SrcLoc":"src/basename.c:140","Type":"ASSIGN$V1$@2$!BITNOT$V1$"},"1321":{"EquivalenDuplicateOf":"190","FuncName":"main","IRPosInFunc":[31],"SrcLoc":"src/basename.c:140","Type":"ASSIGN$V1$@2$!ADD$V1$@2$"},"1322":{"EquivalenDuplicateOf":"190","FuncName":"main","IRPosInFunc":[31],"SrcLoc":"src/basename.c:140","Type":"ASSIGN$V1$@2$!OPERAND$V1$"},"1323":{"EquivalenDuplicateOf":"190","FuncName":"main","IRPosInFunc":[31],"SrcLoc":"src/basename.c:140","Type":"ASSIGN$V1$@2$!MOD$@2$V1$"},"1324":{"EquivalenDuplicateOf":"188","FuncName":"main","IRPosInFunc":[28,29,30,31],"SrcLoc":"src/basename.c:140","Type":"STMT!TRAPSTMT"},"1325":{"EquivalenDuplicateOf":"153","FuncName":"main","IRPosInFunc":[17],"SrcLoc":"src/basename.c:127","Type":"ASSIGN$V1$@2$!DIV$@2$V1$"},"1326":{"EquivalenDuplicateOf":"153","FuncName":"main","IRPosInFunc":[17],"SrcLoc":"src/basename.c:127","Type":"ASSIGN$V1$@2$!GT$@2$V1$"},"1327":{"EquivalenDuplicateOf":"153","FuncName":"main","IRPosInFunc":[17],"SrcLoc":"src/basename.c:127","Type":"ASSIGN$V1$@2$!MOD$V1$@2$"},"1328":{"EquivalenDuplicateOf":"153","FuncName":"main","IRPosInFunc":[17],"SrcLoc":"src/basename.c:127","Type":"ASSIGN$V1$@2$!BITSHR$@2$V1$"},"1329":{"EquivalenDuplicateOf":"153","FuncName":"main","IRPosInFunc":[17],"SrcLoc":"src/basename.c:127","Type":"ASSIGN$V1$@2$!GE$V1$@2$"},"1330":{"EquivalenDuplicateOf":"153","FuncName":"main","IRPosInFunc":[17],"SrcLoc":"src/basename.c:127","Type":"ASSIGN$V1$@2$!DIV$V1$@2$"},"1331":{"EquivalenDuplicateOf":"153","FuncName":"main","IRPosInFunc":[17],"SrcLoc":"src/basename.c:127","Type":"ASSIGN$V1$@2$!BITSHR$V1$@2$"},"1332":{"EquivalenDuplicateOf":"153","FuncName":"main","IRPosInFunc":[17],"SrcLoc":"src/basename.c:127","Type":"ASSIGN$V1$@2$!LT$V1$@2$"},"1333":{"EquivalenDuplicateOf":"153","FuncName":"main","IRPosInFunc":[17],"SrcLoc":"src/basename.c:127","Type":"ASSIGN$V1$@2$!LE$@2$V1$"},"1334":{"EquivalenDuplicateOf":"153","FuncName":"main","IRPosInFunc":[17],"SrcLoc":"src/basename.c:127","Type":"ASSIGN$V1$@2$!MOD$@2$V1$"},"1335":{"EquivalenDuplicateOf":"153","FuncName":"main","IRPosInFunc":[17],"SrcLoc":"src/basename.c:127","Type":"ASSIGN$V1$@2$!DIV$@2$V1$"},"1336":{"EquivalenDuplicateOf":"152","FuncName":"main","IRPosInFunc":[17],"SrcLoc":"src/basename.c:127","Type":"ASSIGN$V1$@2$!BITNOT$@2$"},"1337":{"EquivalenDuplicateOf":"152","FuncName":"main","IRPosInFunc":[17],"SrcLoc":"src/basename.c:127","Type":"ASSIGN$V1$@2$!OPERAND$@2$"},"1338":{"EquivalenDuplicateOf":"153","FuncName":"main","IRPosInFunc":[17],"SrcLoc":"src/basename.c:127","Type":"ASSIGN$V1$@2$!MOD$V1$@2$"},"1339":{"EquivalenDuplicateOf":"153","FuncName":"main","IRPosInFunc":[17],"SrcLoc":"src/basename.c:127","Type":"ASSIGN$V1$@2$!BITSHR$@2$V1$"},"1340":{"EquivalenDuplicateOf":"153","FuncName":"main","IRPosInFunc":[17],"SrcLoc":"src/basename.c:127","Type":"ASSIGN$V1$@2$!SUB$V1$@2$"},"1341":{"EquivalenDuplicateOf":"153","FuncName":"main","IRPosInFunc":[17],"SrcLoc":"src/basename.c:127","Type":"ASSIGN$V1$@2$!SUB$@2$V1$"},"1342":{"EquivalenDuplicateOf":"152","FuncName":"main","IRPosInFunc":[17],"SrcLoc":"src/basename.c:127","Type":"ASSIGN$V1$@2$!ABS$@2$"},"1343":{"EquivalenDuplicateOf":"153","FuncName":"main","IRPosInFunc":[17],"SrcLoc":"src/basename.c:127","Type":"ASSIGN$V1$@2$!DIV$V1$@2$"},"1344":{"EquivalenDuplicateOf":"153","FuncName":"main","IRPosInFunc":[17],"SrcLoc":"src/basename.c:127","Type":"ASSIGN$V1$@2$!MUL$V1$@2$"},"1345":{"EquivalenDuplicateOf":"153","FuncName":"main","IRPosInFunc":[17],"SrcLoc":"src/basename.c:127","Type":"ASSIGN$V1$@2$!BITSHR$V1$@2$"},"1346":{"EquivalenDuplicateOf":"152","FuncName":"main","IRPosInFunc":[17],"SrcLoc":"src/basename.c:127","Type":"ASSIGN$V1$@2$!CONSTVAL$0$"},"1347":{"EquivalenDuplicateOf":"153","FuncName":"main","IRPosInFunc":[17],"SrcLoc":"src/basename.c:127","Type":"ASSIGN$V1$@2$!NEG$V1$"},"1348":{"EquivalenDuplicateOf":"153","FuncName":"main","IRPosInFunc":[17],"SrcLoc":"src/basename.c:127","Type":"ASSIGN$V1$@2$!BITXOR$V1$@2$"},"1349":{"EquivalenDuplicateOf":"152","FuncName":"main","IRPosInFunc":[17],"SrcLoc":"src/basename.c:127","Type":"ASSIGN$V1$@2$!CONSTVAL$1$"},"1350":{"EquivalenDuplicateOf":"153","FuncName":"main","IRPosInFunc":[17],"SrcLoc":"src/basename.c:127","Type":"ASSIGN$V1$@2$!BITSHL$V1$@2$"},"1351":{"EquivalenDuplicateOf":"153","FuncName":"main","IRPosInFunc":[17],"SrcLoc":"src/basename.c:127","Type":"ASSIGN$V1$@2$!BITSHL$@2$V1$"},"1352":{"EquivalenDuplicateOf":"153","FuncName":"main","IRPosInFunc":[17],"SrcLoc":"src/basename.c:127","Type":"ASSIGN$V1$@2$!BITAND$V1$@2$"},"1353":{"EquivalenDuplicateOf":"152","FuncName":"main","IRPosInFunc":[17],"SrcLoc":"src/basename.c:127","Type":"ASSIGN$V1$@2$!NEG$@2$"},"1354":{"EquivalenDuplicateOf":"153","FuncName":"main","IRPosInFunc":[17],"SrcLoc":"src/basename.c:127","Type":"ASSIGN$V1$@2$!BITNOT$V1$"},"1355":{"EquivalenDuplicateOf":"153","FuncName":"main","IRPosInFunc":[17],"SrcLoc":"src/basename.c:127","Type":"ASSIGN$V1$@2$!ADD$V1$@2$"},"1356":{"EquivalenDuplicateOf":"152","FuncName":"main","IRPosInFunc":[17],"SrcLoc":"src/basename.c:127","Type":"ASSIGN$V1$@2$!OPERAND$V1$"},"1357":{"EquivalenDuplicateOf":"152","FuncName":"main","IRPosInFunc":[17],"SrcLoc":"src/basename.c:127","Type":"ASSIGN$V1$@2$!BITOR$V1$@2$"},"1358":{"EquivalenDuplicateOf":"133","FuncName":"main","IRPosInFunc":[15],"SrcLoc":"src/basename.c:126","Type":"ASSIGN$V1$@2$!DIV$@2$V1$"},"1359":{"EquivalenDuplicateOf":"133","FuncName":"main","IRPosInFunc":[15],"SrcLoc":"src/basename.c:126","Type":"ASSIGN$V1$@2$!GT$@2$V1$"},"1360":{"EquivalenDuplicateOf":"133","FuncName":"main","IRPosInFunc":[15],"SrcLoc":"src/basename.c:126","Type":"ASSIGN$V1$@2$!MOD$V1$@2$"},"1361":{"EquivalenDuplicateOf":"133","FuncName":"main","IRPosInFunc":[15],"SrcLoc":"src/basename.c:126","Type":"ASSIGN$V1$@2$!BITSHR$@2$V1$"},"1362":{"EquivalenDuplicateOf":"133","FuncName":"main","IRPosInFunc":[15],"SrcLoc":"src/basename.c:126","Type":"ASSIGN$V1$@2$!GE$V1$@2$"},"1363":{"EquivalenDuplicateOf":"133","FuncName":"main","IRPosInFunc":[15],"SrcLoc":"src/basename.c:126","Type":"ASSIGN$V1$@2$!DIV$V1$@2$"},"1364":{"EquivalenDuplicateOf":"133","FuncName":"main","IRPosInFunc":[15],"SrcLoc":"src/basename.c:126","Type":"ASSIGN$V1$@2$!BITSHR$V1$@2$"},"1365":{"EquivalenDuplicateOf":"133","FuncName":"main","IRPosInFunc":[15],"SrcLoc":"src/basename.c:126","Type":"ASSIGN$V1$@2$!LT$V1$@2$"},"1366":{"EquivalenDuplicateOf":"133","FuncName":"main","IRPosInFunc":[15],"SrcLoc":"src/basename.c:126","Type":"ASSIGN$V1$@2$!LE$@2$V1$"},"1367":{"EquivalenDuplicateOf":"133","FuncName":"main","IRPosInFunc":[15],"SrcLoc":"src/basename.c:126","Type":"ASSIGN$V1$@2$!MOD$@2$V1$"},"1368":{"EquivalenDuplicateOf":"133","FuncName":"main","IRPosInFunc":[15],"SrcLoc":"src/basename.c:126","Type":"ASSIGN$V1$@2$!DIV$@2$V1$"},"1369":{"EquivalenDuplicateOf":"132","FuncName":"main","IRPosInFunc":[15],"SrcLoc":"src/basename.c:126","Type":"ASSIGN$V1$@2$!BITNOT$@2$"},"1370":{"EquivalenDuplicateOf":"132","FuncName":"main","IRPosInFunc":[15],"SrcLoc":"src/basename.c:126","Type":"ASSIGN$V1$@2$!OPERAND$@2$"},"1371":{"EquivalenDuplicateOf":"133","FuncName":"main","IRPosInFunc":[15],"SrcLoc":"src/basename.c:126","Type":"ASSIGN$V1$@2$!MOD$V1$@2$"},"1372":{"EquivalenDuplicateOf":"133","FuncName":"main","IRPosInFunc":[15],"SrcLoc":"src/basename.c:126","Type":"ASSIGN$V1$@2$!BITSHR$@2$V1$"},"1373":{"EquivalenDuplicateOf":"133","FuncName":"main","IRPosInFunc":[15],"SrcLoc":"src/basename.c:126","Type":"ASSIGN$V1$@2$!SUB$V1$@2$"},"1374":{"EquivalenDuplicateOf":"133","FuncName":"main","IRPosInFunc":[15],"SrcLoc":"src/basename.c:126","Type":"ASSIGN$V1$@2$!SUB$@2$V1$"},"1375":{"EquivalenDuplicateOf":"132","FuncName":"main","IRPosInFunc":[15],"SrcLoc":"src/basename.c:126","Type":"ASSIGN$V1$@2$!ABS$@2$"},"1376":{"EquivalenDuplicateOf":"133","FuncName":"main","IRPosInFunc":[15],"SrcLoc":"src/basename.c:126","Type":"ASSIGN$V1$@2$!DIV$V1$@2$"},"1377":{"EquivalenDuplicateOf":"133","FuncName":"main","IRPosInFunc":[15],"SrcLoc":"src/basename.c:126","Type":"ASSIGN$V1$@2$!MUL$V1$@2$"},"1378":{"EquivalenDuplicateOf":"133","FuncName":"main","IRPosInFunc":[15],"SrcLoc":"src/basename.c:126","Type":"ASSIGN$V1$@2$!BITSHR$V1$@2$"},"1379":{"EquivalenDuplicateOf":"132","FuncName":"main","IRPosInFunc":[15],"SrcLoc":"src/basename.c:126","Type":"ASSIGN$V1$@2$!CONSTVAL$0$"},"1380":{"EquivalenDuplicateOf":"133","FuncName":"main","IRPosInFunc":[15],"SrcLoc":"src/basename.c:126","Type":"ASSIGN$V1$@2$!NEG$V1$"},"1381":{"EquivalenDuplicateOf":"133","FuncName":"main","IRPosInFunc":[15],"SrcLoc":"src/basename.c:126","Type":"ASSIGN$V1$@2$!BITXOR$V1$@2$"},"1382":{"EquivalenDuplicateOf":"132","FuncName":"main","IRPosInFunc":[15],"SrcLoc":"src/basename.c:126","Type":"ASSIGN$V1$@2$!CONSTVAL$1$"},"1383":{"EquivalenDuplicateOf":"133","FuncName":"main","IRPosInFunc":[15],"SrcLoc":"src/basename.c:126","Type":"ASSIGN$V1$@2$!BITSHL$V1$@2$"},"1384":{"EquivalenDuplicateOf":"133","FuncName":"main","IRPosInFunc":[15],"SrcLoc":"src/basename.c:126","Type":"ASSIGN$V1$@2$!BITSHL$@2$V1$"},"1385":{"EquivalenDuplicateOf":"133","FuncName":"main","IRPosInFunc":[15],"SrcLoc":"src/basename.c:126","Type":"ASSIGN$V1$@2$!BITAND$V1$@2$"},"1386":{"EquivalenDuplicateOf":"132","FuncName":"main","IRPosInFunc":[15],"SrcLoc":"src/basename.c:126","Type":"ASSIGN$V1$@2$!NEG$@2$"},"1387":{"EquivalenDuplicateOf":"133","FuncName":"main","IRPosInFunc":[15],"SrcLoc":"src/basename.c:126","Type":"ASSIGN$V1$@2$!BITNOT$V1$"},"1388":{"EquivalenDuplicateOf":"133","FuncName":"main","IRPosInFunc":[15],"SrcLoc":"src/basename.c:126","Type":"ASSIGN$V1$@2$!ADD$V1$@2$"},"1389":{"EquivalenDuplicateOf":"132","FuncName":"main","IRPosInFunc":[15],"SrcLoc":"src/basename.c:126","Type":"ASSIGN$V1$@2$!OPERAND$V1$"},"1390":{"EquivalenDuplicateOf":"132","FuncName":"main","IRPosInFunc":[15],"SrcLoc":"src/basename.c:126","Type":"ASSIGN$V1$@2$!BITOR$V1$@2$"},"1391":{"EquivalenDuplicateOf":"108","FuncName":"main","IRPosInFunc":[10],"SrcLoc":"","Type":"ASSIGN$V1$@2$!DIV$@2$V1$"},"1392":{"EquivalenDuplicateOf":"108","FuncName":"main","IRPosInFunc":[10],"SrcLoc":"","Type":"ASSIGN$V1$@2$!MOD$V1$@2$"},"1393":{"EquivalenDuplicateOf":"108","FuncName":"main","IRPosInFunc":[10],"SrcLoc":"","Type":"ASSIGN$V1$@2$!BITSHR$@2$V1$"},"1394":{"EquivalenDuplicateOf":"108","FuncName":"main","IRPosInFunc":[10],"SrcLoc":"","Type":"ASSIGN$V1$@2$!DIV$V1$@2$"},"1395":{"EquivalenDuplicateOf":"108","FuncName":"main","IRPosInFunc":[10],"SrcLoc":"","Type":"ASSIGN$V1$@2$!BITSHR$V1$@2$"},"1396":{"EquivalenDuplicateOf":"108","FuncName":"main","IRPosInFunc":[10],"SrcLoc":"","Type":"ASSIGN$V1$@2$!MOD$@2$V1$"},"1397":{"EquivalenDuplicateOf":"108","FuncName":"main","IRPosInFunc":[10],"SrcLoc":"","Type":"ASSIGN$V1$@2$!DIV$@2$V1$"},"1398":{"EquivalenDuplicateOf":"107","FuncName":"main","IRPosInFunc":[10],"SrcLoc":"","Type":"ASSIGN$V1$@2$!BITNOT$@2$"},"1399":{"EquivalenDuplicateOf":"107","FuncName":"main","IRPosInFunc":[10],"SrcLoc":"","Type":"ASSIGN$V1$@2$!OPERAND$@2$"},"1400":{"EquivalenDuplicateOf":"108","FuncName":"main","IRPosInFunc":[10],"SrcLoc":"","Type":"ASSIGN$V1$@2$!MOD$V1$@2$"},"1401":{"EquivalenDuplicateOf":"108","FuncName":"main","IRPosInFunc":[10],"SrcLoc":"","Type":"ASSIGN$V1$@2$!BITSHR$@2$V1$"},"1402":{"EquivalenDuplicateOf":"108","FuncName":"main","IRPosInFunc":[10],"SrcLoc":"","Type":"ASSIGN$V1$@2$!SUB$V1$@2$"},"1403":{"EquivalenDuplicateOf":"108","FuncName":"main","IRPosInFunc":[10],"SrcLoc":"","Type":"ASSIGN$V1$@2$!SUB$@2$V1$"},"1404":{"EquivalenDuplicateOf":"108","FuncName":"main","IRPosInFunc":[10],"SrcLoc":"","Type":"ASSIGN$V1$@2$!DIV$V1$@2$"},"1405":{"EquivalenDuplicateOf":"108","FuncName":"main","IRPosInFunc":[10],"SrcLoc":"","Type":"ASSIGN$V1$@2$!MUL$V1$@2$"},"1406":{"EquivalenDuplicateOf":"108","FuncName":"main","IRPosInFunc":[10],"SrcLoc":"","Type":"ASSIGN$V1$@2$!BITSHR$V1$@2$"},"1407":{"EquivalenDuplicateOf":"107","FuncName":"main","IRPosInFunc":[10],"SrcLoc":"","Type":"ASSIGN$V1$@2$!CONSTVAL$0$"},"1408":{"EquivalenDuplicateOf":"108","FuncName":"main","IRPosInFunc":[10],"SrcLoc":"","Type":"ASSIGN$V1$@2$!NEG$V1$"},"1409":{"EquivalenDuplicateOf":"108","FuncName":"main","IRPosInFunc":[10],"SrcLoc":"","Type":"ASSIGN$V1$@2$!BITXOR$V1$@2$"},"1410":{"EquivalenDuplicateOf":"107","FuncName":"main","IRPosInFunc":[10],"SrcLoc":"","Type":"ASSIGN$V1$@2$!CONSTVAL$1$"},"1411":{"EquivalenDuplicateOf":"108","FuncName":"main","IRPosInFunc":[10],"SrcLoc":"","Type":"ASSIGN$V1$@2$!BITSHL$V1$@2$"},"1412":{"EquivalenDuplicateOf":"108","FuncName":"main","IRPosInFunc":[10],"SrcLoc":"","Type":"ASSIGN$V1$@2$!BITSHL$@2$V1$"},"1413":{"EquivalenDuplicateOf":"108","FuncName":"main","IRPosInFunc":[10],"SrcLoc":"","Type":"ASSIGN$V1$@2$!BITAND$V1$@2$"},"1414":{"EquivalenDuplicateOf":"107","FuncName":"main","IRPosInFunc":[10],"SrcLoc":"","Type":"ASSIGN$V1$@2$!NEG$@2$"},"1415":{"EquivalenDuplicateOf":"108","FuncName":"main","IRPosInFunc":[10],"SrcLoc":"","Type":"ASSIGN$V1$@2$!BITNOT$V1$"},"1416":{"EquivalenDuplicateOf":"108","FuncName":"main","IRPosInFunc":[10],"SrcLoc":"","Type":"ASSIGN$V1$@2$!ADD$V1$@2$"},"1417":{"EquivalenDuplicateOf":"107","FuncName":"main","IRPosInFunc":[10],"SrcLoc":"","Type":"ASSIGN$V1$@2$!OPERAND$V1$"},"1418":{"EquivalenDuplicateOf":"108","FuncName":"main","IRPosInFunc":[10],"SrcLoc":"","Type":"ASSIGN$V1$@2$!MOD$@2$V1$"},"1419":{"EquivalenDuplicateOf":"88","FuncName":"main","IRPosInFunc":[9],"SrcLoc":"","Type":"ASSIGN$V1$@2$!DIV$@2$V1$"},"1420":{"EquivalenDuplicateOf":"88","FuncName":"main","IRPosInFunc":[9],"SrcLoc":"","Type":"ASSIGN$V1$@2$!GT$@2$V1$"},"1421":{"EquivalenDuplicateOf":"88","FuncName":"main","IRPosInFunc":[9],"SrcLoc":"","Type":"ASSIGN$V1$@2$!MOD$V1$@2$"},"1422":{"EquivalenDuplicateOf":"88","FuncName":"main","IRPosInFunc":[9],"SrcLoc":"","Type":"ASSIGN$V1$@2$!BITSHR$@2$V1$"},"1423":{"EquivalenDuplicateOf":"88","FuncName":"main","IRPosInFunc":[9],"SrcLoc":"","Type":"ASSIGN$V1$@2$!GE$V1$@2$"},"1424":{"EquivalenDuplicateOf":"88","FuncName":"main","IRPosInFunc":[9],"SrcLoc":"","Type":"ASSIGN$V1$@2$!DIV$V1$@2$"},"1425":{"EquivalenDuplicateOf":"88","FuncName":"main","IRPosInFunc":[9],"SrcLoc":"","Type":"ASSIGN$V1$@2$!BITSHR$V1$@2$"},"1426":{"EquivalenDuplicateOf":"88","FuncName":"main","IRPosInFunc":[9],"SrcLoc":"","Type":"ASSIGN$V1$@2$!LT$V1$@2$"},"1427":{"EquivalenDuplicateOf":"88","FuncName":"main","IRPosInFunc":[9],"SrcLoc":"","Type":"ASSIGN$V1$@2$!LE$@2$V1$"},"1428":{"EquivalenDuplicateOf":"88","FuncName":"main","IRPosInFunc":[9],"SrcLoc":"","Type":"ASSIGN$V1$@2$!MOD$@2$V1$"},"1429":{"EquivalenDuplicateOf":"88","FuncName":"main","IRPosInFunc":[9],"SrcLoc":"","Type":"ASSIGN$V1$@2$!DIV$@2$V1$"},"1430":{"EquivalenDuplicateOf":"86","FuncName":"main","IRPosInFunc":[9],"SrcLoc":"","Type":"ASSIGN$V1$@2$!BITNOT$@2$"},"1431":{"EquivalenDuplicateOf":"86","FuncName":"main","IRPosInFunc":[9],"SrcLoc":"","Type":"ASSIGN$V1$@2$!OPERAND$@2$"},"1432":{"EquivalenDuplicateOf":"88","FuncName":"main","IRPosInFunc":[9],"SrcLoc":"","Type":"ASSIGN$V1$@2$!MOD$V1$@2$"},"1433":{"EquivalenDuplicateOf":"88","FuncName":"main","IRPosInFunc":[9],"SrcLoc":"","Type":"ASSIGN$V1$@2$!BITSHR$@2$V1$"},"1434":{"EquivalenDuplicateOf":"88","FuncName":"main","IRPosInFunc":[9],"SrcLoc":"","Type":"ASSIGN$V1$@2$!SUB$V1$@2$"},"1435":{"EquivalenDuplicateOf":"88","FuncName":"main","IRPosInFunc":[9],"SrcLoc":"","Type":"ASSIGN$V1$@2$!SUB$@2$V1$"},"1436":{"EquivalenDuplicateOf":"86","FuncName":"main","IRPosInFunc":[9],"SrcLoc":"","Type":"ASSIGN$V1$@2$!ABS$@2$"},"1437":{"EquivalenDuplicateOf":"88","FuncName":"main","IRPosInFunc":[9],"SrcLoc":"","Type":"ASSIGN$V1$@2$!DIV$V1$@2$"},"1438":{"EquivalenDuplicateOf":"88","FuncName":"main","IRPosInFunc":[9],"SrcLoc":"","Type":"ASSIGN$V1$@2$!MUL$V1$@2$"},"1439":{"EquivalenDuplicateOf":"88","FuncName":"main","IRPosInFunc":[9],"SrcLoc":"","Type":"ASSIGN$V1$@2$!BITSHR$V1$@2$"},"1440":{"EquivalenDuplicateOf":"86","FuncName":"main","IRPosInFunc":[9],"SrcLoc":"","Type":"ASSIGN$V1$@2$!CONSTVAL$0$"},"1441":{"EquivalenDuplicateOf":"88","FuncName":"main","IRPosInFunc":[9],"SrcLoc":"","Type":"ASSIGN$V1$@2$!NEG$V1$"},"1442":{"EquivalenDuplicateOf":"88","FuncName":"main","IRPosInFunc":[9],"SrcLoc":"","Type":"ASSIGN$V1$@2$!BITXOR$V1$@2$"},"1443":{"EquivalenDuplicateOf":"86","FuncName":"main","IRPosInFunc":[9],"SrcLoc":"","Type":"ASSIGN$V1$@2$!CONSTVAL$1$"},"1444":{"EquivalenDuplicateOf":"88","FuncName":"main","IRPosInFunc":[9],"SrcLoc":"","Type":"ASSIGN$V1$@2$!BITSHL$V1$@2$"},"1445":{"EquivalenDuplicateOf":"88","FuncName":"main","IRPosInFunc":[9],"SrcLoc":"","Type":"ASSIGN$V1$@2$!BITSHL$@2$V1$"},"1446":{"EquivalenDuplicateOf":"88","FuncName":"main","IRPosInFunc":[9],"SrcLoc":"","Type":"ASSIGN$V1$@2$!BITAND$V1$@2$"},"1447":{"EquivalenDuplicateOf":"86","FuncName":"main","IRPosInFunc":[9],"SrcLoc":"","Type":"ASSIGN$V1$@2$!NEG$@2$"},"1448":{"EquivalenDuplicateOf":"88","FuncName":"main","IRPosInFunc":[9],"SrcLoc":"","Type":"ASSIGN$V1$@2$!BITNOT$V1$"},"1449":{"EquivalenDuplicateOf":"88","FuncName":"main","IRPosInFunc":[9],"SrcLoc":"","Type":"ASSIGN$V1$@2$!ADD$V1$@2$"},"1450":{"EquivalenDuplicateOf":"87","FuncName":"main","IRPosInFunc":[9],"SrcLoc":"","Type":"ASSIGN$V1$@2$!OPERAND$V1$"},"1451":{"EquivalenDuplicateOf":"0","FuncName":"usage","IRPosInFunc":[30],"SrcLoc":"src/basename.c:79","Type":"STMT!TRAPSTMT"},"1452":{"EquivalenDuplicateOf":"0","FuncName":"usage","IRPosInFunc":[29],"SrcLoc":"src/basename.c:78","Type":"STMT!TRAPSTMT"},"1453":{"EquivalenDuplicateOf":"0","FuncName":"usage","IRPosInFunc":[24],"SrcLoc":"src/basename.c:67","Type":"CALL!SHUFFLEARGS$2$"},"1454":{"EquivalenDuplicateOf":"0","FuncName":"usage","IRPosInFunc":[24],"SrcLoc":"src/basename.c:67","Type":"CALL!SHUFFLEARGS$2$"},"1455":{"EquivalenDuplicateOf":"0","FuncName":"usage","IRPosInFunc":[24],"SrcLoc":"src/basename.c:67","Type":"CALL!SHUFFLEARGS$2$"},"1456":{"EquivalenDuplicateOf":"0","FuncName":"usage","IRPosInFunc":[24],"SrcLoc":"src/basename.c:67","Type":"CALL!SHUFFLEARGS$2$"},"1457":{"EquivalenDuplicateOf":"0","FuncName":"usage","IRPosInFunc":[24],"SrcLoc":"src/basename.c:67","Type":"CALL!SHUFFLEARGS$2$"},"1458":{"EquivalenDuplicateOf":"0","FuncName":"usage","IRPosInFunc":[24],"SrcLoc":"src/basename.c:67","Type":"CALL!SHUFFLEARGS$2$"},"1459":{"EquivalenDuplicateOf":"0","FuncName":"usage","IRPosInFunc":[24],"SrcLoc":"src/basename.c:67","Type":"CALL!SHUFFLEARGS$2$"},"1460":{"EquivalenDuplicateOf":"0","FuncName":"usage","IRPosInFunc":[24],"SrcLoc":"src/basename.c:67","Type":"CALL!SHUFFLEARGS$2$"},"1461":{"EquivalenDuplicateOf":"0","FuncName":"usage","IRPosInFunc":[24],"SrcLoc":"src/basename.c:67","Type":"CALL!SHUFFLEARGS$2$"},"1462":{"EquivalenDuplicateOf":"0","FuncName":"usage","IRPosInFunc":[24],"SrcLoc":"src/basename.c:67","Type":"CALL!SHUFFLEARGS$2$"},"1463":{"EquivalenDuplicateOf":"75","FuncName":"usage","IRPosInFunc":[24],"SrcLoc":"src/basename.c:67","Type":"CALL!SHUFFLEARGS$2$"},"1464":{"EquivalenDuplicateOf":"76","FuncName":"usage","IRPosInFunc":[24],"SrcLoc":"src/basename.c:67","Type":"CALL!SHUFFLEARGS$2$"},"1465":{"EquivalenDuplicateOf":"77","FuncName":"usage","IRPosInFunc":[24],"SrcLoc":"src/basename.c:67","Type":"CALL!SHUFFLEARGS$2$"},"1466":{"EquivalenDuplicateOf":"75","FuncName":"usage","IRPosInFunc":[24],"SrcLoc":"src/basename.c:67","Type":"CALL!SHUFFLEARGS$2$"},"1467":{"EquivalenDuplicateOf":"76","FuncName":"usage","IRPosInFunc":[24],"SrcLoc":"src/basename.c:67","Type":"CALL!SHUFFLEARGS$2$"},"1468":{"EquivalenDuplicateOf":"75","FuncName":"usage","IRPosInFunc":[24],"SrcLoc":"src/basename.c:67","Type":"CALL!SHUFFLEARGS$2$"},"1469":{"EquivalenDuplicateOf":"0","FuncName":"usage","IRPosInFunc":[24],"SrcLoc":"src/basename.c:67","Type":"CALL!SHUFFLEARGS$2$"},"1470":{"EquivalenDuplicateOf":"0","FuncName":"usage","IRPosInFunc":[24],"SrcLoc":"src/basename.c:67","Type":"CALL!SHUFFLEARGS$2$"},"1471":{"EquivalenDuplicateOf":"0","FuncName":"usage","IRPosInFunc":[24],"SrcLoc":"src/basename.c:67","Type":"CALL!SHUFFLEARGS$2$"},"1472":{"EquivalenDuplicateOf":"0","FuncName":"usage","IRPosInFunc":[24],"SrcLoc":"src/basename.c:67","Type":"CALL!SHUFFLEARGS$2$"},"1473":{"EquivalenDuplicateOf":"0","FuncName":"usage","IRPosInFunc":[24],"SrcLoc":"src/basename.c:67","Type":"CALL!SHUFFLEARGS$2$"},"1474":{"EquivalenDuplicateOf":"0","FuncName":"usage","IRPosInFunc":[24],"SrcLoc":"src/basename.c:67","Type":"CALL!SHUFFLEARGS$2$"},"1475":{"EquivalenDuplicateOf":"0","FuncName":"usage","IRPosInFunc":[24],"SrcLoc":"src/basename.c:67","Type":"CALL!SHUFFLEARGS$2$"},"1476":{"EquivalenDuplicateOf":"0","FuncName":"usage","IRPosInFunc":[24],"SrcLoc":"src/basename.c:67","Type":"CALL!SHUFFLEARGS$2$"},"1477":{"EquivalenDuplicateOf":"0","FuncName":"usage","IRPosInFunc":[24],"SrcLoc":"src/basename.c:67","Type":"CALL!SHUFFLEARGS$2$"},"1478":{"EquivalenDuplicateOf":"0","FuncName":"usage","IRPosInFunc":[24],"SrcLoc":"src/basename.c:67","Type":"CALL!SHUFFLEARGS$2$"},"1479":{"EquivalenDuplicateOf":"0","FuncName":"usage","IRPosInFunc":[24],"SrcLoc":"src/basename.c:67","Type":"CALL!SHUFFLEARGS$2$"},"1480":{"EquivalenDuplicateOf":"0","FuncName":"usage","IRPosInFunc":[24],"SrcLoc":"src/basename.c:67","Type":"CALL!SHUFFLEARGS$2$"},"1481":{"EquivalenDuplicateOf":"0","FuncName":"usage","IRPosInFunc":[24],"SrcLoc":"src/basename.c:67","Type":"CALL!SHUFFLEARGS$2$"},"1482":{"EquivalenDuplicateOf":"0","FuncName":"usage","IRPosInFunc":[24],"SrcLoc":"src/basename.c:67","Type":"CALL!SHUFFLEARGS$2$"},"1483":{"EquivalenDuplicateOf":"0","FuncName":"usage","IRPosInFunc":[24],"SrcLoc":"src/basename.c:67","Type":"CALL!SHUFFLEARGS$2$"},"1484":{"EquivalenDuplicateOf":"0","FuncName":"usage","IRPosInFunc":[10],"SrcLoc":"src/basename.c:48","Type":"CALL!SHUFFLEARGS$2$"},"1485":{"EquivalenDuplicateOf":"56","FuncName":"usage","IRPosInFunc":[10],"SrcLoc":"src/basename.c:48","Type":"CALL!SHUFFLEARGS$2$"},"1486":{"EquivalenDuplicateOf":"0","FuncName":"usage","IRPosInFunc":[10],"SrcLoc":"src/basename.c:48","Type":"CALL!SHUFFLEARGS$2$"},"1487":{"EquivalenDuplicateOf":"52","FuncName":"usage","IRPosInFunc":[7],"SrcLoc":"src/basename.c:45","Type":"RETURN_BREAK_CONTINUE!DELSTMT"},"1488":{"EquivalenDuplicateOf":"25","FuncName":"usage","IRPosInFunc":[3],"SrcLoc":"src/basename.c:44","Type":"@!ABS$@$"},"1489":{"EquivalenDuplicateOf":"27","FuncName":"usage","IRPosInFunc":[4],"SrcLoc":"src/basename.c:44","Type":"NEQ$@1$@2$!BITSHR$@2$@1$"},"1490":{"EquivalenDuplicateOf":"27","FuncName":"usage","IRPosInFunc":[4],"SrcLoc":"src/basename.c:44","Type":"NEQ$@1$@2$!LT$@1$@2$"},"1491":{"EquivalenDuplicateOf":"0","FuncName":"usage","IRPosInFunc":[4],"SrcLoc":"src/basename.c:44","Type":"NEQ$@1$@2$!BITSHR$@1$@2$"},"1492":{"EquivalenDuplicateOf":"26","FuncName":"usage","IRPosInFunc":[4],"SrcLoc":"src/basename.c:44","Type":"NEQ$@1$@2$!GE$@1$@2$"},"1493":{"EquivalenDuplicateOf":"27","FuncName":"usage","IRPosInFunc":[4],"SrcLoc":"src/basename.c:44","Type":"NEQ$@1$@2$!GT$@2$@1$"},"1494":{"EquivalenDuplicateOf":"33","FuncName":"usage","IRPosInFunc":[4],"SrcLoc":"src/basename.c:44","Type":"NEQ$@1$@2$!MOD$@1$@2$"},"1495":{"EquivalenDuplicateOf":"27","FuncName":"usage","IRPosInFunc":[4],"SrcLoc":"src/basename.c:44","Type":"NEQ$@1$@2$!MOD$@2$@1$"},"1496":{"EquivalenDuplicateOf":"27","FuncName":"usage","IRPosInFunc":[4],"SrcLoc":"src/basename.c:44","Type":"NEQ$@1$@2$!DIV$@2$@1$"},"1497":{"EquivalenDuplicateOf":"26","FuncName":"usage","IRPosInFunc":[4],"SrcLoc":"src/basename.c:44","Type":"NEQ$@1$@2$!LE$@2$@1$"},"1498":{"EquivalenDuplicateOf":"27","FuncName":"usage","IRPosInFunc":[4],"SrcLoc":"src/basename.c:44","Type":"NEQ$@1$@2$!BITSHR$@2$@1$"},"1499":{"EquivalenDuplicateOf":"27","FuncName":"usage","IRPosInFunc":[4],"SrcLoc":"src/basename.c:44","Type":"NEQ$@1$@2$!NEG$@2$"},"1500":{"EquivalenDuplicateOf":"27","FuncName":"usage","IRPosInFunc":[4],"SrcLoc":"src/basename.c:44","Type":"NEQ$@1$@2$!MUL$@1$@2$"},"1501":{"EquivalenDuplicateOf":"0","FuncName":"usage","IRPosInFunc":[4],"SrcLoc":"src/basename.c:44","Type":"NEQ$@1$@2$!SUB$@1$@2$"},"1502":{"EquivalenDuplicateOf":"0","FuncName":"usage","IRPosInFunc":[4],"SrcLoc":"src/basename.c:44","Type":"NEQ$@1$@2$!BITSHR$@1$@2$"},"1503":{"EquivalenDuplicateOf":"27","FuncName":"usage","IRPosInFunc":[4],"SrcLoc":"src/basename.c:44","Type":"NEQ$@1$@2$!BITSHL$@2$@1$"},"1504":{"EquivalenDuplicateOf":"0","FuncName":"usage","IRPosInFunc":[4],"SrcLoc":"src/basename.c:44","Type":"NEQ$@1$@2$!BITOR$@1$@2$"},"1505":{"EquivalenDuplicateOf":"26","FuncName":"usage","IRPosInFunc":[4],"SrcLoc":"src/basename.c:44","Type":"NEQ$@1$@2$!CONSTVAL$1$"},"1506":{"EquivalenDuplicateOf":"27","FuncName":"usage","IRPosInFunc":[4],"SrcLoc":"src/basename.c:44","Type":"NEQ$@1$@2$!ABS$@2$"},"1507":{"EquivalenDuplicateOf":"0","FuncName":"usage","IRPosInFunc":[4],"SrcLoc":"src/basename.c:44","Type":"NEQ$@1$@2$!OPERAND$@1$"},"1508":{"EquivalenDuplicateOf":"31","FuncName":"usage","IRPosInFunc":[4],"SrcLoc":"src/basename.c:44","Type":"NEQ$@1$@2$!NEG$@1$"},"1509":{"EquivalenDuplicateOf":"27","FuncName":"usage","IRPosInFunc":[4],"SrcLoc":"src/basename.c:44","Type":"NEQ$@1$@2$!MOD$@2$@1$"},"1510":{"EquivalenDuplicateOf":"27","FuncName":"usage","IRPosInFunc":[4],"SrcLoc":"src/basename.c:44","Type":"NEQ$@1$@2$!OPERAND$@2$"},"1511":{"EquivalenDuplicateOf":"0","FuncName":"usage","IRPosInFunc":[4],"SrcLoc":"src/basename.c:44","Type":"NEQ$@1$@2$!BITSHL$@1$@2$"},"1512":{"EquivalenDuplicateOf":"27","FuncName":"usage","IRPosInFunc":[4],"SrcLoc":"src/basename.c:44","Type":"NEQ$@1$@2$!DIV$@2$@1$"},"1513":{"EquivalenDuplicateOf":"0","FuncName":"usage","IRPosInFunc":[4],"SrcLoc":"src/basename.c:44","Type":"NEQ$@1$@2$!ADD$@1$@2$"},"1514":{"EquivalenDuplicateOf":"27","FuncName":"usage","IRPosInFunc":[4],"SrcLoc":"src/basename.c:44","Type":"NEQ$@1$@2$!BITAND$@1$@2$"},"1515":{"EquivalenDuplicateOf":"0","FuncName":"usage","IRPosInFunc":[4],"SrcLoc":"src/basename.c:44","Type":"NEQ$@1$@2$!BITXOR$@1$@2$"},"1516":{"EquivalenDuplicateOf":"2","FuncName":"usage","IRPosInFunc":[1],"SrcLoc":"","Type":"ASSIGN$V1$@2$!DIV$@2$V1$"},"1517":{"EquivalenDuplicateOf":"2","FuncName":"usage","IRPosInFunc":[1],"SrcLoc":"","Type":"ASSIGN$V1$@2$!MOD$V1$@2$"},"1518":{"EquivalenDuplicateOf":"2","FuncName":"usage","IRPosInFunc":[1],"SrcLoc":"","Type":"ASSIGN$V1$@2$!BITSHR$@2$V1$"},"1519":{"EquivalenDuplicateOf":"2","FuncName":"usage","IRPosInFunc":[1],"SrcLoc":"","Type":"ASSIGN$V1$@2$!DIV$V1$@2$"},"1520":{"EquivalenDuplicateOf":"2","FuncName":"usage","IRPosInFunc":[1],"SrcLoc":"","Type":"ASSIGN$V1$@2$!BITSHR$V1$@2$"},"1521":{"EquivalenDuplicateOf":"2","FuncName":"usage","IRPosInFunc":[1],"SrcLoc":"","Type":"ASSIGN$V1$@2$!MOD$@2$V1$"},"1522":{"EquivalenDuplicateOf":"2","FuncName":"usage","IRPosInFunc":[1],"SrcLoc":"","Type":"ASSIGN$V1$@2$!DIV$@2$V1$"},"1523":{"EquivalenDuplicateOf":"2","FuncName":"usage","IRPosInFunc":[1],"SrcLoc":"","Type":"ASSIGN$V1$@2$!BITNOT$@2$"},"1524":{"EquivalenDuplicateOf":"2","FuncName":"usage","IRPosInFunc":[1],"SrcLoc":"","Type":"ASSIGN$V1$@2$!OPERAND$@2$"},"1525":{"EquivalenDuplicateOf":"2","FuncName":"usage","IRPosInFunc":[1],"SrcLoc":"","Type":"ASSIGN$V1$@2$!MOD$V1$@2$"},"1526":{"EquivalenDuplicateOf":"2","FuncName":"usage","IRPosInFunc":[1],"SrcLoc":"","Type":"ASSIGN$V1$@2$!BITSHR$@2$V1$"},"1527":{"EquivalenDuplicateOf":"2","FuncName":"usage","IRPosInFunc":[1],"SrcLoc":"","Type":"ASSIGN$V1$@2$!SUB$V1$@2$"},"1528":{"EquivalenDuplicateOf":"2","FuncName":"usage","IRPosInFunc":[1],"SrcLoc":"","Type":"ASSIGN$V1$@2$!SUB$@2$V1$"},"1529":{"EquivalenDuplicateOf":"2","FuncName":"usage","IRPosInFunc":[1],"SrcLoc":"","Type":"ASSIGN$V1$@2$!DIV$V1$@2$"},"1530":{"EquivalenDuplicateOf":"2","FuncName":"usage","IRPosInFunc":[1],"SrcLoc":"","Type":"ASSIGN$V1$@2$!MUL$V1$@2$"},"1531":{"EquivalenDuplicateOf":"2","FuncName":"usage","IRPosInFunc":[1],"SrcLoc":"","Type":"ASSIGN$V1$@2$!BITSHR$V1$@2$"},"1532":{"EquivalenDuplicateOf":"2","FuncName":"usage","IRPosInFunc":[1],"SrcLoc":"","Type":"ASSIGN$V1$@2$!CONSTVAL$0$"},"1533":{"EquivalenDuplicateOf":"2","FuncName":"usage","IRPosInFunc":[1],"SrcLoc":"","Type":"ASSIGN$V1$@2$!NEG$V1$"},"1534":{"EquivalenDuplicateOf":"2","FuncName":"usage","IRPosInFunc":[1],"SrcLoc":"","Type":"ASSIGN$V1$@2$!BITXOR$V1$@2$"},"1535":{"EquivalenDuplicateOf":"2","FuncName":"usage","IRPosInFunc":[1],"SrcLoc":"","Type":"ASSIGN$V1$@2$!CONSTVAL$1$"},"1536":{"EquivalenDuplicateOf":"2","FuncName":"usage","IRPosInFunc":[1],"SrcLoc":"","Type":"ASSIGN$V1$@2$!BITSHL$V1$@2$"},"1537":{"EquivalenDuplicateOf":"2","FuncName":"usage","IRPosInFunc":[1],"SrcLoc":"","Type":"ASSIGN$V1$@2$!BITSHL$@2$V1$"},"1538":{"EquivalenDuplicateOf":"2","FuncName":"usage","IRPosInFunc":[1],"SrcLoc":"","Type":"ASSIGN$V1$@2$!BITAND$V1$@2$"},"1539":{"EquivalenDuplicateOf":"2","FuncName":"usage","IRPosInFunc":[1],"SrcLoc":"","Type":"ASSIGN$V1$@2$!NEG$@2$"},"1540":{"EquivalenDuplicateOf":"2","FuncName":"usage","IRPosInFunc":[1],"SrcLoc":"","Type":"ASSIGN$V1$@2$!BITNOT$V1$"},"1541":{"EquivalenDuplicateOf":"2","FuncName":"usage","IRPosInFunc":[1],"SrcLoc":"","Type":"ASSIGN$V1$@2$!ADD$V1$@2$"},"1542":{"EquivalenDuplicateOf":"2","FuncName":"usage","IRPosInFunc":[1],"SrcLoc":"","Type":"ASSIGN$V1$@2$!OPERAND$V1$"},"1543":{"EquivalenDuplicateOf":"2","FuncName":"usage","IRPosInFunc":[1],"SrcLoc":"","Type":"ASSIGN$V1$@2$!MOD$@2$V1$"},"1544":{"EquivalenDuplicateOf":"2","FuncName":"usage","IRPosInFunc":[1],"SrcLoc":"","Type":"ASSIGN$V1$@2$!BITOR$V1$@2$"}}