{
  "1": {
    "FuncName": "usage",
    "IRPosInFunc": [
      1
    ],
    "SrcLoc": "",
    "Type": "STMT!TRAPSTMT"
  },
  "103": {
    "FuncName": "main",
    "IRPosInFunc": [
      9
    ],
    "SrcLoc": "",
    "Type": "ASSIGN$V1$@2$!LE$V1$@2$"
  },
  "115": {
    "FuncName": "main",
    "IRPosInFunc": [
      11
    ],
    "SrcLoc": "",
    "Type": "STMT!DELSTMT"
  },
  "119": {
    "FuncName": "main",
    "IRPosInFunc": [
      15
    ],
    "SrcLoc": "src/sleep.c:101",
    "Type": "ASSIGN$V1$@2$!LE$@2$V1$"
  },
  "140": {
    "FuncName": "main",
    "IRPosInFunc": [
      15
    ],
    "SrcLoc": "src/sleep.c:101",
    "Type": "C!ADD$C$-1$"
  },
  "141": {
    "FuncName": "main",
    "IRPosInFunc": [
      15
    ],
    "SrcLoc": "src/sleep.c:101",
    "Type": "C!ADD$C$1$"
  },
  "142": {
    "FuncName": "main",
    "IRPosInFunc": [
      17
    ],
    "SrcLoc": "src/sleep.c:102",
    "Type": "STMT!TRAPSTMT"
  },
  "143": {
    "FuncName": "main",
    "IRPosInFunc": [
      17
    ],
    "SrcLoc": "src/sleep.c:102",
    "Type": "STMT!DELSTMT"
  },
  "164": {
    "FuncName": "main",
    "IRPosInFunc": [
      17
    ],
    "SrcLoc": "src/sleep.c:102",
    "Type": "C!CONSTVAL$0$"
  },
  "165": {
    "FuncName": "main",
    "IRPosInFunc": [
      17
    ],
    "SrcLoc": "src/sleep.c:102",
    "Type": "C!ADD$C$1$"
  },
  "166": {
    "FuncName": "main",
    "IRPosInFunc": [
      18,
      19,
      20,
      21
    ],
    "SrcLoc": "src/sleep.c:105",
    "Type": "STMT!TRAPSTMT"
  },
  "167": {
    "FuncName": "main",
    "IRPosInFunc": [
      18,
      19,
      20,
      21
    ],
    "SrcLoc": "src/sleep.c:105",
    "Type": "STMT!DELSTMT"
  },
  "169": {
    "FuncName": "main",
    "IRPosInFunc": [
      19
    ],
    "SrcLoc": "src/sleep.c:105",
    "Type": "A!CONSTVAL$0$"
  },
  "170": {
    "FuncName": "main",
    "IRPosInFunc": [
      19
    ],
    "SrcLoc": "src/sleep.c:105",
    "Type": "C!ADD$C$-1$"
  },
  "171": {
    "FuncName": "main",
    "IRPosInFunc": [
      19
    ],
    "SrcLoc": "src/sleep.c:105",
    "Type": "C!ADD$C$1$"
  },
  "172": {
    "FuncName": "main",
    "IRPosInFunc": [
      18
    ],
    "SrcLoc": "src/sleep.c:105",
    "Type": "P!PRIGHTDEC$P$"
  },
  "173": {
    "FuncName": "main",
    "IRPosInFunc": [
      18
    ],
    "SrcLoc": "src/sleep.c:105",
    "Type": "P!PLEFTINC$P$"
  },
  "174": {
    "FuncName": "main",
    "IRPosInFunc": [
      18
    ],
    "SrcLoc": "src/sleep.c:105",
    "Type": "P!PRIGHTINC$P$"
  },
  "175": {
    "FuncName": "main",
    "IRPosInFunc": [
      18
    ],
    "SrcLoc": "src/sleep.c:105",
    "Type": "P!PLEFTDEC$P$"
  },
  "176": {
    "FuncName": "main",
    "IRPosInFunc": [
      22
    ],
    "SrcLoc": "src/sleep.c:106",
    "Type": "STMT!TRAPSTMT"
  },
  "177": {
    "FuncName": "main",
    "IRPosInFunc": [
      22
    ],
    "SrcLoc": "src/sleep.c:106",
    "Type": "STMT!DELSTMT"
  },
  "178": {
    "FuncName": "main",
    "IRPosInFunc": [
      23
    ],
    "SrcLoc": "src/sleep.c:110",
    "Type": "STMT!TRAPSTMT"
  },
  "179": {
    "FuncName": "main",
    "IRPosInFunc": [
      23
    ],
    "SrcLoc": "src/sleep.c:110",
    "Type": "STMT!DELSTMT"
  },
  "180": {
    "FuncName": "main",
    "IRPosInFunc": [
      23
    ],
    "SrcLoc": "src/sleep.c:110",
    "Type": "@!ABS$@$"
  },
  "181": {
    "FuncName": "main",
    "IRPosInFunc": [
      24,
      25,
      26,
      27
    ],
    "SrcLoc": "src/sleep.c:112",
    "Type": "STMT!TRAPSTMT"
  },
  "182": {
    "FuncName": "main",
    "IRPosInFunc": [
      24,
      25,
      26,
      27
    ],
    "SrcLoc": "src/sleep.c:112",
    "Type": "STMT!DELSTMT"
  },
  "183": {
    "FuncName": "main",
    "IRPosInFunc": [
      25
    ],
    "SrcLoc": "src/sleep.c:112",
    "Type": "A!CONSTVAL$0$"
  },
  "184": {
    "FuncName": "main",
    "IRPosInFunc": [
      24
    ],
    "SrcLoc": "src/sleep.c:112",
    "Type": "@!ABS$@$"
  },
  "185": {
    "FuncName": "main",
    "IRPosInFunc": [
      25
    ],
    "SrcLoc": "src/sleep.c:112",
    "Type": "P!PRIGHTDEC$P$"
  },
  "186": {
    "FuncName": "main",
    "IRPosInFunc": [
      25
    ],
    "SrcLoc": "src/sleep.c:112",
    "Type": "P!PLEFTINC$P$"
  },
  "187": {
    "FuncName": "main",
    "IRPosInFunc": [
      25
    ],
    "SrcLoc": "src/sleep.c:112",
    "Type": "P!PRIGHTINC$P$"
  },
  "188": {
    "FuncName": "main",
    "IRPosInFunc": [
      25
    ],
    "SrcLoc": "src/sleep.c:112",
    "Type": "P!PLEFTDEC$P$"
  },
  "189": {
    "FuncName": "main",
    "IRPosInFunc": [
      27
    ],
    "SrcLoc": "src/sleep.c:112",
    "Type": "CALL!SHUFFLEARGS$2$"
  },
  "190": {
    "FuncName": "main",
    "IRPosInFunc": [
      27
    ],
    "SrcLoc": "src/sleep.c:112",
    "Type": "CALL!SHUFFLEARGS$2$"
  },
  "191": {
    "FuncName": "main",
    "IRPosInFunc": [
      27
    ],
    "SrcLoc": "src/sleep.c:112",
    "Type": "CALL!SHUFFLEARGS$2$"
  },
  "192": {
    "FuncName": "main",
    "IRPosInFunc": [
      27
    ],
    "SrcLoc": "src/sleep.c:112",
    "Type": "CALL!SHUFFLEARGS$2$"
  },
  "193": {
    "FuncName": "main",
    "IRPosInFunc": [
      27
    ],
    "SrcLoc": "src/sleep.c:112",
    "Type": "CALL!SHUFFLEARGS$2$"
  },
  "194": {
    "FuncName": "main",
    "IRPosInFunc": [
      27
    ],
    "SrcLoc": "src/sleep.c:112",
    "Type": "CALL!SHUFFLEARGS$2$"
  },
  "195": {
    "FuncName": "main",
    "IRPosInFunc": [
      27
    ],
    "SrcLoc": "src/sleep.c:112",
    "Type": "CALL!SHUFFLEARGS$2$"
  },
  "196": {
    "FuncName": "main",
    "IRPosInFunc": [
      27
    ],
    "SrcLoc": "src/sleep.c:112",
    "Type": "CALL!SHUFFLEARGS$2$"
  },
  "197": {
    "FuncName": "main",
    "IRPosInFunc": [
      27
    ],
    "SrcLoc": "src/sleep.c:112",
    "Type": "CALL!SHUFFLEARGS$2$"
  },
  "198": {
    "FuncName": "main",
    "IRPosInFunc": [
      27
    ],
    "SrcLoc": "src/sleep.c:112",
    "Type": "CALL!SHUFFLEARGS$2$"
  },
  "199": {
    "FuncName": "main",
    "IRPosInFunc": [
      27
    ],
    "SrcLoc": "src/sleep.c:112",
    "Type": "CALL!SHUFFLEARGS$2$"
  },
  "2": {
    "FuncName": "usage",
    "IRPosInFunc": [
      1
    ],
    "SrcLoc": "",
    "Type": "STMT!DELSTMT"
  },
  "200": {
    "FuncName": "main",
    "IRPosInFunc": [
      27
    ],
    "SrcLoc": "src/sleep.c:112",
    "Type": "CALL!SHUFFLEARGS$2$"
  },
  "201": {
    "FuncName": "main",
    "IRPosInFunc": [
      27
    ],
    "SrcLoc": "src/sleep.c:112",
    "Type": "CALL!SHUFFLEARGS$2$"
  },
  "202": {
    "FuncName": "main",
    "IRPosInFunc": [
      27
    ],
    "SrcLoc": "src/sleep.c:112",
    "Type": "CALL!SHUFFLEARGS$2$"
  },
  "203": {
    "FuncName": "main",
    "IRPosInFunc": [
      27
    ],
    "SrcLoc": "src/sleep.c:112",
    "Type": "CALL!SHUFFLEARGS$2$"
  },
  "204": {
    "FuncName": "main",
    "IRPosInFunc": [
      28,
      29,
      30,
      31,
      32
    ],
    "SrcLoc": "src/sleep.c:114",
    "Type": "STMT!TRAPSTMT"
  },
  "205": {
    "FuncName": "main",
    "IRPosInFunc": [
      31
    ],
    "SrcLoc": "src/sleep.c:114",
    "Type": "NEQ$@1$@2$!ABS$@1$"
  },
  "206": {
    "FuncName": "main",
    "IRPosInFunc": [
      31
    ],
    "SrcLoc": "src/sleep.c:114",
    "Type": "NEQ$@1$@2$!BITNOT$@2$"
  },
  "207": {
    "FuncName": "main",
    "IRPosInFunc": [
      31
    ],
    "SrcLoc": "src/sleep.c:114",
    "Type": "NEQ$@1$@2$!BITXOR$@1$@2$"
  },
  "208": {
    "FuncName": "main",
    "IRPosInFunc": [
      31
    ],
    "SrcLoc": "src/sleep.c:114",
    "Type": "NEQ$@1$@2$!LE$@2$@1$"
  },
  "209": {
    "FuncName": "main",
    "IRPosInFunc": [
      31
    ],
    "SrcLoc": "src/sleep.c:114",
    "Type": "NEQ$@1$@2$!BITAND$@1$@2$"
  },
  "210": {
    "FuncName": "main",
    "IRPosInFunc": [
      31
    ],
    "SrcLoc": "src/sleep.c:114",
    "Type": "NEQ$@1$@2$!ADD$@1$@2$"
  },
  "211": {
    "FuncName": "main",
    "IRPosInFunc": [
      31
    ],
    "SrcLoc": "src/sleep.c:114",
    "Type": "NEQ$@1$@2$!DIV$@2$@1$"
  },
  "212": {
    "FuncName": "main",
    "IRPosInFunc": [
      31
    ],
    "SrcLoc": "src/sleep.c:114",
    "Type": "NEQ$@1$@2$!BITSHL$@1$@2$"
  },
  "213": {
    "FuncName": "main",
    "IRPosInFunc": [
      31
    ],
    "SrcLoc": "src/sleep.c:114",
    "Type": "NEQ$@1$@2$!OPERAND$@2$"
  },
  "214": {
    "FuncName": "main",
    "IRPosInFunc": [
      31
    ],
    "SrcLoc": "src/sleep.c:114",
    "Type": "NEQ$@1$@2$!MOD$@2$@1$"
  },
  "215": {
    "FuncName": "main",
    "IRPosInFunc": [
      31
    ],
    "SrcLoc": "src/sleep.c:114",
    "Type": "NEQ$@1$@2$!DIV$@1$@2$"
  },
  "216": {
    "FuncName": "main",
    "IRPosInFunc": [
      31
    ],
    "SrcLoc": "src/sleep.c:114",
    "Type": "NEQ$@1$@2$!SUB$@2$@1$"
  },
  "217": {
    "FuncName": "main",
    "IRPosInFunc": [
      31
    ],
    "SrcLoc": "src/sleep.c:114",
    "Type": "NEQ$@1$@2$!NEG$@1$"
  },
  "218": {
    "FuncName": "main",
    "IRPosInFunc": [
      31
    ],
    "SrcLoc": "src/sleep.c:114",
    "Type": "NEQ$@1$@2$!EQ$@1$@2$"
  },
  "220": {
    "FuncName": "main",
    "IRPosInFunc": [
      31
    ],
    "SrcLoc": "src/sleep.c:114",
    "Type": "NEQ$@1$@2$!GT$@2$@1$"
  },
  "221": {
    "FuncName": "main",
    "IRPosInFunc": [
      31
    ],
    "SrcLoc": "src/sleep.c:114",
    "Type": "NEQ$@1$@2$!GE$@1$@2$"
  },
  "223": {
    "FuncName": "main",
    "IRPosInFunc": [
      31
    ],
    "SrcLoc": "src/sleep.c:114",
    "Type": "NEQ$@1$@2$!GT$@1$@2$"
  },
  "224": {
    "FuncName": "main",
    "IRPosInFunc": [
      31
    ],
    "SrcLoc": "src/sleep.c:114",
    "Type": "NEQ$@1$@2$!SUB$@1$@2$"
  },
  "225": {
    "FuncName": "main",
    "IRPosInFunc": [
      31
    ],
    "SrcLoc": "src/sleep.c:114",
    "Type": "NEQ$@1$@2$!LT$@2$@1$"
  },
  "226": {
    "FuncName": "main",
    "IRPosInFunc": [
      31
    ],
    "SrcLoc": "src/sleep.c:114",
    "Type": "NEQ$@1$@2$!LT$@1$@2$"
  },
  "227": {
    "FuncName": "main",
    "IRPosInFunc": [
      31
    ],
    "SrcLoc": "src/sleep.c:114",
    "Type": "NEQ$@1$@2$!LE$@1$@2$"
  },
  "228": {
    "FuncName": "main",
    "IRPosInFunc": [
      31
    ],
    "SrcLoc": "src/sleep.c:114",
    "Type": "NEQ$@1$@2$!MUL$@1$@2$"
  },
  "229": {
    "FuncName": "main",
    "IRPosInFunc": [
      31
    ],
    "SrcLoc": "src/sleep.c:114",
    "Type": "NEQ$@1$@2$!GE$@2$@1$"
  },
  "230": {
    "FuncName": "main",
    "IRPosInFunc": [
      31
    ],
    "SrcLoc": "src/sleep.c:114",
    "Type": "NEQ$@1$@2$!LE$@2$@1$"
  },
  "231": {
    "FuncName": "main",
    "IRPosInFunc": [
      31
    ],
    "SrcLoc": "src/sleep.c:114",
    "Type": "NEQ$@1$@2$!DIV$@2$@1$"
  },
  "232": {
    "FuncName": "main",
    "IRPosInFunc": [
      31
    ],
    "SrcLoc": "src/sleep.c:114",
    "Type": "NEQ$@1$@2$!MOD$@2$@1$"
  },
  "233": {
    "FuncName": "main",
    "IRPosInFunc": [
      31
    ],
    "SrcLoc": "src/sleep.c:114",
    "Type": "NEQ$@1$@2$!DIV$@1$@2$"
  },
  "234": {
    "FuncName": "main",
    "IRPosInFunc": [
      31
    ],
    "SrcLoc": "src/sleep.c:114",
    "Type": "NEQ$@1$@2$!MOD$@1$@2$"
  },
  "235": {
    "FuncName": "main",
    "IRPosInFunc": [
      31
    ],
    "SrcLoc": "src/sleep.c:114",
    "Type": "NEQ$@1$@2$!GT$@2$@1$"
  },
  "236": {
    "FuncName": "main",
    "IRPosInFunc": [
      31
    ],
    "SrcLoc": "src/sleep.c:114",
    "Type": "NEQ$@1$@2$!GE$@1$@2$"
  },
  "237": {
    "FuncName": "main",
    "IRPosInFunc": [
      31
    ],
    "SrcLoc": "src/sleep.c:114",
    "Type": "NEQ$@1$@2$!LT$@1$@2$"
  },
  "239": {
    "FuncName": "main",
    "IRPosInFunc": [
      29
    ],
    "SrcLoc": "src/sleep.c:114",
    "Type": "A!CONSTVAL$0$"
  },
  "24": {
    "FuncName": "usage",
    "IRPosInFunc": [
      4
    ],
    "SrcLoc": "src/sleep.c:40",
    "Type": "NEQ$V1$@2$!ASSIGN$V1$@2$"
  },
  "240": {
    "FuncName": "main",
    "IRPosInFunc": [
      31
    ],
    "SrcLoc": "src/sleep.c:114",
    "Type": "@!ABS$@$"
  },
  "241": {
    "FuncName": "main",
    "IRPosInFunc": [
      28
    ],
    "SrcLoc": "src/sleep.c:114",
    "Type": "@!ABS$@$"
  },
  "242": {
    "FuncName": "main",
    "IRPosInFunc": [
      30
    ],
    "SrcLoc": "src/sleep.c:114",
    "Type": "@!ABS$@$"
  },
  "243": {
    "FuncName": "main",
    "IRPosInFunc": [
      31
    ],
    "SrcLoc": "src/sleep.c:114",
    "Type": "@!ABS$@$"
  },
  "244": {
    "FuncName": "main",
    "IRPosInFunc": [
      31
    ],
    "SrcLoc": "src/sleep.c:114",
    "Type": "C!ADD$C$-1$"
  },
  "245": {
    "FuncName": "main",
    "IRPosInFunc": [
      29
    ],
    "SrcLoc": "src/sleep.c:114",
    "Type": "P!PRIGHTDEC$P$"
  },
  "246": {
    "FuncName": "main",
    "IRPosInFunc": [
      29
    ],
    "SrcLoc": "src/sleep.c:114",
    "Type": "P!PLEFTINC$P$"
  },
  "247": {
    "FuncName": "main",
    "IRPosInFunc": [
      29
    ],
    "SrcLoc": "src/sleep.c:114",
    "Type": "P!PRIGHTINC$P$"
  },
  "248": {
    "FuncName": "main",
    "IRPosInFunc": [
      29
    ],
    "SrcLoc": "src/sleep.c:114",
    "Type": "P!PLEFTDEC$P$"
  },
  "249": {
    "FuncName": "main",
    "IRPosInFunc": [
      33
    ],
    "SrcLoc": "src/sleep.c:115",
    "Type": "STMT!TRAPSTMT"
  },
  "25": {
    "FuncName": "usage",
    "IRPosInFunc": [
      4
    ],
    "SrcLoc": "src/sleep.c:40",
    "Type": "NEQ$@1$@2$!ABS$@1$"
  },
  "250": {
    "FuncName": "main",
    "IRPosInFunc": [
      33
    ],
    "SrcLoc": "src/sleep.c:115",
    "Type": "STMT!DELSTMT"
  },
  "251": {
    "FuncName": "main",
    "IRPosInFunc": [
      35,
      36,
      37
    ],
    "SrcLoc": "src/sleep.c:117",
    "Type": "STMT!TRAPSTMT"
  },
  "252": {
    "FuncName": "main",
    "IRPosInFunc": [
      35
    ],
    "SrcLoc": "src/sleep.c:117",
    "Type": "@!ABS$@$"
  },
  "253": {
    "FuncName": "main",
    "IRPosInFunc": [
      36
    ],
    "SrcLoc": "src/sleep.c:117",
    "Type": "@!ABS$@$"
  },
  "254": {
    "FuncName": "main",
    "IRPosInFunc": [
      36
    ],
    "SrcLoc": "src/sleep.c:117",
    "Type": "C!CONSTVAL$0$"
  },
  "255": {
    "FuncName": "main",
    "IRPosInFunc": [
      36
    ],
    "SrcLoc": "src/sleep.c:117",
    "Type": "C!ADD$C$1$"
  },
  "257": {
    "FuncName": "main",
    "IRPosInFunc": [
      36
    ],
    "SrcLoc": "src/sleep.c:117",
    "Type": "EQ$@1$@2$!BITNOT$@1$"
  },
  "258": {
    "FuncName": "main",
    "IRPosInFunc": [
      36
    ],
    "SrcLoc": "src/sleep.c:117",
    "Type": "EQ$@1$@2$!MUL$@1$@2$"
  },
  "259": {
    "FuncName": "main",
    "IRPosInFunc": [
      36
    ],
    "SrcLoc": "src/sleep.c:117",
    "Type": "EQ$@1$@2$!BITAND$@1$@2$"
  },
  "26": {
    "FuncName": "usage",
    "IRPosInFunc": [
      4
    ],
    "SrcLoc": "src/sleep.c:40",
    "Type": "NEQ$@1$@2$!BITNOT$@2$"
  },
  "260": {
    "FuncName": "main",
    "IRPosInFunc": [
      36
    ],
    "SrcLoc": "src/sleep.c:117",
    "Type": "EQ$@1$@2$!CONSTVAL$1$"
  },
  "261": {
    "FuncName": "main",
    "IRPosInFunc": [
      36
    ],
    "SrcLoc": "src/sleep.c:117",
    "Type": "EQ$@1$@2$!MOD$@2$@1$"
  },
  "262": {
    "FuncName": "main",
    "IRPosInFunc": [
      36
    ],
    "SrcLoc": "src/sleep.c:117",
    "Type": "EQ$@1$@2$!BITSHL$@1$@2$"
  },
  "263": {
    "FuncName": "main",
    "IRPosInFunc": [
      36
    ],
    "SrcLoc": "src/sleep.c:117",
    "Type": "EQ$@1$@2$!GT$@2$@1$"
  },
  "264": {
    "FuncName": "main",
    "IRPosInFunc": [
      36
    ],
    "SrcLoc": "src/sleep.c:117",
    "Type": "EQ$@1$@2$!BITSHR$@2$@1$"
  },
  "265": {
    "FuncName": "main",
    "IRPosInFunc": [
      36
    ],
    "SrcLoc": "src/sleep.c:117",
    "Type": "EQ$@1$@2$!NEQ$@1$@2$"
  },
  "266": {
    "FuncName": "main",
    "IRPosInFunc": [
      36
    ],
    "SrcLoc": "src/sleep.c:117",
    "Type": "EQ$@1$@2$!LE$@1$@2$"
  },
  "267": {
    "FuncName": "main",
    "IRPosInFunc": [
      36
    ],
    "SrcLoc": "src/sleep.c:117",
    "Type": "EQ$@1$@2$!MOD$@1$@2$"
  },
  "268": {
    "FuncName": "main",
    "IRPosInFunc": [
      36
    ],
    "SrcLoc": "src/sleep.c:117",
    "Type": "EQ$@1$@2$!DIV$@2$@1$"
  },
  "269": {
    "FuncName": "main",
    "IRPosInFunc": [
      36
    ],
    "SrcLoc": "src/sleep.c:117",
    "Type": "EQ$@1$@2$!ADD$@1$@2$"
  },
  "27": {
    "FuncName": "usage",
    "IRPosInFunc": [
      4
    ],
    "SrcLoc": "src/sleep.c:40",
    "Type": "NEQ$@1$@2$!CONSTVAL$0$"
  },
  "270": {
    "FuncName": "main",
    "IRPosInFunc": [
      36
    ],
    "SrcLoc": "src/sleep.c:117",
    "Type": "EQ$@1$@2$!SUB$@1$@2$"
  },
  "271": {
    "FuncName": "main",
    "IRPosInFunc": [
      36
    ],
    "SrcLoc": "src/sleep.c:117",
    "Type": "EQ$@1$@2$!GT$@1$@2$"
  },
  "272": {
    "FuncName": "main",
    "IRPosInFunc": [
      36
    ],
    "SrcLoc": "src/sleep.c:117",
    "Type": "EQ$@1$@2$!LE$@2$@1$"
  },
  "273": {
    "FuncName": "main",
    "IRPosInFunc": [
      36
    ],
    "SrcLoc": "src/sleep.c:117",
    "Type": "EQ$@1$@2$!GE$@2$@1$"
  },
  "274": {
    "FuncName": "main",
    "IRPosInFunc": [
      36
    ],
    "SrcLoc": "src/sleep.c:117",
    "Type": "EQ$@1$@2$!BITXOR$@1$@2$"
  },
  "275": {
    "FuncName": "main",
    "IRPosInFunc": [
      36
    ],
    "SrcLoc": "src/sleep.c:117",
    "Type": "EQ$@1$@2$!NEG$@1$"
  },
  "276": {
    "FuncName": "main",
    "IRPosInFunc": [
      36
    ],
    "SrcLoc": "src/sleep.c:117",
    "Type": "EQ$@1$@2$!ABS$@1$"
  },
  "278": {
    "FuncName": "main",
    "IRPosInFunc": [
      36
    ],
    "SrcLoc": "src/sleep.c:117",
    "Type": "EQ$@1$@2$!SUB$@2$@1$"
  },
  "28": {
    "FuncName": "usage",
    "IRPosInFunc": [
      4
    ],
    "SrcLoc": "src/sleep.c:40",
    "Type": "NEQ$@1$@2$!LE$@2$@1$"
  },
  "280": {
    "FuncName": "main",
    "IRPosInFunc": [
      36
    ],
    "SrcLoc": "src/sleep.c:117",
    "Type": "EQ$@1$@2$!LT$@1$@2$"
  },
  "281": {
    "FuncName": "main",
    "IRPosInFunc": [
      36
    ],
    "SrcLoc": "src/sleep.c:117",
    "Type": "EQ$@1$@2$!LT$@2$@1$"
  },
  "282": {
    "FuncName": "main",
    "IRPosInFunc": [
      36
    ],
    "SrcLoc": "src/sleep.c:117",
    "Type": "EQ$@1$@2$!BITSHR$@1$@2$"
  },
  "283": {
    "FuncName": "main",
    "IRPosInFunc": [
      36
    ],
    "SrcLoc": "src/sleep.c:117",
    "Type": "EQ$@1$@2$!GE$@1$@2$"
  },
  "284": {
    "FuncName": "main",
    "IRPosInFunc": [
      36
    ],
    "SrcLoc": "src/sleep.c:117",
    "Type": "EQ$@1$@2$!MOD$@2$@1$"
  },
  "285": {
    "FuncName": "main",
    "IRPosInFunc": [
      36
    ],
    "SrcLoc": "src/sleep.c:117",
    "Type": "EQ$@1$@2$!GT$@2$@1$"
  },
  "286": {
    "FuncName": "main",
    "IRPosInFunc": [
      36
    ],
    "SrcLoc": "src/sleep.c:117",
    "Type": "EQ$@1$@2$!BITSHR$@2$@1$"
  },
  "287": {
    "FuncName": "main",
    "IRPosInFunc": [
      36
    ],
    "SrcLoc": "src/sleep.c:117",
    "Type": "EQ$@1$@2$!LE$@1$@2$"
  },
  "288": {
    "FuncName": "main",
    "IRPosInFunc": [
      36
    ],
    "SrcLoc": "src/sleep.c:117",
    "Type": "EQ$@1$@2$!DIV$@2$@1$"
  },
  "289": {
    "FuncName": "main",
    "IRPosInFunc": [
      36
    ],
    "SrcLoc": "src/sleep.c:117",
    "Type": "EQ$@1$@2$!GT$@1$@2$"
  },
  "29": {
    "FuncName": "usage",
    "IRPosInFunc": [
      4
    ],
    "SrcLoc": "src/sleep.c:40",
    "Type": "NEQ$@1$@2$!BITNOT$@1$"
  },
  "290": {
    "FuncName": "main",
    "IRPosInFunc": [
      36
    ],
    "SrcLoc": "src/sleep.c:117",
    "Type": "EQ$@1$@2$!LE$@2$@1$"
  },
  "291": {
    "FuncName": "main",
    "IRPosInFunc": [
      36
    ],
    "SrcLoc": "src/sleep.c:117",
    "Type": "EQ$@1$@2$!GE$@2$@1$"
  },
  "292": {
    "FuncName": "main",
    "IRPosInFunc": [
      36
    ],
    "SrcLoc": "src/sleep.c:117",
    "Type": "EQ$@1$@2$!LT$@1$@2$"
  },
  "293": {
    "FuncName": "main",
    "IRPosInFunc": [
      36
    ],
    "SrcLoc": "src/sleep.c:117",
    "Type": "EQ$@1$@2$!LT$@2$@1$"
  },
  "294": {
    "FuncName": "main",
    "IRPosInFunc": [
      36
    ],
    "SrcLoc": "src/sleep.c:117",
    "Type": "EQ$@1$@2$!BITSHR$@1$@2$"
  },
  "295": {
    "FuncName": "main",
    "IRPosInFunc": [
      36
    ],
    "SrcLoc": "src/sleep.c:117",
    "Type": "EQ$@1$@2$!GE$@1$@2$"
  },
  "296": {
    "FuncName": "main",
    "IRPosInFunc": [
      36
    ],
    "SrcLoc": "src/sleep.c:117",
    "Type": "EQ$V1$@2$!ASSIGN$V1$@2$"
  },
  "297": {
    "FuncName": "main",
    "IRPosInFunc": [
      38
    ],
    "SrcLoc": "src/sleep.c:119",
    "Type": "STMT!TRAPSTMT"
  },
  "298": {
    "FuncName": "main",
    "IRPosInFunc": [
      38
    ],
    "SrcLoc": "src/sleep.c:119",
    "Type": "STMT!DELSTMT"
  },
  "299": {
    "FuncName": "main",
    "IRPosInFunc": [
      39
    ],
    "SrcLoc": "src/sleep.c:120",
    "Type": "STMT!TRAPSTMT"
  },
  "30": {
    "FuncName": "usage",
    "IRPosInFunc": [
      4
    ],
    "SrcLoc": "src/sleep.c:40",
    "Type": "NEQ$@1$@2$!DIV$@1$@2$"
  },
  "300": {
    "FuncName": "main",
    "IRPosInFunc": [
      39
    ],
    "SrcLoc": "src/sleep.c:120",
    "Type": "STMT!DELSTMT"
  },
  "301": {
    "FuncName": "main",
    "IRPosInFunc": [
      41,
      42
    ],
    "SrcLoc": "src/sleep.c:123",
    "Type": "STMT!TRAPSTMT"
  },
  "304": {
    "FuncName": "main",
    "IRPosInFunc": [
      42
    ],
    "SrcLoc": "src/sleep.c:123",
    "Type": "ASSIGN$V1$@2$!OPERAND$V1$"
  },
  "31": {
    "FuncName": "usage",
    "IRPosInFunc": [
      4
    ],
    "SrcLoc": "src/sleep.c:40",
    "Type": "NEQ$@1$@2$!SUB$@2$@1$"
  },
  "310": {
    "FuncName": "main",
    "IRPosInFunc": [
      42
    ],
    "SrcLoc": "src/sleep.c:123",
    "Type": "ASSIGN$V1$@2$!NEQ$V1$@2$"
  },
  "32": {
    "FuncName": "usage",
    "IRPosInFunc": [
      4
    ],
    "SrcLoc": "src/sleep.c:40",
    "Type": "NEQ$@1$@2$!EQ$@1$@2$"
  },
  "327": {
    "FuncName": "main",
    "IRPosInFunc": [
      41
    ],
    "SrcLoc": "src/sleep.c:123",
    "Type": "@!ABS$@$"
  },
  "328": {
    "FuncName": "main",
    "IRPosInFunc": [
      43
    ],
    "SrcLoc": "src/sleep.c:123",
    "Type": "STMT!TRAPSTMT"
  },
  "329": {
    "FuncName": "main",
    "IRPosInFunc": [
      44
    ],
    "SrcLoc": "src/sleep.c:123",
    "Type": "@!ABS$@$"
  },
  "33": {
    "FuncName": "usage",
    "IRPosInFunc": [
      4
    ],
    "SrcLoc": "src/sleep.c:40",
    "Type": "NEQ$@1$@2$!MOD$@1$@2$"
  },
  "330": {
    "FuncName": "main",
    "IRPosInFunc": [
      45
    ],
    "SrcLoc": "src/sleep.c:123",
    "Type": "@!ABS$@$"
  },
  "331": {
    "FuncName": "main",
    "IRPosInFunc": [
      46
    ],
    "SrcLoc": "src/sleep.c:123",
    "Type": "@!ABS$@$"
  },
  "332": {
    "FuncName": "main",
    "IRPosInFunc": [
      46
    ],
    "SrcLoc": "src/sleep.c:123",
    "Type": "LT$@1$V2$!ASSIGN$V2$@1$"
  },
  "333": {
    "FuncName": "main",
    "IRPosInFunc": [
      46
    ],
    "SrcLoc": "src/sleep.c:123",
    "Type": "LT$V1$@2$!ASSIGN$V1$@2$"
  },
  "334": {
    "FuncName": "main",
    "IRPosInFunc": [
      46
    ],
    "SrcLoc": "src/sleep.c:123",
    "Type": "LT$@1$@2$!MOD$@2$@1$"
  },
  "335": {
    "FuncName": "main",
    "IRPosInFunc": [
      46
    ],
    "SrcLoc": "src/sleep.c:123",
    "Type": "LT$@1$@2$!NEG$@2$"
  },
  "336": {
    "FuncName": "main",
    "IRPosInFunc": [
      46
    ],
    "SrcLoc": "src/sleep.c:123",
    "Type": "LT$@1$@2$!BITXOR$@1$@2$"
  },
  "337": {
    "FuncName": "main",
    "IRPosInFunc": [
      46
    ],
    "SrcLoc": "src/sleep.c:123",
    "Type": "LT$@1$@2$!DIV$@2$@1$"
  },
  "338": {
    "FuncName": "main",
    "IRPosInFunc": [
      46
    ],
    "SrcLoc": "src/sleep.c:123",
    "Type": "LT$@1$@2$!BITSHR$@1$@2$"
  },
  "339": {
    "FuncName": "main",
    "IRPosInFunc": [
      46
    ],
    "SrcLoc": "src/sleep.c:123",
    "Type": "LT$@1$@2$!BITOR$@1$@2$"
  },
  "34": {
    "FuncName": "usage",
    "IRPosInFunc": [
      4
    ],
    "SrcLoc": "src/sleep.c:40",
    "Type": "NEQ$@1$@2$!GT$@2$@1$"
  },
  "340": {
    "FuncName": "main",
    "IRPosInFunc": [
      46
    ],
    "SrcLoc": "src/sleep.c:123",
    "Type": "LT$@1$@2$!SUB$@2$@1$"
  },
  "341": {
    "FuncName": "main",
    "IRPosInFunc": [
      46
    ],
    "SrcLoc": "src/sleep.c:123",
    "Type": "LT$@1$@2$!NEG$@1$"
  },
  "342": {
    "FuncName": "main",
    "IRPosInFunc": [
      46
    ],
    "SrcLoc": "src/sleep.c:123",
    "Type": "LT$@1$@2$!NEQ$@1$@2$"
  },
  "343": {
    "FuncName": "main",
    "IRPosInFunc": [
      46
    ],
    "SrcLoc": "src/sleep.c:123",
    "Type": "LT$@1$@2$!BITNOT$@2$"
  },
  "344": {
    "FuncName": "main",
    "IRPosInFunc": [
      46
    ],
    "SrcLoc": "src/sleep.c:123",
    "Type": "LT$@1$@2$!BITSHL$@2$@1$"
  },
  "345": {
    "FuncName": "main",
    "IRPosInFunc": [
      46
    ],
    "SrcLoc": "src/sleep.c:123",
    "Type": "LT$@1$@2$!BITSHL$@1$@2$"
  },
  "346": {
    "FuncName": "main",
    "IRPosInFunc": [
      46
    ],
    "SrcLoc": "src/sleep.c:123",
    "Type": "LT$@1$@2$!CONSTVAL$1$"
  },
  "347": {
    "FuncName": "main",
    "IRPosInFunc": [
      46
    ],
    "SrcLoc": "src/sleep.c:123",
    "Type": "LT$@1$@2$!EQ$@1$@2$"
  },
  "348": {
    "FuncName": "main",
    "IRPosInFunc": [
      46
    ],
    "SrcLoc": "src/sleep.c:123",
    "Type": "LT$@1$@2$!ADD$@1$@2$"
  },
  "349": {
    "FuncName": "main",
    "IRPosInFunc": [
      46
    ],
    "SrcLoc": "src/sleep.c:123",
    "Type": "LT$@1$@2$!OPERAND$@1$"
  },
  "35": {
    "FuncName": "usage",
    "IRPosInFunc": [
      4
    ],
    "SrcLoc": "src/sleep.c:40",
    "Type": "NEQ$@1$@2$!GE$@1$@2$"
  },
  "350": {
    "FuncName": "main",
    "IRPosInFunc": [
      46
    ],
    "SrcLoc": "src/sleep.c:123",
    "Type": "LT$@1$@2$!MUL$@1$@2$"
  },
  "351": {
    "FuncName": "main",
    "IRPosInFunc": [
      46
    ],
    "SrcLoc": "src/sleep.c:123",
    "Type": "LT$@1$@2$!BITAND$@1$@2$"
  },
  "352": {
    "FuncName": "main",
    "IRPosInFunc": [
      46
    ],
    "SrcLoc": "src/sleep.c:123",
    "Type": "LT$@1$@2$!ABS$@1$"
  },
  "353": {
    "FuncName": "main",
    "IRPosInFunc": [
      46
    ],
    "SrcLoc": "src/sleep.c:123",
    "Type": "LT$@1$@2$!ABS$@2$"
  },
  "354": {
    "FuncName": "main",
    "IRPosInFunc": [
      46
    ],
    "SrcLoc": "src/sleep.c:123",
    "Type": "LT$@1$@2$!OPERAND$@2$"
  },
  "355": {
    "FuncName": "main",
    "IRPosInFunc": [
      46
    ],
    "SrcLoc": "src/sleep.c:123",
    "Type": "LT$@1$@2$!MOD$@1$@2$"
  },
  "356": {
    "FuncName": "main",
    "IRPosInFunc": [
      46
    ],
    "SrcLoc": "src/sleep.c:123",
    "Type": "LT$@1$@2$!LE$@2$@1$"
  },
  "357": {
    "FuncName": "main",
    "IRPosInFunc": [
      46
    ],
    "SrcLoc": "src/sleep.c:123",
    "Type": "LT$@1$@2$!GE$@2$@1$"
  },
  "358": {
    "FuncName": "main",
    "IRPosInFunc": [
      46
    ],
    "SrcLoc": "src/sleep.c:123",
    "Type": "LT$@1$@2$!CONSTVAL$0$"
  },
  "359": {
    "FuncName": "main",
    "IRPosInFunc": [
      46
    ],
    "SrcLoc": "src/sleep.c:123",
    "Type": "LT$@1$@2$!SUB$@1$@2$"
  },
  "36": {
    "FuncName": "usage",
    "IRPosInFunc": [
      4
    ],
    "SrcLoc": "src/sleep.c:40",
    "Type": "NEQ$@1$@2$!GT$@1$@2$"
  },
  "360": {
    "FuncName": "main",
    "IRPosInFunc": [
      46
    ],
    "SrcLoc": "src/sleep.c:123",
    "Type": "LT$@1$@2$!LE$@1$@2$"
  },
  "361": {
    "FuncName": "main",
    "IRPosInFunc": [
      46
    ],
    "SrcLoc": "src/sleep.c:123",
    "Type": "LT$@1$@2$!DIV$@1$@2$"
  },
  "362": {
    "FuncName": "main",
    "IRPosInFunc": [
      46
    ],
    "SrcLoc": "src/sleep.c:123",
    "Type": "LT$@1$@2$!GE$@1$@2$"
  },
  "363": {
    "FuncName": "main",
    "IRPosInFunc": [
      46
    ],
    "SrcLoc": "src/sleep.c:123",
    "Type": "LT$@1$@2$!BITSHR$@2$@1$"
  },
  "364": {
    "FuncName": "main",
    "IRPosInFunc": [
      46
    ],
    "SrcLoc": "src/sleep.c:123",
    "Type": "LT$@1$@2$!GT$@2$@1$"
  },
  "365": {
    "FuncName": "main",
    "IRPosInFunc": [
      46
    ],
    "SrcLoc": "src/sleep.c:123",
    "Type": "LT$@1$@2$!BITNOT$@1$"
  },
  "366": {
    "FuncName": "main",
    "IRPosInFunc": [
      46
    ],
    "SrcLoc": "src/sleep.c:123",
    "Type": "LT$@1$@2$!GT$@1$@2$"
  },
  "367": {
    "FuncName": "main",
    "IRPosInFunc": [
      50,
      51,
      52,
      53,
      54,
      55,
      56
    ],
    "SrcLoc": "src/sleep.c:127",
    "Type": "STMT!TRAPSTMT"
  },
  "368": {
    "FuncName": "main",
    "IRPosInFunc": [
      53,
      54
    ],
    "SrcLoc": "src/sleep.c:127",
    "Type": "PADD_DEREF$P1$@2$!PDEREF_LEFTINC$P1$"
  },
  "369": {
    "FuncName": "main",
    "IRPosInFunc": [
      53,
      54
    ],
    "SrcLoc": "src/sleep.c:127",
    "Type": "PADD_DEREF$P1$@2$!PDEREF_RIGHTDEC$P1$"
  },
  "37": {
    "FuncName": "usage",
    "IRPosInFunc": [
      4
    ],
    "SrcLoc": "src/sleep.c:40",
    "Type": "NEQ$@1$@2$!LT$@2$@1$"
  },
  "370": {
    "FuncName": "main",
    "IRPosInFunc": [
      53,
      54
    ],
    "SrcLoc": "src/sleep.c:127",
    "Type": "PADD_DEREF$P1$@2$!PDEREF_LEFTDEC$P1$"
  },
  "371": {
    "FuncName": "main",
    "IRPosInFunc": [
      53,
      54
    ],
    "SrcLoc": "src/sleep.c:127",
    "Type": "PADD_DEREF$P1$@2$!PDEREF_RIGHTINC$P1$"
  },
  "372": {
    "FuncName": "main",
    "IRPosInFunc": [
      53,
      54
    ],
    "SrcLoc": "src/sleep.c:127",
    "Type": "PADD_DEREF$A1$@2$!PDEREF_ADD$A1$@2$"
  },
  "373": {
    "FuncName": "main",
    "IRPosInFunc": [
      53,
      54
    ],
    "SrcLoc": "src/sleep.c:127",
    "Type": "PADD_DEREF$A1$@2$!PDEREF_SUB$A1$@2$"
  },
  "374": {
    "FuncName": "main",
    "IRPosInFunc": [
      52
    ],
    "SrcLoc": "src/sleep.c:127",
    "Type": "A!CONSTVAL$0$"
  },
  "375": {
    "FuncName": "main",
    "IRPosInFunc": [
      53
    ],
    "SrcLoc": "src/sleep.c:127",
    "Type": "A!CONSTVAL$0$"
  },
  "376": {
    "FuncName": "main",
    "IRPosInFunc": [
      50
    ],
    "SrcLoc": "src/sleep.c:127",
    "Type": "@!ABS$@$"
  },
  "377": {
    "FuncName": "main",
    "IRPosInFunc": [
      51
    ],
    "SrcLoc": "src/sleep.c:127",
    "Type": "@!ABS$@$"
  },
  "379": {
    "FuncName": "main",
    "IRPosInFunc": [
      53
    ],
    "SrcLoc": "src/sleep.c:127",
    "Type": "PADD$A1$@2$!OPERAND$@2$"
  },
  "38": {
    "FuncName": "usage",
    "IRPosInFunc": [
      4
    ],
    "SrcLoc": "src/sleep.c:40",
    "Type": "NEQ$@1$@2$!LT$@1$@2$"
  },
  "380": {
    "FuncName": "main",
    "IRPosInFunc": [
      53
    ],
    "SrcLoc": "src/sleep.c:127",
    "Type": "PADD$A1$@2$!PSUB$A1$@2$"
  },
  "381": {
    "FuncName": "main",
    "IRPosInFunc": [
      53
    ],
    "SrcLoc": "src/sleep.c:127",
    "Type": "PADD$A1$@2$!OPERAND$A1$"
  },
  "382": {
    "FuncName": "main",
    "IRPosInFunc": [
      53
    ],
    "SrcLoc": "src/sleep.c:127",
    "Type": "PADD$P1$@2$!PLEFTINC$P1$"
  },
  "383": {
    "FuncName": "main",
    "IRPosInFunc": [
      53
    ],
    "SrcLoc": "src/sleep.c:127",
    "Type": "PADD$P1$@2$!PRIGHTDEC$P1$"
  },
  "384": {
    "FuncName": "main",
    "IRPosInFunc": [
      53
    ],
    "SrcLoc": "src/sleep.c:127",
    "Type": "PADD$P1$@2$!PRIGHTINC$P1$"
  },
  "385": {
    "FuncName": "main",
    "IRPosInFunc": [
      53
    ],
    "SrcLoc": "src/sleep.c:127",
    "Type": "PADD$P1$@2$!PLEFTDEC$P1$"
  },
  "386": {
    "FuncName": "main",
    "IRPosInFunc": [
      52
    ],
    "SrcLoc": "src/sleep.c:127",
    "Type": "P!PRIGHTDEC$P$"
  },
  "387": {
    "FuncName": "main",
    "IRPosInFunc": [
      52
    ],
    "SrcLoc": "src/sleep.c:127",
    "Type": "P!PLEFTINC$P$"
  },
  "388": {
    "FuncName": "main",
    "IRPosInFunc": [
      52
    ],
    "SrcLoc": "src/sleep.c:127",
    "Type": "P!PRIGHTINC$P$"
  },
  "389": {
    "FuncName": "main",
    "IRPosInFunc": [
      52
    ],
    "SrcLoc": "src/sleep.c:127",
    "Type": "P!PLEFTDEC$P$"
  },
  "39": {
    "FuncName": "usage",
    "IRPosInFunc": [
      4
    ],
    "SrcLoc": "src/sleep.c:40",
    "Type": "NEQ$@1$@2$!LE$@1$@2$"
  },
  "390": {
    "FuncName": "main",
    "IRPosInFunc": [
      56
    ],
    "SrcLoc": "src/sleep.c:127",
    "Type": "AND$@1$@2$!CONSTVAL$0$"
  },
  "391": {
    "FuncName": "main",
    "IRPosInFunc": [
      56
    ],
    "SrcLoc": "src/sleep.c:127",
    "Type": "AND$@1$@2$!CONSTVAL$1$"
  },
  "392": {
    "FuncName": "main",
    "IRPosInFunc": [
      56
    ],
    "SrcLoc": "src/sleep.c:127",
    "Type": "AND$@1$@2$!OPERAND$@1$"
  },
  "393": {
    "FuncName": "main",
    "IRPosInFunc": [
      56
    ],
    "SrcLoc": "src/sleep.c:127",
    "Type": "AND$@1$@2$!OPERAND$@2$"
  },
  "394": {
    "FuncName": "main",
    "IRPosInFunc": [
      56
    ],
    "SrcLoc": "src/sleep.c:127",
    "Type": "AND$@1$@2$!OR$@1$@2$"
  },
  "395": {
    "FuncName": "main",
    "IRPosInFunc": [
      57,
      58,
      59
    ],
    "SrcLoc": "src/sleep.c:127",
    "Type": "STMT!TRAPSTMT"
  },
  "396": {
    "FuncName": "main",
    "IRPosInFunc": [
      57
    ],
    "SrcLoc": "src/sleep.c:127",
    "Type": "@!ABS$@$"
  },
  "397": {
    "FuncName": "main",
    "IRPosInFunc": [
      58
    ],
    "SrcLoc": "src/sleep.c:127",
    "Type": "@!ABS$@$"
  },
  "398": {
    "FuncName": "main",
    "IRPosInFunc": [
      58
    ],
    "SrcLoc": "src/sleep.c:127",
    "Type": "C!ADD$C$-1$"
  },
  "399": {
    "FuncName": "main",
    "IRPosInFunc": [
      58
    ],
    "SrcLoc": "src/sleep.c:127",
    "Type": "C!ADD$C$1$"
  },
  "40": {
    "FuncName": "usage",
    "IRPosInFunc": [
      4
    ],
    "SrcLoc": "src/sleep.c:40",
    "Type": "NEQ$@1$@2$!GE$@2$@1$"
  },
  "400": {
    "FuncName": "main",
    "IRPosInFunc": [
      58
    ],
    "SrcLoc": "src/sleep.c:127",
    "Type": "LE$@1$V2$!ASSIGN$V2$@1$"
  },
  "401": {
    "FuncName": "main",
    "IRPosInFunc": [
      58
    ],
    "SrcLoc": "src/sleep.c:127",
    "Type": "LE$@1$@2$!CONSTVAL$1$"
  },
  "402": {
    "FuncName": "main",
    "IRPosInFunc": [
      58
    ],
    "SrcLoc": "src/sleep.c:127",
    "Type": "LE$@1$@2$!ADD$@1$@2$"
  },
  "403": {
    "FuncName": "main",
    "IRPosInFunc": [
      58
    ],
    "SrcLoc": "src/sleep.c:127",
    "Type": "LE$@1$@2$!NEQ$@1$@2$"
  },
  "404": {
    "FuncName": "main",
    "IRPosInFunc": [
      58
    ],
    "SrcLoc": "src/sleep.c:127",
    "Type": "LE$@1$@2$!MOD$@2$@1$"
  },
  "405": {
    "FuncName": "main",
    "IRPosInFunc": [
      58
    ],
    "SrcLoc": "src/sleep.c:127",
    "Type": "LE$@1$@2$!MUL$@1$@2$"
  },
  "406": {
    "FuncName": "main",
    "IRPosInFunc": [
      58
    ],
    "SrcLoc": "src/sleep.c:127",
    "Type": "LE$@1$@2$!EQ$@1$@2$"
  },
  "407": {
    "FuncName": "main",
    "IRPosInFunc": [
      58
    ],
    "SrcLoc": "src/sleep.c:127",
    "Type": "LE$@1$@2$!DIV$@2$@1$"
  },
  "408": {
    "FuncName": "main",
    "IRPosInFunc": [
      58
    ],
    "SrcLoc": "src/sleep.c:127",
    "Type": "LE$@1$@2$!SUB$@1$@2$"
  },
  "41": {
    "FuncName": "usage",
    "IRPosInFunc": [
      4
    ],
    "SrcLoc": "src/sleep.c:40",
    "Type": "NEQ$@1$@2$!DIV$@1$@2$"
  },
  "410": {
    "FuncName": "main",
    "IRPosInFunc": [
      58
    ],
    "SrcLoc": "src/sleep.c:127",
    "Type": "LE$@1$@2$!DIV$@1$@2$"
  },
  "411": {
    "FuncName": "main",
    "IRPosInFunc": [
      58
    ],
    "SrcLoc": "src/sleep.c:127",
    "Type": "LE$@1$@2$!LT$@1$@2$"
  },
  "412": {
    "FuncName": "main",
    "IRPosInFunc": [
      58
    ],
    "SrcLoc": "src/sleep.c:127",
    "Type": "LE$@1$@2$!GE$@1$@2$"
  },
  "413": {
    "FuncName": "main",
    "IRPosInFunc": [
      58
    ],
    "SrcLoc": "src/sleep.c:127",
    "Type": "LE$@1$@2$!ABS$@2$"
  },
  "415": {
    "FuncName": "main",
    "IRPosInFunc": [
      58
    ],
    "SrcLoc": "src/sleep.c:127",
    "Type": "LE$@1$@2$!LT$@2$@1$"
  },
  "416": {
    "FuncName": "main",
    "IRPosInFunc": [
      58
    ],
    "SrcLoc": "src/sleep.c:127",
    "Type": "LE$@1$@2$!OPERAND$@2$"
  },
  "418": {
    "FuncName": "main",
    "IRPosInFunc": [
      58
    ],
    "SrcLoc": "src/sleep.c:127",
    "Type": "LE$@1$@2$!SUB$@2$@1$"
  },
  "419": {
    "FuncName": "main",
    "IRPosInFunc": [
      58
    ],
    "SrcLoc": "src/sleep.c:127",
    "Type": "LE$@1$@2$!MOD$@1$@2$"
  },
  "42": {
    "FuncName": "usage",
    "IRPosInFunc": [
      4
    ],
    "SrcLoc": "src/sleep.c:40",
    "Type": "NEQ$@1$@2$!GT$@1$@2$"
  },
  "420": {
    "FuncName": "main",
    "IRPosInFunc": [
      60,
      61,
      62,
      63,
      64
    ],
    "SrcLoc": "src/sleep.c:127",
    "Type": "STMT!TRAPSTMT"
  },
  "421": {
    "FuncName": "main",
    "IRPosInFunc": [
      63
    ],
    "SrcLoc": "src/sleep.c:127",
    "Type": "NEQ$V1$@2$!ASSIGN$V1$@2$"
  },
  "422": {
    "FuncName": "main",
    "IRPosInFunc": [
      63
    ],
    "SrcLoc": "src/sleep.c:127",
    "Type": "NEQ$@1$@2$!ABS$@1$"
  },
  "424": {
    "FuncName": "main",
    "IRPosInFunc": [
      63
    ],
    "SrcLoc": "src/sleep.c:127",
    "Type": "NEQ$@1$@2$!CONSTVAL$0$"
  },
  "425": {
    "FuncName": "main",
    "IRPosInFunc": [
      63
    ],
    "SrcLoc": "src/sleep.c:127",
    "Type": "NEQ$@1$@2$!LE$@2$@1$"
  },
  "427": {
    "FuncName": "main",
    "IRPosInFunc": [
      63
    ],
    "SrcLoc": "src/sleep.c:127",
    "Type": "NEQ$@1$@2$!BITNOT$@1$"
  },
  "428": {
    "FuncName": "main",
    "IRPosInFunc": [
      63
    ],
    "SrcLoc": "src/sleep.c:127",
    "Type": "NEQ$@1$@2$!DIV$@1$@2$"
  },
  "429": {
    "FuncName": "main",
    "IRPosInFunc": [
      63
    ],
    "SrcLoc": "src/sleep.c:127",
    "Type": "NEQ$@1$@2$!SUB$@2$@1$"
  },
  "43": {
    "FuncName": "usage",
    "IRPosInFunc": [
      4
    ],
    "SrcLoc": "src/sleep.c:40",
    "Type": "NEQ$@1$@2$!LT$@2$@1$"
  },
  "430": {
    "FuncName": "main",
    "IRPosInFunc": [
      63
    ],
    "SrcLoc": "src/sleep.c:127",
    "Type": "NEQ$@1$@2$!EQ$@1$@2$"
  },
  "431": {
    "FuncName": "main",
    "IRPosInFunc": [
      63
    ],
    "SrcLoc": "src/sleep.c:127",
    "Type": "NEQ$@1$@2$!MOD$@1$@2$"
  },
  "432": {
    "FuncName": "main",
    "IRPosInFunc": [
      63
    ],
    "SrcLoc": "src/sleep.c:127",
    "Type": "NEQ$@1$@2$!GT$@2$@1$"
  },
  "433": {
    "FuncName": "main",
    "IRPosInFunc": [
      63
    ],
    "SrcLoc": "src/sleep.c:127",
    "Type": "NEQ$@1$@2$!GE$@1$@2$"
  },
  "434": {
    "FuncName": "main",
    "IRPosInFunc": [
      63
    ],
    "SrcLoc": "src/sleep.c:127",
    "Type": "NEQ$@1$@2$!GT$@1$@2$"
  },
  "435": {
    "FuncName": "main",
    "IRPosInFunc": [
      63
    ],
    "SrcLoc": "src/sleep.c:127",
    "Type": "NEQ$@1$@2$!LT$@2$@1$"
  },
  "436": {
    "FuncName": "main",
    "IRPosInFunc": [
      63
    ],
    "SrcLoc": "src/sleep.c:127",
    "Type": "NEQ$@1$@2$!LT$@1$@2$"
  },
  "437": {
    "FuncName": "main",
    "IRPosInFunc": [
      63
    ],
    "SrcLoc": "src/sleep.c:127",
    "Type": "NEQ$@1$@2$!LE$@1$@2$"
  },
  "438": {
    "FuncName": "main",
    "IRPosInFunc": [
      63
    ],
    "SrcLoc": "src/sleep.c:127",
    "Type": "NEQ$@1$@2$!GE$@2$@1$"
  },
  "439": {
    "FuncName": "main",
    "IRPosInFunc": [
      63
    ],
    "SrcLoc": "src/sleep.c:127",
    "Type": "NEQ$@1$@2$!LE$@2$@1$"
  },
  "44": {
    "FuncName": "usage",
    "IRPosInFunc": [
      4
    ],
    "SrcLoc": "src/sleep.c:40",
    "Type": "NEQ$@1$@2$!LE$@1$@2$"
  },
  "440": {
    "FuncName": "main",
    "IRPosInFunc": [
      63
    ],
    "SrcLoc": "src/sleep.c:127",
    "Type": "NEQ$@1$@2$!DIV$@1$@2$"
  },
  "441": {
    "FuncName": "main",
    "IRPosInFunc": [
      63
    ],
    "SrcLoc": "src/sleep.c:127",
    "Type": "NEQ$@1$@2$!GT$@1$@2$"
  },
  "442": {
    "FuncName": "main",
    "IRPosInFunc": [
      63
    ],
    "SrcLoc": "src/sleep.c:127",
    "Type": "NEQ$@1$@2$!LT$@2$@1$"
  },
  "443": {
    "FuncName": "main",
    "IRPosInFunc": [
      63
    ],
    "SrcLoc": "src/sleep.c:127",
    "Type": "NEQ$@1$@2$!LE$@1$@2$"
  },
  "444": {
    "FuncName": "main",
    "IRPosInFunc": [
      63
    ],
    "SrcLoc": "src/sleep.c:127",
    "Type": "NEQ$@1$@2$!GE$@2$@1$"
  },
  "445": {
    "FuncName": "main",
    "IRPosInFunc": [
      61
    ],
    "SrcLoc": "src/sleep.c:127",
    "Type": "@!ABS$@$"
  },
  "446": {
    "FuncName": "main",
    "IRPosInFunc": [
      63
    ],
    "SrcLoc": "src/sleep.c:127",
    "Type": "@!ABS$@$"
  },
  "447": {
    "FuncName": "main",
    "IRPosInFunc": [
      63
    ],
    "SrcLoc": "src/sleep.c:127",
    "Type": "C!ADD$C$-1$"
  },
  "448": {
    "FuncName": "main",
    "IRPosInFunc": [
      63
    ],
    "SrcLoc": "src/sleep.c:127",
    "Type": "C!ADD$C$1$"
  },
  "449": {
    "FuncName": "main",
    "IRPosInFunc": [
      64
    ],
    "SrcLoc": "src/sleep.c:127",
    "Type": "AND$@1$@2$!CONSTVAL$0$"
  },
  "45": {
    "FuncName": "usage",
    "IRPosInFunc": [
      4
    ],
    "SrcLoc": "src/sleep.c:40",
    "Type": "NEQ$@1$@2$!GE$@2$@1$"
  },
  "451": {
    "FuncName": "main",
    "IRPosInFunc": [
      64
    ],
    "SrcLoc": "src/sleep.c:127",
    "Type": "AND$@1$@2$!OPERAND$@1$"
  },
  "452": {
    "FuncName": "main",
    "IRPosInFunc": [
      64
    ],
    "SrcLoc": "src/sleep.c:127",
    "Type": "AND$@1$@2$!OPERAND$@2$"
  },
  "453": {
    "FuncName": "main",
    "IRPosInFunc": [
      64
    ],
    "SrcLoc": "src/sleep.c:127",
    "Type": "AND$@1$@2$!OR$@1$@2$"
  },
  "454": {
    "FuncName": "main",
    "IRPosInFunc": [
      65,
      66,
      67,
      68,
      69,
      70
    ],
    "SrcLoc": "src/sleep.c:127",
    "Type": "STMT!TRAPSTMT"
  },
  "455": {
    "FuncName": "main",
    "IRPosInFunc": [
      69
    ],
    "SrcLoc": "src/sleep.c:127",
    "Type": "NEQ$V1$@2$!ASSIGN$V1$@2$"
  },
  "456": {
    "FuncName": "main",
    "IRPosInFunc": [
      69
    ],
    "SrcLoc": "src/sleep.c:127",
    "Type": "NEQ$@1$@2$!ABS$@1$"
  },
  "457": {
    "FuncName": "main",
    "IRPosInFunc": [
      69
    ],
    "SrcLoc": "src/sleep.c:127",
    "Type": "NEQ$@1$@2$!BITNOT$@2$"
  },
  "458": {
    "FuncName": "main",
    "IRPosInFunc": [
      69
    ],
    "SrcLoc": "src/sleep.c:127",
    "Type": "NEQ$@1$@2$!CONSTVAL$0$"
  },
  "459": {
    "FuncName": "main",
    "IRPosInFunc": [
      69
    ],
    "SrcLoc": "src/sleep.c:127",
    "Type": "NEQ$@1$@2$!LE$@2$@1$"
  },
  "46": {
    "FuncName": "usage",
    "IRPosInFunc": [
      4
    ],
    "SrcLoc": "src/sleep.c:40",
    "Type": "@!ABS$@$"
  },
  "461": {
    "FuncName": "main",
    "IRPosInFunc": [
      69
    ],
    "SrcLoc": "src/sleep.c:127",
    "Type": "NEQ$@1$@2$!BITNOT$@1$"
  },
  "462": {
    "FuncName": "main",
    "IRPosInFunc": [
      69
    ],
    "SrcLoc": "src/sleep.c:127",
    "Type": "NEQ$@1$@2$!DIV$@1$@2$"
  },
  "463": {
    "FuncName": "main",
    "IRPosInFunc": [
      69
    ],
    "SrcLoc": "src/sleep.c:127",
    "Type": "NEQ$@1$@2$!SUB$@2$@1$"
  },
  "464": {
    "FuncName": "main",
    "IRPosInFunc": [
      69
    ],
    "SrcLoc": "src/sleep.c:127",
    "Type": "NEQ$@1$@2$!EQ$@1$@2$"
  },
  "465": {
    "FuncName": "main",
    "IRPosInFunc": [
      69
    ],
    "SrcLoc": "src/sleep.c:127",
    "Type": "NEQ$@1$@2$!MOD$@1$@2$"
  },
  "466": {
    "FuncName": "main",
    "IRPosInFunc": [
      69
    ],
    "SrcLoc": "src/sleep.c:127",
    "Type": "NEQ$@1$@2$!GT$@2$@1$"
  },
  "467": {
    "FuncName": "main",
    "IRPosInFunc": [
      69
    ],
    "SrcLoc": "src/sleep.c:127",
    "Type": "NEQ$@1$@2$!GE$@1$@2$"
  },
  "468": {
    "FuncName": "main",
    "IRPosInFunc": [
      69
    ],
    "SrcLoc": "src/sleep.c:127",
    "Type": "NEQ$@1$@2$!GT$@1$@2$"
  },
  "469": {
    "FuncName": "main",
    "IRPosInFunc": [
      69
    ],
    "SrcLoc": "src/sleep.c:127",
    "Type": "NEQ$@1$@2$!LT$@2$@1$"
  },
  "47": {
    "FuncName": "usage",
    "IRPosInFunc": [
      4
    ],
    "SrcLoc": "src/sleep.c:40",
    "Type": "C!ADD$C$-1$"
  },
  "470": {
    "FuncName": "main",
    "IRPosInFunc": [
      69
    ],
    "SrcLoc": "src/sleep.c:127",
    "Type": "NEQ$@1$@2$!LT$@1$@2$"
  },
  "471": {
    "FuncName": "main",
    "IRPosInFunc": [
      69
    ],
    "SrcLoc": "src/sleep.c:127",
    "Type": "NEQ$@1$@2$!LE$@1$@2$"
  },
  "472": {
    "FuncName": "main",
    "IRPosInFunc": [
      69
    ],
    "SrcLoc": "src/sleep.c:127",
    "Type": "NEQ$@1$@2$!GE$@2$@1$"
  },
  "474": {
    "FuncName": "main",
    "IRPosInFunc": [
      69
    ],
    "SrcLoc": "src/sleep.c:127",
    "Type": "NEQ$@1$@2$!DIV$@1$@2$"
  },
  "475": {
    "FuncName": "main",
    "IRPosInFunc": [
      69
    ],
    "SrcLoc": "src/sleep.c:127",
    "Type": "NEQ$@1$@2$!GT$@1$@2$"
  },
  "476": {
    "FuncName": "main",
    "IRPosInFunc": [
      69
    ],
    "SrcLoc": "src/sleep.c:127",
    "Type": "NEQ$@1$@2$!LT$@2$@1$"
  },
  "477": {
    "FuncName": "main",
    "IRPosInFunc": [
      69
    ],
    "SrcLoc": "src/sleep.c:127",
    "Type": "NEQ$@1$@2$!LE$@1$@2$"
  },
  "478": {
    "FuncName": "main",
    "IRPosInFunc": [
      69
    ],
    "SrcLoc": "src/sleep.c:127",
    "Type": "NEQ$@1$@2$!GE$@2$@1$"
  },
  "479": {
    "FuncName": "main",
    "IRPosInFunc": [
      66,
      67
    ],
    "SrcLoc": "src/sleep.c:127",
    "Type": "PADD_DEREF$P1$@2$!PDEREF_LEFTINC$P1$"
  },
  "48": {
    "FuncName": "usage",
    "IRPosInFunc": [
      4
    ],
    "SrcLoc": "src/sleep.c:40",
    "Type": "C!ADD$C$1$"
  },
  "480": {
    "FuncName": "main",
    "IRPosInFunc": [
      66,
      67
    ],
    "SrcLoc": "src/sleep.c:127",
    "Type": "PADD_DEREF$P1$@2$!PDEREF_RIGHTDEC$P1$"
  },
  "481": {
    "FuncName": "main",
    "IRPosInFunc": [
      66,
      67
    ],
    "SrcLoc": "src/sleep.c:127",
    "Type": "PADD_DEREF$P1$@2$!PDEREF_LEFTDEC$P1$"
  },
  "482": {
    "FuncName": "main",
    "IRPosInFunc": [
      66,
      67
    ],
    "SrcLoc": "src/sleep.c:127",
    "Type": "PADD_DEREF$P1$@2$!PDEREF_RIGHTINC$P1$"
  },
  "483": {
    "FuncName": "main",
    "IRPosInFunc": [
      66,
      67
    ],
    "SrcLoc": "src/sleep.c:127",
    "Type": "PADD_DEREF$A1$@2$!PDEREF_ADD$A1$@2$"
  },
  "484": {
    "FuncName": "main",
    "IRPosInFunc": [
      66,
      67
    ],
    "SrcLoc": "src/sleep.c:127",
    "Type": "PADD_DEREF$A1$@2$!PDEREF_SUB$A1$@2$"
  },
  "485": {
    "FuncName": "main",
    "IRPosInFunc": [
      67
    ],
    "SrcLoc": "src/sleep.c:127",
    "Type": "@!ABS$@$"
  },
  "486": {
    "FuncName": "main",
    "IRPosInFunc": [
      69
    ],
    "SrcLoc": "src/sleep.c:127",
    "Type": "@!ABS$@$"
  },
  "487": {
    "FuncName": "main",
    "IRPosInFunc": [
      66
    ],
    "SrcLoc": "src/sleep.c:127",
    "Type": "C!CONSTVAL$0$"
  },
  "488": {
    "FuncName": "main",
    "IRPosInFunc": [
      66
    ],
    "SrcLoc": "src/sleep.c:127",
    "Type": "C!ADD$C$1$"
  },
  "489": {
    "FuncName": "main",
    "IRPosInFunc": [
      69
    ],
    "SrcLoc": "src/sleep.c:127",
    "Type": "C!ADD$C$-1$"
  },
  "49": {
    "FuncName": "usage",
    "IRPosInFunc": [
      6
    ],
    "SrcLoc": "src/sleep.c:41",
    "Type": "STMT!TRAPSTMT"
  },
  "490": {
    "FuncName": "main",
    "IRPosInFunc": [
      69
    ],
    "SrcLoc": "src/sleep.c:127",
    "Type": "C!ADD$C$1$"
  },
  "491": {
    "FuncName": "main",
    "IRPosInFunc": [
      66
    ],
    "SrcLoc": "src/sleep.c:127",
    "Type": "PADD$A1$@2$!OPERAND$@2$"
  },
  "492": {
    "FuncName": "main",
    "IRPosInFunc": [
      66
    ],
    "SrcLoc": "src/sleep.c:127",
    "Type": "PADD$A1$@2$!PSUB$A1$@2$"
  },
  "493": {
    "FuncName": "main",
    "IRPosInFunc": [
      66
    ],
    "SrcLoc": "src/sleep.c:127",
    "Type": "PADD$P1$@2$!PLEFTINC$P1$"
  },
  "494": {
    "FuncName": "main",
    "IRPosInFunc": [
      66
    ],
    "SrcLoc": "src/sleep.c:127",
    "Type": "PADD$P1$@2$!PRIGHTDEC$P1$"
  },
  "495": {
    "FuncName": "main",
    "IRPosInFunc": [
      66
    ],
    "SrcLoc": "src/sleep.c:127",
    "Type": "PADD$P1$@2$!PRIGHTINC$P1$"
  },
  "496": {
    "FuncName": "main",
    "IRPosInFunc": [
      66
    ],
    "SrcLoc": "src/sleep.c:127",
    "Type": "PADD$P1$@2$!PLEFTDEC$P1$"
  },
  "497": {
    "FuncName": "main",
    "IRPosInFunc": [
      71,
      72,
      73,
      74
    ],
    "SrcLoc": "src/sleep.c:133",
    "Type": "STMT!TRAPSTMT"
  },
  "498": {
    "FuncName": "main",
    "IRPosInFunc": [
      72
    ],
    "SrcLoc": "src/sleep.c:133",
    "Type": "@!ABS$@$"
  },
  "50": {
    "FuncName": "usage",
    "IRPosInFunc": [
      6
    ],
    "SrcLoc": "src/sleep.c:41",
    "Type": "STMT!DELSTMT"
  },
  "500": {
    "FuncName": "main",
    "IRPosInFunc": [
      75,
      76,
      77,
      78,
      79,
      80,
      81
    ],
    "SrcLoc": "src/sleep.c:135",
    "Type": "STMT!TRAPSTMT"
  },
  "501": {
    "FuncName": "main",
    "IRPosInFunc": [
      75,
      76,
      77,
      78,
      79,
      80,
      81
    ],
    "SrcLoc": "src/sleep.c:135",
    "Type": "STMT!DELSTMT"
  },
  "502": {
    "FuncName": "main",
    "IRPosInFunc": [
      78,
      79
    ],
    "SrcLoc": "src/sleep.c:135",
    "Type": "PADD_DEREF$P1$@2$!PDEREF_LEFTINC$P1$"
  },
  "503": {
    "FuncName": "main",
    "IRPosInFunc": [
      78,
      79
    ],
    "SrcLoc": "src/sleep.c:135",
    "Type": "PADD_DEREF$P1$@2$!PDEREF_RIGHTDEC$P1$"
  },
  "504": {
    "FuncName": "main",
    "IRPosInFunc": [
      78,
      79
    ],
    "SrcLoc": "src/sleep.c:135",
    "Type": "PADD_DEREF$P1$@2$!PDEREF_LEFTDEC$P1$"
  },
  "505": {
    "FuncName": "main",
    "IRPosInFunc": [
      78,
      79
    ],
    "SrcLoc": "src/sleep.c:135",
    "Type": "PADD_DEREF$P1$@2$!PDEREF_RIGHTINC$P1$"
  },
  "506": {
    "FuncName": "main",
    "IRPosInFunc": [
      78,
      79
    ],
    "SrcLoc": "src/sleep.c:135",
    "Type": "PADD_DEREF$A1$@2$!PDEREF_ADD$A1$@2$"
  },
  "507": {
    "FuncName": "main",
    "IRPosInFunc": [
      78,
      79
    ],
    "SrcLoc": "src/sleep.c:135",
    "Type": "PADD_DEREF$A1$@2$!PDEREF_SUB$A1$@2$"
  },
  "508": {
    "FuncName": "main",
    "IRPosInFunc": [
      77
    ],
    "SrcLoc": "src/sleep.c:135",
    "Type": "A!CONSTVAL$0$"
  },
  "509": {
    "FuncName": "main",
    "IRPosInFunc": [
      78
    ],
    "SrcLoc": "src/sleep.c:135",
    "Type": "A!CONSTVAL$0$"
  },
  "51": {
    "FuncName": "usage",
    "IRPosInFunc": [
      7
    ],
    "SrcLoc": "src/sleep.c:41",
    "Type": "STMT!TRAPSTMT"
  },
  "510": {
    "FuncName": "main",
    "IRPosInFunc": [
      75
    ],
    "SrcLoc": "src/sleep.c:135",
    "Type": "@!ABS$@$"
  },
  "511": {
    "FuncName": "main",
    "IRPosInFunc": [
      76
    ],
    "SrcLoc": "src/sleep.c:135",
    "Type": "@!ABS$@$"
  },
  "512": {
    "FuncName": "main",
    "IRPosInFunc": [
      78
    ],
    "SrcLoc": "src/sleep.c:135",
    "Type": "PADD$A1$@2$!OPERAND$@2$"
  },
  "513": {
    "FuncName": "main",
    "IRPosInFunc": [
      78
    ],
    "SrcLoc": "src/sleep.c:135",
    "Type": "PADD$A1$@2$!PSUB$A1$@2$"
  },
  "514": {
    "FuncName": "main",
    "IRPosInFunc": [
      78
    ],
    "SrcLoc": "src/sleep.c:135",
    "Type": "PADD$A1$@2$!OPERAND$A1$"
  },
  "515": {
    "FuncName": "main",
    "IRPosInFunc": [
      78
    ],
    "SrcLoc": "src/sleep.c:135",
    "Type": "PADD$P1$@2$!PLEFTINC$P1$"
  },
  "516": {
    "FuncName": "main",
    "IRPosInFunc": [
      78
    ],
    "SrcLoc": "src/sleep.c:135",
    "Type": "PADD$P1$@2$!PRIGHTDEC$P1$"
  },
  "517": {
    "FuncName": "main",
    "IRPosInFunc": [
      78
    ],
    "SrcLoc": "src/sleep.c:135",
    "Type": "PADD$P1$@2$!PRIGHTINC$P1$"
  },
  "518": {
    "FuncName": "main",
    "IRPosInFunc": [
      78
    ],
    "SrcLoc": "src/sleep.c:135",
    "Type": "PADD$P1$@2$!PLEFTDEC$P1$"
  },
  "519": {
    "FuncName": "main",
    "IRPosInFunc": [
      77
    ],
    "SrcLoc": "src/sleep.c:135",
    "Type": "P!PRIGHTDEC$P$"
  },
  "52": {
    "FuncName": "usage",
    "IRPosInFunc": [
      7
    ],
    "SrcLoc": "src/sleep.c:41",
    "Type": "STMT!DELSTMT"
  },
  "520": {
    "FuncName": "main",
    "IRPosInFunc": [
      77
    ],
    "SrcLoc": "src/sleep.c:135",
    "Type": "P!PLEFTINC$P$"
  },
  "521": {
    "FuncName": "main",
    "IRPosInFunc": [
      77
    ],
    "SrcLoc": "src/sleep.c:135",
    "Type": "P!PRIGHTINC$P$"
  },
  "522": {
    "FuncName": "main",
    "IRPosInFunc": [
      77
    ],
    "SrcLoc": "src/sleep.c:135",
    "Type": "P!PLEFTDEC$P$"
  },
  "523": {
    "FuncName": "main",
    "IRPosInFunc": [
      81
    ],
    "SrcLoc": "src/sleep.c:135",
    "Type": "CALL!SHUFFLEARGS$2$"
  },
  "524": {
    "FuncName": "main",
    "IRPosInFunc": [
      82
    ],
    "SrcLoc": "src/sleep.c:136",
    "Type": "STMT!TRAPSTMT"
  },
  "528": {
    "FuncName": "main",
    "IRPosInFunc": [
      82
    ],
    "SrcLoc": "src/sleep.c:136",
    "Type": "ASSIGN$V1$@2$!ABS$V1$"
  },
  "53": {
    "FuncName": "usage",
    "IRPosInFunc": [
      8,
      9,
      10
    ],
    "SrcLoc": "src/sleep.c:44",
    "Type": "STMT!TRAPSTMT"
  },
  "54": {
    "FuncName": "usage",
    "IRPosInFunc": [
      8,
      9,
      10
    ],
    "SrcLoc": "src/sleep.c:44",
    "Type": "STMT!DELSTMT"
  },
  "542": {
    "FuncName": "main",
    "IRPosInFunc": [
      82
    ],
    "SrcLoc": "src/sleep.c:136",
    "Type": "C!ADD$C$-1$"
  },
  "543": {
    "FuncName": "main",
    "IRPosInFunc": [
      82
    ],
    "SrcLoc": "src/sleep.c:136",
    "Type": "C!ADD$C$1$"
  },
  "544": {
    "FuncName": "main",
    "IRPosInFunc": [
      83
    ],
    "SrcLoc": "src/sleep.c:137",
    "Type": "STMT!TRAPSTMT"
  },
  "545": {
    "FuncName": "main",
    "IRPosInFunc": [
      84,
      85,
      86,
      87
    ],
    "SrcLoc": "src/sleep.c:139",
    "Type": "STMT!TRAPSTMT"
  },
  "546": {
    "FuncName": "main",
    "IRPosInFunc": [
      84,
      85,
      86,
      87
    ],
    "SrcLoc": "src/sleep.c:139",
    "Type": "STMT!DELSTMT"
  },
  "56": {
    "FuncName": "usage",
    "IRPosInFunc": [
      10
    ],
    "SrcLoc": "src/sleep.c:44",
    "Type": "CALL!SHUFFLEARGS$2$"
  },
  "57": {
    "FuncName": "usage",
    "IRPosInFunc": [
      10
    ],
    "SrcLoc": "src/sleep.c:44",
    "Type": "CALL!SHUFFLEARGS$2$"
  },
  "571": {
    "FuncName": "main",
    "IRPosInFunc": [
      84
    ],
    "SrcLoc": "src/sleep.c:139",
    "Type": "@!ABS$@$"
  },
  "572": {
    "FuncName": "main",
    "IRPosInFunc": [
      85
    ],
    "SrcLoc": "src/sleep.c:139",
    "Type": "@!ABS$@$"
  },
  "573": {
    "FuncName": "main",
    "IRPosInFunc": [
      86
    ],
    "SrcLoc": "src/sleep.c:139",
    "Type": "@!ABS$@$"
  },
  "574": {
    "FuncName": "main",
    "IRPosInFunc": [
      86
    ],
    "SrcLoc": "src/sleep.c:139",
    "Type": "ADD$@1$V2$!ASSIGN$V2$@1$"
  },
  "575": {
    "FuncName": "main",
    "IRPosInFunc": [
      86
    ],
    "SrcLoc": "src/sleep.c:139",
    "Type": "ADD$V1$@2$!ASSIGN$V1$@2$"
  },
  "577": {
    "FuncName": "main",
    "IRPosInFunc": [
      86
    ],
    "SrcLoc": "src/sleep.c:139",
    "Type": "ADD$@1$@2$!SUB$@1$@2$"
  },
  "578": {
    "FuncName": "main",
    "IRPosInFunc": [
      86
    ],
    "SrcLoc": "src/sleep.c:139",
    "Type": "ADD$@1$@2$!LT$@1$@2$"
  },
  "579": {
    "FuncName": "main",
    "IRPosInFunc": [
      86
    ],
    "SrcLoc": "src/sleep.c:139",
    "Type": "ADD$@1$@2$!SUB$@2$@1$"
  },
  "58": {
    "FuncName": "usage",
    "IRPosInFunc": [
      11,
      12
    ],
    "SrcLoc": "src/sleep.c:55",
    "Type": "STMT!TRAPSTMT"
  },
  "580": {
    "FuncName": "main",
    "IRPosInFunc": [
      86
    ],
    "SrcLoc": "src/sleep.c:139",
    "Type": "ADD$@1$@2$!LE$@2$@1$"
  },
  "581": {
    "FuncName": "main",
    "IRPosInFunc": [
      86
    ],
    "SrcLoc": "src/sleep.c:139",
    "Type": "ADD$@1$@2$!OPERAND$@1$"
  },
  "582": {
    "FuncName": "main",
    "IRPosInFunc": [
      86
    ],
    "SrcLoc": "src/sleep.c:139",
    "Type": "ADD$@1$@2$!ABS$@1$"
  },
  "583": {
    "FuncName": "main",
    "IRPosInFunc": [
      86
    ],
    "SrcLoc": "src/sleep.c:139",
    "Type": "ADD$@1$@2$!LE$@1$@2$"
  },
  "584": {
    "FuncName": "main",
    "IRPosInFunc": [
      86
    ],
    "SrcLoc": "src/sleep.c:139",
    "Type": "ADD$@1$@2$!DIV$@1$@2$"
  },
  "585": {
    "FuncName": "main",
    "IRPosInFunc": [
      86
    ],
    "SrcLoc": "src/sleep.c:139",
    "Type": "ADD$@1$@2$!CONSTVAL$0$"
  },
  "586": {
    "FuncName": "main",
    "IRPosInFunc": [
      86
    ],
    "SrcLoc": "src/sleep.c:139",
    "Type": "ADD$@1$@2$!MOD$@1$@2$"
  },
  "587": {
    "FuncName": "main",
    "IRPosInFunc": [
      86
    ],
    "SrcLoc": "src/sleep.c:139",
    "Type": "ADD$@1$@2$!MOD$@2$@1$"
  },
  "588": {
    "FuncName": "main",
    "IRPosInFunc": [
      86
    ],
    "SrcLoc": "src/sleep.c:139",
    "Type": "ADD$@1$@2$!MUL$@1$@2$"
  },
  "589": {
    "FuncName": "main",
    "IRPosInFunc": [
      86
    ],
    "SrcLoc": "src/sleep.c:139",
    "Type": "ADD$@1$@2$!LT$@2$@1$"
  },
  "59": {
    "FuncName": "usage",
    "IRPosInFunc": [
      11,
      12
    ],
    "SrcLoc": "src/sleep.c:55",
    "Type": "STMT!DELSTMT"
  },
  "590": {
    "FuncName": "main",
    "IRPosInFunc": [
      86
    ],
    "SrcLoc": "src/sleep.c:139",
    "Type": "ADD$@1$@2$!DIV$@2$@1$"
  },
  "591": {
    "FuncName": "main",
    "IRPosInFunc": [
      86
    ],
    "SrcLoc": "src/sleep.c:139",
    "Type": "ADD$@1$@2$!NEG$@1$"
  },
  "592": {
    "FuncName": "main",
    "IRPosInFunc": [
      86
    ],
    "SrcLoc": "src/sleep.c:139",
    "Type": "ADD$@1$@2$!NEG$@2$"
  },
  "595": {
    "FuncName": "main",
    "IRPosInFunc": [
      86
    ],
    "SrcLoc": "src/sleep.c:139",
    "Type": "ADD$@1$@2$!ABS$@2$"
  },
  "596": {
    "FuncName": "main",
    "IRPosInFunc": [
      86
    ],
    "SrcLoc": "src/sleep.c:139",
    "Type": "ADD$@1$@2$!EQ$@1$@2$"
  },
  "598": {
    "FuncName": "main",
    "IRPosInFunc": [
      86
    ],
    "SrcLoc": "src/sleep.c:139",
    "Type": "ADD$@1$@2$!NEQ$@1$@2$"
  },
  "599": {
    "FuncName": "main",
    "IRPosInFunc": [
      86
    ],
    "SrcLoc": "src/sleep.c:139",
    "Type": "ADD$@1$@2$!CONSTVAL$1$"
  },
  "60": {
    "FuncName": "usage",
    "IRPosInFunc": [
      12
    ],
    "SrcLoc": "src/sleep.c:55",
    "Type": "@!ABS$@$"
  },
  "601": {
    "FuncName": "main",
    "IRPosInFunc": [
      86
    ],
    "SrcLoc": "src/sleep.c:139",
    "Type": "ADD$@1$@2$!LT$@1$@2$"
  },
  "603": {
    "FuncName": "main",
    "IRPosInFunc": [
      86
    ],
    "SrcLoc": "src/sleep.c:139",
    "Type": "ADD$@1$@2$!LE$@1$@2$"
  },
  "605": {
    "FuncName": "main",
    "IRPosInFunc": [
      86
    ],
    "SrcLoc": "src/sleep.c:139",
    "Type": "ADD$@1$@2$!GT$@1$@2$"
  },
  "606": {
    "FuncName": "main",
    "IRPosInFunc": [
      86
    ],
    "SrcLoc": "src/sleep.c:139",
    "Type": "ADD$@1$@2$!GE$@1$@2$"
  },
  "607": {
    "FuncName": "main",
    "IRPosInFunc": [
      86
    ],
    "SrcLoc": "src/sleep.c:139",
    "Type": "ADD$@1$@2$!EQ$@1$@2$"
  },
  "609": {
    "FuncName": "main",
    "IRPosInFunc": [
      86
    ],
    "SrcLoc": "src/sleep.c:139",
    "Type": "ADD$@1$@2$!NEQ$@1$@2$"
  },
  "61": {
    "FuncName": "usage",
    "IRPosInFunc": [
      13,
      14
    ],
    "SrcLoc": "src/sleep.c:56",
    "Type": "STMT!TRAPSTMT"
  },
  "610": {
    "FuncName": "main",
    "IRPosInFunc": [
      88
    ],
    "SrcLoc": "src/sleep.c:140",
    "Type": "STMT!TRAPSTMT"
  },
  "617": {
    "FuncName": "main",
    "IRPosInFunc": [
      91
    ],
    "SrcLoc": "src/sleep.c:123",
    "Type": "ASSIGN$V1$@2$!LT$@2$V1$"
  },
  "62": {
    "FuncName": "usage",
    "IRPosInFunc": [
      13,
      14
    ],
    "SrcLoc": "src/sleep.c:56",
    "Type": "STMT!DELSTMT"
  },
  "624": {
    "FuncName": "main",
    "IRPosInFunc": [
      89
    ],
    "SrcLoc": "src/sleep.c:123",
    "Type": "@!ABS$@$"
  },
  "625": {
    "FuncName": "main",
    "IRPosInFunc": [
      90
    ],
    "SrcLoc": "src/sleep.c:123",
    "Type": "@!ABS$@$"
  },
  "626": {
    "FuncName": "main",
    "IRPosInFunc": [
      90
    ],
    "SrcLoc": "src/sleep.c:123",
    "Type": "C!CONSTVAL$0$"
  },
  "627": {
    "FuncName": "main",
    "IRPosInFunc": [
      90
    ],
    "SrcLoc": "src/sleep.c:123",
    "Type": "C!ADD$C$1$"
  },
  "628": {
    "FuncName": "main",
    "IRPosInFunc": [
      90
    ],
    "SrcLoc": "src/sleep.c:123",
    "Type": "ADD$V1$@2$!ASSIGN$V1$@2$"
  },
  "629": {
    "FuncName": "main",
    "IRPosInFunc": [
      90
    ],
    "SrcLoc": "src/sleep.c:123",
    "Type": "ADD$@1$@2$!GT$@2$@1$"
  },
  "630": {
    "FuncName": "main",
    "IRPosInFunc": [
      90
    ],
    "SrcLoc": "src/sleep.c:123",
    "Type": "ADD$@1$@2$!SUB$@1$@2$"
  },
  "631": {
    "FuncName": "main",
    "IRPosInFunc": [
      90
    ],
    "SrcLoc": "src/sleep.c:123",
    "Type": "ADD$@1$@2$!BITSHR$@2$@1$"
  },
  "632": {
    "FuncName": "main",
    "IRPosInFunc": [
      90
    ],
    "SrcLoc": "src/sleep.c:123",
    "Type": "ADD$@1$@2$!LT$@1$@2$"
  },
  "633": {
    "FuncName": "main",
    "IRPosInFunc": [
      90
    ],
    "SrcLoc": "src/sleep.c:123",
    "Type": "ADD$@1$@2$!SUB$@2$@1$"
  },
  "634": {
    "FuncName": "main",
    "IRPosInFunc": [
      90
    ],
    "SrcLoc": "src/sleep.c:123",
    "Type": "ADD$@1$@2$!LE$@2$@1$"
  },
  "635": {
    "FuncName": "main",
    "IRPosInFunc": [
      90
    ],
    "SrcLoc": "src/sleep.c:123",
    "Type": "ADD$@1$@2$!BITAND$@1$@2$"
  },
  "636": {
    "FuncName": "main",
    "IRPosInFunc": [
      90
    ],
    "SrcLoc": "src/sleep.c:123",
    "Type": "ADD$@1$@2$!ABS$@1$"
  },
  "637": {
    "FuncName": "main",
    "IRPosInFunc": [
      90
    ],
    "SrcLoc": "src/sleep.c:123",
    "Type": "ADD$@1$@2$!LE$@1$@2$"
  },
  "638": {
    "FuncName": "main",
    "IRPosInFunc": [
      90
    ],
    "SrcLoc": "src/sleep.c:123",
    "Type": "ADD$@1$@2$!CONSTVAL$0$"
  },
  "64": {
    "FuncName": "usage",
    "IRPosInFunc": [
      15
    ],
    "SrcLoc": "src/sleep.c:57",
    "Type": "STMT!TRAPSTMT"
  },
  "640": {
    "FuncName": "main",
    "IRPosInFunc": [
      90
    ],
    "SrcLoc": "src/sleep.c:123",
    "Type": "ADD$@1$@2$!MOD$@2$@1$"
  },
  "641": {
    "FuncName": "main",
    "IRPosInFunc": [
      90
    ],
    "SrcLoc": "src/sleep.c:123",
    "Type": "ADD$@1$@2$!BITXOR$@1$@2$"
  },
  "642": {
    "FuncName": "main",
    "IRPosInFunc": [
      90
    ],
    "SrcLoc": "src/sleep.c:123",
    "Type": "ADD$@1$@2$!LT$@2$@1$"
  },
  "643": {
    "FuncName": "main",
    "IRPosInFunc": [
      90
    ],
    "SrcLoc": "src/sleep.c:123",
    "Type": "ADD$@1$@2$!DIV$@2$@1$"
  },
  "644": {
    "FuncName": "main",
    "IRPosInFunc": [
      90
    ],
    "SrcLoc": "src/sleep.c:123",
    "Type": "ADD$@1$@2$!NEG$@1$"
  },
  "645": {
    "FuncName": "main",
    "IRPosInFunc": [
      90
    ],
    "SrcLoc": "src/sleep.c:123",
    "Type": "ADD$@1$@2$!BITOR$@1$@2$"
  },
  "646": {
    "FuncName": "main",
    "IRPosInFunc": [
      90
    ],
    "SrcLoc": "src/sleep.c:123",
    "Type": "ADD$@1$@2$!BITNOT$@2$"
  },
  "647": {
    "FuncName": "main",
    "IRPosInFunc": [
      90
    ],
    "SrcLoc": "src/sleep.c:123",
    "Type": "ADD$@1$@2$!NEG$@2$"
  },
  "648": {
    "FuncName": "main",
    "IRPosInFunc": [
      90
    ],
    "SrcLoc": "src/sleep.c:123",
    "Type": "ADD$@1$@2$!GT$@1$@2$"
  },
  "649": {
    "FuncName": "main",
    "IRPosInFunc": [
      90
    ],
    "SrcLoc": "src/sleep.c:123",
    "Type": "ADD$@1$@2$!GE$@1$@2$"
  },
  "65": {
    "FuncName": "usage",
    "IRPosInFunc": [
      15
    ],
    "SrcLoc": "src/sleep.c:57",
    "Type": "STMT!DELSTMT"
  },
  "650": {
    "FuncName": "main",
    "IRPosInFunc": [
      90
    ],
    "SrcLoc": "src/sleep.c:123",
    "Type": "ADD$@1$@2$!EQ$@1$@2$"
  },
  "651": {
    "FuncName": "main",
    "IRPosInFunc": [
      90
    ],
    "SrcLoc": "src/sleep.c:123",
    "Type": "ADD$@1$@2$!GE$@2$@1$"
  },
  "652": {
    "FuncName": "main",
    "IRPosInFunc": [
      90
    ],
    "SrcLoc": "src/sleep.c:123",
    "Type": "ADD$@1$@2$!BITSHL$@1$@2$"
  },
  "653": {
    "FuncName": "main",
    "IRPosInFunc": [
      90
    ],
    "SrcLoc": "src/sleep.c:123",
    "Type": "ADD$@1$@2$!NEQ$@1$@2$"
  },
  "654": {
    "FuncName": "main",
    "IRPosInFunc": [
      90
    ],
    "SrcLoc": "src/sleep.c:123",
    "Type": "ADD$@1$@2$!BITNOT$@1$"
  },
  "655": {
    "FuncName": "main",
    "IRPosInFunc": [
      90
    ],
    "SrcLoc": "src/sleep.c:123",
    "Type": "ADD$@1$@2$!BITSHL$@2$@1$"
  },
  "656": {
    "FuncName": "main",
    "IRPosInFunc": [
      90
    ],
    "SrcLoc": "src/sleep.c:123",
    "Type": "ADD$@1$@2$!BITSHR$@1$@2$"
  },
  "657": {
    "FuncName": "main",
    "IRPosInFunc": [
      90
    ],
    "SrcLoc": "src/sleep.c:123",
    "Type": "ADD$@1$@2$!GT$@2$@1$"
  },
  "658": {
    "FuncName": "main",
    "IRPosInFunc": [
      90
    ],
    "SrcLoc": "src/sleep.c:123",
    "Type": "ADD$@1$@2$!BITSHR$@2$@1$"
  },
  "659": {
    "FuncName": "main",
    "IRPosInFunc": [
      90
    ],
    "SrcLoc": "src/sleep.c:123",
    "Type": "ADD$@1$@2$!LT$@1$@2$"
  },
  "66": {
    "FuncName": "usage",
    "IRPosInFunc": [
      16
    ],
    "SrcLoc": "",
    "Type": "STMT!TRAPSTMT"
  },
  "660": {
    "FuncName": "main",
    "IRPosInFunc": [
      90
    ],
    "SrcLoc": "src/sleep.c:123",
    "Type": "ADD$@1$@2$!LE$@2$@1$"
  },
  "661": {
    "FuncName": "main",
    "IRPosInFunc": [
      90
    ],
    "SrcLoc": "src/sleep.c:123",
    "Type": "ADD$@1$@2$!LE$@1$@2$"
  },
  "662": {
    "FuncName": "main",
    "IRPosInFunc": [
      90
    ],
    "SrcLoc": "src/sleep.c:123",
    "Type": "ADD$@1$@2$!MOD$@2$@1$"
  },
  "663": {
    "FuncName": "main",
    "IRPosInFunc": [
      90
    ],
    "SrcLoc": "src/sleep.c:123",
    "Type": "ADD$@1$@2$!LT$@2$@1$"
  },
  "664": {
    "FuncName": "main",
    "IRPosInFunc": [
      90
    ],
    "SrcLoc": "src/sleep.c:123",
    "Type": "ADD$@1$@2$!DIV$@2$@1$"
  },
  "665": {
    "FuncName": "main",
    "IRPosInFunc": [
      90
    ],
    "SrcLoc": "src/sleep.c:123",
    "Type": "ADD$@1$@2$!GT$@1$@2$"
  },
  "666": {
    "FuncName": "main",
    "IRPosInFunc": [
      90
    ],
    "SrcLoc": "src/sleep.c:123",
    "Type": "ADD$@1$@2$!GE$@1$@2$"
  },
  "667": {
    "FuncName": "main",
    "IRPosInFunc": [
      90
    ],
    "SrcLoc": "src/sleep.c:123",
    "Type": "ADD$@1$@2$!GE$@2$@1$"
  },
  "668": {
    "FuncName": "main",
    "IRPosInFunc": [
      90
    ],
    "SrcLoc": "src/sleep.c:123",
    "Type": "ADD$@1$@2$!BITSHR$@1$@2$"
  },
  "669": {
    "FuncName": "main",
    "IRPosInFunc": [
      92
    ],
    "SrcLoc": "src/sleep.c:123",
    "Type": "STMT!TRAPSTMT"
  },
  "67": {
    "FuncName": "usage",
    "IRPosInFunc": [
      17,
      18
    ],
    "SrcLoc": "src/sleep.c:59",
    "Type": "STMT!TRAPSTMT"
  },
  "670": {
    "FuncName": "main",
    "IRPosInFunc": [
      92
    ],
    "SrcLoc": "src/sleep.c:123",
    "Type": "STMT!DELSTMT"
  },
  "671": {
    "FuncName": "main",
    "IRPosInFunc": [
      93,
      94,
      95
    ],
    "SrcLoc": "src/sleep.c:142",
    "Type": "STMT!TRAPSTMT"
  },
  "672": {
    "FuncName": "main",
    "IRPosInFunc": [
      93
    ],
    "SrcLoc": "src/sleep.c:142",
    "Type": "@!ABS$@$"
  },
  "673": {
    "FuncName": "main",
    "IRPosInFunc": [
      94
    ],
    "SrcLoc": "src/sleep.c:142",
    "Type": "@!ABS$@$"
  },
  "674": {
    "FuncName": "main",
    "IRPosInFunc": [
      96
    ],
    "SrcLoc": "src/sleep.c:143",
    "Type": "STMT!TRAPSTMT"
  },
  "675": {
    "FuncName": "main",
    "IRPosInFunc": [
      96
    ],
    "SrcLoc": "src/sleep.c:143",
    "Type": "STMT!DELSTMT"
  },
  "676": {
    "FuncName": "main",
    "IRPosInFunc": [
      98,
      99,
      100,
      101
    ],
    "SrcLoc": "src/sleep.c:145",
    "Type": "STMT!TRAPSTMT"
  },
  "677": {
    "FuncName": "main",
    "IRPosInFunc": [
      100
    ],
    "SrcLoc": "src/sleep.c:145",
    "Type": "NEQ$@1$@2$!ABS$@1$"
  },
  "678": {
    "FuncName": "main",
    "IRPosInFunc": [
      100
    ],
    "SrcLoc": "src/sleep.c:145",
    "Type": "NEQ$@1$@2$!BITNOT$@2$"
  },
  "679": {
    "FuncName": "main",
    "IRPosInFunc": [
      100
    ],
    "SrcLoc": "src/sleep.c:145",
    "Type": "NEQ$@1$@2$!CONSTVAL$0$"
  },
  "68": {
    "FuncName": "usage",
    "IRPosInFunc": [
      17,
      18
    ],
    "SrcLoc": "src/sleep.c:59",
    "Type": "STMT!DELSTMT"
  },
  "680": {
    "FuncName": "main",
    "IRPosInFunc": [
      100
    ],
    "SrcLoc": "src/sleep.c:145",
    "Type": "NEQ$@1$@2$!LE$@2$@1$"
  },
  "681": {
    "FuncName": "main",
    "IRPosInFunc": [
      100
    ],
    "SrcLoc": "src/sleep.c:145",
    "Type": "NEQ$@1$@2$!BITNOT$@1$"
  },
  "682": {
    "FuncName": "main",
    "IRPosInFunc": [
      100
    ],
    "SrcLoc": "src/sleep.c:145",
    "Type": "NEQ$@1$@2$!DIV$@1$@2$"
  },
  "683": {
    "FuncName": "main",
    "IRPosInFunc": [
      100
    ],
    "SrcLoc": "src/sleep.c:145",
    "Type": "NEQ$@1$@2$!SUB$@2$@1$"
  },
  "684": {
    "FuncName": "main",
    "IRPosInFunc": [
      100
    ],
    "SrcLoc": "src/sleep.c:145",
    "Type": "NEQ$@1$@2$!EQ$@1$@2$"
  },
  "685": {
    "FuncName": "main",
    "IRPosInFunc": [
      100
    ],
    "SrcLoc": "src/sleep.c:145",
    "Type": "NEQ$@1$@2$!MOD$@1$@2$"
  },
  "686": {
    "FuncName": "main",
    "IRPosInFunc": [
      100
    ],
    "SrcLoc": "src/sleep.c:145",
    "Type": "NEQ$@1$@2$!GT$@2$@1$"
  },
  "687": {
    "FuncName": "main",
    "IRPosInFunc": [
      100
    ],
    "SrcLoc": "src/sleep.c:145",
    "Type": "NEQ$@1$@2$!GE$@1$@2$"
  },
  "688": {
    "FuncName": "main",
    "IRPosInFunc": [
      100
    ],
    "SrcLoc": "src/sleep.c:145",
    "Type": "NEQ$@1$@2$!GT$@1$@2$"
  },
  "689": {
    "FuncName": "main",
    "IRPosInFunc": [
      100
    ],
    "SrcLoc": "src/sleep.c:145",
    "Type": "NEQ$@1$@2$!LT$@2$@1$"
  },
  "69": {
    "FuncName": "usage",
    "IRPosInFunc": [
      17
    ],
    "SrcLoc": "src/sleep.c:59",
    "Type": "@!ABS$@$"
  },
  "690": {
    "FuncName": "main",
    "IRPosInFunc": [
      100
    ],
    "SrcLoc": "src/sleep.c:145",
    "Type": "NEQ$@1$@2$!LT$@1$@2$"
  },
  "691": {
    "FuncName": "main",
    "IRPosInFunc": [
      100
    ],
    "SrcLoc": "src/sleep.c:145",
    "Type": "NEQ$@1$@2$!LE$@1$@2$"
  },
  "692": {
    "FuncName": "main",
    "IRPosInFunc": [
      100
    ],
    "SrcLoc": "src/sleep.c:145",
    "Type": "NEQ$@1$@2$!GE$@2$@1$"
  },
  "693": {
    "FuncName": "main",
    "IRPosInFunc": [
      100
    ],
    "SrcLoc": "src/sleep.c:145",
    "Type": "NEQ$@1$@2$!DIV$@1$@2$"
  },
  "694": {
    "FuncName": "main",
    "IRPosInFunc": [
      100
    ],
    "SrcLoc": "src/sleep.c:145",
    "Type": "NEQ$@1$@2$!GT$@1$@2$"
  },
  "695": {
    "FuncName": "main",
    "IRPosInFunc": [
      100
    ],
    "SrcLoc": "src/sleep.c:145",
    "Type": "NEQ$@1$@2$!LT$@2$@1$"
  },
  "696": {
    "FuncName": "main",
    "IRPosInFunc": [
      100
    ],
    "SrcLoc": "src/sleep.c:145",
    "Type": "NEQ$@1$@2$!LE$@1$@2$"
  },
  "697": {
    "FuncName": "main",
    "IRPosInFunc": [
      100
    ],
    "SrcLoc": "src/sleep.c:145",
    "Type": "NEQ$@1$@2$!GE$@2$@1$"
  },
  "698": {
    "FuncName": "main",
    "IRPosInFunc": [
      98
    ],
    "SrcLoc": "src/sleep.c:145",
    "Type": "@!ABS$@$"
  },
  "699": {
    "FuncName": "main",
    "IRPosInFunc": [
      100
    ],
    "SrcLoc": "src/sleep.c:145",
    "Type": "@!ABS$@$"
  },
  "7": {
    "FuncName": "usage",
    "IRPosInFunc": [
      1
    ],
    "SrcLoc": "",
    "Type": "ASSIGN$V1$@2$!LT$V1$@2$"
  },
  "70": {
    "FuncName": "main",
    "IRPosInFunc": [
      8
    ],
    "SrcLoc": "",
    "Type": "STMT!TRAPSTMT"
  },
  "700": {
    "FuncName": "main",
    "IRPosInFunc": [
      100
    ],
    "SrcLoc": "src/sleep.c:145",
    "Type": "C!ADD$C$-1$"
  },
  "701": {
    "FuncName": "main",
    "IRPosInFunc": [
      100
    ],
    "SrcLoc": "src/sleep.c:145",
    "Type": "C!ADD$C$1$"
  },
  "702": {
    "FuncName": "main",
    "IRPosInFunc": [
      102,
      103,
      104
    ],
    "SrcLoc": "src/sleep.c:146",
    "Type": "STMT!TRAPSTMT"
  },
  "703": {
    "FuncName": "main",
    "IRPosInFunc": [
      102,
      103,
      104
    ],
    "SrcLoc": "src/sleep.c:146",
    "Type": "STMT!DELSTMT"
  },
  "704": {
    "FuncName": "main",
    "IRPosInFunc": [
      103
    ],
    "SrcLoc": "src/sleep.c:146",
    "Type": "@!ABS$@$"
  },
  "705": {
    "FuncName": "main",
    "IRPosInFunc": [
      104
    ],
    "SrcLoc": "src/sleep.c:146",
    "Type": "CALL!SHUFFLEARGS$2$"
  },
  "706": {
    "FuncName": "main",
    "IRPosInFunc": [
      105
    ],
    "SrcLoc": "src/sleep.c:146",
    "Type": "STMT!TRAPSTMT"
  },
  "707": {
    "FuncName": "main",
    "IRPosInFunc": [
      106
    ],
    "SrcLoc": "src/sleep.c:148",
    "Type": "STMT!TRAPSTMT"
  },
  "708": {
    "FuncName": "main",
    "IRPosInFunc": [
      106
    ],
    "SrcLoc": "src/sleep.c:148",
    "Type": "STMT!DELSTMT"
  },
  "709": {
    "FuncName": "apply_suffix",
    "IRPosInFunc": [
      4
    ],
    "SrcLoc": "",
    "Type": "STMT!TRAPSTMT"
  },
  "71": {
    "FuncName": "main",
    "IRPosInFunc": [
      8
    ],
    "SrcLoc": "",
    "Type": "STMT!DELSTMT"
  },
  "710": {
    "FuncName": "apply_suffix",
    "IRPosInFunc": [
      4
    ],
    "SrcLoc": "",
    "Type": "STMT!DELSTMT"
  },
  "711": {
    "FuncName": "apply_suffix",
    "IRPosInFunc": [
      6
    ],
    "SrcLoc": "",
    "Type": "STMT!TRAPSTMT"
  },
  "712": {
    "FuncName": "apply_suffix",
    "IRPosInFunc": [
      6
    ],
    "SrcLoc": "",
    "Type": "STMT!DELSTMT"
  },
  "713": {
    "FuncName": "apply_suffix",
    "IRPosInFunc": [
      6
    ],
    "SrcLoc": "",
    "Type": "ASSIGN$V1$@2$!LE$@2$V1$"
  },
  "733": {
    "FuncName": "apply_suffix",
    "IRPosInFunc": [
      9,
      10,
      11
    ],
    "SrcLoc": "src/sleep.c:73",
    "Type": "STMT!TRAPSTMT"
  },
  "734": {
    "FuncName": "apply_suffix",
    "IRPosInFunc": [
      11
    ],
    "SrcLoc": "src/sleep.c:73",
    "Type": "SWITCH!SHUFFLECASESDESTS$2$"
  },
  "735": {
    "FuncName": "apply_suffix",
    "IRPosInFunc": [
      11
    ],
    "SrcLoc": "src/sleep.c:73",
    "Type": "SWITCH!SHUFFLECASESDESTS$2$"
  },
  "736": {
    "FuncName": "apply_suffix",
    "IRPosInFunc": [
      11
    ],
    "SrcLoc": "src/sleep.c:73",
    "Type": "SWITCH!SHUFFLECASESDESTS$2$"
  },
  "737": {
    "FuncName": "apply_suffix",
    "IRPosInFunc": [
      11
    ],
    "SrcLoc": "src/sleep.c:73",
    "Type": "SWITCH!SHUFFLECASESDESTS$2$"
  },
  "738": {
    "FuncName": "apply_suffix",
    "IRPosInFunc": [
      11
    ],
    "SrcLoc": "src/sleep.c:73",
    "Type": "SWITCH!SHUFFLECASESDESTS$2$"
  },
  "739": {
    "FuncName": "apply_suffix",
    "IRPosInFunc": [
      11
    ],
    "SrcLoc": "src/sleep.c:73",
    "Type": "SWITCH!SHUFFLECASESDESTS$2$"
  },
  "740": {
    "FuncName": "apply_suffix",
    "IRPosInFunc": [
      11
    ],
    "SrcLoc": "src/sleep.c:73",
    "Type": "SWITCH!SHUFFLECASESDESTS$2$"
  },
  "741": {
    "FuncName": "apply_suffix",
    "IRPosInFunc": [
      11
    ],
    "SrcLoc": "src/sleep.c:73",
    "Type": "SWITCH!SHUFFLECASESDESTS$2$"
  },
  "742": {
    "FuncName": "apply_suffix",
    "IRPosInFunc": [
      11
    ],
    "SrcLoc": "src/sleep.c:73",
    "Type": "SWITCH!SHUFFLECASESDESTS$2$"
  },
  "743": {
    "FuncName": "apply_suffix",
    "IRPosInFunc": [
      11
    ],
    "SrcLoc": "src/sleep.c:73",
    "Type": "SWITCH!SHUFFLECASESDESTS$2$"
  },
  "744": {
    "FuncName": "apply_suffix",
    "IRPosInFunc": [
      11
    ],
    "SrcLoc": "src/sleep.c:73",
    "Type": "SWITCH!SHUFFLECASESDESTS$2$"
  },
  "745": {
    "FuncName": "apply_suffix",
    "IRPosInFunc": [
      11
    ],
    "SrcLoc": "src/sleep.c:73",
    "Type": "SWITCH!SHUFFLECASESDESTS$2$"
  },
  "746": {
    "FuncName": "apply_suffix",
    "IRPosInFunc": [
      11
    ],
    "SrcLoc": "src/sleep.c:73",
    "Type": "SWITCH!SHUFFLECASESDESTS$2$"
  },
  "747": {
    "FuncName": "apply_suffix",
    "IRPosInFunc": [
      11
    ],
    "SrcLoc": "src/sleep.c:73",
    "Type": "SWITCH!SHUFFLECASESDESTS$2$"
  },
  "748": {
    "FuncName": "apply_suffix",
    "IRPosInFunc": [
      11
    ],
    "SrcLoc": "src/sleep.c:73",
    "Type": "SWITCH!REMOVECASES$1$"
  },
  "749": {
    "FuncName": "apply_suffix",
    "IRPosInFunc": [
      11
    ],
    "SrcLoc": "src/sleep.c:73",
    "Type": "SWITCH!REMOVECASES$1$"
  },
  "750": {
    "FuncName": "apply_suffix",
    "IRPosInFunc": [
      11
    ],
    "SrcLoc": "src/sleep.c:73",
    "Type": "SWITCH!REMOVECASES$1$"
  },
  "751": {
    "FuncName": "apply_suffix",
    "IRPosInFunc": [
      11
    ],
    "SrcLoc": "src/sleep.c:73",
    "Type": "SWITCH!REMOVECASES$1$"
  },
  "752": {
    "FuncName": "apply_suffix",
    "IRPosInFunc": [
      11
    ],
    "SrcLoc": "src/sleep.c:73",
    "Type": "SWITCH!REMOVECASES$1$"
  },
  "753": {
    "FuncName": "apply_suffix",
    "IRPosInFunc": [
      9
    ],
    "SrcLoc": "src/sleep.c:73",
    "Type": "@!ABS$@$"
  },
  "754": {
    "FuncName": "apply_suffix",
    "IRPosInFunc": [
      10
    ],
    "SrcLoc": "src/sleep.c:73",
    "Type": "@!ABS$@$"
  },
  "755": {
    "FuncName": "apply_suffix",
    "IRPosInFunc": [
      12
    ],
    "SrcLoc": "src/sleep.c:77",
    "Type": "STMT!TRAPSTMT"
  },
  "756": {
    "FuncName": "apply_suffix",
    "IRPosInFunc": [
      12
    ],
    "SrcLoc": "src/sleep.c:77",
    "Type": "STMT!DELSTMT"
  },
  "761": {
    "FuncName": "apply_suffix",
    "IRPosInFunc": [
      12
    ],
    "SrcLoc": "src/sleep.c:77",
    "Type": "ASSIGN$V1$@2$!LT$@2$V1$"
  },
  "778": {
    "FuncName": "apply_suffix",
    "IRPosInFunc": [
      12
    ],
    "SrcLoc": "src/sleep.c:77",
    "Type": "C!CONSTVAL$0$"
  },
  "779": {
    "FuncName": "apply_suffix",
    "IRPosInFunc": [
      12
    ],
    "SrcLoc": "src/sleep.c:77",
    "Type": "C!ADD$C$1$"
  },
  "780": {
    "FuncName": "apply_suffix",
    "IRPosInFunc": [
      13
    ],
    "SrcLoc": "src/sleep.c:78",
    "Type": "STMT!TRAPSTMT"
  },
  "781": {
    "FuncName": "apply_suffix",
    "IRPosInFunc": [
      13
    ],
    "SrcLoc": "src/sleep.c:78",
    "Type": "STMT!DELSTMT"
  },
  "782": {
    "FuncName": "apply_suffix",
    "IRPosInFunc": [
      14
    ],
    "SrcLoc": "src/sleep.c:80",
    "Type": "STMT!TRAPSTMT"
  },
  "783": {
    "FuncName": "apply_suffix",
    "IRPosInFunc": [
      14
    ],
    "SrcLoc": "src/sleep.c:80",
    "Type": "STMT!DELSTMT"
  },
  "789": {
    "FuncName": "apply_suffix",
    "IRPosInFunc": [
      14
    ],
    "SrcLoc": "src/sleep.c:80",
    "Type": "ASSIGN$V1$@2$!NEQ$V1$@2$"
  },
  "80": {
    "FuncName": "main",
    "IRPosInFunc": [
      8
    ],
    "SrcLoc": "",
    "Type": "ASSIGN$V1$@2$!GE$@2$V1$"
  },
  "805": {
    "FuncName": "apply_suffix",
    "IRPosInFunc": [
      14
    ],
    "SrcLoc": "src/sleep.c:80",
    "Type": "C!CONSTVAL$0$"
  },
  "806": {
    "FuncName": "apply_suffix",
    "IRPosInFunc": [
      14
    ],
    "SrcLoc": "src/sleep.c:80",
    "Type": "C!ADD$C$-1$"
  },
  "807": {
    "FuncName": "apply_suffix",
    "IRPosInFunc": [
      14
    ],
    "SrcLoc": "src/sleep.c:80",
    "Type": "C!ADD$C$1$"
  },
  "808": {
    "FuncName": "apply_suffix",
    "IRPosInFunc": [
      15
    ],
    "SrcLoc": "src/sleep.c:81",
    "Type": "STMT!TRAPSTMT"
  },
  "809": {
    "FuncName": "apply_suffix",
    "IRPosInFunc": [
      15
    ],
    "SrcLoc": "src/sleep.c:81",
    "Type": "STMT!DELSTMT"
  },
  "810": {
    "FuncName": "apply_suffix",
    "IRPosInFunc": [
      16
    ],
    "SrcLoc": "src/sleep.c:83",
    "Type": "STMT!TRAPSTMT"
  },
  "811": {
    "FuncName": "apply_suffix",
    "IRPosInFunc": [
      16
    ],
    "SrcLoc": "src/sleep.c:83",
    "Type": "STMT!DELSTMT"
  },
  "824": {
    "FuncName": "apply_suffix",
    "IRPosInFunc": [
      16
    ],
    "SrcLoc": "src/sleep.c:83",
    "Type": "ASSIGN$V1$@2$!GT$V1$@2$"
  },
  "833": {
    "FuncName": "apply_suffix",
    "IRPosInFunc": [
      16
    ],
    "SrcLoc": "src/sleep.c:83",
    "Type": "C!CONSTVAL$0$"
  },
  "834": {
    "FuncName": "apply_suffix",
    "IRPosInFunc": [
      16
    ],
    "SrcLoc": "src/sleep.c:83",
    "Type": "C!ADD$C$-1$"
  },
  "835": {
    "FuncName": "apply_suffix",
    "IRPosInFunc": [
      16
    ],
    "SrcLoc": "src/sleep.c:83",
    "Type": "C!ADD$C$1$"
  },
  "836": {
    "FuncName": "apply_suffix",
    "IRPosInFunc": [
      17
    ],
    "SrcLoc": "src/sleep.c:84",
    "Type": "STMT!TRAPSTMT"
  },
  "837": {
    "FuncName": "apply_suffix",
    "IRPosInFunc": [
      17
    ],
    "SrcLoc": "src/sleep.c:84",
    "Type": "STMT!DELSTMT"
  },
  "838": {
    "FuncName": "apply_suffix",
    "IRPosInFunc": [
      18
    ],
    "SrcLoc": "src/sleep.c:86",
    "Type": "STMT!TRAPSTMT"
  },
  "839": {
    "FuncName": "apply_suffix",
    "IRPosInFunc": [
      18
    ],
    "SrcLoc": "src/sleep.c:86",
    "Type": "STMT!DELSTMT"
  },
  "844": {
    "FuncName": "apply_suffix",
    "IRPosInFunc": [
      18
    ],
    "SrcLoc": "src/sleep.c:86",
    "Type": "ASSIGN$V1$@2$!LT$@2$V1$"
  },
  "861": {
    "FuncName": "apply_suffix",
    "IRPosInFunc": [
      18
    ],
    "SrcLoc": "src/sleep.c:86",
    "Type": "C!CONSTVAL$0$"
  },
  "862": {
    "FuncName": "apply_suffix",
    "IRPosInFunc": [
      18
    ],
    "SrcLoc": "src/sleep.c:86",
    "Type": "C!ADD$C$-1$"
  },
  "863": {
    "FuncName": "apply_suffix",
    "IRPosInFunc": [
      18
    ],
    "SrcLoc": "src/sleep.c:86",
    "Type": "C!ADD$C$1$"
  },
  "864": {
    "FuncName": "apply_suffix",
    "IRPosInFunc": [
      19
    ],
    "SrcLoc": "src/sleep.c:87",
    "Type": "STMT!TRAPSTMT"
  },
  "865": {
    "FuncName": "apply_suffix",
    "IRPosInFunc": [
      19
    ],
    "SrcLoc": "src/sleep.c:87",
    "Type": "STMT!DELSTMT"
  },
  "866": {
    "FuncName": "apply_suffix",
    "IRPosInFunc": [
      20
    ],
    "SrcLoc": "src/sleep.c:89",
    "Type": "STMT!TRAPSTMT"
  },
  "867": {
    "FuncName": "apply_suffix",
    "IRPosInFunc": [
      20
    ],
    "SrcLoc": "src/sleep.c:89",
    "Type": "STMT!DELSTMT"
  },
  "868": {
    "FuncName": "apply_suffix",
    "IRPosInFunc": [
      20
    ],
    "SrcLoc": "src/sleep.c:89",
    "Type": "ASSIGN$V1$@2$!BITOR$V1$@2$"
  },
  "871": {
    "FuncName": "apply_suffix",
    "IRPosInFunc": [
      20
    ],
    "SrcLoc": "src/sleep.c:89",
    "Type": "C!ADD$C$-1$"
  },
  "872": {
    "FuncName": "apply_suffix",
    "IRPosInFunc": [
      21
    ],
    "SrcLoc": "src/sleep.c:89",
    "Type": "STMT!TRAPSTMT"
  },
  "873": {
    "FuncName": "apply_suffix",
    "IRPosInFunc": [
      21
    ],
    "SrcLoc": "src/sleep.c:89",
    "Type": "STMT!DELSTMT"
  },
  "874": {
    "FuncName": "apply_suffix",
    "IRPosInFunc": [
      22,
      23,
      24,
      25,
      26,
      27
    ],
    "SrcLoc": "src/sleep.c:92",
    "Type": "STMT!TRAPSTMT"
  },
  "875": {
    "FuncName": "apply_suffix",
    "IRPosInFunc": [
      22,
      23,
      24,
      25,
      26,
      27
    ],
    "SrcLoc": "src/sleep.c:92",
    "Type": "STMT!DELSTMT"
  },
  "876": {
    "FuncName": "apply_suffix",
    "IRPosInFunc": [
      26
    ],
    "SrcLoc": "src/sleep.c:92",
    "Type": "MUL$@1$@2$!GT$@2$@1$"
  },
  "877": {
    "FuncName": "apply_suffix",
    "IRPosInFunc": [
      26
    ],
    "SrcLoc": "src/sleep.c:92",
    "Type": "MUL$@1$@2$!DIV$@2$@1$"
  },
  "878": {
    "FuncName": "apply_suffix",
    "IRPosInFunc": [
      26
    ],
    "SrcLoc": "src/sleep.c:92",
    "Type": "MUL$@1$@2$!NEQ$@1$@2$"
  },
  "879": {
    "FuncName": "apply_suffix",
    "IRPosInFunc": [
      26
    ],
    "SrcLoc": "src/sleep.c:92",
    "Type": "MUL$@1$@2$!MOD$@1$@2$"
  },
  "880": {
    "FuncName": "apply_suffix",
    "IRPosInFunc": [
      26
    ],
    "SrcLoc": "src/sleep.c:92",
    "Type": "MUL$@1$@2$!GE$@1$@2$"
  },
  "881": {
    "FuncName": "apply_suffix",
    "IRPosInFunc": [
      26
    ],
    "SrcLoc": "src/sleep.c:92",
    "Type": "MUL$@1$@2$!LT$@2$@1$"
  },
  "882": {
    "FuncName": "apply_suffix",
    "IRPosInFunc": [
      26
    ],
    "SrcLoc": "src/sleep.c:92",
    "Type": "MUL$@1$@2$!OPERAND$@2$"
  },
  "883": {
    "FuncName": "apply_suffix",
    "IRPosInFunc": [
      26
    ],
    "SrcLoc": "src/sleep.c:92",
    "Type": "MUL$@1$@2$!GE$@2$@1$"
  },
  "884": {
    "FuncName": "apply_suffix",
    "IRPosInFunc": [
      26
    ],
    "SrcLoc": "src/sleep.c:92",
    "Type": "MUL$@1$@2$!ABS$@1$"
  },
  "885": {
    "FuncName": "apply_suffix",
    "IRPosInFunc": [
      26
    ],
    "SrcLoc": "src/sleep.c:92",
    "Type": "MUL$@1$@2$!SUB$@2$@1$"
  },
  "886": {
    "FuncName": "apply_suffix",
    "IRPosInFunc": [
      26
    ],
    "SrcLoc": "src/sleep.c:92",
    "Type": "MUL$@1$@2$!OPERAND$@1$"
  },
  "887": {
    "FuncName": "apply_suffix",
    "IRPosInFunc": [
      26
    ],
    "SrcLoc": "src/sleep.c:92",
    "Type": "MUL$@1$@2$!ADD$@1$@2$"
  },
  "89": {
    "FuncName": "main",
    "IRPosInFunc": [
      8
    ],
    "SrcLoc": "",
    "Type": "C!ADD$C$-1$"
  },
  "890": {
    "FuncName": "apply_suffix",
    "IRPosInFunc": [
      26
    ],
    "SrcLoc": "src/sleep.c:92",
    "Type": "MUL$@1$@2$!MOD$@2$@1$"
  },
  "891": {
    "FuncName": "apply_suffix",
    "IRPosInFunc": [
      26
    ],
    "SrcLoc": "src/sleep.c:92",
    "Type": "MUL$@1$@2$!NEG$@2$"
  },
  "892": {
    "FuncName": "apply_suffix",
    "IRPosInFunc": [
      26
    ],
    "SrcLoc": "src/sleep.c:92",
    "Type": "MUL$@1$@2$!DIV$@1$@2$"
  },
  "895": {
    "FuncName": "apply_suffix",
    "IRPosInFunc": [
      26
    ],
    "SrcLoc": "src/sleep.c:92",
    "Type": "MUL$@1$@2$!CONSTVAL$1$"
  },
  "896": {
    "FuncName": "apply_suffix",
    "IRPosInFunc": [
      26
    ],
    "SrcLoc": "src/sleep.c:92",
    "Type": "MUL$@1$@2$!EQ$@1$@2$"
  },
  "897": {
    "FuncName": "apply_suffix",
    "IRPosInFunc": [
      26
    ],
    "SrcLoc": "src/sleep.c:92",
    "Type": "MUL$@1$@2$!CONSTVAL$0$"
  },
  "898": {
    "FuncName": "apply_suffix",
    "IRPosInFunc": [
      26
    ],
    "SrcLoc": "src/sleep.c:92",
    "Type": "MUL$@1$@2$!NEG$@1$"
  },
  "899": {
    "FuncName": "apply_suffix",
    "IRPosInFunc": [
      26
    ],
    "SrcLoc": "src/sleep.c:92",
    "Type": "MUL$@1$@2$!ABS$@2$"
  },
  "90": {
    "FuncName": "main",
    "IRPosInFunc": [
      8
    ],
    "SrcLoc": "",
    "Type": "C!ADD$C$1$"
  },
  "900": {
    "FuncName": "apply_suffix",
    "IRPosInFunc": [
      26
    ],
    "SrcLoc": "src/sleep.c:92",
    "Type": "MUL$@1$@2$!SUB$@1$@2$"
  },
  "901": {
    "FuncName": "apply_suffix",
    "IRPosInFunc": [
      26
    ],
    "SrcLoc": "src/sleep.c:92",
    "Type": "MUL$@1$@2$!GT$@2$@1$"
  },
  "902": {
    "FuncName": "apply_suffix",
    "IRPosInFunc": [
      26
    ],
    "SrcLoc": "src/sleep.c:92",
    "Type": "MUL$@1$@2$!NEQ$@1$@2$"
  },
  "903": {
    "FuncName": "apply_suffix",
    "IRPosInFunc": [
      26
    ],
    "SrcLoc": "src/sleep.c:92",
    "Type": "MUL$@1$@2$!GE$@1$@2$"
  },
  "904": {
    "FuncName": "apply_suffix",
    "IRPosInFunc": [
      26
    ],
    "SrcLoc": "src/sleep.c:92",
    "Type": "MUL$@1$@2$!LT$@2$@1$"
  },
  "905": {
    "FuncName": "apply_suffix",
    "IRPosInFunc": [
      26
    ],
    "SrcLoc": "src/sleep.c:92",
    "Type": "MUL$@1$@2$!GE$@2$@1$"
  },
  "91": {
    "FuncName": "main",
    "IRPosInFunc": [
      9
    ],
    "SrcLoc": "",
    "Type": "STMT!TRAPSTMT"
  },
  "910": {
    "FuncName": "apply_suffix",
    "IRPosInFunc": [
      26
    ],
    "SrcLoc": "src/sleep.c:92",
    "Type": "MUL$@1$@2$!EQ$@1$@2$"
  },
  "911": {
    "FuncName": "apply_suffix",
    "IRPosInFunc": [
      26
    ],
    "SrcLoc": "src/sleep.c:92",
    "Type": "MUL$@1$V2$!ASSIGN$V2$@1$"
  },
  "936": {
    "FuncName": "apply_suffix",
    "IRPosInFunc": [
      23
    ],
    "SrcLoc": "src/sleep.c:92",
    "Type": "@!ABS$@$"
  },
  "937": {
    "FuncName": "apply_suffix",
    "IRPosInFunc": [
      25
    ],
    "SrcLoc": "src/sleep.c:92",
    "Type": "@!ABS$@$"
  },
  "938": {
    "FuncName": "apply_suffix",
    "IRPosInFunc": [
      26
    ],
    "SrcLoc": "src/sleep.c:92",
    "Type": "@!ABS$@$"
  },
  "939": {
    "FuncName": "apply_suffix",
    "IRPosInFunc": [
      22
    ],
    "SrcLoc": "src/sleep.c:92",
    "Type": "@!ABS$@$"
  },
  "940": {
    "FuncName": "apply_suffix",
    "IRPosInFunc": [
      28
    ],
    "SrcLoc": "src/sleep.c:94",
    "Type": "STMT!TRAPSTMT"
  },
  "943": {
    "FuncName": "apply_suffix",
    "IRPosInFunc": [
      28
    ],
    "SrcLoc": "src/sleep.c:94",
    "Type": "ASSIGN$V1$@2$!ABS$V1$"
  },
  "944": {
    "FuncName": "apply_suffix",
    "IRPosInFunc": [
      28
    ],
    "SrcLoc": "src/sleep.c:94",
    "Type": "C!CONSTVAL$0$"
  },
  "945": {
    "FuncName": "apply_suffix",
    "IRPosInFunc": [
      29
    ],
    "SrcLoc": "src/sleep.c:94",
    "Type": "STMT!TRAPSTMT"
  },
  "946": {
    "FuncName": "apply_suffix",
    "IRPosInFunc": [
      30,
      31
    ],
    "SrcLoc": "src/sleep.c:95",
    "Type": "STMT!TRAPSTMT"
  },
  "947": {
    "FuncName": "apply_suffix",
    "IRPosInFunc": [
      31
    ],
    "SrcLoc": "src/sleep.c:95",
    "Type": "STMT!DELSTMT"
  },
  "948": {
    "FuncName": "apply_suffix",
    "IRPosInFunc": [
      30
    ],
    "SrcLoc": "src/sleep.c:95",
    "Type": "@!ABS$@$"
  }
}