{"1127":{"EquivalenDuplicateOf":"1121","FuncName":"list_entries_users","IRPosInFunc":[103],"SrcLoc":"src/users.c:78","Type":"A!CONSTVAL$0$"},"1128":{"EquivalenDuplicateOf":"1119","FuncName":"list_entries_users","IRPosInFunc":[102],"SrcLoc":"src/users.c:76","Type":"RETURN_BREAK_CONTINUE!DELSTMT"},"1129":{"EquivalenDuplicateOf":"1088","FuncName":"list_entries_users","IRPosInFunc":[100],"SrcLoc":"src/users.c:76","Type":"ADD$@1$@2$!MOD$@1$@2$"},"1130":{"EquivalenDuplicateOf":"1075","FuncName":"list_entries_users","IRPosInFunc":[100],"SrcLoc":"src/users.c:76","Type":"ADD$@1$@2$!DIV$@1$@2$"},"1131":{"EquivalenDuplicateOf":"1077","FuncName":"list_entries_users","IRPosInFunc":[100],"SrcLoc":"src/users.c:76","Type":"ADD$@1$@2$!CONSTVAL$1$"},"1132":{"EquivalenDuplicateOf":"1077","FuncName":"list_entries_users","IRPosInFunc":[100],"SrcLoc":"src/users.c:76","Type":"ADD$@1$@2$!ABS$@2$"},"1133":{"EquivalenDuplicateOf":"1075","FuncName":"list_entries_users","IRPosInFunc":[100],"SrcLoc":"src/users.c:76","Type":"ADD$@1$@2$!MUL$@1$@2$"},"1134":{"EquivalenDuplicateOf":"1075","FuncName":"list_entries_users","IRPosInFunc":[100],"SrcLoc":"src/users.c:76","Type":"ADD$@1$@2$!DIV$@1$@2$"},"1135":{"EquivalenDuplicateOf":"1075","FuncName":"list_entries_users","IRPosInFunc":[100],"SrcLoc":"src/users.c:76","Type":"ADD$@1$@2$!OPERAND$@1$"},"1136":{"EquivalenDuplicateOf":"1077","FuncName":"list_entries_users","IRPosInFunc":[100],"SrcLoc":"src/users.c:76","Type":"ADD$@1$@2$!OPERAND$@2$"},"1137":{"EquivalenDuplicateOf":"1075","FuncName":"list_entries_users","IRPosInFunc":[100],"SrcLoc":"src/users.c:76","Type":"C!ADD$C$-1$"},"1138":{"EquivalenDuplicateOf":"1053","FuncName":"list_entries_users","IRPosInFunc":[101],"SrcLoc":"src/users.c:76","Type":"ASSIGN$V1$@2$!DIV$@2$V1$"},"1139":{"EquivalenDuplicateOf":"1053","FuncName":"list_entries_users","IRPosInFunc":[101],"SrcLoc":"src/users.c:76","Type":"ASSIGN$V1$@2$!MOD$V1$@2$"},"1140":{"EquivalenDuplicateOf":"1053","FuncName":"list_entries_users","IRPosInFunc":[101],"SrcLoc":"src/users.c:76","Type":"ASSIGN$V1$@2$!BITSHR$@2$V1$"},"1141":{"EquivalenDuplicateOf":"1053","FuncName":"list_entries_users","IRPosInFunc":[101],"SrcLoc":"src/users.c:76","Type":"ASSIGN$V1$@2$!DIV$V1$@2$"},"1142":{"EquivalenDuplicateOf":"1053","FuncName":"list_entries_users","IRPosInFunc":[101],"SrcLoc":"src/users.c:76","Type":"ASSIGN$V1$@2$!BITSHR$V1$@2$"},"1143":{"EquivalenDuplicateOf":"1053","FuncName":"list_entries_users","IRPosInFunc":[101],"SrcLoc":"src/users.c:76","Type":"ASSIGN$V1$@2$!MOD$@2$V1$"},"1144":{"EquivalenDuplicateOf":"1053","FuncName":"list_entries_users","IRPosInFunc":[101],"SrcLoc":"src/users.c:76","Type":"ASSIGN$V1$@2$!DIV$@2$V1$"},"1145":{"EquivalenDuplicateOf":"1053","FuncName":"list_entries_users","IRPosInFunc":[101],"SrcLoc":"src/users.c:76","Type":"ASSIGN$V1$@2$!BITNOT$@2$"},"1146":{"EquivalenDuplicateOf":"1054","FuncName":"list_entries_users","IRPosInFunc":[101],"SrcLoc":"src/users.c:76","Type":"ASSIGN$V1$@2$!OPERAND$@2$"},"1147":{"EquivalenDuplicateOf":"1053","FuncName":"list_entries_users","IRPosInFunc":[101],"SrcLoc":"src/users.c:76","Type":"ASSIGN$V1$@2$!MOD$V1$@2$"},"1148":{"EquivalenDuplicateOf":"1053","FuncName":"list_entries_users","IRPosInFunc":[101],"SrcLoc":"src/users.c:76","Type":"ASSIGN$V1$@2$!BITSHR$@2$V1$"},"1149":{"EquivalenDuplicateOf":"1053","FuncName":"list_entries_users","IRPosInFunc":[101],"SrcLoc":"src/users.c:76","Type":"ASSIGN$V1$@2$!SUB$V1$@2$"},"1150":{"EquivalenDuplicateOf":"1053","FuncName":"list_entries_users","IRPosInFunc":[101],"SrcLoc":"src/users.c:76","Type":"ASSIGN$V1$@2$!SUB$@2$V1$"},"1151":{"EquivalenDuplicateOf":"1053","FuncName":"list_entries_users","IRPosInFunc":[101],"SrcLoc":"src/users.c:76","Type":"ASSIGN$V1$@2$!DIV$V1$@2$"},"1152":{"EquivalenDuplicateOf":"1053","FuncName":"list_entries_users","IRPosInFunc":[101],"SrcLoc":"src/users.c:76","Type":"ASSIGN$V1$@2$!MUL$V1$@2$"},"1153":{"EquivalenDuplicateOf":"1053","FuncName":"list_entries_users","IRPosInFunc":[101],"SrcLoc":"src/users.c:76","Type":"ASSIGN$V1$@2$!BITSHR$V1$@2$"},"1154":{"EquivalenDuplicateOf":"1053","FuncName":"list_entries_users","IRPosInFunc":[101],"SrcLoc":"src/users.c:76","Type":"ASSIGN$V1$@2$!EQ$V1$@2$"},"1155":{"EquivalenDuplicateOf":"1054","FuncName":"list_entries_users","IRPosInFunc":[101],"SrcLoc":"src/users.c:76","Type":"ASSIGN$V1$@2$!CONSTVAL$0$"},"1156":{"EquivalenDuplicateOf":"1054","FuncName":"list_entries_users","IRPosInFunc":[101],"SrcLoc":"src/users.c:76","Type":"ASSIGN$V1$@2$!NEG$V1$"},"1157":{"EquivalenDuplicateOf":"1053","FuncName":"list_entries_users","IRPosInFunc":[101],"SrcLoc":"src/users.c:76","Type":"ASSIGN$V1$@2$!BITXOR$V1$@2$"},"1158":{"EquivalenDuplicateOf":"1054","FuncName":"list_entries_users","IRPosInFunc":[101],"SrcLoc":"src/users.c:76","Type":"ASSIGN$V1$@2$!CONSTVAL$1$"},"1159":{"EquivalenDuplicateOf":"1053","FuncName":"list_entries_users","IRPosInFunc":[101],"SrcLoc":"src/users.c:76","Type":"ASSIGN$V1$@2$!NEQ$V1$@2$"},"1160":{"EquivalenDuplicateOf":"1053","FuncName":"list_entries_users","IRPosInFunc":[101],"SrcLoc":"src/users.c:76","Type":"ASSIGN$V1$@2$!BITSHL$V1$@2$"},"1161":{"EquivalenDuplicateOf":"1053","FuncName":"list_entries_users","IRPosInFunc":[101],"SrcLoc":"src/users.c:76","Type":"ASSIGN$V1$@2$!BITSHL$@2$V1$"},"1162":{"EquivalenDuplicateOf":"1053","FuncName":"list_entries_users","IRPosInFunc":[101],"SrcLoc":"src/users.c:76","Type":"ASSIGN$V1$@2$!BITAND$V1$@2$"},"1163":{"EquivalenDuplicateOf":"1053","FuncName":"list_entries_users","IRPosInFunc":[101],"SrcLoc":"src/users.c:76","Type":"ASSIGN$V1$@2$!NEG$@2$"},"1164":{"EquivalenDuplicateOf":"1054","FuncName":"list_entries_users","IRPosInFunc":[101],"SrcLoc":"src/users.c:76","Type":"ASSIGN$V1$@2$!BITNOT$V1$"},"1165":{"EquivalenDuplicateOf":"1053","FuncName":"list_entries_users","IRPosInFunc":[101],"SrcLoc":"src/users.c:76","Type":"ASSIGN$V1$@2$!ADD$V1$@2$"},"1166":{"EquivalenDuplicateOf":"1053","FuncName":"list_entries_users","IRPosInFunc":[101],"SrcLoc":"src/users.c:76","Type":"ASSIGN$V1$@2$!MOD$@2$V1$"},"1167":{"EquivalenDuplicateOf":"1051","FuncName":"list_entries_users","IRPosInFunc":[99,100,101],"SrcLoc":"src/users.c:76","Type":"STMT!TRAPSTMT"},"1168":{"EquivalenDuplicateOf":"990","FuncName":"list_entries_users","IRPosInFunc":[89,90,91,92],"SrcLoc":"src/users.c:76","Type":"STMT!TRAPSTMT"},"1169":{"EquivalenDuplicateOf":"972","FuncName":"list_entries_users","IRPosInFunc":[87],"SrcLoc":"src/users.c:76","Type":"ASSIGN$V1$@2$!DIV$@2$V1$"},"1170":{"EquivalenDuplicateOf":"972","FuncName":"list_entries_users","IRPosInFunc":[87],"SrcLoc":"src/users.c:76","Type":"ASSIGN$V1$@2$!GT$@2$V1$"},"1171":{"EquivalenDuplicateOf":"972","FuncName":"list_entries_users","IRPosInFunc":[87],"SrcLoc":"src/users.c:76","Type":"ASSIGN$V1$@2$!MOD$V1$@2$"},"1172":{"EquivalenDuplicateOf":"972","FuncName":"list_entries_users","IRPosInFunc":[87],"SrcLoc":"src/users.c:76","Type":"ASSIGN$V1$@2$!BITSHR$@2$V1$"},"1173":{"EquivalenDuplicateOf":"972","FuncName":"list_entries_users","IRPosInFunc":[87],"SrcLoc":"src/users.c:76","Type":"ASSIGN$V1$@2$!GE$V1$@2$"},"1174":{"EquivalenDuplicateOf":"972","FuncName":"list_entries_users","IRPosInFunc":[87],"SrcLoc":"src/users.c:76","Type":"ASSIGN$V1$@2$!DIV$V1$@2$"},"1175":{"EquivalenDuplicateOf":"972","FuncName":"list_entries_users","IRPosInFunc":[87],"SrcLoc":"src/users.c:76","Type":"ASSIGN$V1$@2$!BITSHR$V1$@2$"},"1176":{"EquivalenDuplicateOf":"972","FuncName":"list_entries_users","IRPosInFunc":[87],"SrcLoc":"src/users.c:76","Type":"ASSIGN$V1$@2$!LT$V1$@2$"},"1177":{"EquivalenDuplicateOf":"972","FuncName":"list_entries_users","IRPosInFunc":[87],"SrcLoc":"src/users.c:76","Type":"ASSIGN$V1$@2$!LE$@2$V1$"},"1178":{"EquivalenDuplicateOf":"972","FuncName":"list_entries_users","IRPosInFunc":[87],"SrcLoc":"src/users.c:76","Type":"ASSIGN$V1$@2$!MOD$@2$V1$"},"1179":{"EquivalenDuplicateOf":"972","FuncName":"list_entries_users","IRPosInFunc":[87],"SrcLoc":"src/users.c:76","Type":"ASSIGN$V1$@2$!DIV$@2$V1$"},"1180":{"EquivalenDuplicateOf":"971","FuncName":"list_entries_users","IRPosInFunc":[87],"SrcLoc":"src/users.c:76","Type":"ASSIGN$V1$@2$!BITNOT$@2$"},"1181":{"EquivalenDuplicateOf":"971","FuncName":"list_entries_users","IRPosInFunc":[87],"SrcLoc":"src/users.c:76","Type":"ASSIGN$V1$@2$!OPERAND$@2$"},"1182":{"EquivalenDuplicateOf":"972","FuncName":"list_entries_users","IRPosInFunc":[87],"SrcLoc":"src/users.c:76","Type":"ASSIGN$V1$@2$!MOD$V1$@2$"},"1183":{"EquivalenDuplicateOf":"972","FuncName":"list_entries_users","IRPosInFunc":[87],"SrcLoc":"src/users.c:76","Type":"ASSIGN$V1$@2$!BITSHR$@2$V1$"},"1184":{"EquivalenDuplicateOf":"972","FuncName":"list_entries_users","IRPosInFunc":[87],"SrcLoc":"src/users.c:76","Type":"ASSIGN$V1$@2$!SUB$V1$@2$"},"1185":{"EquivalenDuplicateOf":"972","FuncName":"list_entries_users","IRPosInFunc":[87],"SrcLoc":"src/users.c:76","Type":"ASSIGN$V1$@2$!SUB$@2$V1$"},"1186":{"EquivalenDuplicateOf":"971","FuncName":"list_entries_users","IRPosInFunc":[87],"SrcLoc":"src/users.c:76","Type":"ASSIGN$V1$@2$!ABS$@2$"},"1187":{"EquivalenDuplicateOf":"972","FuncName":"list_entries_users","IRPosInFunc":[87],"SrcLoc":"src/users.c:76","Type":"ASSIGN$V1$@2$!DIV$V1$@2$"},"1188":{"EquivalenDuplicateOf":"972","FuncName":"list_entries_users","IRPosInFunc":[87],"SrcLoc":"src/users.c:76","Type":"ASSIGN$V1$@2$!MUL$V1$@2$"},"1189":{"EquivalenDuplicateOf":"972","FuncName":"list_entries_users","IRPosInFunc":[87],"SrcLoc":"src/users.c:76","Type":"ASSIGN$V1$@2$!BITSHR$V1$@2$"},"1190":{"EquivalenDuplicateOf":"971","FuncName":"list_entries_users","IRPosInFunc":[87],"SrcLoc":"src/users.c:76","Type":"ASSIGN$V1$@2$!CONSTVAL$0$"},"1191":{"EquivalenDuplicateOf":"972","FuncName":"list_entries_users","IRPosInFunc":[87],"SrcLoc":"src/users.c:76","Type":"ASSIGN$V1$@2$!NEG$V1$"},"1192":{"EquivalenDuplicateOf":"972","FuncName":"list_entries_users","IRPosInFunc":[87],"SrcLoc":"src/users.c:76","Type":"ASSIGN$V1$@2$!BITXOR$V1$@2$"},"1193":{"EquivalenDuplicateOf":"971","FuncName":"list_entries_users","IRPosInFunc":[87],"SrcLoc":"src/users.c:76","Type":"ASSIGN$V1$@2$!CONSTVAL$1$"},"1194":{"EquivalenDuplicateOf":"972","FuncName":"list_entries_users","IRPosInFunc":[87],"SrcLoc":"src/users.c:76","Type":"ASSIGN$V1$@2$!BITSHL$V1$@2$"},"1195":{"EquivalenDuplicateOf":"972","FuncName":"list_entries_users","IRPosInFunc":[87],"SrcLoc":"src/users.c:76","Type":"ASSIGN$V1$@2$!BITSHL$@2$V1$"},"1196":{"EquivalenDuplicateOf":"972","FuncName":"list_entries_users","IRPosInFunc":[87],"SrcLoc":"src/users.c:76","Type":"ASSIGN$V1$@2$!BITAND$V1$@2$"},"1197":{"EquivalenDuplicateOf":"971","FuncName":"list_entries_users","IRPosInFunc":[87],"SrcLoc":"src/users.c:76","Type":"ASSIGN$V1$@2$!NEG$@2$"},"1198":{"EquivalenDuplicateOf":"972","FuncName":"list_entries_users","IRPosInFunc":[87],"SrcLoc":"src/users.c:76","Type":"ASSIGN$V1$@2$!BITNOT$V1$"},"1199":{"EquivalenDuplicateOf":"972","FuncName":"list_entries_users","IRPosInFunc":[87],"SrcLoc":"src/users.c:76","Type":"ASSIGN$V1$@2$!ADD$V1$@2$"},"1200":{"EquivalenDuplicateOf":"971","FuncName":"list_entries_users","IRPosInFunc":[87],"SrcLoc":"src/users.c:76","Type":"ASSIGN$V1$@2$!OPERAND$V1$"},"1201":{"EquivalenDuplicateOf":"971","FuncName":"list_entries_users","IRPosInFunc":[87],"SrcLoc":"src/users.c:76","Type":"ASSIGN$V1$@2$!BITOR$V1$@2$"},"1202":{"EquivalenDuplicateOf":"969","FuncName":"list_entries_users","IRPosInFunc":[86],"SrcLoc":"src/users.c:69","Type":"RETURN_BREAK_CONTINUE!DELSTMT"},"1203":{"EquivalenDuplicateOf":"938","FuncName":"list_entries_users","IRPosInFunc":[84],"SrcLoc":"src/users.c:69","Type":"ADD$@1$@2$!MOD$@1$@2$"},"1204":{"EquivalenDuplicateOf":"925","FuncName":"list_entries_users","IRPosInFunc":[84],"SrcLoc":"src/users.c:69","Type":"ADD$@1$@2$!DIV$@1$@2$"},"1205":{"EquivalenDuplicateOf":"927","FuncName":"list_entries_users","IRPosInFunc":[84],"SrcLoc":"src/users.c:69","Type":"ADD$@1$@2$!CONSTVAL$1$"},"1206":{"EquivalenDuplicateOf":"927","FuncName":"list_entries_users","IRPosInFunc":[84],"SrcLoc":"src/users.c:69","Type":"ADD$@1$@2$!ABS$@2$"},"1207":{"EquivalenDuplicateOf":"925","FuncName":"list_entries_users","IRPosInFunc":[84],"SrcLoc":"src/users.c:69","Type":"ADD$@1$@2$!MUL$@1$@2$"},"1208":{"EquivalenDuplicateOf":"925","FuncName":"list_entries_users","IRPosInFunc":[84],"SrcLoc":"src/users.c:69","Type":"ADD$@1$@2$!DIV$@1$@2$"},"1209":{"EquivalenDuplicateOf":"925","FuncName":"list_entries_users","IRPosInFunc":[84],"SrcLoc":"src/users.c:69","Type":"ADD$@1$@2$!OPERAND$@1$"},"1210":{"EquivalenDuplicateOf":"927","FuncName":"list_entries_users","IRPosInFunc":[84],"SrcLoc":"src/users.c:69","Type":"ADD$@1$@2$!OPERAND$@2$"},"1211":{"EquivalenDuplicateOf":"925","FuncName":"list_entries_users","IRPosInFunc":[84],"SrcLoc":"src/users.c:69","Type":"C!ADD$C$-1$"},"1212":{"EquivalenDuplicateOf":"903","FuncName":"list_entries_users","IRPosInFunc":[85],"SrcLoc":"src/users.c:69","Type":"ASSIGN$V1$@2$!DIV$@2$V1$"},"1213":{"EquivalenDuplicateOf":"903","FuncName":"list_entries_users","IRPosInFunc":[85],"SrcLoc":"src/users.c:69","Type":"ASSIGN$V1$@2$!MOD$V1$@2$"},"1214":{"EquivalenDuplicateOf":"903","FuncName":"list_entries_users","IRPosInFunc":[85],"SrcLoc":"src/users.c:69","Type":"ASSIGN$V1$@2$!BITSHR$@2$V1$"},"1215":{"EquivalenDuplicateOf":"903","FuncName":"list_entries_users","IRPosInFunc":[85],"SrcLoc":"src/users.c:69","Type":"ASSIGN$V1$@2$!DIV$V1$@2$"},"1216":{"EquivalenDuplicateOf":"903","FuncName":"list_entries_users","IRPosInFunc":[85],"SrcLoc":"src/users.c:69","Type":"ASSIGN$V1$@2$!BITSHR$V1$@2$"},"1217":{"EquivalenDuplicateOf":"903","FuncName":"list_entries_users","IRPosInFunc":[85],"SrcLoc":"src/users.c:69","Type":"ASSIGN$V1$@2$!MOD$@2$V1$"},"1218":{"EquivalenDuplicateOf":"903","FuncName":"list_entries_users","IRPosInFunc":[85],"SrcLoc":"src/users.c:69","Type":"ASSIGN$V1$@2$!DIV$@2$V1$"},"1219":{"EquivalenDuplicateOf":"903","FuncName":"list_entries_users","IRPosInFunc":[85],"SrcLoc":"src/users.c:69","Type":"ASSIGN$V1$@2$!BITNOT$@2$"},"1220":{"EquivalenDuplicateOf":"904","FuncName":"list_entries_users","IRPosInFunc":[85],"SrcLoc":"src/users.c:69","Type":"ASSIGN$V1$@2$!OPERAND$@2$"},"1221":{"EquivalenDuplicateOf":"903","FuncName":"list_entries_users","IRPosInFunc":[85],"SrcLoc":"src/users.c:69","Type":"ASSIGN$V1$@2$!MOD$V1$@2$"},"1222":{"EquivalenDuplicateOf":"903","FuncName":"list_entries_users","IRPosInFunc":[85],"SrcLoc":"src/users.c:69","Type":"ASSIGN$V1$@2$!BITSHR$@2$V1$"},"1223":{"EquivalenDuplicateOf":"903","FuncName":"list_entries_users","IRPosInFunc":[85],"SrcLoc":"src/users.c:69","Type":"ASSIGN$V1$@2$!SUB$V1$@2$"},"1224":{"EquivalenDuplicateOf":"903","FuncName":"list_entries_users","IRPosInFunc":[85],"SrcLoc":"src/users.c:69","Type":"ASSIGN$V1$@2$!SUB$@2$V1$"},"1225":{"EquivalenDuplicateOf":"903","FuncName":"list_entries_users","IRPosInFunc":[85],"SrcLoc":"src/users.c:69","Type":"ASSIGN$V1$@2$!DIV$V1$@2$"},"1226":{"EquivalenDuplicateOf":"903","FuncName":"list_entries_users","IRPosInFunc":[85],"SrcLoc":"src/users.c:69","Type":"ASSIGN$V1$@2$!MUL$V1$@2$"},"1227":{"EquivalenDuplicateOf":"903","FuncName":"list_entries_users","IRPosInFunc":[85],"SrcLoc":"src/users.c:69","Type":"ASSIGN$V1$@2$!BITSHR$V1$@2$"},"1228":{"EquivalenDuplicateOf":"903","FuncName":"list_entries_users","IRPosInFunc":[85],"SrcLoc":"src/users.c:69","Type":"ASSIGN$V1$@2$!EQ$V1$@2$"},"1229":{"EquivalenDuplicateOf":"904","FuncName":"list_entries_users","IRPosInFunc":[85],"SrcLoc":"src/users.c:69","Type":"ASSIGN$V1$@2$!CONSTVAL$0$"},"1230":{"EquivalenDuplicateOf":"904","FuncName":"list_entries_users","IRPosInFunc":[85],"SrcLoc":"src/users.c:69","Type":"ASSIGN$V1$@2$!NEG$V1$"},"1231":{"EquivalenDuplicateOf":"903","FuncName":"list_entries_users","IRPosInFunc":[85],"SrcLoc":"src/users.c:69","Type":"ASSIGN$V1$@2$!BITXOR$V1$@2$"},"1232":{"EquivalenDuplicateOf":"904","FuncName":"list_entries_users","IRPosInFunc":[85],"SrcLoc":"src/users.c:69","Type":"ASSIGN$V1$@2$!CONSTVAL$1$"},"1233":{"EquivalenDuplicateOf":"903","FuncName":"list_entries_users","IRPosInFunc":[85],"SrcLoc":"src/users.c:69","Type":"ASSIGN$V1$@2$!NEQ$V1$@2$"},"1234":{"EquivalenDuplicateOf":"903","FuncName":"list_entries_users","IRPosInFunc":[85],"SrcLoc":"src/users.c:69","Type":"ASSIGN$V1$@2$!BITSHL$V1$@2$"},"1235":{"EquivalenDuplicateOf":"903","FuncName":"list_entries_users","IRPosInFunc":[85],"SrcLoc":"src/users.c:69","Type":"ASSIGN$V1$@2$!BITSHL$@2$V1$"},"1236":{"EquivalenDuplicateOf":"903","FuncName":"list_entries_users","IRPosInFunc":[85],"SrcLoc":"src/users.c:69","Type":"ASSIGN$V1$@2$!BITAND$V1$@2$"},"1237":{"EquivalenDuplicateOf":"903","FuncName":"list_entries_users","IRPosInFunc":[85],"SrcLoc":"src/users.c:69","Type":"ASSIGN$V1$@2$!NEG$@2$"},"1238":{"EquivalenDuplicateOf":"904","FuncName":"list_entries_users","IRPosInFunc":[85],"SrcLoc":"src/users.c:69","Type":"ASSIGN$V1$@2$!BITNOT$V1$"},"1239":{"EquivalenDuplicateOf":"903","FuncName":"list_entries_users","IRPosInFunc":[85],"SrcLoc":"src/users.c:69","Type":"ASSIGN$V1$@2$!ADD$V1$@2$"},"1240":{"EquivalenDuplicateOf":"903","FuncName":"list_entries_users","IRPosInFunc":[85],"SrcLoc":"src/users.c:69","Type":"ASSIGN$V1$@2$!MOD$@2$V1$"},"1241":{"EquivalenDuplicateOf":"901","FuncName":"list_entries_users","IRPosInFunc":[83,84,85],"SrcLoc":"src/users.c:69","Type":"STMT!TRAPSTMT"},"1242":{"EquivalenDuplicateOf":"766","FuncName":"list_entries_users","IRPosInFunc":[69],"SrcLoc":"src/users.c:71","Type":"LT$@1$@2$!CONSTVAL$0$"},"1243":{"EquivalenDuplicateOf":"760","FuncName":"list_entries_users","IRPosInFunc":[68],"SrcLoc":"src/users.c:71","Type":"C!ADD$C$-1$"},"1244":{"EquivalenDuplicateOf":"760","FuncName":"list_entries_users","IRPosInFunc":[68],"SrcLoc":"src/users.c:71","Type":"C!CONSTVAL$0$"},"1245":{"EquivalenDuplicateOf":"803","FuncName":"list_entries_users","IRPosInFunc":[72],"SrcLoc":"src/users.c:71","Type":"ASSIGN$V1$@2$!DIV$@2$V1$"},"1246":{"EquivalenDuplicateOf":"803","FuncName":"list_entries_users","IRPosInFunc":[72],"SrcLoc":"src/users.c:71","Type":"ASSIGN$V1$@2$!MOD$V1$@2$"},"1247":{"EquivalenDuplicateOf":"803","FuncName":"list_entries_users","IRPosInFunc":[72],"SrcLoc":"src/users.c:71","Type":"ASSIGN$V1$@2$!BITSHR$@2$V1$"},"1248":{"EquivalenDuplicateOf":"803","FuncName":"list_entries_users","IRPosInFunc":[72],"SrcLoc":"src/users.c:71","Type":"ASSIGN$V1$@2$!DIV$V1$@2$"},"1249":{"EquivalenDuplicateOf":"803","FuncName":"list_entries_users","IRPosInFunc":[72],"SrcLoc":"src/users.c:71","Type":"ASSIGN$V1$@2$!BITSHR$V1$@2$"},"1250":{"EquivalenDuplicateOf":"803","FuncName":"list_entries_users","IRPosInFunc":[72],"SrcLoc":"src/users.c:71","Type":"ASSIGN$V1$@2$!MOD$@2$V1$"},"1251":{"EquivalenDuplicateOf":"803","FuncName":"list_entries_users","IRPosInFunc":[72],"SrcLoc":"src/users.c:71","Type":"ASSIGN$V1$@2$!DIV$@2$V1$"},"1252":{"EquivalenDuplicateOf":"806","FuncName":"list_entries_users","IRPosInFunc":[72],"SrcLoc":"src/users.c:71","Type":"ASSIGN$V1$@2$!BITNOT$@2$"},"1253":{"EquivalenDuplicateOf":"804","FuncName":"list_entries_users","IRPosInFunc":[72],"SrcLoc":"src/users.c:71","Type":"ASSIGN$V1$@2$!OPERAND$@2$"},"1254":{"EquivalenDuplicateOf":"803","FuncName":"list_entries_users","IRPosInFunc":[72],"SrcLoc":"src/users.c:71","Type":"ASSIGN$V1$@2$!MOD$V1$@2$"},"1255":{"EquivalenDuplicateOf":"803","FuncName":"list_entries_users","IRPosInFunc":[72],"SrcLoc":"src/users.c:71","Type":"ASSIGN$V1$@2$!BITSHR$@2$V1$"},"1256":{"EquivalenDuplicateOf":"803","FuncName":"list_entries_users","IRPosInFunc":[72],"SrcLoc":"src/users.c:71","Type":"ASSIGN$V1$@2$!SUB$V1$@2$"},"1257":{"EquivalenDuplicateOf":"803","FuncName":"list_entries_users","IRPosInFunc":[72],"SrcLoc":"src/users.c:71","Type":"ASSIGN$V1$@2$!SUB$@2$V1$"},"1258":{"EquivalenDuplicateOf":"803","FuncName":"list_entries_users","IRPosInFunc":[72],"SrcLoc":"src/users.c:71","Type":"ASSIGN$V1$@2$!DIV$V1$@2$"},"1259":{"EquivalenDuplicateOf":"803","FuncName":"list_entries_users","IRPosInFunc":[72],"SrcLoc":"src/users.c:71","Type":"ASSIGN$V1$@2$!MUL$V1$@2$"},"1260":{"EquivalenDuplicateOf":"803","FuncName":"list_entries_users","IRPosInFunc":[72],"SrcLoc":"src/users.c:71","Type":"ASSIGN$V1$@2$!BITSHR$V1$@2$"},"1261":{"EquivalenDuplicateOf":"804","FuncName":"list_entries_users","IRPosInFunc":[72],"SrcLoc":"src/users.c:71","Type":"ASSIGN$V1$@2$!CONSTVAL$0$"},"1262":{"EquivalenDuplicateOf":"805","FuncName":"list_entries_users","IRPosInFunc":[72],"SrcLoc":"src/users.c:71","Type":"ASSIGN$V1$@2$!NEG$V1$"},"1263":{"EquivalenDuplicateOf":"803","FuncName":"list_entries_users","IRPosInFunc":[72],"SrcLoc":"src/users.c:71","Type":"ASSIGN$V1$@2$!BITXOR$V1$@2$"},"1264":{"EquivalenDuplicateOf":"804","FuncName":"list_entries_users","IRPosInFunc":[72],"SrcLoc":"src/users.c:71","Type":"ASSIGN$V1$@2$!CONSTVAL$1$"},"1265":{"EquivalenDuplicateOf":"803","FuncName":"list_entries_users","IRPosInFunc":[72],"SrcLoc":"src/users.c:71","Type":"ASSIGN$V1$@2$!BITSHL$V1$@2$"},"1266":{"EquivalenDuplicateOf":"803","FuncName":"list_entries_users","IRPosInFunc":[72],"SrcLoc":"src/users.c:71","Type":"ASSIGN$V1$@2$!BITSHL$@2$V1$"},"1267":{"EquivalenDuplicateOf":"803","FuncName":"list_entries_users","IRPosInFunc":[72],"SrcLoc":"src/users.c:71","Type":"ASSIGN$V1$@2$!BITAND$V1$@2$"},"1268":{"EquivalenDuplicateOf":"803","FuncName":"list_entries_users","IRPosInFunc":[72],"SrcLoc":"src/users.c:71","Type":"ASSIGN$V1$@2$!ADD$V1$@2$"},"1269":{"EquivalenDuplicateOf":"803","FuncName":"list_entries_users","IRPosInFunc":[72],"SrcLoc":"src/users.c:71","Type":"ASSIGN$V1$@2$!MOD$@2$V1$"},"1270":{"EquivalenDuplicateOf":"766","FuncName":"list_entries_users","IRPosInFunc":[68],"SrcLoc":"src/users.c:71","Type":"SUB$@1$@2$!MOD$@1$@2$"},"1271":{"EquivalenDuplicateOf":"760","FuncName":"list_entries_users","IRPosInFunc":[68],"SrcLoc":"src/users.c:71","Type":"SUB$@1$@2$!DIV$@1$@2$"},"1272":{"EquivalenDuplicateOf":"763","FuncName":"list_entries_users","IRPosInFunc":[68],"SrcLoc":"src/users.c:71","Type":"SUB$@1$@2$!ABS$@2$"},"1273":{"EquivalenDuplicateOf":"760","FuncName":"list_entries_users","IRPosInFunc":[68],"SrcLoc":"src/users.c:71","Type":"SUB$@1$@2$!MUL$@1$@2$"},"1274":{"EquivalenDuplicateOf":"766","FuncName":"list_entries_users","IRPosInFunc":[68],"SrcLoc":"src/users.c:71","Type":"SUB$@1$@2$!MOD$@1$@2$"},"1275":{"EquivalenDuplicateOf":"763","FuncName":"list_entries_users","IRPosInFunc":[68],"SrcLoc":"src/users.c:71","Type":"SUB$@1$@2$!OPERAND$@2$"},"1276":{"EquivalenDuplicateOf":"760","FuncName":"list_entries_users","IRPosInFunc":[68],"SrcLoc":"src/users.c:71","Type":"SUB$@1$@2$!DIV$@1$@2$"},"1277":{"EquivalenDuplicateOf":"721","FuncName":"list_entries_users","IRPosInFunc":[61,62,63,64],"SrcLoc":"src/users.c:69","Type":"STMT!TRAPSTMT"},"1278":{"EquivalenDuplicateOf":"703","FuncName":"list_entries_users","IRPosInFunc":[59],"SrcLoc":"src/users.c:69","Type":"ASSIGN$V1$@2$!DIV$@2$V1$"},"1279":{"EquivalenDuplicateOf":"703","FuncName":"list_entries_users","IRPosInFunc":[59],"SrcLoc":"src/users.c:69","Type":"ASSIGN$V1$@2$!GT$@2$V1$"},"1280":{"EquivalenDuplicateOf":"703","FuncName":"list_entries_users","IRPosInFunc":[59],"SrcLoc":"src/users.c:69","Type":"ASSIGN$V1$@2$!MOD$V1$@2$"},"1281":{"EquivalenDuplicateOf":"703","FuncName":"list_entries_users","IRPosInFunc":[59],"SrcLoc":"src/users.c:69","Type":"ASSIGN$V1$@2$!BITSHR$@2$V1$"},"1282":{"EquivalenDuplicateOf":"703","FuncName":"list_entries_users","IRPosInFunc":[59],"SrcLoc":"src/users.c:69","Type":"ASSIGN$V1$@2$!GE$V1$@2$"},"1283":{"EquivalenDuplicateOf":"703","FuncName":"list_entries_users","IRPosInFunc":[59],"SrcLoc":"src/users.c:69","Type":"ASSIGN$V1$@2$!DIV$V1$@2$"},"1284":{"EquivalenDuplicateOf":"703","FuncName":"list_entries_users","IRPosInFunc":[59],"SrcLoc":"src/users.c:69","Type":"ASSIGN$V1$@2$!BITSHR$V1$@2$"},"1285":{"EquivalenDuplicateOf":"703","FuncName":"list_entries_users","IRPosInFunc":[59],"SrcLoc":"src/users.c:69","Type":"ASSIGN$V1$@2$!LT$V1$@2$"},"1286":{"EquivalenDuplicateOf":"703","FuncName":"list_entries_users","IRPosInFunc":[59],"SrcLoc":"src/users.c:69","Type":"ASSIGN$V1$@2$!LE$@2$V1$"},"1287":{"EquivalenDuplicateOf":"703","FuncName":"list_entries_users","IRPosInFunc":[59],"SrcLoc":"src/users.c:69","Type":"ASSIGN$V1$@2$!MOD$@2$V1$"},"1288":{"EquivalenDuplicateOf":"703","FuncName":"list_entries_users","IRPosInFunc":[59],"SrcLoc":"src/users.c:69","Type":"ASSIGN$V1$@2$!DIV$@2$V1$"},"1289":{"EquivalenDuplicateOf":"702","FuncName":"list_entries_users","IRPosInFunc":[59],"SrcLoc":"src/users.c:69","Type":"ASSIGN$V1$@2$!BITNOT$@2$"},"1290":{"EquivalenDuplicateOf":"702","FuncName":"list_entries_users","IRPosInFunc":[59],"SrcLoc":"src/users.c:69","Type":"ASSIGN$V1$@2$!OPERAND$@2$"},"1291":{"EquivalenDuplicateOf":"703","FuncName":"list_entries_users","IRPosInFunc":[59],"SrcLoc":"src/users.c:69","Type":"ASSIGN$V1$@2$!MOD$V1$@2$"},"1292":{"EquivalenDuplicateOf":"703","FuncName":"list_entries_users","IRPosInFunc":[59],"SrcLoc":"src/users.c:69","Type":"ASSIGN$V1$@2$!BITSHR$@2$V1$"},"1293":{"EquivalenDuplicateOf":"703","FuncName":"list_entries_users","IRPosInFunc":[59],"SrcLoc":"src/users.c:69","Type":"ASSIGN$V1$@2$!SUB$V1$@2$"},"1294":{"EquivalenDuplicateOf":"703","FuncName":"list_entries_users","IRPosInFunc":[59],"SrcLoc":"src/users.c:69","Type":"ASSIGN$V1$@2$!SUB$@2$V1$"},"1295":{"EquivalenDuplicateOf":"702","FuncName":"list_entries_users","IRPosInFunc":[59],"SrcLoc":"src/users.c:69","Type":"ASSIGN$V1$@2$!ABS$@2$"},"1296":{"EquivalenDuplicateOf":"703","FuncName":"list_entries_users","IRPosInFunc":[59],"SrcLoc":"src/users.c:69","Type":"ASSIGN$V1$@2$!DIV$V1$@2$"},"1297":{"EquivalenDuplicateOf":"703","FuncName":"list_entries_users","IRPosInFunc":[59],"SrcLoc":"src/users.c:69","Type":"ASSIGN$V1$@2$!MUL$V1$@2$"},"1298":{"EquivalenDuplicateOf":"703","FuncName":"list_entries_users","IRPosInFunc":[59],"SrcLoc":"src/users.c:69","Type":"ASSIGN$V1$@2$!BITSHR$V1$@2$"},"1299":{"EquivalenDuplicateOf":"702","FuncName":"list_entries_users","IRPosInFunc":[59],"SrcLoc":"src/users.c:69","Type":"ASSIGN$V1$@2$!CONSTVAL$0$"},"1300":{"EquivalenDuplicateOf":"703","FuncName":"list_entries_users","IRPosInFunc":[59],"SrcLoc":"src/users.c:69","Type":"ASSIGN$V1$@2$!NEG$V1$"},"1301":{"EquivalenDuplicateOf":"703","FuncName":"list_entries_users","IRPosInFunc":[59],"SrcLoc":"src/users.c:69","Type":"ASSIGN$V1$@2$!BITXOR$V1$@2$"},"1302":{"EquivalenDuplicateOf":"702","FuncName":"list_entries_users","IRPosInFunc":[59],"SrcLoc":"src/users.c:69","Type":"ASSIGN$V1$@2$!CONSTVAL$1$"},"1303":{"EquivalenDuplicateOf":"703","FuncName":"list_entries_users","IRPosInFunc":[59],"SrcLoc":"src/users.c:69","Type":"ASSIGN$V1$@2$!BITSHL$V1$@2$"},"1304":{"EquivalenDuplicateOf":"703","FuncName":"list_entries_users","IRPosInFunc":[59],"SrcLoc":"src/users.c:69","Type":"ASSIGN$V1$@2$!BITSHL$@2$V1$"},"1305":{"EquivalenDuplicateOf":"703","FuncName":"list_entries_users","IRPosInFunc":[59],"SrcLoc":"src/users.c:69","Type":"ASSIGN$V1$@2$!BITAND$V1$@2$"},"1306":{"EquivalenDuplicateOf":"702","FuncName":"list_entries_users","IRPosInFunc":[59],"SrcLoc":"src/users.c:69","Type":"ASSIGN$V1$@2$!NEG$@2$"},"1307":{"EquivalenDuplicateOf":"703","FuncName":"list_entries_users","IRPosInFunc":[59],"SrcLoc":"src/users.c:69","Type":"ASSIGN$V1$@2$!BITNOT$V1$"},"1308":{"EquivalenDuplicateOf":"703","FuncName":"list_entries_users","IRPosInFunc":[59],"SrcLoc":"src/users.c:69","Type":"ASSIGN$V1$@2$!ADD$V1$@2$"},"1309":{"EquivalenDuplicateOf":"702","FuncName":"list_entries_users","IRPosInFunc":[59],"SrcLoc":"src/users.c:69","Type":"ASSIGN$V1$@2$!OPERAND$V1$"},"1310":{"EquivalenDuplicateOf":"702","FuncName":"list_entries_users","IRPosInFunc":[59],"SrcLoc":"src/users.c:69","Type":"ASSIGN$V1$@2$!BITOR$V1$@2$"},"1311":{"EquivalenDuplicateOf":"691","FuncName":"list_entries_users","IRPosInFunc":[54],"SrcLoc":"src/users.c:65","Type":"RETURN_BREAK_CONTINUE!DELSTMT"},"1312":{"EquivalenDuplicateOf":"681","FuncName":"list_entries_users","IRPosInFunc":[52,53],"SrcLoc":"src/users.c:64","Type":"PRIGHTINC$P1$!PRIGHTDEC$P1$"},"1313":{"EquivalenDuplicateOf":"683","FuncName":"list_entries_users","IRPosInFunc":[52,53],"SrcLoc":"src/users.c:64","Type":"PRIGHTINC$P1$!OPERAND$P1$"},"1314":{"EquivalenDuplicateOf":"681","FuncName":"list_entries_users","IRPosInFunc":[52,53],"SrcLoc":"src/users.c:64","Type":"PRIGHTINC$P1$!PLEFTDEC$P1$"},"1315":{"EquivalenDuplicateOf":"682","FuncName":"list_entries_users","IRPosInFunc":[52,53],"SrcLoc":"src/users.c:64","Type":"PRIGHTINC$P1$!PLEFTINC$P1$"},"1316":{"EquivalenDuplicateOf":"681","FuncName":"list_entries_users","IRPosInFunc":[52],"SrcLoc":"src/users.c:64","Type":"PADD$P1$@2$!PLEFTDEC$P1$"},"1317":{"EquivalenDuplicateOf":"682","FuncName":"list_entries_users","IRPosInFunc":[52],"SrcLoc":"src/users.c:64","Type":"PADD$P1$@2$!PLEFTINC$P1$"},"1318":{"EquivalenDuplicateOf":"684","FuncName":"list_entries_users","IRPosInFunc":[52],"SrcLoc":"src/users.c:64","Type":"PADD$A1$@2$!OPERAND$A1$"},"1319":{"EquivalenDuplicateOf":"684","FuncName":"list_entries_users","IRPosInFunc":[52],"SrcLoc":"src/users.c:64","Type":"C!ADD$C$-1$"},"1320":{"EquivalenDuplicateOf":"681","FuncName":"list_entries_users","IRPosInFunc":[52,53],"SrcLoc":"src/users.c:64","Type":"PLEFTINC$P1$!PRIGHTDEC$P1$"},"1321":{"EquivalenDuplicateOf":"648","FuncName":"list_entries_users","IRPosInFunc":[48],"SrcLoc":"src/users.c:62","Type":"ADD$@1$@2$!MOD$@1$@2$"},"1322":{"EquivalenDuplicateOf":"635","FuncName":"list_entries_users","IRPosInFunc":[48],"SrcLoc":"src/users.c:62","Type":"ADD$@1$@2$!DIV$@1$@2$"},"1323":{"EquivalenDuplicateOf":"637","FuncName":"list_entries_users","IRPosInFunc":[48],"SrcLoc":"src/users.c:62","Type":"ADD$@1$@2$!CONSTVAL$1$"},"1324":{"EquivalenDuplicateOf":"637","FuncName":"list_entries_users","IRPosInFunc":[48],"SrcLoc":"src/users.c:62","Type":"ADD$@1$@2$!ABS$@2$"},"1325":{"EquivalenDuplicateOf":"635","FuncName":"list_entries_users","IRPosInFunc":[48],"SrcLoc":"src/users.c:62","Type":"ADD$@1$@2$!MUL$@1$@2$"},"1326":{"EquivalenDuplicateOf":"635","FuncName":"list_entries_users","IRPosInFunc":[48],"SrcLoc":"src/users.c:62","Type":"ADD$@1$@2$!DIV$@1$@2$"},"1327":{"EquivalenDuplicateOf":"635","FuncName":"list_entries_users","IRPosInFunc":[48],"SrcLoc":"src/users.c:62","Type":"ADD$@1$@2$!OPERAND$@1$"},"1328":{"EquivalenDuplicateOf":"637","FuncName":"list_entries_users","IRPosInFunc":[48],"SrcLoc":"src/users.c:62","Type":"ADD$@1$@2$!OPERAND$@2$"},"1329":{"EquivalenDuplicateOf":"635","FuncName":"list_entries_users","IRPosInFunc":[48],"SrcLoc":"src/users.c:62","Type":"C!ADD$C$-1$"},"1330":{"EquivalenDuplicateOf":"613","FuncName":"list_entries_users","IRPosInFunc":[49],"SrcLoc":"src/users.c:62","Type":"ASSIGN$V1$@2$!DIV$@2$V1$"},"1331":{"EquivalenDuplicateOf":"613","FuncName":"list_entries_users","IRPosInFunc":[49],"SrcLoc":"src/users.c:62","Type":"ASSIGN$V1$@2$!MOD$V1$@2$"},"1332":{"EquivalenDuplicateOf":"613","FuncName":"list_entries_users","IRPosInFunc":[49],"SrcLoc":"src/users.c:62","Type":"ASSIGN$V1$@2$!BITSHR$@2$V1$"},"1333":{"EquivalenDuplicateOf":"613","FuncName":"list_entries_users","IRPosInFunc":[49],"SrcLoc":"src/users.c:62","Type":"ASSIGN$V1$@2$!DIV$V1$@2$"},"1334":{"EquivalenDuplicateOf":"613","FuncName":"list_entries_users","IRPosInFunc":[49],"SrcLoc":"src/users.c:62","Type":"ASSIGN$V1$@2$!BITSHR$V1$@2$"},"1335":{"EquivalenDuplicateOf":"613","FuncName":"list_entries_users","IRPosInFunc":[49],"SrcLoc":"src/users.c:62","Type":"ASSIGN$V1$@2$!MOD$@2$V1$"},"1336":{"EquivalenDuplicateOf":"613","FuncName":"list_entries_users","IRPosInFunc":[49],"SrcLoc":"src/users.c:62","Type":"ASSIGN$V1$@2$!DIV$@2$V1$"},"1337":{"EquivalenDuplicateOf":"613","FuncName":"list_entries_users","IRPosInFunc":[49],"SrcLoc":"src/users.c:62","Type":"ASSIGN$V1$@2$!BITNOT$@2$"},"1338":{"EquivalenDuplicateOf":"614","FuncName":"list_entries_users","IRPosInFunc":[49],"SrcLoc":"src/users.c:62","Type":"ASSIGN$V1$@2$!OPERAND$@2$"},"1339":{"EquivalenDuplicateOf":"613","FuncName":"list_entries_users","IRPosInFunc":[49],"SrcLoc":"src/users.c:62","Type":"ASSIGN$V1$@2$!MOD$V1$@2$"},"1340":{"EquivalenDuplicateOf":"613","FuncName":"list_entries_users","IRPosInFunc":[49],"SrcLoc":"src/users.c:62","Type":"ASSIGN$V1$@2$!BITSHR$@2$V1$"},"1341":{"EquivalenDuplicateOf":"613","FuncName":"list_entries_users","IRPosInFunc":[49],"SrcLoc":"src/users.c:62","Type":"ASSIGN$V1$@2$!SUB$V1$@2$"},"1342":{"EquivalenDuplicateOf":"613","FuncName":"list_entries_users","IRPosInFunc":[49],"SrcLoc":"src/users.c:62","Type":"ASSIGN$V1$@2$!SUB$@2$V1$"},"1343":{"EquivalenDuplicateOf":"613","FuncName":"list_entries_users","IRPosInFunc":[49],"SrcLoc":"src/users.c:62","Type":"ASSIGN$V1$@2$!DIV$V1$@2$"},"1344":{"EquivalenDuplicateOf":"613","FuncName":"list_entries_users","IRPosInFunc":[49],"SrcLoc":"src/users.c:62","Type":"ASSIGN$V1$@2$!MUL$V1$@2$"},"1345":{"EquivalenDuplicateOf":"613","FuncName":"list_entries_users","IRPosInFunc":[49],"SrcLoc":"src/users.c:62","Type":"ASSIGN$V1$@2$!BITSHR$V1$@2$"},"1346":{"EquivalenDuplicateOf":"613","FuncName":"list_entries_users","IRPosInFunc":[49],"SrcLoc":"src/users.c:62","Type":"ASSIGN$V1$@2$!EQ$V1$@2$"},"1347":{"EquivalenDuplicateOf":"614","FuncName":"list_entries_users","IRPosInFunc":[49],"SrcLoc":"src/users.c:62","Type":"ASSIGN$V1$@2$!CONSTVAL$0$"},"1348":{"EquivalenDuplicateOf":"614","FuncName":"list_entries_users","IRPosInFunc":[49],"SrcLoc":"src/users.c:62","Type":"ASSIGN$V1$@2$!NEG$V1$"},"1349":{"EquivalenDuplicateOf":"613","FuncName":"list_entries_users","IRPosInFunc":[49],"SrcLoc":"src/users.c:62","Type":"ASSIGN$V1$@2$!BITXOR$V1$@2$"},"1350":{"EquivalenDuplicateOf":"614","FuncName":"list_entries_users","IRPosInFunc":[49],"SrcLoc":"src/users.c:62","Type":"ASSIGN$V1$@2$!CONSTVAL$1$"},"1351":{"EquivalenDuplicateOf":"613","FuncName":"list_entries_users","IRPosInFunc":[49],"SrcLoc":"src/users.c:62","Type":"ASSIGN$V1$@2$!NEQ$V1$@2$"},"1352":{"EquivalenDuplicateOf":"613","FuncName":"list_entries_users","IRPosInFunc":[49],"SrcLoc":"src/users.c:62","Type":"ASSIGN$V1$@2$!BITSHL$V1$@2$"},"1353":{"EquivalenDuplicateOf":"613","FuncName":"list_entries_users","IRPosInFunc":[49],"SrcLoc":"src/users.c:62","Type":"ASSIGN$V1$@2$!BITSHL$@2$V1$"},"1354":{"EquivalenDuplicateOf":"613","FuncName":"list_entries_users","IRPosInFunc":[49],"SrcLoc":"src/users.c:62","Type":"ASSIGN$V1$@2$!BITAND$V1$@2$"},"1355":{"EquivalenDuplicateOf":"613","FuncName":"list_entries_users","IRPosInFunc":[49],"SrcLoc":"src/users.c:62","Type":"ASSIGN$V1$@2$!NEG$@2$"},"1356":{"EquivalenDuplicateOf":"614","FuncName":"list_entries_users","IRPosInFunc":[49],"SrcLoc":"src/users.c:62","Type":"ASSIGN$V1$@2$!BITNOT$V1$"},"1357":{"EquivalenDuplicateOf":"613","FuncName":"list_entries_users","IRPosInFunc":[49],"SrcLoc":"src/users.c:62","Type":"ASSIGN$V1$@2$!ADD$V1$@2$"},"1358":{"EquivalenDuplicateOf":"613","FuncName":"list_entries_users","IRPosInFunc":[49],"SrcLoc":"src/users.c:62","Type":"ASSIGN$V1$@2$!MOD$@2$V1$"},"1359":{"EquivalenDuplicateOf":"552","FuncName":"list_entries_users","IRPosInFunc":[36],"SrcLoc":"src/users.c:55","Type":"EQ$@1$@2$!BITNOT$@2$"},"1360":{"EquivalenDuplicateOf":"552","FuncName":"list_entries_users","IRPosInFunc":[36],"SrcLoc":"src/users.c:55","Type":"EQ$@1$@2$!OPERAND$@2$"},"1361":{"EquivalenDuplicateOf":"552","FuncName":"list_entries_users","IRPosInFunc":[36],"SrcLoc":"src/users.c:55","Type":"EQ$@1$@2$!NEG$@2$"},"1362":{"EquivalenDuplicateOf":"552","FuncName":"list_entries_users","IRPosInFunc":[36],"SrcLoc":"src/users.c:55","Type":"EQ$@1$@2$!ABS$@2$"},"1363":{"EquivalenDuplicateOf":"503","FuncName":"list_entries_users","IRPosInFunc":[29],"SrcLoc":"src/users.c:55","Type":"@!ABS$@$"},"1364":{"EquivalenDuplicateOf":"507","FuncName":"list_entries_users","IRPosInFunc":[30],"SrcLoc":"src/users.c:55","Type":"NEQ$@1$@2$!BITSHR$@2$@1$"},"1365":{"EquivalenDuplicateOf":"507","FuncName":"list_entries_users","IRPosInFunc":[30],"SrcLoc":"src/users.c:55","Type":"NEQ$@1$@2$!LT$@1$@2$"},"1366":{"EquivalenDuplicateOf":"0","FuncName":"list_entries_users","IRPosInFunc":[30],"SrcLoc":"src/users.c:55","Type":"NEQ$@1$@2$!BITSHR$@1$@2$"},"1367":{"EquivalenDuplicateOf":"520","FuncName":"list_entries_users","IRPosInFunc":[30],"SrcLoc":"src/users.c:55","Type":"NEQ$@1$@2$!GE$@1$@2$"},"1368":{"EquivalenDuplicateOf":"507","FuncName":"list_entries_users","IRPosInFunc":[30],"SrcLoc":"src/users.c:55","Type":"NEQ$@1$@2$!GT$@2$@1$"},"1369":{"EquivalenDuplicateOf":"512","FuncName":"list_entries_users","IRPosInFunc":[30],"SrcLoc":"src/users.c:55","Type":"NEQ$@1$@2$!MOD$@1$@2$"},"1370":{"EquivalenDuplicateOf":"507","FuncName":"list_entries_users","IRPosInFunc":[30],"SrcLoc":"src/users.c:55","Type":"NEQ$@1$@2$!MOD$@2$@1$"},"1371":{"EquivalenDuplicateOf":"507","FuncName":"list_entries_users","IRPosInFunc":[30],"SrcLoc":"src/users.c:55","Type":"NEQ$@1$@2$!DIV$@2$@1$"},"1372":{"EquivalenDuplicateOf":"507","FuncName":"list_entries_users","IRPosInFunc":[30],"SrcLoc":"src/users.c:55","Type":"NEQ$@1$@2$!BITSHR$@2$@1$"},"1373":{"EquivalenDuplicateOf":"505","FuncName":"list_entries_users","IRPosInFunc":[30],"SrcLoc":"src/users.c:55","Type":"NEQ$@1$@2$!NEG$@2$"},"1374":{"EquivalenDuplicateOf":"507","FuncName":"list_entries_users","IRPosInFunc":[30],"SrcLoc":"src/users.c:55","Type":"NEQ$@1$@2$!MUL$@1$@2$"},"1375":{"EquivalenDuplicateOf":"0","FuncName":"list_entries_users","IRPosInFunc":[30],"SrcLoc":"src/users.c:55","Type":"NEQ$@1$@2$!SUB$@1$@2$"},"1376":{"EquivalenDuplicateOf":"0","FuncName":"list_entries_users","IRPosInFunc":[30],"SrcLoc":"src/users.c:55","Type":"NEQ$@1$@2$!BITSHR$@1$@2$"},"1377":{"EquivalenDuplicateOf":"507","FuncName":"list_entries_users","IRPosInFunc":[30],"SrcLoc":"src/users.c:55","Type":"NEQ$@1$@2$!BITSHL$@2$@1$"},"1378":{"EquivalenDuplicateOf":"0","FuncName":"list_entries_users","IRPosInFunc":[30],"SrcLoc":"src/users.c:55","Type":"NEQ$@1$@2$!BITOR$@1$@2$"},"1379":{"EquivalenDuplicateOf":"504","FuncName":"list_entries_users","IRPosInFunc":[30],"SrcLoc":"src/users.c:55","Type":"NEQ$@1$@2$!CONSTVAL$1$"},"1380":{"EquivalenDuplicateOf":"505","FuncName":"list_entries_users","IRPosInFunc":[30],"SrcLoc":"src/users.c:55","Type":"NEQ$@1$@2$!ABS$@2$"},"1381":{"EquivalenDuplicateOf":"0","FuncName":"list_entries_users","IRPosInFunc":[30],"SrcLoc":"src/users.c:55","Type":"NEQ$@1$@2$!OPERAND$@1$"},"1382":{"EquivalenDuplicateOf":"510","FuncName":"list_entries_users","IRPosInFunc":[30],"SrcLoc":"src/users.c:55","Type":"NEQ$@1$@2$!NEG$@1$"},"1383":{"EquivalenDuplicateOf":"507","FuncName":"list_entries_users","IRPosInFunc":[30],"SrcLoc":"src/users.c:55","Type":"NEQ$@1$@2$!MOD$@2$@1$"},"1384":{"EquivalenDuplicateOf":"505","FuncName":"list_entries_users","IRPosInFunc":[30],"SrcLoc":"src/users.c:55","Type":"NEQ$@1$@2$!OPERAND$@2$"},"1385":{"EquivalenDuplicateOf":"0","FuncName":"list_entries_users","IRPosInFunc":[30],"SrcLoc":"src/users.c:55","Type":"NEQ$@1$@2$!BITSHL$@1$@2$"},"1386":{"EquivalenDuplicateOf":"507","FuncName":"list_entries_users","IRPosInFunc":[30],"SrcLoc":"src/users.c:55","Type":"NEQ$@1$@2$!DIV$@2$@1$"},"1387":{"EquivalenDuplicateOf":"0","FuncName":"list_entries_users","IRPosInFunc":[30],"SrcLoc":"src/users.c:55","Type":"NEQ$@1$@2$!ADD$@1$@2$"},"1388":{"EquivalenDuplicateOf":"0","FuncName":"list_entries_users","IRPosInFunc":[30],"SrcLoc":"src/users.c:55","Type":"NEQ$@1$@2$!BITXOR$@1$@2$"},"1389":{"EquivalenDuplicateOf":"489","FuncName":"list_entries_users","IRPosInFunc":[21],"SrcLoc":"src/users.c:53","Type":"ADD$@1$@2$!BITSHR$@1$@2$"},"1390":{"EquivalenDuplicateOf":"484","FuncName":"list_entries_users","IRPosInFunc":[21],"SrcLoc":"src/users.c:53","Type":"ADD$@1$@2$!GE$@2$@1$"},"1391":{"EquivalenDuplicateOf":"476","FuncName":"list_entries_users","IRPosInFunc":[21],"SrcLoc":"src/users.c:53","Type":"ADD$@1$@2$!GT$@1$@2$"},"1392":{"EquivalenDuplicateOf":"476","FuncName":"list_entries_users","IRPosInFunc":[21],"SrcLoc":"src/users.c:53","Type":"ADD$@1$@2$!LT$@2$@1$"},"1393":{"EquivalenDuplicateOf":"484","FuncName":"list_entries_users","IRPosInFunc":[21],"SrcLoc":"src/users.c:53","Type":"ADD$@1$@2$!LE$@1$@2$"},"1394":{"EquivalenDuplicateOf":"489","FuncName":"list_entries_users","IRPosInFunc":[21],"SrcLoc":"src/users.c:53","Type":"ADD$@1$@2$!BITSHR$@1$@2$"},"1395":{"EquivalenDuplicateOf":"484","FuncName":"list_entries_users","IRPosInFunc":[21],"SrcLoc":"src/users.c:53","Type":"ADD$@1$@2$!CONSTVAL$1$"},"1396":{"EquivalenDuplicateOf":"480","FuncName":"list_entries_users","IRPosInFunc":[21],"SrcLoc":"src/users.c:53","Type":"ADD$@1$@2$!BITNOT$@1$"},"1397":{"EquivalenDuplicateOf":"484","FuncName":"list_entries_users","IRPosInFunc":[21],"SrcLoc":"src/users.c:53","Type":"ADD$@1$@2$!ABS$@2$"},"1398":{"EquivalenDuplicateOf":"476","FuncName":"list_entries_users","IRPosInFunc":[21],"SrcLoc":"src/users.c:53","Type":"ADD$@1$@2$!BITNOT$@2$"},"1399":{"EquivalenDuplicateOf":"467","FuncName":"list_entries_users","IRPosInFunc":[21],"SrcLoc":"src/users.c:53","Type":"ADD$@1$@2$!BITOR$@1$@2$"},"1400":{"EquivalenDuplicateOf":"463","FuncName":"list_entries_users","IRPosInFunc":[21],"SrcLoc":"src/users.c:53","Type":"ADD$@1$@2$!BITAND$@1$@2$"},"1401":{"EquivalenDuplicateOf":"463","FuncName":"list_entries_users","IRPosInFunc":[21],"SrcLoc":"src/users.c:53","Type":"ADD$@1$@2$!OPERAND$@1$"},"1402":{"EquivalenDuplicateOf":"467","FuncName":"list_entries_users","IRPosInFunc":[21],"SrcLoc":"src/users.c:53","Type":"ADD$@1$@2$!OPERAND$@2$"},"1403":{"EquivalenDuplicateOf":"467","FuncName":"list_entries_users","IRPosInFunc":[21],"SrcLoc":"src/users.c:53","Type":"ADD$@1$@2$!BITSHR$@2$@1$"},"1404":{"EquivalenDuplicateOf":"463","FuncName":"list_entries_users","IRPosInFunc":[21],"SrcLoc":"src/users.c:53","Type":"C!ADD$C$1$"},"1405":{"EquivalenDuplicateOf":"439","FuncName":"list_entries_users","IRPosInFunc":[22],"SrcLoc":"src/users.c:53","Type":"ASSIGN$V1$@2$!DIV$@2$V1$"},"1406":{"EquivalenDuplicateOf":"439","FuncName":"list_entries_users","IRPosInFunc":[22],"SrcLoc":"src/users.c:53","Type":"ASSIGN$V1$@2$!MOD$V1$@2$"},"1407":{"EquivalenDuplicateOf":"439","FuncName":"list_entries_users","IRPosInFunc":[22],"SrcLoc":"src/users.c:53","Type":"ASSIGN$V1$@2$!BITSHR$@2$V1$"},"1408":{"EquivalenDuplicateOf":"439","FuncName":"list_entries_users","IRPosInFunc":[22],"SrcLoc":"src/users.c:53","Type":"ASSIGN$V1$@2$!DIV$V1$@2$"},"1409":{"EquivalenDuplicateOf":"439","FuncName":"list_entries_users","IRPosInFunc":[22],"SrcLoc":"src/users.c:53","Type":"ASSIGN$V1$@2$!BITSHR$V1$@2$"},"1410":{"EquivalenDuplicateOf":"439","FuncName":"list_entries_users","IRPosInFunc":[22],"SrcLoc":"src/users.c:53","Type":"ASSIGN$V1$@2$!MOD$@2$V1$"},"1411":{"EquivalenDuplicateOf":"439","FuncName":"list_entries_users","IRPosInFunc":[22],"SrcLoc":"src/users.c:53","Type":"ASSIGN$V1$@2$!DIV$@2$V1$"},"1412":{"EquivalenDuplicateOf":"439","FuncName":"list_entries_users","IRPosInFunc":[22],"SrcLoc":"src/users.c:53","Type":"ASSIGN$V1$@2$!BITNOT$@2$"},"1413":{"EquivalenDuplicateOf":"440","FuncName":"list_entries_users","IRPosInFunc":[22],"SrcLoc":"src/users.c:53","Type":"ASSIGN$V1$@2$!OPERAND$@2$"},"1414":{"EquivalenDuplicateOf":"439","FuncName":"list_entries_users","IRPosInFunc":[22],"SrcLoc":"src/users.c:53","Type":"ASSIGN$V1$@2$!MOD$V1$@2$"},"1415":{"EquivalenDuplicateOf":"439","FuncName":"list_entries_users","IRPosInFunc":[22],"SrcLoc":"src/users.c:53","Type":"ASSIGN$V1$@2$!BITSHR$@2$V1$"},"1416":{"EquivalenDuplicateOf":"439","FuncName":"list_entries_users","IRPosInFunc":[22],"SrcLoc":"src/users.c:53","Type":"ASSIGN$V1$@2$!SUB$V1$@2$"},"1417":{"EquivalenDuplicateOf":"439","FuncName":"list_entries_users","IRPosInFunc":[22],"SrcLoc":"src/users.c:53","Type":"ASSIGN$V1$@2$!SUB$@2$V1$"},"1418":{"EquivalenDuplicateOf":"439","FuncName":"list_entries_users","IRPosInFunc":[22],"SrcLoc":"src/users.c:53","Type":"ASSIGN$V1$@2$!DIV$V1$@2$"},"1419":{"EquivalenDuplicateOf":"439","FuncName":"list_entries_users","IRPosInFunc":[22],"SrcLoc":"src/users.c:53","Type":"ASSIGN$V1$@2$!MUL$V1$@2$"},"1420":{"EquivalenDuplicateOf":"439","FuncName":"list_entries_users","IRPosInFunc":[22],"SrcLoc":"src/users.c:53","Type":"ASSIGN$V1$@2$!BITSHR$V1$@2$"},"1421":{"EquivalenDuplicateOf":"439","FuncName":"list_entries_users","IRPosInFunc":[22],"SrcLoc":"src/users.c:53","Type":"ASSIGN$V1$@2$!EQ$V1$@2$"},"1422":{"EquivalenDuplicateOf":"440","FuncName":"list_entries_users","IRPosInFunc":[22],"SrcLoc":"src/users.c:53","Type":"ASSIGN$V1$@2$!CONSTVAL$0$"},"1423":{"EquivalenDuplicateOf":"440","FuncName":"list_entries_users","IRPosInFunc":[22],"SrcLoc":"src/users.c:53","Type":"ASSIGN$V1$@2$!NEG$V1$"},"1424":{"EquivalenDuplicateOf":"439","FuncName":"list_entries_users","IRPosInFunc":[22],"SrcLoc":"src/users.c:53","Type":"ASSIGN$V1$@2$!BITXOR$V1$@2$"},"1425":{"EquivalenDuplicateOf":"440","FuncName":"list_entries_users","IRPosInFunc":[22],"SrcLoc":"src/users.c:53","Type":"ASSIGN$V1$@2$!CONSTVAL$1$"},"1426":{"EquivalenDuplicateOf":"439","FuncName":"list_entries_users","IRPosInFunc":[22],"SrcLoc":"src/users.c:53","Type":"ASSIGN$V1$@2$!NEQ$V1$@2$"},"1427":{"EquivalenDuplicateOf":"439","FuncName":"list_entries_users","IRPosInFunc":[22],"SrcLoc":"src/users.c:53","Type":"ASSIGN$V1$@2$!BITSHL$V1$@2$"},"1428":{"EquivalenDuplicateOf":"439","FuncName":"list_entries_users","IRPosInFunc":[22],"SrcLoc":"src/users.c:53","Type":"ASSIGN$V1$@2$!BITSHL$@2$V1$"},"1429":{"EquivalenDuplicateOf":"439","FuncName":"list_entries_users","IRPosInFunc":[22],"SrcLoc":"src/users.c:53","Type":"ASSIGN$V1$@2$!BITAND$V1$@2$"},"1430":{"EquivalenDuplicateOf":"439","FuncName":"list_entries_users","IRPosInFunc":[22],"SrcLoc":"src/users.c:53","Type":"ASSIGN$V1$@2$!NEG$@2$"},"1431":{"EquivalenDuplicateOf":"440","FuncName":"list_entries_users","IRPosInFunc":[22],"SrcLoc":"src/users.c:53","Type":"ASSIGN$V1$@2$!BITNOT$V1$"},"1432":{"EquivalenDuplicateOf":"439","FuncName":"list_entries_users","IRPosInFunc":[22],"SrcLoc":"src/users.c:53","Type":"ASSIGN$V1$@2$!ADD$V1$@2$"},"1433":{"EquivalenDuplicateOf":"439","FuncName":"list_entries_users","IRPosInFunc":[22],"SrcLoc":"src/users.c:53","Type":"ASSIGN$V1$@2$!MOD$@2$V1$"},"1434":{"EquivalenDuplicateOf":"420","FuncName":"list_entries_users","IRPosInFunc":[23],"SrcLoc":"src/users.c:53","Type":"NEQ$@1$@2$!BITSHR$@2$@1$"},"1435":{"EquivalenDuplicateOf":"420","FuncName":"list_entries_users","IRPosInFunc":[23],"SrcLoc":"src/users.c:53","Type":"NEQ$@1$@2$!LT$@1$@2$"},"1436":{"EquivalenDuplicateOf":"0","FuncName":"list_entries_users","IRPosInFunc":[23],"SrcLoc":"src/users.c:53","Type":"NEQ$@1$@2$!BITSHR$@1$@2$"},"1437":{"EquivalenDuplicateOf":"419","FuncName":"list_entries_users","IRPosInFunc":[23],"SrcLoc":"src/users.c:53","Type":"NEQ$@1$@2$!GE$@1$@2$"},"1438":{"EquivalenDuplicateOf":"420","FuncName":"list_entries_users","IRPosInFunc":[23],"SrcLoc":"src/users.c:53","Type":"NEQ$@1$@2$!GT$@2$@1$"},"1439":{"EquivalenDuplicateOf":"426","FuncName":"list_entries_users","IRPosInFunc":[23],"SrcLoc":"src/users.c:53","Type":"NEQ$@1$@2$!MOD$@1$@2$"},"1440":{"EquivalenDuplicateOf":"420","FuncName":"list_entries_users","IRPosInFunc":[23],"SrcLoc":"src/users.c:53","Type":"NEQ$@1$@2$!MOD$@2$@1$"},"1441":{"EquivalenDuplicateOf":"420","FuncName":"list_entries_users","IRPosInFunc":[23],"SrcLoc":"src/users.c:53","Type":"NEQ$@1$@2$!DIV$@2$@1$"},"1442":{"EquivalenDuplicateOf":"419","FuncName":"list_entries_users","IRPosInFunc":[23],"SrcLoc":"src/users.c:53","Type":"NEQ$@1$@2$!LE$@2$@1$"},"1443":{"EquivalenDuplicateOf":"420","FuncName":"list_entries_users","IRPosInFunc":[23],"SrcLoc":"src/users.c:53","Type":"NEQ$@1$@2$!BITSHR$@2$@1$"},"1444":{"EquivalenDuplicateOf":"420","FuncName":"list_entries_users","IRPosInFunc":[23],"SrcLoc":"src/users.c:53","Type":"NEQ$@1$@2$!NEG$@2$"},"1445":{"EquivalenDuplicateOf":"420","FuncName":"list_entries_users","IRPosInFunc":[23],"SrcLoc":"src/users.c:53","Type":"NEQ$@1$@2$!MUL$@1$@2$"},"1446":{"EquivalenDuplicateOf":"0","FuncName":"list_entries_users","IRPosInFunc":[23],"SrcLoc":"src/users.c:53","Type":"NEQ$@1$@2$!SUB$@1$@2$"},"1447":{"EquivalenDuplicateOf":"0","FuncName":"list_entries_users","IRPosInFunc":[23],"SrcLoc":"src/users.c:53","Type":"NEQ$@1$@2$!BITSHR$@1$@2$"},"1448":{"EquivalenDuplicateOf":"420","FuncName":"list_entries_users","IRPosInFunc":[23],"SrcLoc":"src/users.c:53","Type":"NEQ$@1$@2$!BITSHL$@2$@1$"},"1449":{"EquivalenDuplicateOf":"0","FuncName":"list_entries_users","IRPosInFunc":[23],"SrcLoc":"src/users.c:53","Type":"NEQ$@1$@2$!BITOR$@1$@2$"},"1450":{"EquivalenDuplicateOf":"419","FuncName":"list_entries_users","IRPosInFunc":[23],"SrcLoc":"src/users.c:53","Type":"NEQ$@1$@2$!CONSTVAL$1$"},"1451":{"EquivalenDuplicateOf":"420","FuncName":"list_entries_users","IRPosInFunc":[23],"SrcLoc":"src/users.c:53","Type":"NEQ$@1$@2$!ABS$@2$"},"1452":{"EquivalenDuplicateOf":"0","FuncName":"list_entries_users","IRPosInFunc":[23],"SrcLoc":"src/users.c:53","Type":"NEQ$@1$@2$!OPERAND$@1$"},"1453":{"EquivalenDuplicateOf":"424","FuncName":"list_entries_users","IRPosInFunc":[23],"SrcLoc":"src/users.c:53","Type":"NEQ$@1$@2$!NEG$@1$"},"1454":{"EquivalenDuplicateOf":"420","FuncName":"list_entries_users","IRPosInFunc":[23],"SrcLoc":"src/users.c:53","Type":"NEQ$@1$@2$!MOD$@2$@1$"},"1455":{"EquivalenDuplicateOf":"420","FuncName":"list_entries_users","IRPosInFunc":[23],"SrcLoc":"src/users.c:53","Type":"NEQ$@1$@2$!OPERAND$@2$"},"1456":{"EquivalenDuplicateOf":"0","FuncName":"list_entries_users","IRPosInFunc":[23],"SrcLoc":"src/users.c:53","Type":"NEQ$@1$@2$!BITSHL$@1$@2$"},"1457":{"EquivalenDuplicateOf":"420","FuncName":"list_entries_users","IRPosInFunc":[23],"SrcLoc":"src/users.c:53","Type":"NEQ$@1$@2$!DIV$@2$@1$"},"1458":{"EquivalenDuplicateOf":"0","FuncName":"list_entries_users","IRPosInFunc":[23],"SrcLoc":"src/users.c:53","Type":"NEQ$@1$@2$!ADD$@1$@2$"},"1459":{"EquivalenDuplicateOf":"420","FuncName":"list_entries_users","IRPosInFunc":[23],"SrcLoc":"src/users.c:53","Type":"NEQ$@1$@2$!BITAND$@1$@2$"},"1460":{"EquivalenDuplicateOf":"0","FuncName":"list_entries_users","IRPosInFunc":[23],"SrcLoc":"src/users.c:53","Type":"NEQ$@1$@2$!BITXOR$@1$@2$"},"1461":{"EquivalenDuplicateOf":"416","FuncName":"list_entries_users","IRPosInFunc":[20,21,22,23,24],"SrcLoc":"src/users.c:53","Type":"STMT!TRAPSTMT"},"1462":{"EquivalenDuplicateOf":"398","FuncName":"list_entries_users","IRPosInFunc":[18],"SrcLoc":"src/users.c:51","Type":"ASSIGN$V1$@2$!DIV$@2$V1$"},"1463":{"EquivalenDuplicateOf":"398","FuncName":"list_entries_users","IRPosInFunc":[18],"SrcLoc":"src/users.c:51","Type":"ASSIGN$V1$@2$!GT$@2$V1$"},"1464":{"EquivalenDuplicateOf":"398","FuncName":"list_entries_users","IRPosInFunc":[18],"SrcLoc":"src/users.c:51","Type":"ASSIGN$V1$@2$!MOD$V1$@2$"},"1465":{"EquivalenDuplicateOf":"398","FuncName":"list_entries_users","IRPosInFunc":[18],"SrcLoc":"src/users.c:51","Type":"ASSIGN$V1$@2$!BITSHR$@2$V1$"},"1466":{"EquivalenDuplicateOf":"398","FuncName":"list_entries_users","IRPosInFunc":[18],"SrcLoc":"src/users.c:51","Type":"ASSIGN$V1$@2$!GE$V1$@2$"},"1467":{"EquivalenDuplicateOf":"398","FuncName":"list_entries_users","IRPosInFunc":[18],"SrcLoc":"src/users.c:51","Type":"ASSIGN$V1$@2$!DIV$V1$@2$"},"1468":{"EquivalenDuplicateOf":"398","FuncName":"list_entries_users","IRPosInFunc":[18],"SrcLoc":"src/users.c:51","Type":"ASSIGN$V1$@2$!BITSHR$V1$@2$"},"1469":{"EquivalenDuplicateOf":"398","FuncName":"list_entries_users","IRPosInFunc":[18],"SrcLoc":"src/users.c:51","Type":"ASSIGN$V1$@2$!LT$V1$@2$"},"1470":{"EquivalenDuplicateOf":"398","FuncName":"list_entries_users","IRPosInFunc":[18],"SrcLoc":"src/users.c:51","Type":"ASSIGN$V1$@2$!LE$@2$V1$"},"1471":{"EquivalenDuplicateOf":"398","FuncName":"list_entries_users","IRPosInFunc":[18],"SrcLoc":"src/users.c:51","Type":"ASSIGN$V1$@2$!MOD$@2$V1$"},"1472":{"EquivalenDuplicateOf":"398","FuncName":"list_entries_users","IRPosInFunc":[18],"SrcLoc":"src/users.c:51","Type":"ASSIGN$V1$@2$!DIV$@2$V1$"},"1473":{"EquivalenDuplicateOf":"397","FuncName":"list_entries_users","IRPosInFunc":[18],"SrcLoc":"src/users.c:51","Type":"ASSIGN$V1$@2$!BITNOT$@2$"},"1474":{"EquivalenDuplicateOf":"397","FuncName":"list_entries_users","IRPosInFunc":[18],"SrcLoc":"src/users.c:51","Type":"ASSIGN$V1$@2$!OPERAND$@2$"},"1475":{"EquivalenDuplicateOf":"398","FuncName":"list_entries_users","IRPosInFunc":[18],"SrcLoc":"src/users.c:51","Type":"ASSIGN$V1$@2$!MOD$V1$@2$"},"1476":{"EquivalenDuplicateOf":"398","FuncName":"list_entries_users","IRPosInFunc":[18],"SrcLoc":"src/users.c:51","Type":"ASSIGN$V1$@2$!BITSHR$@2$V1$"},"1477":{"EquivalenDuplicateOf":"398","FuncName":"list_entries_users","IRPosInFunc":[18],"SrcLoc":"src/users.c:51","Type":"ASSIGN$V1$@2$!SUB$V1$@2$"},"1478":{"EquivalenDuplicateOf":"398","FuncName":"list_entries_users","IRPosInFunc":[18],"SrcLoc":"src/users.c:51","Type":"ASSIGN$V1$@2$!SUB$@2$V1$"},"1479":{"EquivalenDuplicateOf":"397","FuncName":"list_entries_users","IRPosInFunc":[18],"SrcLoc":"src/users.c:51","Type":"ASSIGN$V1$@2$!ABS$@2$"},"1480":{"EquivalenDuplicateOf":"398","FuncName":"list_entries_users","IRPosInFunc":[18],"SrcLoc":"src/users.c:51","Type":"ASSIGN$V1$@2$!DIV$V1$@2$"},"1481":{"EquivalenDuplicateOf":"398","FuncName":"list_entries_users","IRPosInFunc":[18],"SrcLoc":"src/users.c:51","Type":"ASSIGN$V1$@2$!MUL$V1$@2$"},"1482":{"EquivalenDuplicateOf":"398","FuncName":"list_entries_users","IRPosInFunc":[18],"SrcLoc":"src/users.c:51","Type":"ASSIGN$V1$@2$!BITSHR$V1$@2$"},"1483":{"EquivalenDuplicateOf":"397","FuncName":"list_entries_users","IRPosInFunc":[18],"SrcLoc":"src/users.c:51","Type":"ASSIGN$V1$@2$!CONSTVAL$0$"},"1484":{"EquivalenDuplicateOf":"398","FuncName":"list_entries_users","IRPosInFunc":[18],"SrcLoc":"src/users.c:51","Type":"ASSIGN$V1$@2$!NEG$V1$"},"1485":{"EquivalenDuplicateOf":"398","FuncName":"list_entries_users","IRPosInFunc":[18],"SrcLoc":"src/users.c:51","Type":"ASSIGN$V1$@2$!BITXOR$V1$@2$"},"1486":{"EquivalenDuplicateOf":"397","FuncName":"list_entries_users","IRPosInFunc":[18],"SrcLoc":"src/users.c:51","Type":"ASSIGN$V1$@2$!CONSTVAL$1$"},"1487":{"EquivalenDuplicateOf":"398","FuncName":"list_entries_users","IRPosInFunc":[18],"SrcLoc":"src/users.c:51","Type":"ASSIGN$V1$@2$!BITSHL$V1$@2$"},"1488":{"EquivalenDuplicateOf":"398","FuncName":"list_entries_users","IRPosInFunc":[18],"SrcLoc":"src/users.c:51","Type":"ASSIGN$V1$@2$!BITSHL$@2$V1$"},"1489":{"EquivalenDuplicateOf":"398","FuncName":"list_entries_users","IRPosInFunc":[18],"SrcLoc":"src/users.c:51","Type":"ASSIGN$V1$@2$!BITAND$V1$@2$"},"1490":{"EquivalenDuplicateOf":"397","FuncName":"list_entries_users","IRPosInFunc":[18],"SrcLoc":"src/users.c:51","Type":"ASSIGN$V1$@2$!NEG$@2$"},"1491":{"EquivalenDuplicateOf":"398","FuncName":"list_entries_users","IRPosInFunc":[18],"SrcLoc":"src/users.c:51","Type":"ASSIGN$V1$@2$!BITNOT$V1$"},"1492":{"EquivalenDuplicateOf":"398","FuncName":"list_entries_users","IRPosInFunc":[18],"SrcLoc":"src/users.c:51","Type":"ASSIGN$V1$@2$!ADD$V1$@2$"},"1493":{"EquivalenDuplicateOf":"397","FuncName":"list_entries_users","IRPosInFunc":[18],"SrcLoc":"src/users.c:51","Type":"ASSIGN$V1$@2$!OPERAND$V1$"},"1494":{"EquivalenDuplicateOf":"397","FuncName":"list_entries_users","IRPosInFunc":[18],"SrcLoc":"src/users.c:51","Type":"ASSIGN$V1$@2$!BITOR$V1$@2$"},"1495":{"EquivalenDuplicateOf":"368","FuncName":"list_entries_users","IRPosInFunc":[7],"SrcLoc":"","Type":"ASSIGN$V1$@2$!DIV$@2$V1$"},"1496":{"EquivalenDuplicateOf":"368","FuncName":"list_entries_users","IRPosInFunc":[7],"SrcLoc":"","Type":"ASSIGN$V1$@2$!MOD$V1$@2$"},"1497":{"EquivalenDuplicateOf":"368","FuncName":"list_entries_users","IRPosInFunc":[7],"SrcLoc":"","Type":"ASSIGN$V1$@2$!BITSHR$@2$V1$"},"1498":{"EquivalenDuplicateOf":"368","FuncName":"list_entries_users","IRPosInFunc":[7],"SrcLoc":"","Type":"ASSIGN$V1$@2$!DIV$V1$@2$"},"1499":{"EquivalenDuplicateOf":"368","FuncName":"list_entries_users","IRPosInFunc":[7],"SrcLoc":"","Type":"ASSIGN$V1$@2$!BITSHR$V1$@2$"},"1500":{"EquivalenDuplicateOf":"368","FuncName":"list_entries_users","IRPosInFunc":[7],"SrcLoc":"","Type":"ASSIGN$V1$@2$!MOD$@2$V1$"},"1501":{"EquivalenDuplicateOf":"368","FuncName":"list_entries_users","IRPosInFunc":[7],"SrcLoc":"","Type":"ASSIGN$V1$@2$!DIV$@2$V1$"},"1502":{"EquivalenDuplicateOf":"367","FuncName":"list_entries_users","IRPosInFunc":[7],"SrcLoc":"","Type":"ASSIGN$V1$@2$!BITNOT$@2$"},"1503":{"EquivalenDuplicateOf":"367","FuncName":"list_entries_users","IRPosInFunc":[7],"SrcLoc":"","Type":"ASSIGN$V1$@2$!OPERAND$@2$"},"1504":{"EquivalenDuplicateOf":"368","FuncName":"list_entries_users","IRPosInFunc":[7],"SrcLoc":"","Type":"ASSIGN$V1$@2$!MOD$V1$@2$"},"1505":{"EquivalenDuplicateOf":"368","FuncName":"list_entries_users","IRPosInFunc":[7],"SrcLoc":"","Type":"ASSIGN$V1$@2$!BITSHR$@2$V1$"},"1506":{"EquivalenDuplicateOf":"368","FuncName":"list_entries_users","IRPosInFunc":[7],"SrcLoc":"","Type":"ASSIGN$V1$@2$!SUB$V1$@2$"},"1507":{"EquivalenDuplicateOf":"368","FuncName":"list_entries_users","IRPosInFunc":[7],"SrcLoc":"","Type":"ASSIGN$V1$@2$!SUB$@2$V1$"},"1508":{"EquivalenDuplicateOf":"368","FuncName":"list_entries_users","IRPosInFunc":[7],"SrcLoc":"","Type":"ASSIGN$V1$@2$!DIV$V1$@2$"},"1509":{"EquivalenDuplicateOf":"368","FuncName":"list_entries_users","IRPosInFunc":[7],"SrcLoc":"","Type":"ASSIGN$V1$@2$!MUL$V1$@2$"},"1510":{"EquivalenDuplicateOf":"368","FuncName":"list_entries_users","IRPosInFunc":[7],"SrcLoc":"","Type":"ASSIGN$V1$@2$!BITSHR$V1$@2$"},"1511":{"EquivalenDuplicateOf":"367","FuncName":"list_entries_users","IRPosInFunc":[7],"SrcLoc":"","Type":"ASSIGN$V1$@2$!CONSTVAL$0$"},"1512":{"EquivalenDuplicateOf":"368","FuncName":"list_entries_users","IRPosInFunc":[7],"SrcLoc":"","Type":"ASSIGN$V1$@2$!NEG$V1$"},"1513":{"EquivalenDuplicateOf":"368","FuncName":"list_entries_users","IRPosInFunc":[7],"SrcLoc":"","Type":"ASSIGN$V1$@2$!BITXOR$V1$@2$"},"1514":{"EquivalenDuplicateOf":"367","FuncName":"list_entries_users","IRPosInFunc":[7],"SrcLoc":"","Type":"ASSIGN$V1$@2$!CONSTVAL$1$"},"1515":{"EquivalenDuplicateOf":"368","FuncName":"list_entries_users","IRPosInFunc":[7],"SrcLoc":"","Type":"ASSIGN$V1$@2$!BITSHL$V1$@2$"},"1516":{"EquivalenDuplicateOf":"368","FuncName":"list_entries_users","IRPosInFunc":[7],"SrcLoc":"","Type":"ASSIGN$V1$@2$!BITSHL$@2$V1$"},"1517":{"EquivalenDuplicateOf":"368","FuncName":"list_entries_users","IRPosInFunc":[7],"SrcLoc":"","Type":"ASSIGN$V1$@2$!BITAND$V1$@2$"},"1518":{"EquivalenDuplicateOf":"367","FuncName":"list_entries_users","IRPosInFunc":[7],"SrcLoc":"","Type":"ASSIGN$V1$@2$!NEG$@2$"},"1519":{"EquivalenDuplicateOf":"368","FuncName":"list_entries_users","IRPosInFunc":[7],"SrcLoc":"","Type":"ASSIGN$V1$@2$!BITNOT$V1$"},"1520":{"EquivalenDuplicateOf":"368","FuncName":"list_entries_users","IRPosInFunc":[7],"SrcLoc":"","Type":"ASSIGN$V1$@2$!ADD$V1$@2$"},"1521":{"EquivalenDuplicateOf":"367","FuncName":"list_entries_users","IRPosInFunc":[7],"SrcLoc":"","Type":"ASSIGN$V1$@2$!OPERAND$V1$"},"1522":{"EquivalenDuplicateOf":"368","FuncName":"list_entries_users","IRPosInFunc":[7],"SrcLoc":"","Type":"ASSIGN$V1$@2$!MOD$@2$V1$"},"1523":{"EquivalenDuplicateOf":"0","FuncName":"main","IRPosInFunc":[50],"SrcLoc":"src/users.c:151","Type":"@!ABS$@$"},"1524":{"EquivalenDuplicateOf":"0","FuncName":"main","IRPosInFunc":[51],"SrcLoc":"src/users.c:151","Type":"RETURN_BREAK_CONTINUE!DELSTMT"},"1525":{"EquivalenDuplicateOf":"0","FuncName":"main","IRPosInFunc":[51],"SrcLoc":"src/users.c:151","Type":"STMT!DELSTMT"},"1526":{"EquivalenDuplicateOf":"0","FuncName":"main","IRPosInFunc":[50,51],"SrcLoc":"src/users.c:151","Type":"STMT!TRAPSTMT"},"1527":{"EquivalenDuplicateOf":"0","FuncName":"main","IRPosInFunc":[49],"SrcLoc":"src/users.c:150","Type":"STMT!TRAPSTMT"},"1528":{"EquivalenDuplicateOf":"0","FuncName":"main","IRPosInFunc":[47],"SrcLoc":"src/users.c:147","Type":"STMT!TRAPSTMT"},"1529":{"EquivalenDuplicateOf":"0","FuncName":"main","IRPosInFunc":[45],"SrcLoc":"src/users.c:146","Type":"CALL!SHUFFLEARGS$2$"},"1530":{"EquivalenDuplicateOf":"331","FuncName":"main","IRPosInFunc":[39],"SrcLoc":"src/users.c:146","Type":"ADD$@1$@2$!MOD$@1$@2$"},"1531":{"EquivalenDuplicateOf":"307","FuncName":"main","IRPosInFunc":[39],"SrcLoc":"src/users.c:146","Type":"ADD$@1$@2$!DIV$@1$@2$"},"1532":{"EquivalenDuplicateOf":"326","FuncName":"main","IRPosInFunc":[39],"SrcLoc":"src/users.c:146","Type":"ADD$@1$@2$!CONSTVAL$1$"},"1533":{"EquivalenDuplicateOf":"326","FuncName":"main","IRPosInFunc":[39],"SrcLoc":"src/users.c:146","Type":"ADD$@1$@2$!ABS$@2$"},"1534":{"EquivalenDuplicateOf":"307","FuncName":"main","IRPosInFunc":[39],"SrcLoc":"src/users.c:146","Type":"ADD$@1$@2$!MUL$@1$@2$"},"1535":{"EquivalenDuplicateOf":"331","FuncName":"main","IRPosInFunc":[39],"SrcLoc":"src/users.c:146","Type":"ADD$@1$@2$!MOD$@1$@2$"},"1536":{"EquivalenDuplicateOf":"307","FuncName":"main","IRPosInFunc":[39],"SrcLoc":"src/users.c:146","Type":"ADD$@1$@2$!DIV$@1$@2$"},"1537":{"EquivalenDuplicateOf":"307","FuncName":"main","IRPosInFunc":[39],"SrcLoc":"src/users.c:146","Type":"ADD$@1$@2$!OPERAND$@1$"},"1538":{"EquivalenDuplicateOf":"307","FuncName":"main","IRPosInFunc":[39],"SrcLoc":"src/users.c:146","Type":"C!ADD$C$-1$"},"1539":{"EquivalenDuplicateOf":"291","FuncName":"main","IRPosInFunc":[37],"SrcLoc":"src/users.c:143","Type":"RETURN_BREAK_CONTINUE!DELSTMT"},"1540":{"EquivalenDuplicateOf":"266","FuncName":"main","IRPosInFunc":[30],"SrcLoc":"src/users.c:139","Type":"RETURN_BREAK_CONTINUE!DELSTMT"},"1541":{"EquivalenDuplicateOf":"0","FuncName":"main","IRPosInFunc":[24],"SrcLoc":"src/users.c:133","Type":"STMT!TRAPSTMT"},"1542":{"EquivalenDuplicateOf":"163","FuncName":"main","IRPosInFunc":[21],"SrcLoc":"src/users.c:132","Type":"C!ADD$C$1$"},"1543":{"EquivalenDuplicateOf":"163","FuncName":"main","IRPosInFunc":[21],"SrcLoc":"src/users.c:132","Type":"C!CONSTVAL$0$"},"1544":{"EquivalenDuplicateOf":"167","FuncName":"main","IRPosInFunc":[21],"SrcLoc":"src/users.c:132","Type":"NEQ$@1$@2$!GE$@2$@1$"},"1545":{"EquivalenDuplicateOf":"167","FuncName":"main","IRPosInFunc":[21],"SrcLoc":"src/users.c:132","Type":"NEQ$@1$@2$!LE$@1$@2$"},"1546":{"EquivalenDuplicateOf":"160","FuncName":"main","IRPosInFunc":[21],"SrcLoc":"src/users.c:132","Type":"NEQ$@1$@2$!LT$@2$@1$"},"1547":{"EquivalenDuplicateOf":"160","FuncName":"main","IRPosInFunc":[21],"SrcLoc":"src/users.c:132","Type":"NEQ$@1$@2$!GT$@1$@2$"},"1548":{"EquivalenDuplicateOf":"166","FuncName":"main","IRPosInFunc":[21],"SrcLoc":"src/users.c:132","Type":"NEQ$@1$@2$!BITSHR$@1$@2$"},"1549":{"EquivalenDuplicateOf":"167","FuncName":"main","IRPosInFunc":[21],"SrcLoc":"src/users.c:132","Type":"NEQ$@1$@2$!BITSHR$@2$@1$"},"1550":{"EquivalenDuplicateOf":"167","FuncName":"main","IRPosInFunc":[21],"SrcLoc":"src/users.c:132","Type":"NEQ$@1$@2$!NEG$@2$"},"1551":{"EquivalenDuplicateOf":"166","FuncName":"main","IRPosInFunc":[21],"SrcLoc":"src/users.c:132","Type":"NEQ$@1$@2$!BITSHR$@1$@2$"},"1552":{"EquivalenDuplicateOf":"167","FuncName":"main","IRPosInFunc":[21],"SrcLoc":"src/users.c:132","Type":"NEQ$@1$@2$!BITOR$@1$@2$"},"1553":{"EquivalenDuplicateOf":"167","FuncName":"main","IRPosInFunc":[21],"SrcLoc":"src/users.c:132","Type":"NEQ$@1$@2$!CONSTVAL$1$"},"1554":{"EquivalenDuplicateOf":"167","FuncName":"main","IRPosInFunc":[21],"SrcLoc":"src/users.c:132","Type":"NEQ$@1$@2$!ABS$@2$"},"1555":{"EquivalenDuplicateOf":"163","FuncName":"main","IRPosInFunc":[21],"SrcLoc":"src/users.c:132","Type":"NEQ$@1$@2$!OPERAND$@1$"},"1556":{"EquivalenDuplicateOf":"161","FuncName":"main","IRPosInFunc":[21],"SrcLoc":"src/users.c:132","Type":"NEQ$@1$@2$!BITNOT$@1$"},"1557":{"EquivalenDuplicateOf":"160","FuncName":"main","IRPosInFunc":[21],"SrcLoc":"src/users.c:132","Type":"NEQ$@1$@2$!CONSTVAL$0$"},"1558":{"EquivalenDuplicateOf":"143","FuncName":"main","IRPosInFunc":[17],"SrcLoc":"src/users.c:130","Type":"CALL!SHUFFLEARGS$2$"},"1559":{"EquivalenDuplicateOf":"144","FuncName":"main","IRPosInFunc":[17],"SrcLoc":"src/users.c:130","Type":"CALL!SHUFFLEARGS$2$"},"1560":{"EquivalenDuplicateOf":"145","FuncName":"main","IRPosInFunc":[17],"SrcLoc":"src/users.c:130","Type":"CALL!SHUFFLEARGS$2$"},"1561":{"EquivalenDuplicateOf":"144","FuncName":"main","IRPosInFunc":[17],"SrcLoc":"src/users.c:130","Type":"CALL!SHUFFLEARGS$2$"},"1562":{"EquivalenDuplicateOf":"146","FuncName":"main","IRPosInFunc":[17],"SrcLoc":"src/users.c:130","Type":"CALL!SHUFFLEARGS$2$"},"1563":{"EquivalenDuplicateOf":"147","FuncName":"main","IRPosInFunc":[17],"SrcLoc":"src/users.c:130","Type":"CALL!SHUFFLEARGS$2$"},"1564":{"EquivalenDuplicateOf":"148","FuncName":"main","IRPosInFunc":[17],"SrcLoc":"src/users.c:130","Type":"CALL!SHUFFLEARGS$2$"},"1565":{"EquivalenDuplicateOf":"146","FuncName":"main","IRPosInFunc":[17],"SrcLoc":"src/users.c:130","Type":"CALL!SHUFFLEARGS$2$"},"1566":{"EquivalenDuplicateOf":"147","FuncName":"main","IRPosInFunc":[17],"SrcLoc":"src/users.c:130","Type":"CALL!SHUFFLEARGS$2$"},"1567":{"EquivalenDuplicateOf":"146","FuncName":"main","IRPosInFunc":[17],"SrcLoc":"src/users.c:130","Type":"CALL!SHUFFLEARGS$2$"},"1568":{"EquivalenDuplicateOf":"149","FuncName":"main","IRPosInFunc":[17],"SrcLoc":"src/users.c:130","Type":"CALL!SHUFFLEARGS$2$"},"1569":{"EquivalenDuplicateOf":"150","FuncName":"main","IRPosInFunc":[17],"SrcLoc":"src/users.c:130","Type":"CALL!SHUFFLEARGS$2$"},"1570":{"EquivalenDuplicateOf":"151","FuncName":"main","IRPosInFunc":[17],"SrcLoc":"src/users.c:130","Type":"CALL!SHUFFLEARGS$2$"},"1571":{"EquivalenDuplicateOf":"152","FuncName":"main","IRPosInFunc":[17],"SrcLoc":"src/users.c:130","Type":"CALL!SHUFFLEARGS$2$"},"1572":{"EquivalenDuplicateOf":"149","FuncName":"main","IRPosInFunc":[17],"SrcLoc":"src/users.c:130","Type":"CALL!SHUFFLEARGS$2$"},"1573":{"EquivalenDuplicateOf":"150","FuncName":"main","IRPosInFunc":[17],"SrcLoc":"src/users.c:130","Type":"CALL!SHUFFLEARGS$2$"},"1574":{"EquivalenDuplicateOf":"151","FuncName":"main","IRPosInFunc":[17],"SrcLoc":"src/users.c:130","Type":"CALL!SHUFFLEARGS$2$"},"1575":{"EquivalenDuplicateOf":"149","FuncName":"main","IRPosInFunc":[17],"SrcLoc":"src/users.c:130","Type":"CALL!SHUFFLEARGS$2$"},"1576":{"EquivalenDuplicateOf":"150","FuncName":"main","IRPosInFunc":[17],"SrcLoc":"src/users.c:130","Type":"CALL!SHUFFLEARGS$2$"},"1577":{"EquivalenDuplicateOf":"149","FuncName":"main","IRPosInFunc":[17],"SrcLoc":"src/users.c:130","Type":"CALL!SHUFFLEARGS$2$"},"1578":{"EquivalenDuplicateOf":"153","FuncName":"main","IRPosInFunc":[17],"SrcLoc":"src/users.c:130","Type":"CALL!SHUFFLEARGS$2$"},"1579":{"EquivalenDuplicateOf":"154","FuncName":"main","IRPosInFunc":[17],"SrcLoc":"src/users.c:130","Type":"CALL!SHUFFLEARGS$2$"},"1580":{"EquivalenDuplicateOf":"155","FuncName":"main","IRPosInFunc":[17],"SrcLoc":"src/users.c:130","Type":"CALL!SHUFFLEARGS$2$"},"1581":{"EquivalenDuplicateOf":"156","FuncName":"main","IRPosInFunc":[17],"SrcLoc":"src/users.c:130","Type":"CALL!SHUFFLEARGS$2$"},"1582":{"EquivalenDuplicateOf":"153","FuncName":"main","IRPosInFunc":[17],"SrcLoc":"src/users.c:130","Type":"CALL!SHUFFLEARGS$2$"},"1583":{"EquivalenDuplicateOf":"154","FuncName":"main","IRPosInFunc":[17],"SrcLoc":"src/users.c:130","Type":"CALL!SHUFFLEARGS$2$"},"1584":{"EquivalenDuplicateOf":"155","FuncName":"main","IRPosInFunc":[17],"SrcLoc":"src/users.c:130","Type":"CALL!SHUFFLEARGS$2$"},"1585":{"EquivalenDuplicateOf":"153","FuncName":"main","IRPosInFunc":[17],"SrcLoc":"src/users.c:130","Type":"CALL!SHUFFLEARGS$2$"},"1586":{"EquivalenDuplicateOf":"154","FuncName":"main","IRPosInFunc":[17],"SrcLoc":"src/users.c:130","Type":"CALL!SHUFFLEARGS$2$"},"1587":{"EquivalenDuplicateOf":"153","FuncName":"main","IRPosInFunc":[17],"SrcLoc":"src/users.c:130","Type":"CALL!SHUFFLEARGS$2$"},"1588":{"EquivalenDuplicateOf":"143","FuncName":"main","IRPosInFunc":[17],"SrcLoc":"src/users.c:130","Type":"CALL!SHUFFLEARGS$2$"},"1589":{"EquivalenDuplicateOf":"144","FuncName":"main","IRPosInFunc":[17],"SrcLoc":"src/users.c:130","Type":"CALL!SHUFFLEARGS$2$"},"1590":{"EquivalenDuplicateOf":"145","FuncName":"main","IRPosInFunc":[17],"SrcLoc":"src/users.c:130","Type":"CALL!SHUFFLEARGS$2$"},"1591":{"EquivalenDuplicateOf":"144","FuncName":"main","IRPosInFunc":[17],"SrcLoc":"src/users.c:130","Type":"CALL!SHUFFLEARGS$2$"},"1592":{"EquivalenDuplicateOf":"146","FuncName":"main","IRPosInFunc":[17],"SrcLoc":"src/users.c:130","Type":"CALL!SHUFFLEARGS$2$"},"1593":{"EquivalenDuplicateOf":"147","FuncName":"main","IRPosInFunc":[17],"SrcLoc":"src/users.c:130","Type":"CALL!SHUFFLEARGS$2$"},"1594":{"EquivalenDuplicateOf":"148","FuncName":"main","IRPosInFunc":[17],"SrcLoc":"src/users.c:130","Type":"CALL!SHUFFLEARGS$2$"},"1595":{"EquivalenDuplicateOf":"146","FuncName":"main","IRPosInFunc":[17],"SrcLoc":"src/users.c:130","Type":"CALL!SHUFFLEARGS$2$"},"1596":{"EquivalenDuplicateOf":"147","FuncName":"main","IRPosInFunc":[17],"SrcLoc":"src/users.c:130","Type":"CALL!SHUFFLEARGS$2$"},"1597":{"EquivalenDuplicateOf":"146","FuncName":"main","IRPosInFunc":[17],"SrcLoc":"src/users.c:130","Type":"CALL!SHUFFLEARGS$2$"},"1598":{"EquivalenDuplicateOf":"149","FuncName":"main","IRPosInFunc":[17],"SrcLoc":"src/users.c:130","Type":"CALL!SHUFFLEARGS$2$"},"1599":{"EquivalenDuplicateOf":"150","FuncName":"main","IRPosInFunc":[17],"SrcLoc":"src/users.c:130","Type":"CALL!SHUFFLEARGS$2$"},"1600":{"EquivalenDuplicateOf":"151","FuncName":"main","IRPosInFunc":[17],"SrcLoc":"src/users.c:130","Type":"CALL!SHUFFLEARGS$2$"},"1601":{"EquivalenDuplicateOf":"149","FuncName":"main","IRPosInFunc":[17],"SrcLoc":"src/users.c:130","Type":"CALL!SHUFFLEARGS$2$"},"1602":{"EquivalenDuplicateOf":"150","FuncName":"main","IRPosInFunc":[17],"SrcLoc":"src/users.c:130","Type":"CALL!SHUFFLEARGS$2$"},"1603":{"EquivalenDuplicateOf":"149","FuncName":"main","IRPosInFunc":[17],"SrcLoc":"src/users.c:130","Type":"CALL!SHUFFLEARGS$2$"},"1604":{"EquivalenDuplicateOf":"143","FuncName":"main","IRPosInFunc":[17],"SrcLoc":"src/users.c:130","Type":"CALL!SHUFFLEARGS$2$"},"1605":{"EquivalenDuplicateOf":"144","FuncName":"main","IRPosInFunc":[17],"SrcLoc":"src/users.c:130","Type":"CALL!SHUFFLEARGS$2$"},"1606":{"EquivalenDuplicateOf":"145","FuncName":"main","IRPosInFunc":[17],"SrcLoc":"src/users.c:130","Type":"CALL!SHUFFLEARGS$2$"},"1607":{"EquivalenDuplicateOf":"144","FuncName":"main","IRPosInFunc":[17],"SrcLoc":"src/users.c:130","Type":"CALL!SHUFFLEARGS$2$"},"1608":{"EquivalenDuplicateOf":"146","FuncName":"main","IRPosInFunc":[17],"SrcLoc":"src/users.c:130","Type":"CALL!SHUFFLEARGS$2$"},"1609":{"EquivalenDuplicateOf":"147","FuncName":"main","IRPosInFunc":[17],"SrcLoc":"src/users.c:130","Type":"CALL!SHUFFLEARGS$2$"},"1610":{"EquivalenDuplicateOf":"146","FuncName":"main","IRPosInFunc":[17],"SrcLoc":"src/users.c:130","Type":"CALL!SHUFFLEARGS$2$"},"1611":{"EquivalenDuplicateOf":"143","FuncName":"main","IRPosInFunc":[17],"SrcLoc":"src/users.c:130","Type":"CALL!SHUFFLEARGS$2$"},"1612":{"EquivalenDuplicateOf":"144","FuncName":"main","IRPosInFunc":[17],"SrcLoc":"src/users.c:130","Type":"CALL!SHUFFLEARGS$2$"},"1613":{"EquivalenDuplicateOf":"123","FuncName":"main","IRPosInFunc":[9],"SrcLoc":"src/users.c:123","Type":"A!CONSTVAL$0$"},"1614":{"EquivalenDuplicateOf":"98","FuncName":"main","IRPosInFunc":[4],"SrcLoc":"","Type":"ASSIGN$V1$@2$!DIV$@2$V1$"},"1615":{"EquivalenDuplicateOf":"98","FuncName":"main","IRPosInFunc":[4],"SrcLoc":"","Type":"ASSIGN$V1$@2$!MOD$V1$@2$"},"1616":{"EquivalenDuplicateOf":"98","FuncName":"main","IRPosInFunc":[4],"SrcLoc":"","Type":"ASSIGN$V1$@2$!BITSHR$@2$V1$"},"1617":{"EquivalenDuplicateOf":"98","FuncName":"main","IRPosInFunc":[4],"SrcLoc":"","Type":"ASSIGN$V1$@2$!DIV$V1$@2$"},"1618":{"EquivalenDuplicateOf":"98","FuncName":"main","IRPosInFunc":[4],"SrcLoc":"","Type":"ASSIGN$V1$@2$!BITSHR$V1$@2$"},"1619":{"EquivalenDuplicateOf":"98","FuncName":"main","IRPosInFunc":[4],"SrcLoc":"","Type":"ASSIGN$V1$@2$!MOD$@2$V1$"},"1620":{"EquivalenDuplicateOf":"98","FuncName":"main","IRPosInFunc":[4],"SrcLoc":"","Type":"ASSIGN$V1$@2$!DIV$@2$V1$"},"1621":{"EquivalenDuplicateOf":"97","FuncName":"main","IRPosInFunc":[4],"SrcLoc":"","Type":"ASSIGN$V1$@2$!BITNOT$@2$"},"1622":{"EquivalenDuplicateOf":"97","FuncName":"main","IRPosInFunc":[4],"SrcLoc":"","Type":"ASSIGN$V1$@2$!OPERAND$@2$"},"1623":{"EquivalenDuplicateOf":"98","FuncName":"main","IRPosInFunc":[4],"SrcLoc":"","Type":"ASSIGN$V1$@2$!MOD$V1$@2$"},"1624":{"EquivalenDuplicateOf":"98","FuncName":"main","IRPosInFunc":[4],"SrcLoc":"","Type":"ASSIGN$V1$@2$!BITSHR$@2$V1$"},"1625":{"EquivalenDuplicateOf":"98","FuncName":"main","IRPosInFunc":[4],"SrcLoc":"","Type":"ASSIGN$V1$@2$!SUB$V1$@2$"},"1626":{"EquivalenDuplicateOf":"98","FuncName":"main","IRPosInFunc":[4],"SrcLoc":"","Type":"ASSIGN$V1$@2$!SUB$@2$V1$"},"1627":{"EquivalenDuplicateOf":"98","FuncName":"main","IRPosInFunc":[4],"SrcLoc":"","Type":"ASSIGN$V1$@2$!DIV$V1$@2$"},"1628":{"EquivalenDuplicateOf":"98","FuncName":"main","IRPosInFunc":[4],"SrcLoc":"","Type":"ASSIGN$V1$@2$!MUL$V1$@2$"},"1629":{"EquivalenDuplicateOf":"98","FuncName":"main","IRPosInFunc":[4],"SrcLoc":"","Type":"ASSIGN$V1$@2$!BITSHR$V1$@2$"},"1630":{"EquivalenDuplicateOf":"97","FuncName":"main","IRPosInFunc":[4],"SrcLoc":"","Type":"ASSIGN$V1$@2$!CONSTVAL$0$"},"1631":{"EquivalenDuplicateOf":"98","FuncName":"main","IRPosInFunc":[4],"SrcLoc":"","Type":"ASSIGN$V1$@2$!NEG$V1$"},"1632":{"EquivalenDuplicateOf":"98","FuncName":"main","IRPosInFunc":[4],"SrcLoc":"","Type":"ASSIGN$V1$@2$!BITXOR$V1$@2$"},"1633":{"EquivalenDuplicateOf":"97","FuncName":"main","IRPosInFunc":[4],"SrcLoc":"","Type":"ASSIGN$V1$@2$!CONSTVAL$1$"},"1634":{"EquivalenDuplicateOf":"98","FuncName":"main","IRPosInFunc":[4],"SrcLoc":"","Type":"ASSIGN$V1$@2$!BITSHL$V1$@2$"},"1635":{"EquivalenDuplicateOf":"98","FuncName":"main","IRPosInFunc":[4],"SrcLoc":"","Type":"ASSIGN$V1$@2$!BITSHL$@2$V1$"},"1636":{"EquivalenDuplicateOf":"98","FuncName":"main","IRPosInFunc":[4],"SrcLoc":"","Type":"ASSIGN$V1$@2$!BITAND$V1$@2$"},"1637":{"EquivalenDuplicateOf":"97","FuncName":"main","IRPosInFunc":[4],"SrcLoc":"","Type":"ASSIGN$V1$@2$!NEG$@2$"},"1638":{"EquivalenDuplicateOf":"98","FuncName":"main","IRPosInFunc":[4],"SrcLoc":"","Type":"ASSIGN$V1$@2$!BITNOT$V1$"},"1639":{"EquivalenDuplicateOf":"98","FuncName":"main","IRPosInFunc":[4],"SrcLoc":"","Type":"ASSIGN$V1$@2$!ADD$V1$@2$"},"1640":{"EquivalenDuplicateOf":"97","FuncName":"main","IRPosInFunc":[4],"SrcLoc":"","Type":"ASSIGN$V1$@2$!OPERAND$V1$"},"1641":{"EquivalenDuplicateOf":"98","FuncName":"main","IRPosInFunc":[4],"SrcLoc":"","Type":"ASSIGN$V1$@2$!MOD$@2$V1$"},"1642":{"EquivalenDuplicateOf":"78","FuncName":"main","IRPosInFunc":[3],"SrcLoc":"","Type":"ASSIGN$V1$@2$!DIV$@2$V1$"},"1643":{"EquivalenDuplicateOf":"78","FuncName":"main","IRPosInFunc":[3],"SrcLoc":"","Type":"ASSIGN$V1$@2$!GT$@2$V1$"},"1644":{"EquivalenDuplicateOf":"78","FuncName":"main","IRPosInFunc":[3],"SrcLoc":"","Type":"ASSIGN$V1$@2$!MOD$V1$@2$"},"1645":{"EquivalenDuplicateOf":"78","FuncName":"main","IRPosInFunc":[3],"SrcLoc":"","Type":"ASSIGN$V1$@2$!BITSHR$@2$V1$"},"1646":{"EquivalenDuplicateOf":"78","FuncName":"main","IRPosInFunc":[3],"SrcLoc":"","Type":"ASSIGN$V1$@2$!GE$V1$@2$"},"1647":{"EquivalenDuplicateOf":"78","FuncName":"main","IRPosInFunc":[3],"SrcLoc":"","Type":"ASSIGN$V1$@2$!DIV$V1$@2$"},"1648":{"EquivalenDuplicateOf":"78","FuncName":"main","IRPosInFunc":[3],"SrcLoc":"","Type":"ASSIGN$V1$@2$!BITSHR$V1$@2$"},"1649":{"EquivalenDuplicateOf":"78","FuncName":"main","IRPosInFunc":[3],"SrcLoc":"","Type":"ASSIGN$V1$@2$!LT$V1$@2$"},"1650":{"EquivalenDuplicateOf":"78","FuncName":"main","IRPosInFunc":[3],"SrcLoc":"","Type":"ASSIGN$V1$@2$!LE$@2$V1$"},"1651":{"EquivalenDuplicateOf":"78","FuncName":"main","IRPosInFunc":[3],"SrcLoc":"","Type":"ASSIGN$V1$@2$!MOD$@2$V1$"},"1652":{"EquivalenDuplicateOf":"78","FuncName":"main","IRPosInFunc":[3],"SrcLoc":"","Type":"ASSIGN$V1$@2$!DIV$@2$V1$"},"1653":{"EquivalenDuplicateOf":"76","FuncName":"main","IRPosInFunc":[3],"SrcLoc":"","Type":"ASSIGN$V1$@2$!BITNOT$@2$"},"1654":{"EquivalenDuplicateOf":"76","FuncName":"main","IRPosInFunc":[3],"SrcLoc":"","Type":"ASSIGN$V1$@2$!OPERAND$@2$"},"1655":{"EquivalenDuplicateOf":"78","FuncName":"main","IRPosInFunc":[3],"SrcLoc":"","Type":"ASSIGN$V1$@2$!MOD$V1$@2$"},"1656":{"EquivalenDuplicateOf":"78","FuncName":"main","IRPosInFunc":[3],"SrcLoc":"","Type":"ASSIGN$V1$@2$!BITSHR$@2$V1$"},"1657":{"EquivalenDuplicateOf":"78","FuncName":"main","IRPosInFunc":[3],"SrcLoc":"","Type":"ASSIGN$V1$@2$!SUB$V1$@2$"},"1658":{"EquivalenDuplicateOf":"78","FuncName":"main","IRPosInFunc":[3],"SrcLoc":"","Type":"ASSIGN$V1$@2$!SUB$@2$V1$"},"1659":{"EquivalenDuplicateOf":"76","FuncName":"main","IRPosInFunc":[3],"SrcLoc":"","Type":"ASSIGN$V1$@2$!ABS$@2$"},"1660":{"EquivalenDuplicateOf":"78","FuncName":"main","IRPosInFunc":[3],"SrcLoc":"","Type":"ASSIGN$V1$@2$!DIV$V1$@2$"},"1661":{"EquivalenDuplicateOf":"78","FuncName":"main","IRPosInFunc":[3],"SrcLoc":"","Type":"ASSIGN$V1$@2$!MUL$V1$@2$"},"1662":{"EquivalenDuplicateOf":"78","FuncName":"main","IRPosInFunc":[3],"SrcLoc":"","Type":"ASSIGN$V1$@2$!BITSHR$V1$@2$"},"1663":{"EquivalenDuplicateOf":"76","FuncName":"main","IRPosInFunc":[3],"SrcLoc":"","Type":"ASSIGN$V1$@2$!CONSTVAL$0$"},"1664":{"EquivalenDuplicateOf":"78","FuncName":"main","IRPosInFunc":[3],"SrcLoc":"","Type":"ASSIGN$V1$@2$!NEG$V1$"},"1665":{"EquivalenDuplicateOf":"78","FuncName":"main","IRPosInFunc":[3],"SrcLoc":"","Type":"ASSIGN$V1$@2$!BITXOR$V1$@2$"},"1666":{"EquivalenDuplicateOf":"76","FuncName":"main","IRPosInFunc":[3],"SrcLoc":"","Type":"ASSIGN$V1$@2$!CONSTVAL$1$"},"1667":{"EquivalenDuplicateOf":"78","FuncName":"main","IRPosInFunc":[3],"SrcLoc":"","Type":"ASSIGN$V1$@2$!BITSHL$V1$@2$"},"1668":{"EquivalenDuplicateOf":"78","FuncName":"main","IRPosInFunc":[3],"SrcLoc":"","Type":"ASSIGN$V1$@2$!BITSHL$@2$V1$"},"1669":{"EquivalenDuplicateOf":"78","FuncName":"main","IRPosInFunc":[3],"SrcLoc":"","Type":"ASSIGN$V1$@2$!BITAND$V1$@2$"},"1670":{"EquivalenDuplicateOf":"76","FuncName":"main","IRPosInFunc":[3],"SrcLoc":"","Type":"ASSIGN$V1$@2$!NEG$@2$"},"1671":{"EquivalenDuplicateOf":"78","FuncName":"main","IRPosInFunc":[3],"SrcLoc":"","Type":"ASSIGN$V1$@2$!BITNOT$V1$"},"1672":{"EquivalenDuplicateOf":"78","FuncName":"main","IRPosInFunc":[3],"SrcLoc":"","Type":"ASSIGN$V1$@2$!ADD$V1$@2$"},"1673":{"EquivalenDuplicateOf":"77","FuncName":"main","IRPosInFunc":[3],"SrcLoc":"","Type":"ASSIGN$V1$@2$!OPERAND$V1$"},"1674":{"EquivalenDuplicateOf":"0","FuncName":"usage","IRPosInFunc":[20],"SrcLoc":"src/users.c:117","Type":"STMT!TRAPSTMT"},"1675":{"EquivalenDuplicateOf":"0","FuncName":"usage","IRPosInFunc":[19],"SrcLoc":"src/users.c:116","Type":"STMT!TRAPSTMT"},"1676":{"EquivalenDuplicateOf":"60","FuncName":"usage","IRPosInFunc":[10],"SrcLoc":"src/users.c:106","Type":"CALL!SHUFFLEARGS$2$"},"1677":{"EquivalenDuplicateOf":"61","FuncName":"usage","IRPosInFunc":[10],"SrcLoc":"src/users.c:106","Type":"CALL!SHUFFLEARGS$2$"},"1678":{"EquivalenDuplicateOf":"52","FuncName":"usage","IRPosInFunc":[7],"SrcLoc":"src/users.c:102","Type":"RETURN_BREAK_CONTINUE!DELSTMT"},"1679":{"EquivalenDuplicateOf":"25","FuncName":"usage","IRPosInFunc":[3],"SrcLoc":"src/users.c:101","Type":"@!ABS$@$"},"1680":{"EquivalenDuplicateOf":"27","FuncName":"usage","IRPosInFunc":[4],"SrcLoc":"src/users.c:101","Type":"NEQ$@1$@2$!BITSHR$@2$@1$"},"1681":{"EquivalenDuplicateOf":"27","FuncName":"usage","IRPosInFunc":[4],"SrcLoc":"src/users.c:101","Type":"NEQ$@1$@2$!LT$@1$@2$"},"1682":{"EquivalenDuplicateOf":"0","FuncName":"usage","IRPosInFunc":[4],"SrcLoc":"src/users.c:101","Type":"NEQ$@1$@2$!BITSHR$@1$@2$"},"1683":{"EquivalenDuplicateOf":"26","FuncName":"usage","IRPosInFunc":[4],"SrcLoc":"src/users.c:101","Type":"NEQ$@1$@2$!GE$@1$@2$"},"1684":{"EquivalenDuplicateOf":"27","FuncName":"usage","IRPosInFunc":[4],"SrcLoc":"src/users.c:101","Type":"NEQ$@1$@2$!GT$@2$@1$"},"1685":{"EquivalenDuplicateOf":"33","FuncName":"usage","IRPosInFunc":[4],"SrcLoc":"src/users.c:101","Type":"NEQ$@1$@2$!MOD$@1$@2$"},"1686":{"EquivalenDuplicateOf":"27","FuncName":"usage","IRPosInFunc":[4],"SrcLoc":"src/users.c:101","Type":"NEQ$@1$@2$!MOD$@2$@1$"},"1687":{"EquivalenDuplicateOf":"27","FuncName":"usage","IRPosInFunc":[4],"SrcLoc":"src/users.c:101","Type":"NEQ$@1$@2$!DIV$@2$@1$"},"1688":{"EquivalenDuplicateOf":"26","FuncName":"usage","IRPosInFunc":[4],"SrcLoc":"src/users.c:101","Type":"NEQ$@1$@2$!LE$@2$@1$"},"1689":{"EquivalenDuplicateOf":"27","FuncName":"usage","IRPosInFunc":[4],"SrcLoc":"src/users.c:101","Type":"NEQ$@1$@2$!BITSHR$@2$@1$"},"1690":{"EquivalenDuplicateOf":"27","FuncName":"usage","IRPosInFunc":[4],"SrcLoc":"src/users.c:101","Type":"NEQ$@1$@2$!NEG$@2$"},"1691":{"EquivalenDuplicateOf":"27","FuncName":"usage","IRPosInFunc":[4],"SrcLoc":"src/users.c:101","Type":"NEQ$@1$@2$!MUL$@1$@2$"},"1692":{"EquivalenDuplicateOf":"0","FuncName":"usage","IRPosInFunc":[4],"SrcLoc":"src/users.c:101","Type":"NEQ$@1$@2$!SUB$@1$@2$"},"1693":{"EquivalenDuplicateOf":"0","FuncName":"usage","IRPosInFunc":[4],"SrcLoc":"src/users.c:101","Type":"NEQ$@1$@2$!BITSHR$@1$@2$"},"1694":{"EquivalenDuplicateOf":"27","FuncName":"usage","IRPosInFunc":[4],"SrcLoc":"src/users.c:101","Type":"NEQ$@1$@2$!BITSHL$@2$@1$"},"1695":{"EquivalenDuplicateOf":"0","FuncName":"usage","IRPosInFunc":[4],"SrcLoc":"src/users.c:101","Type":"NEQ$@1$@2$!BITOR$@1$@2$"},"1696":{"EquivalenDuplicateOf":"26","FuncName":"usage","IRPosInFunc":[4],"SrcLoc":"src/users.c:101","Type":"NEQ$@1$@2$!CONSTVAL$1$"},"1697":{"EquivalenDuplicateOf":"27","FuncName":"usage","IRPosInFunc":[4],"SrcLoc":"src/users.c:101","Type":"NEQ$@1$@2$!ABS$@2$"},"1698":{"EquivalenDuplicateOf":"0","FuncName":"usage","IRPosInFunc":[4],"SrcLoc":"src/users.c:101","Type":"NEQ$@1$@2$!OPERAND$@1$"},"1699":{"EquivalenDuplicateOf":"31","FuncName":"usage","IRPosInFunc":[4],"SrcLoc":"src/users.c:101","Type":"NEQ$@1$@2$!NEG$@1$"},"1700":{"EquivalenDuplicateOf":"27","FuncName":"usage","IRPosInFunc":[4],"SrcLoc":"src/users.c:101","Type":"NEQ$@1$@2$!MOD$@2$@1$"},"1701":{"EquivalenDuplicateOf":"27","FuncName":"usage","IRPosInFunc":[4],"SrcLoc":"src/users.c:101","Type":"NEQ$@1$@2$!OPERAND$@2$"},"1702":{"EquivalenDuplicateOf":"0","FuncName":"usage","IRPosInFunc":[4],"SrcLoc":"src/users.c:101","Type":"NEQ$@1$@2$!BITSHL$@1$@2$"},"1703":{"EquivalenDuplicateOf":"27","FuncName":"usage","IRPosInFunc":[4],"SrcLoc":"src/users.c:101","Type":"NEQ$@1$@2$!DIV$@2$@1$"},"1704":{"EquivalenDuplicateOf":"0","FuncName":"usage","IRPosInFunc":[4],"SrcLoc":"src/users.c:101","Type":"NEQ$@1$@2$!ADD$@1$@2$"},"1705":{"EquivalenDuplicateOf":"27","FuncName":"usage","IRPosInFunc":[4],"SrcLoc":"src/users.c:101","Type":"NEQ$@1$@2$!BITAND$@1$@2$"},"1706":{"EquivalenDuplicateOf":"0","FuncName":"usage","IRPosInFunc":[4],"SrcLoc":"src/users.c:101","Type":"NEQ$@1$@2$!BITXOR$@1$@2$"},"1707":{"EquivalenDuplicateOf":"2","FuncName":"usage","IRPosInFunc":[1],"SrcLoc":"","Type":"ASSIGN$V1$@2$!DIV$@2$V1$"},"1708":{"EquivalenDuplicateOf":"2","FuncName":"usage","IRPosInFunc":[1],"SrcLoc":"","Type":"ASSIGN$V1$@2$!MOD$V1$@2$"},"1709":{"EquivalenDuplicateOf":"2","FuncName":"usage","IRPosInFunc":[1],"SrcLoc":"","Type":"ASSIGN$V1$@2$!BITSHR$@2$V1$"},"1710":{"EquivalenDuplicateOf":"2","FuncName":"usage","IRPosInFunc":[1],"SrcLoc":"","Type":"ASSIGN$V1$@2$!DIV$V1$@2$"},"1711":{"EquivalenDuplicateOf":"2","FuncName":"usage","IRPosInFunc":[1],"SrcLoc":"","Type":"ASSIGN$V1$@2$!BITSHR$V1$@2$"},"1712":{"EquivalenDuplicateOf":"2","FuncName":"usage","IRPosInFunc":[1],"SrcLoc":"","Type":"ASSIGN$V1$@2$!MOD$@2$V1$"},"1713":{"EquivalenDuplicateOf":"2","FuncName":"usage","IRPosInFunc":[1],"SrcLoc":"","Type":"ASSIGN$V1$@2$!DIV$@2$V1$"},"1714":{"EquivalenDuplicateOf":"2","FuncName":"usage","IRPosInFunc":[1],"SrcLoc":"","Type":"ASSIGN$V1$@2$!BITNOT$@2$"},"1715":{"EquivalenDuplicateOf":"2","FuncName":"usage","IRPosInFunc":[1],"SrcLoc":"","Type":"ASSIGN$V1$@2$!OPERAND$@2$"},"1716":{"EquivalenDuplicateOf":"2","FuncName":"usage","IRPosInFunc":[1],"SrcLoc":"","Type":"ASSIGN$V1$@2$!MOD$V1$@2$"},"1717":{"EquivalenDuplicateOf":"2","FuncName":"usage","IRPosInFunc":[1],"SrcLoc":"","Type":"ASSIGN$V1$@2$!BITSHR$@2$V1$"},"1718":{"EquivalenDuplicateOf":"2","FuncName":"usage","IRPosInFunc":[1],"SrcLoc":"","Type":"ASSIGN$V1$@2$!SUB$V1$@2$"},"1719":{"EquivalenDuplicateOf":"2","FuncName":"usage","IRPosInFunc":[1],"SrcLoc":"","Type":"ASSIGN$V1$@2$!SUB$@2$V1$"},"1720":{"EquivalenDuplicateOf":"2","FuncName":"usage","IRPosInFunc":[1],"SrcLoc":"","Type":"ASSIGN$V1$@2$!DIV$V1$@2$"},"1721":{"EquivalenDuplicateOf":"2","FuncName":"usage","IRPosInFunc":[1],"SrcLoc":"","Type":"ASSIGN$V1$@2$!MUL$V1$@2$"},"1722":{"EquivalenDuplicateOf":"2","FuncName":"usage","IRPosInFunc":[1],"SrcLoc":"","Type":"ASSIGN$V1$@2$!BITSHR$V1$@2$"},"1723":{"EquivalenDuplicateOf":"2","FuncName":"usage","IRPosInFunc":[1],"SrcLoc":"","Type":"ASSIGN$V1$@2$!CONSTVAL$0$"},"1724":{"EquivalenDuplicateOf":"2","FuncName":"usage","IRPosInFunc":[1],"SrcLoc":"","Type":"ASSIGN$V1$@2$!NEG$V1$"},"1725":{"EquivalenDuplicateOf":"2","FuncName":"usage","IRPosInFunc":[1],"SrcLoc":"","Type":"ASSIGN$V1$@2$!BITXOR$V1$@2$"},"1726":{"EquivalenDuplicateOf":"2","FuncName":"usage","IRPosInFunc":[1],"SrcLoc":"","Type":"ASSIGN$V1$@2$!CONSTVAL$1$"},"1727":{"EquivalenDuplicateOf":"2","FuncName":"usage","IRPosInFunc":[1],"SrcLoc":"","Type":"ASSIGN$V1$@2$!BITSHL$V1$@2$"},"1728":{"EquivalenDuplicateOf":"2","FuncName":"usage","IRPosInFunc":[1],"SrcLoc":"","Type":"ASSIGN$V1$@2$!BITSHL$@2$V1$"},"1729":{"EquivalenDuplicateOf":"2","FuncName":"usage","IRPosInFunc":[1],"SrcLoc":"","Type":"ASSIGN$V1$@2$!BITAND$V1$@2$"},"1730":{"EquivalenDuplicateOf":"2","FuncName":"usage","IRPosInFunc":[1],"SrcLoc":"","Type":"ASSIGN$V1$@2$!NEG$@2$"},"1731":{"EquivalenDuplicateOf":"2","FuncName":"usage","IRPosInFunc":[1],"SrcLoc":"","Type":"ASSIGN$V1$@2$!BITNOT$V1$"},"1732":{"EquivalenDuplicateOf":"2","FuncName":"usage","IRPosInFunc":[1],"SrcLoc":"","Type":"ASSIGN$V1$@2$!ADD$V1$@2$"},"1733":{"EquivalenDuplicateOf":"2","FuncName":"usage","IRPosInFunc":[1],"SrcLoc":"","Type":"ASSIGN$V1$@2$!OPERAND$V1$"},"1734":{"EquivalenDuplicateOf":"2","FuncName":"usage","IRPosInFunc":[1],"SrcLoc":"","Type":"ASSIGN$V1$@2$!MOD$@2$V1$"},"1735":{"EquivalenDuplicateOf":"2","FuncName":"usage","IRPosInFunc":[1],"SrcLoc":"","Type":"ASSIGN$V1$@2$!BITOR$V1$@2$"}}