{
  "1": {
    "FuncName": "usage",
    "IRPosInFunc": [
      1
    ],
    "SrcLoc": "",
    "Type": "STMT!TRAPSTMT"
  },
  "107": {
    "FuncName": "main",
    "IRPosInFunc": [
      7
    ],
    "SrcLoc": "",
    "Type": "ASSIGN$V1$@2$!GE$V1$@2$"
  },
  "120": {
    "FuncName": "main",
    "IRPosInFunc": [
      9
    ],
    "SrcLoc": "",
    "Type": "STMT!DELSTMT"
  },
  "125": {
    "FuncName": "main",
    "IRPosInFunc": [
      12
    ],
    "SrcLoc": "src/rmdir.c:188",
    "Type": "ASSIGN$V1$@2$!ABS$V1$"
  },
  "143": {
    "FuncName": "main",
    "IRPosInFunc": [
      12
    ],
    "SrcLoc": "src/rmdir.c:188",
    "Type": "C!CONSTVAL$0$"
  },
  "144": {
    "FuncName": "main",
    "IRPosInFunc": [
      12
    ],
    "SrcLoc": "src/rmdir.c:188",
    "Type": "C!ADD$C$1$"
  },
  "145": {
    "FuncName": "main",
    "IRPosInFunc": [
      14,
      15,
      16,
      17
    ],
    "SrcLoc": "src/rmdir.c:192",
    "Type": "STMT!TRAPSTMT"
  },
  "146": {
    "FuncName": "main",
    "IRPosInFunc": [
      14,
      15,
      16,
      17
    ],
    "SrcLoc": "src/rmdir.c:192",
    "Type": "STMT!DELSTMT"
  },
  "147": {
    "FuncName": "main",
    "IRPosInFunc": [
      14
    ],
    "SrcLoc": "src/rmdir.c:192",
    "Type": "A!CONSTVAL$0$"
  },
  "149": {
    "FuncName": "main",
    "IRPosInFunc": [
      15
    ],
    "SrcLoc": "src/rmdir.c:192",
    "Type": "C!ADD$C$-1$"
  },
  "150": {
    "FuncName": "main",
    "IRPosInFunc": [
      15
    ],
    "SrcLoc": "src/rmdir.c:192",
    "Type": "C!ADD$C$1$"
  },
  "151": {
    "FuncName": "main",
    "IRPosInFunc": [
      14
    ],
    "SrcLoc": "src/rmdir.c:192",
    "Type": "P!PRIGHTDEC$P$"
  },
  "152": {
    "FuncName": "main",
    "IRPosInFunc": [
      14
    ],
    "SrcLoc": "src/rmdir.c:192",
    "Type": "P!PLEFTINC$P$"
  },
  "153": {
    "FuncName": "main",
    "IRPosInFunc": [
      14
    ],
    "SrcLoc": "src/rmdir.c:192",
    "Type": "P!PRIGHTINC$P$"
  },
  "154": {
    "FuncName": "main",
    "IRPosInFunc": [
      14
    ],
    "SrcLoc": "src/rmdir.c:192",
    "Type": "P!PLEFTDEC$P$"
  },
  "155": {
    "FuncName": "main",
    "IRPosInFunc": [
      18
    ],
    "SrcLoc": "src/rmdir.c:193",
    "Type": "STMT!TRAPSTMT"
  },
  "156": {
    "FuncName": "main",
    "IRPosInFunc": [
      18
    ],
    "SrcLoc": "src/rmdir.c:193",
    "Type": "STMT!DELSTMT"
  },
  "157": {
    "FuncName": "main",
    "IRPosInFunc": [
      19
    ],
    "SrcLoc": "src/rmdir.c:197",
    "Type": "STMT!TRAPSTMT"
  },
  "158": {
    "FuncName": "main",
    "IRPosInFunc": [
      19
    ],
    "SrcLoc": "src/rmdir.c:197",
    "Type": "STMT!DELSTMT"
  },
  "159": {
    "FuncName": "main",
    "IRPosInFunc": [
      19
    ],
    "SrcLoc": "src/rmdir.c:197",
    "Type": "@!ABS$@$"
  },
  "160": {
    "FuncName": "main",
    "IRPosInFunc": [
      20
    ],
    "SrcLoc": "src/rmdir.c:199",
    "Type": "STMT!TRAPSTMT"
  },
  "163": {
    "FuncName": "main",
    "IRPosInFunc": [
      20
    ],
    "SrcLoc": "src/rmdir.c:199",
    "Type": "ASSIGN$V1$@2$!LE$@2$V1$"
  },
  "178": {
    "FuncName": "main",
    "IRPosInFunc": [
      20
    ],
    "SrcLoc": "src/rmdir.c:199",
    "Type": "C!ADD$C$-1$"
  },
  "179": {
    "FuncName": "main",
    "IRPosInFunc": [
      20
    ],
    "SrcLoc": "src/rmdir.c:199",
    "Type": "C!ADD$C$1$"
  },
  "180": {
    "FuncName": "main",
    "IRPosInFunc": [
      21
    ],
    "SrcLoc": "src/rmdir.c:201",
    "Type": "STMT!TRAPSTMT"
  },
  "181": {
    "FuncName": "main",
    "IRPosInFunc": [
      26
    ],
    "SrcLoc": "src/rmdir.c:201",
    "Type": "NEQ$@1$@2$!ABS$@1$"
  },
  "182": {
    "FuncName": "main",
    "IRPosInFunc": [
      26
    ],
    "SrcLoc": "src/rmdir.c:201",
    "Type": "NEQ$@1$@2$!BITNOT$@2$"
  },
  "183": {
    "FuncName": "main",
    "IRPosInFunc": [
      26
    ],
    "SrcLoc": "src/rmdir.c:201",
    "Type": "NEQ$@1$@2$!BITXOR$@1$@2$"
  },
  "184": {
    "FuncName": "main",
    "IRPosInFunc": [
      26
    ],
    "SrcLoc": "src/rmdir.c:201",
    "Type": "NEQ$@1$@2$!LE$@2$@1$"
  },
  "185": {
    "FuncName": "main",
    "IRPosInFunc": [
      26
    ],
    "SrcLoc": "src/rmdir.c:201",
    "Type": "NEQ$@1$@2$!BITAND$@1$@2$"
  },
  "186": {
    "FuncName": "main",
    "IRPosInFunc": [
      26
    ],
    "SrcLoc": "src/rmdir.c:201",
    "Type": "NEQ$@1$@2$!ADD$@1$@2$"
  },
  "187": {
    "FuncName": "main",
    "IRPosInFunc": [
      26
    ],
    "SrcLoc": "src/rmdir.c:201",
    "Type": "NEQ$@1$@2$!DIV$@2$@1$"
  },
  "188": {
    "FuncName": "main",
    "IRPosInFunc": [
      26
    ],
    "SrcLoc": "src/rmdir.c:201",
    "Type": "NEQ$@1$@2$!BITSHL$@1$@2$"
  },
  "189": {
    "FuncName": "main",
    "IRPosInFunc": [
      26
    ],
    "SrcLoc": "src/rmdir.c:201",
    "Type": "NEQ$@1$@2$!OPERAND$@2$"
  },
  "190": {
    "FuncName": "main",
    "IRPosInFunc": [
      26
    ],
    "SrcLoc": "src/rmdir.c:201",
    "Type": "NEQ$@1$@2$!MOD$@2$@1$"
  },
  "191": {
    "FuncName": "main",
    "IRPosInFunc": [
      26
    ],
    "SrcLoc": "src/rmdir.c:201",
    "Type": "NEQ$@1$@2$!DIV$@1$@2$"
  },
  "192": {
    "FuncName": "main",
    "IRPosInFunc": [
      26
    ],
    "SrcLoc": "src/rmdir.c:201",
    "Type": "NEQ$@1$@2$!SUB$@2$@1$"
  },
  "193": {
    "FuncName": "main",
    "IRPosInFunc": [
      26
    ],
    "SrcLoc": "src/rmdir.c:201",
    "Type": "NEQ$@1$@2$!NEG$@1$"
  },
  "194": {
    "FuncName": "main",
    "IRPosInFunc": [
      26
    ],
    "SrcLoc": "src/rmdir.c:201",
    "Type": "NEQ$@1$@2$!EQ$@1$@2$"
  },
  "196": {
    "FuncName": "main",
    "IRPosInFunc": [
      26
    ],
    "SrcLoc": "src/rmdir.c:201",
    "Type": "NEQ$@1$@2$!GT$@2$@1$"
  },
  "197": {
    "FuncName": "main",
    "IRPosInFunc": [
      26
    ],
    "SrcLoc": "src/rmdir.c:201",
    "Type": "NEQ$@1$@2$!GE$@1$@2$"
  },
  "199": {
    "FuncName": "main",
    "IRPosInFunc": [
      26
    ],
    "SrcLoc": "src/rmdir.c:201",
    "Type": "NEQ$@1$@2$!GT$@1$@2$"
  },
  "2": {
    "FuncName": "usage",
    "IRPosInFunc": [
      1
    ],
    "SrcLoc": "",
    "Type": "STMT!DELSTMT"
  },
  "200": {
    "FuncName": "main",
    "IRPosInFunc": [
      26
    ],
    "SrcLoc": "src/rmdir.c:201",
    "Type": "NEQ$@1$@2$!SUB$@1$@2$"
  },
  "201": {
    "FuncName": "main",
    "IRPosInFunc": [
      26
    ],
    "SrcLoc": "src/rmdir.c:201",
    "Type": "NEQ$@1$@2$!LT$@2$@1$"
  },
  "202": {
    "FuncName": "main",
    "IRPosInFunc": [
      26
    ],
    "SrcLoc": "src/rmdir.c:201",
    "Type": "NEQ$@1$@2$!LT$@1$@2$"
  },
  "203": {
    "FuncName": "main",
    "IRPosInFunc": [
      26
    ],
    "SrcLoc": "src/rmdir.c:201",
    "Type": "NEQ$@1$@2$!LE$@1$@2$"
  },
  "204": {
    "FuncName": "main",
    "IRPosInFunc": [
      26
    ],
    "SrcLoc": "src/rmdir.c:201",
    "Type": "NEQ$@1$@2$!MUL$@1$@2$"
  },
  "205": {
    "FuncName": "main",
    "IRPosInFunc": [
      26
    ],
    "SrcLoc": "src/rmdir.c:201",
    "Type": "NEQ$@1$@2$!GE$@2$@1$"
  },
  "206": {
    "FuncName": "main",
    "IRPosInFunc": [
      26
    ],
    "SrcLoc": "src/rmdir.c:201",
    "Type": "NEQ$@1$@2$!LE$@2$@1$"
  },
  "207": {
    "FuncName": "main",
    "IRPosInFunc": [
      26
    ],
    "SrcLoc": "src/rmdir.c:201",
    "Type": "NEQ$@1$@2$!DIV$@2$@1$"
  },
  "208": {
    "FuncName": "main",
    "IRPosInFunc": [
      26
    ],
    "SrcLoc": "src/rmdir.c:201",
    "Type": "NEQ$@1$@2$!MOD$@2$@1$"
  },
  "209": {
    "FuncName": "main",
    "IRPosInFunc": [
      26
    ],
    "SrcLoc": "src/rmdir.c:201",
    "Type": "NEQ$@1$@2$!DIV$@1$@2$"
  },
  "210": {
    "FuncName": "main",
    "IRPosInFunc": [
      26
    ],
    "SrcLoc": "src/rmdir.c:201",
    "Type": "NEQ$@1$@2$!MOD$@1$@2$"
  },
  "211": {
    "FuncName": "main",
    "IRPosInFunc": [
      26
    ],
    "SrcLoc": "src/rmdir.c:201",
    "Type": "NEQ$@1$@2$!GT$@2$@1$"
  },
  "212": {
    "FuncName": "main",
    "IRPosInFunc": [
      26
    ],
    "SrcLoc": "src/rmdir.c:201",
    "Type": "NEQ$@1$@2$!GE$@1$@2$"
  },
  "213": {
    "FuncName": "main",
    "IRPosInFunc": [
      26
    ],
    "SrcLoc": "src/rmdir.c:201",
    "Type": "NEQ$@1$@2$!LT$@1$@2$"
  },
  "224": {
    "FuncName": "main",
    "IRPosInFunc": [
      25
    ],
    "SrcLoc": "src/rmdir.c:201",
    "Type": "ASSIGN$V1$@2$!ABS$@2$"
  },
  "226": {
    "FuncName": "main",
    "IRPosInFunc": [
      25
    ],
    "SrcLoc": "src/rmdir.c:201",
    "Type": "ASSIGN$V1$@2$!LE$V1$@2$"
  },
  "237": {
    "FuncName": "main",
    "IRPosInFunc": [
      23
    ],
    "SrcLoc": "src/rmdir.c:201",
    "Type": "A!CONSTVAL$0$"
  },
  "238": {
    "FuncName": "main",
    "IRPosInFunc": [
      26
    ],
    "SrcLoc": "src/rmdir.c:201",
    "Type": "@!ABS$@$"
  },
  "239": {
    "FuncName": "main",
    "IRPosInFunc": [
      22
    ],
    "SrcLoc": "src/rmdir.c:201",
    "Type": "@!ABS$@$"
  },
  "24": {
    "FuncName": "usage",
    "IRPosInFunc": [
      4
    ],
    "SrcLoc": "src/rmdir.c:160",
    "Type": "NEQ$V1$@2$!ASSIGN$V1$@2$"
  },
  "240": {
    "FuncName": "main",
    "IRPosInFunc": [
      24
    ],
    "SrcLoc": "src/rmdir.c:201",
    "Type": "@!ABS$@$"
  },
  "241": {
    "FuncName": "main",
    "IRPosInFunc": [
      26
    ],
    "SrcLoc": "src/rmdir.c:201",
    "Type": "@!ABS$@$"
  },
  "242": {
    "FuncName": "main",
    "IRPosInFunc": [
      26
    ],
    "SrcLoc": "src/rmdir.c:201",
    "Type": "C!ADD$C$-1$"
  },
  "243": {
    "FuncName": "main",
    "IRPosInFunc": [
      23
    ],
    "SrcLoc": "src/rmdir.c:201",
    "Type": "P!PRIGHTDEC$P$"
  },
  "244": {
    "FuncName": "main",
    "IRPosInFunc": [
      23
    ],
    "SrcLoc": "src/rmdir.c:201",
    "Type": "P!PLEFTINC$P$"
  },
  "245": {
    "FuncName": "main",
    "IRPosInFunc": [
      23
    ],
    "SrcLoc": "src/rmdir.c:201",
    "Type": "P!PRIGHTINC$P$"
  },
  "246": {
    "FuncName": "main",
    "IRPosInFunc": [
      23
    ],
    "SrcLoc": "src/rmdir.c:201",
    "Type": "P!PLEFTDEC$P$"
  },
  "247": {
    "FuncName": "main",
    "IRPosInFunc": [
      28,
      29
    ],
    "SrcLoc": "src/rmdir.c:203",
    "Type": "STMT!TRAPSTMT"
  },
  "248": {
    "FuncName": "main",
    "IRPosInFunc": [
      29
    ],
    "SrcLoc": "src/rmdir.c:203",
    "Type": "SWITCH!SHUFFLECASESDESTS$2$"
  },
  "249": {
    "FuncName": "main",
    "IRPosInFunc": [
      29
    ],
    "SrcLoc": "src/rmdir.c:203",
    "Type": "SWITCH!SHUFFLECASESDESTS$2$"
  },
  "25": {
    "FuncName": "usage",
    "IRPosInFunc": [
      4
    ],
    "SrcLoc": "src/rmdir.c:160",
    "Type": "NEQ$@1$@2$!ABS$@1$"
  },
  "250": {
    "FuncName": "main",
    "IRPosInFunc": [
      29
    ],
    "SrcLoc": "src/rmdir.c:203",
    "Type": "SWITCH!SHUFFLECASESDESTS$2$"
  },
  "251": {
    "FuncName": "main",
    "IRPosInFunc": [
      29
    ],
    "SrcLoc": "src/rmdir.c:203",
    "Type": "SWITCH!SHUFFLECASESDESTS$2$"
  },
  "252": {
    "FuncName": "main",
    "IRPosInFunc": [
      29
    ],
    "SrcLoc": "src/rmdir.c:203",
    "Type": "SWITCH!SHUFFLECASESDESTS$2$"
  },
  "253": {
    "FuncName": "main",
    "IRPosInFunc": [
      29
    ],
    "SrcLoc": "src/rmdir.c:203",
    "Type": "SWITCH!SHUFFLECASESDESTS$2$"
  },
  "254": {
    "FuncName": "main",
    "IRPosInFunc": [
      29
    ],
    "SrcLoc": "src/rmdir.c:203",
    "Type": "SWITCH!SHUFFLECASESDESTS$2$"
  },
  "255": {
    "FuncName": "main",
    "IRPosInFunc": [
      29
    ],
    "SrcLoc": "src/rmdir.c:203",
    "Type": "SWITCH!SHUFFLECASESDESTS$2$"
  },
  "256": {
    "FuncName": "main",
    "IRPosInFunc": [
      29
    ],
    "SrcLoc": "src/rmdir.c:203",
    "Type": "SWITCH!SHUFFLECASESDESTS$2$"
  },
  "257": {
    "FuncName": "main",
    "IRPosInFunc": [
      29
    ],
    "SrcLoc": "src/rmdir.c:203",
    "Type": "SWITCH!SHUFFLECASESDESTS$2$"
  },
  "258": {
    "FuncName": "main",
    "IRPosInFunc": [
      29
    ],
    "SrcLoc": "src/rmdir.c:203",
    "Type": "SWITCH!SHUFFLECASESDESTS$2$"
  },
  "259": {
    "FuncName": "main",
    "IRPosInFunc": [
      29
    ],
    "SrcLoc": "src/rmdir.c:203",
    "Type": "SWITCH!SHUFFLECASESDESTS$2$"
  },
  "26": {
    "FuncName": "usage",
    "IRPosInFunc": [
      4
    ],
    "SrcLoc": "src/rmdir.c:160",
    "Type": "NEQ$@1$@2$!BITNOT$@2$"
  },
  "260": {
    "FuncName": "main",
    "IRPosInFunc": [
      29
    ],
    "SrcLoc": "src/rmdir.c:203",
    "Type": "SWITCH!SHUFFLECASESDESTS$2$"
  },
  "261": {
    "FuncName": "main",
    "IRPosInFunc": [
      29
    ],
    "SrcLoc": "src/rmdir.c:203",
    "Type": "SWITCH!SHUFFLECASESDESTS$2$"
  },
  "262": {
    "FuncName": "main",
    "IRPosInFunc": [
      29
    ],
    "SrcLoc": "src/rmdir.c:203",
    "Type": "SWITCH!SHUFFLECASESDESTS$2$"
  },
  "263": {
    "FuncName": "main",
    "IRPosInFunc": [
      29
    ],
    "SrcLoc": "src/rmdir.c:203",
    "Type": "SWITCH!REMOVECASES$1$"
  },
  "264": {
    "FuncName": "main",
    "IRPosInFunc": [
      29
    ],
    "SrcLoc": "src/rmdir.c:203",
    "Type": "SWITCH!REMOVECASES$1$"
  },
  "265": {
    "FuncName": "main",
    "IRPosInFunc": [
      29
    ],
    "SrcLoc": "src/rmdir.c:203",
    "Type": "SWITCH!REMOVECASES$1$"
  },
  "266": {
    "FuncName": "main",
    "IRPosInFunc": [
      29
    ],
    "SrcLoc": "src/rmdir.c:203",
    "Type": "SWITCH!REMOVECASES$1$"
  },
  "267": {
    "FuncName": "main",
    "IRPosInFunc": [
      29
    ],
    "SrcLoc": "src/rmdir.c:203",
    "Type": "SWITCH!REMOVECASES$1$"
  },
  "268": {
    "FuncName": "main",
    "IRPosInFunc": [
      28
    ],
    "SrcLoc": "src/rmdir.c:203",
    "Type": "@!ABS$@$"
  },
  "269": {
    "FuncName": "main",
    "IRPosInFunc": [
      30
    ],
    "SrcLoc": "src/rmdir.c:206",
    "Type": "STMT!TRAPSTMT"
  },
  "27": {
    "FuncName": "usage",
    "IRPosInFunc": [
      4
    ],
    "SrcLoc": "src/rmdir.c:160",
    "Type": "NEQ$@1$@2$!CONSTVAL$0$"
  },
  "270": {
    "FuncName": "main",
    "IRPosInFunc": [
      30
    ],
    "SrcLoc": "src/rmdir.c:206",
    "Type": "STMT!DELSTMT"
  },
  "28": {
    "FuncName": "usage",
    "IRPosInFunc": [
      4
    ],
    "SrcLoc": "src/rmdir.c:160",
    "Type": "NEQ$@1$@2$!LE$@2$@1$"
  },
  "288": {
    "FuncName": "main",
    "IRPosInFunc": [
      30
    ],
    "SrcLoc": "src/rmdir.c:206",
    "Type": "ASSIGN$V1$@2$!GE$V1$@2$"
  },
  "29": {
    "FuncName": "usage",
    "IRPosInFunc": [
      4
    ],
    "SrcLoc": "src/rmdir.c:160",
    "Type": "NEQ$@1$@2$!BITNOT$@1$"
  },
  "292": {
    "FuncName": "main",
    "IRPosInFunc": [
      30
    ],
    "SrcLoc": "src/rmdir.c:206",
    "Type": "C!CONSTVAL$0$"
  },
  "293": {
    "FuncName": "main",
    "IRPosInFunc": [
      30
    ],
    "SrcLoc": "src/rmdir.c:206",
    "Type": "C!ADD$C$1$"
  },
  "294": {
    "FuncName": "main",
    "IRPosInFunc": [
      31
    ],
    "SrcLoc": "src/rmdir.c:207",
    "Type": "STMT!TRAPSTMT"
  },
  "295": {
    "FuncName": "main",
    "IRPosInFunc": [
      31
    ],
    "SrcLoc": "src/rmdir.c:207",
    "Type": "STMT!DELSTMT"
  },
  "296": {
    "FuncName": "main",
    "IRPosInFunc": [
      32
    ],
    "SrcLoc": "src/rmdir.c:209",
    "Type": "STMT!TRAPSTMT"
  },
  "297": {
    "FuncName": "main",
    "IRPosInFunc": [
      32
    ],
    "SrcLoc": "src/rmdir.c:209",
    "Type": "STMT!DELSTMT"
  },
  "3": {
    "FuncName": "usage",
    "IRPosInFunc": [
      1
    ],
    "SrcLoc": "",
    "Type": "ASSIGN$V1$@2$!LE$@2$V1$"
  },
  "30": {
    "FuncName": "usage",
    "IRPosInFunc": [
      4
    ],
    "SrcLoc": "src/rmdir.c:160",
    "Type": "NEQ$@1$@2$!DIV$@1$@2$"
  },
  "303": {
    "FuncName": "main",
    "IRPosInFunc": [
      32
    ],
    "SrcLoc": "src/rmdir.c:209",
    "Type": "ASSIGN$V1$@2$!NEQ$V1$@2$"
  },
  "31": {
    "FuncName": "usage",
    "IRPosInFunc": [
      4
    ],
    "SrcLoc": "src/rmdir.c:160",
    "Type": "NEQ$@1$@2$!SUB$@2$@1$"
  },
  "319": {
    "FuncName": "main",
    "IRPosInFunc": [
      32
    ],
    "SrcLoc": "src/rmdir.c:209",
    "Type": "C!CONSTVAL$0$"
  },
  "32": {
    "FuncName": "usage",
    "IRPosInFunc": [
      4
    ],
    "SrcLoc": "src/rmdir.c:160",
    "Type": "NEQ$@1$@2$!EQ$@1$@2$"
  },
  "320": {
    "FuncName": "main",
    "IRPosInFunc": [
      32
    ],
    "SrcLoc": "src/rmdir.c:209",
    "Type": "C!ADD$C$1$"
  },
  "321": {
    "FuncName": "main",
    "IRPosInFunc": [
      33
    ],
    "SrcLoc": "src/rmdir.c:210",
    "Type": "STMT!TRAPSTMT"
  },
  "322": {
    "FuncName": "main",
    "IRPosInFunc": [
      33
    ],
    "SrcLoc": "src/rmdir.c:210",
    "Type": "STMT!DELSTMT"
  },
  "323": {
    "FuncName": "main",
    "IRPosInFunc": [
      34
    ],
    "SrcLoc": "src/rmdir.c:212",
    "Type": "STMT!TRAPSTMT"
  },
  "324": {
    "FuncName": "main",
    "IRPosInFunc": [
      34
    ],
    "SrcLoc": "src/rmdir.c:212",
    "Type": "STMT!DELSTMT"
  },
  "326": {
    "FuncName": "main",
    "IRPosInFunc": [
      34
    ],
    "SrcLoc": "src/rmdir.c:212",
    "Type": "ASSIGN$V1$@2$!OPERAND$V1$"
  },
  "33": {
    "FuncName": "usage",
    "IRPosInFunc": [
      4
    ],
    "SrcLoc": "src/rmdir.c:160",
    "Type": "NEQ$@1$@2$!MOD$@1$@2$"
  },
  "34": {
    "FuncName": "usage",
    "IRPosInFunc": [
      4
    ],
    "SrcLoc": "src/rmdir.c:160",
    "Type": "NEQ$@1$@2$!GT$@2$@1$"
  },
  "346": {
    "FuncName": "main",
    "IRPosInFunc": [
      34
    ],
    "SrcLoc": "src/rmdir.c:212",
    "Type": "C!CONSTVAL$0$"
  },
  "347": {
    "FuncName": "main",
    "IRPosInFunc": [
      34
    ],
    "SrcLoc": "src/rmdir.c:212",
    "Type": "C!ADD$C$1$"
  },
  "348": {
    "FuncName": "main",
    "IRPosInFunc": [
      35
    ],
    "SrcLoc": "src/rmdir.c:213",
    "Type": "STMT!TRAPSTMT"
  },
  "349": {
    "FuncName": "main",
    "IRPosInFunc": [
      35
    ],
    "SrcLoc": "src/rmdir.c:213",
    "Type": "STMT!DELSTMT"
  },
  "35": {
    "FuncName": "usage",
    "IRPosInFunc": [
      4
    ],
    "SrcLoc": "src/rmdir.c:160",
    "Type": "NEQ$@1$@2$!GE$@1$@2$"
  },
  "350": {
    "FuncName": "main",
    "IRPosInFunc": [
      36
    ],
    "SrcLoc": "src/rmdir.c:214",
    "Type": "STMT!TRAPSTMT"
  },
  "351": {
    "FuncName": "main",
    "IRPosInFunc": [
      38,
      39,
      40
    ],
    "SrcLoc": "src/rmdir.c:215",
    "Type": "STMT!TRAPSTMT"
  },
  "352": {
    "FuncName": "main",
    "IRPosInFunc": [
      38,
      39,
      40
    ],
    "SrcLoc": "src/rmdir.c:215",
    "Type": "STMT!DELSTMT"
  },
  "353": {
    "FuncName": "main",
    "IRPosInFunc": [
      40
    ],
    "SrcLoc": "src/rmdir.c:215",
    "Type": "CALL!SHUFFLEARGS$2$"
  },
  "354": {
    "FuncName": "main",
    "IRPosInFunc": [
      40
    ],
    "SrcLoc": "src/rmdir.c:215",
    "Type": "CALL!SHUFFLEARGS$2$"
  },
  "355": {
    "FuncName": "main",
    "IRPosInFunc": [
      40
    ],
    "SrcLoc": "src/rmdir.c:215",
    "Type": "CALL!SHUFFLEARGS$2$"
  },
  "356": {
    "FuncName": "main",
    "IRPosInFunc": [
      40
    ],
    "SrcLoc": "src/rmdir.c:215",
    "Type": "CALL!SHUFFLEARGS$2$"
  },
  "357": {
    "FuncName": "main",
    "IRPosInFunc": [
      40
    ],
    "SrcLoc": "src/rmdir.c:215",
    "Type": "CALL!SHUFFLEARGS$2$"
  },
  "358": {
    "FuncName": "main",
    "IRPosInFunc": [
      40
    ],
    "SrcLoc": "src/rmdir.c:215",
    "Type": "CALL!SHUFFLEARGS$2$"
  },
  "359": {
    "FuncName": "main",
    "IRPosInFunc": [
      40
    ],
    "SrcLoc": "src/rmdir.c:215",
    "Type": "CALL!SHUFFLEARGS$2$"
  },
  "36": {
    "FuncName": "usage",
    "IRPosInFunc": [
      4
    ],
    "SrcLoc": "src/rmdir.c:160",
    "Type": "NEQ$@1$@2$!GT$@1$@2$"
  },
  "360": {
    "FuncName": "main",
    "IRPosInFunc": [
      40
    ],
    "SrcLoc": "src/rmdir.c:215",
    "Type": "CALL!SHUFFLEARGS$2$"
  },
  "361": {
    "FuncName": "main",
    "IRPosInFunc": [
      40
    ],
    "SrcLoc": "src/rmdir.c:215",
    "Type": "CALL!SHUFFLEARGS$2$"
  },
  "362": {
    "FuncName": "main",
    "IRPosInFunc": [
      40
    ],
    "SrcLoc": "src/rmdir.c:215",
    "Type": "CALL!SHUFFLEARGS$2$"
  },
  "363": {
    "FuncName": "main",
    "IRPosInFunc": [
      41
    ],
    "SrcLoc": "src/rmdir.c:215",
    "Type": "STMT!TRAPSTMT"
  },
  "364": {
    "FuncName": "main",
    "IRPosInFunc": [
      41
    ],
    "SrcLoc": "src/rmdir.c:215",
    "Type": "STMT!DELSTMT"
  },
  "365": {
    "FuncName": "main",
    "IRPosInFunc": [
      43
    ],
    "SrcLoc": "src/rmdir.c:217",
    "Type": "STMT!TRAPSTMT"
  },
  "366": {
    "FuncName": "main",
    "IRPosInFunc": [
      43
    ],
    "SrcLoc": "src/rmdir.c:217",
    "Type": "STMT!DELSTMT"
  },
  "367": {
    "FuncName": "main",
    "IRPosInFunc": [
      45
    ],
    "SrcLoc": "src/rmdir.c:219",
    "Type": "STMT!TRAPSTMT"
  },
  "368": {
    "FuncName": "main",
    "IRPosInFunc": [
      45
    ],
    "SrcLoc": "src/rmdir.c:219",
    "Type": "STMT!DELSTMT"
  },
  "369": {
    "FuncName": "main",
    "IRPosInFunc": [
      46,
      47,
      48,
      49
    ],
    "SrcLoc": "src/rmdir.c:221",
    "Type": "STMT!TRAPSTMT"
  },
  "37": {
    "FuncName": "usage",
    "IRPosInFunc": [
      4
    ],
    "SrcLoc": "src/rmdir.c:160",
    "Type": "NEQ$@1$@2$!LT$@2$@1$"
  },
  "370": {
    "FuncName": "main",
    "IRPosInFunc": [
      46
    ],
    "SrcLoc": "src/rmdir.c:221",
    "Type": "@!ABS$@$"
  },
  "371": {
    "FuncName": "main",
    "IRPosInFunc": [
      47
    ],
    "SrcLoc": "src/rmdir.c:221",
    "Type": "@!ABS$@$"
  },
  "372": {
    "FuncName": "main",
    "IRPosInFunc": [
      48
    ],
    "SrcLoc": "src/rmdir.c:221",
    "Type": "@!ABS$@$"
  },
  "373": {
    "FuncName": "main",
    "IRPosInFunc": [
      48
    ],
    "SrcLoc": "src/rmdir.c:221",
    "Type": "EQ$@1$V2$!ASSIGN$V2$@1$"
  },
  "374": {
    "FuncName": "main",
    "IRPosInFunc": [
      48
    ],
    "SrcLoc": "src/rmdir.c:221",
    "Type": "EQ$@1$@2$!BITOR$@1$@2$"
  },
  "375": {
    "FuncName": "main",
    "IRPosInFunc": [
      48
    ],
    "SrcLoc": "src/rmdir.c:221",
    "Type": "EQ$@1$@2$!BITNOT$@1$"
  },
  "376": {
    "FuncName": "main",
    "IRPosInFunc": [
      48
    ],
    "SrcLoc": "src/rmdir.c:221",
    "Type": "EQ$@1$@2$!MUL$@1$@2$"
  },
  "377": {
    "FuncName": "main",
    "IRPosInFunc": [
      48
    ],
    "SrcLoc": "src/rmdir.c:221",
    "Type": "EQ$@1$@2$!BITAND$@1$@2$"
  },
  "378": {
    "FuncName": "main",
    "IRPosInFunc": [
      48
    ],
    "SrcLoc": "src/rmdir.c:221",
    "Type": "EQ$@1$@2$!CONSTVAL$1$"
  },
  "379": {
    "FuncName": "main",
    "IRPosInFunc": [
      48
    ],
    "SrcLoc": "src/rmdir.c:221",
    "Type": "EQ$@1$@2$!MOD$@2$@1$"
  },
  "38": {
    "FuncName": "usage",
    "IRPosInFunc": [
      4
    ],
    "SrcLoc": "src/rmdir.c:160",
    "Type": "NEQ$@1$@2$!LT$@1$@2$"
  },
  "380": {
    "FuncName": "main",
    "IRPosInFunc": [
      48
    ],
    "SrcLoc": "src/rmdir.c:221",
    "Type": "EQ$@1$@2$!BITSHL$@1$@2$"
  },
  "381": {
    "FuncName": "main",
    "IRPosInFunc": [
      48
    ],
    "SrcLoc": "src/rmdir.c:221",
    "Type": "EQ$@1$@2$!GT$@2$@1$"
  },
  "382": {
    "FuncName": "main",
    "IRPosInFunc": [
      48
    ],
    "SrcLoc": "src/rmdir.c:221",
    "Type": "EQ$@1$@2$!BITSHR$@2$@1$"
  },
  "383": {
    "FuncName": "main",
    "IRPosInFunc": [
      48
    ],
    "SrcLoc": "src/rmdir.c:221",
    "Type": "EQ$@1$@2$!NEQ$@1$@2$"
  },
  "384": {
    "FuncName": "main",
    "IRPosInFunc": [
      48
    ],
    "SrcLoc": "src/rmdir.c:221",
    "Type": "EQ$@1$@2$!LE$@1$@2$"
  },
  "385": {
    "FuncName": "main",
    "IRPosInFunc": [
      48
    ],
    "SrcLoc": "src/rmdir.c:221",
    "Type": "EQ$@1$@2$!MOD$@1$@2$"
  },
  "386": {
    "FuncName": "main",
    "IRPosInFunc": [
      48
    ],
    "SrcLoc": "src/rmdir.c:221",
    "Type": "EQ$@1$@2$!DIV$@2$@1$"
  },
  "387": {
    "FuncName": "main",
    "IRPosInFunc": [
      48
    ],
    "SrcLoc": "src/rmdir.c:221",
    "Type": "EQ$@1$@2$!ADD$@1$@2$"
  },
  "388": {
    "FuncName": "main",
    "IRPosInFunc": [
      48
    ],
    "SrcLoc": "src/rmdir.c:221",
    "Type": "EQ$@1$@2$!SUB$@1$@2$"
  },
  "389": {
    "FuncName": "main",
    "IRPosInFunc": [
      48
    ],
    "SrcLoc": "src/rmdir.c:221",
    "Type": "EQ$@1$@2$!GT$@1$@2$"
  },
  "39": {
    "FuncName": "usage",
    "IRPosInFunc": [
      4
    ],
    "SrcLoc": "src/rmdir.c:160",
    "Type": "NEQ$@1$@2$!LE$@1$@2$"
  },
  "390": {
    "FuncName": "main",
    "IRPosInFunc": [
      48
    ],
    "SrcLoc": "src/rmdir.c:221",
    "Type": "EQ$@1$@2$!ABS$@2$"
  },
  "391": {
    "FuncName": "main",
    "IRPosInFunc": [
      48
    ],
    "SrcLoc": "src/rmdir.c:221",
    "Type": "EQ$@1$@2$!LE$@2$@1$"
  },
  "392": {
    "FuncName": "main",
    "IRPosInFunc": [
      48
    ],
    "SrcLoc": "src/rmdir.c:221",
    "Type": "EQ$@1$@2$!OPERAND$@1$"
  },
  "393": {
    "FuncName": "main",
    "IRPosInFunc": [
      48
    ],
    "SrcLoc": "src/rmdir.c:221",
    "Type": "EQ$@1$@2$!DIV$@1$@2$"
  },
  "394": {
    "FuncName": "main",
    "IRPosInFunc": [
      48
    ],
    "SrcLoc": "src/rmdir.c:221",
    "Type": "EQ$@1$@2$!NEG$@2$"
  },
  "395": {
    "FuncName": "main",
    "IRPosInFunc": [
      48
    ],
    "SrcLoc": "src/rmdir.c:221",
    "Type": "EQ$@1$@2$!OPERAND$@2$"
  },
  "396": {
    "FuncName": "main",
    "IRPosInFunc": [
      48
    ],
    "SrcLoc": "src/rmdir.c:221",
    "Type": "EQ$@1$@2$!GE$@2$@1$"
  },
  "397": {
    "FuncName": "main",
    "IRPosInFunc": [
      48
    ],
    "SrcLoc": "src/rmdir.c:221",
    "Type": "EQ$@1$@2$!BITNOT$@2$"
  },
  "398": {
    "FuncName": "main",
    "IRPosInFunc": [
      48
    ],
    "SrcLoc": "src/rmdir.c:221",
    "Type": "EQ$@1$@2$!BITXOR$@1$@2$"
  },
  "399": {
    "FuncName": "main",
    "IRPosInFunc": [
      48
    ],
    "SrcLoc": "src/rmdir.c:221",
    "Type": "EQ$@1$@2$!NEG$@1$"
  },
  "40": {
    "FuncName": "usage",
    "IRPosInFunc": [
      4
    ],
    "SrcLoc": "src/rmdir.c:160",
    "Type": "NEQ$@1$@2$!GE$@2$@1$"
  },
  "400": {
    "FuncName": "main",
    "IRPosInFunc": [
      48
    ],
    "SrcLoc": "src/rmdir.c:221",
    "Type": "EQ$@1$@2$!ABS$@1$"
  },
  "401": {
    "FuncName": "main",
    "IRPosInFunc": [
      48
    ],
    "SrcLoc": "src/rmdir.c:221",
    "Type": "EQ$@1$@2$!BITSHL$@2$@1$"
  },
  "402": {
    "FuncName": "main",
    "IRPosInFunc": [
      48
    ],
    "SrcLoc": "src/rmdir.c:221",
    "Type": "EQ$@1$@2$!SUB$@2$@1$"
  },
  "403": {
    "FuncName": "main",
    "IRPosInFunc": [
      48
    ],
    "SrcLoc": "src/rmdir.c:221",
    "Type": "EQ$@1$@2$!CONSTVAL$0$"
  },
  "404": {
    "FuncName": "main",
    "IRPosInFunc": [
      48
    ],
    "SrcLoc": "src/rmdir.c:221",
    "Type": "EQ$@1$@2$!LT$@1$@2$"
  },
  "405": {
    "FuncName": "main",
    "IRPosInFunc": [
      48
    ],
    "SrcLoc": "src/rmdir.c:221",
    "Type": "EQ$@1$@2$!LT$@2$@1$"
  },
  "406": {
    "FuncName": "main",
    "IRPosInFunc": [
      48
    ],
    "SrcLoc": "src/rmdir.c:221",
    "Type": "EQ$@1$@2$!BITSHR$@1$@2$"
  },
  "407": {
    "FuncName": "main",
    "IRPosInFunc": [
      48
    ],
    "SrcLoc": "src/rmdir.c:221",
    "Type": "EQ$@1$@2$!GE$@1$@2$"
  },
  "408": {
    "FuncName": "main",
    "IRPosInFunc": [
      48
    ],
    "SrcLoc": "src/rmdir.c:221",
    "Type": "EQ$@1$@2$!MOD$@2$@1$"
  },
  "409": {
    "FuncName": "main",
    "IRPosInFunc": [
      48
    ],
    "SrcLoc": "src/rmdir.c:221",
    "Type": "EQ$@1$@2$!GT$@2$@1$"
  },
  "41": {
    "FuncName": "usage",
    "IRPosInFunc": [
      4
    ],
    "SrcLoc": "src/rmdir.c:160",
    "Type": "NEQ$@1$@2$!DIV$@1$@2$"
  },
  "410": {
    "FuncName": "main",
    "IRPosInFunc": [
      48
    ],
    "SrcLoc": "src/rmdir.c:221",
    "Type": "EQ$@1$@2$!BITSHR$@2$@1$"
  },
  "411": {
    "FuncName": "main",
    "IRPosInFunc": [
      48
    ],
    "SrcLoc": "src/rmdir.c:221",
    "Type": "EQ$@1$@2$!LE$@1$@2$"
  },
  "412": {
    "FuncName": "main",
    "IRPosInFunc": [
      48
    ],
    "SrcLoc": "src/rmdir.c:221",
    "Type": "EQ$@1$@2$!MOD$@1$@2$"
  },
  "413": {
    "FuncName": "main",
    "IRPosInFunc": [
      48
    ],
    "SrcLoc": "src/rmdir.c:221",
    "Type": "EQ$@1$@2$!DIV$@2$@1$"
  },
  "414": {
    "FuncName": "main",
    "IRPosInFunc": [
      48
    ],
    "SrcLoc": "src/rmdir.c:221",
    "Type": "EQ$@1$@2$!GT$@1$@2$"
  },
  "415": {
    "FuncName": "main",
    "IRPosInFunc": [
      48
    ],
    "SrcLoc": "src/rmdir.c:221",
    "Type": "EQ$@1$@2$!LE$@2$@1$"
  },
  "416": {
    "FuncName": "main",
    "IRPosInFunc": [
      48
    ],
    "SrcLoc": "src/rmdir.c:221",
    "Type": "EQ$@1$@2$!DIV$@1$@2$"
  },
  "417": {
    "FuncName": "main",
    "IRPosInFunc": [
      48
    ],
    "SrcLoc": "src/rmdir.c:221",
    "Type": "EQ$@1$@2$!GE$@2$@1$"
  },
  "418": {
    "FuncName": "main",
    "IRPosInFunc": [
      48
    ],
    "SrcLoc": "src/rmdir.c:221",
    "Type": "EQ$@1$@2$!LT$@1$@2$"
  },
  "419": {
    "FuncName": "main",
    "IRPosInFunc": [
      48
    ],
    "SrcLoc": "src/rmdir.c:221",
    "Type": "EQ$@1$@2$!LT$@2$@1$"
  },
  "42": {
    "FuncName": "usage",
    "IRPosInFunc": [
      4
    ],
    "SrcLoc": "src/rmdir.c:160",
    "Type": "NEQ$@1$@2$!GT$@1$@2$"
  },
  "420": {
    "FuncName": "main",
    "IRPosInFunc": [
      48
    ],
    "SrcLoc": "src/rmdir.c:221",
    "Type": "EQ$@1$@2$!BITSHR$@1$@2$"
  },
  "421": {
    "FuncName": "main",
    "IRPosInFunc": [
      48
    ],
    "SrcLoc": "src/rmdir.c:221",
    "Type": "EQ$@1$@2$!GE$@1$@2$"
  },
  "422": {
    "FuncName": "main",
    "IRPosInFunc": [
      48
    ],
    "SrcLoc": "src/rmdir.c:221",
    "Type": "EQ$V1$@2$!ASSIGN$V1$@2$"
  },
  "423": {
    "FuncName": "main",
    "IRPosInFunc": [
      50
    ],
    "SrcLoc": "src/rmdir.c:223",
    "Type": "STMT!TRAPSTMT"
  },
  "424": {
    "FuncName": "main",
    "IRPosInFunc": [
      50
    ],
    "SrcLoc": "src/rmdir.c:223",
    "Type": "STMT!DELSTMT"
  },
  "425": {
    "FuncName": "main",
    "IRPosInFunc": [
      51
    ],
    "SrcLoc": "src/rmdir.c:224",
    "Type": "STMT!TRAPSTMT"
  },
  "426": {
    "FuncName": "main",
    "IRPosInFunc": [
      51
    ],
    "SrcLoc": "src/rmdir.c:224",
    "Type": "STMT!DELSTMT"
  },
  "427": {
    "FuncName": "main",
    "IRPosInFunc": [
      53
    ],
    "SrcLoc": "src/rmdir.c:227",
    "Type": "STMT!TRAPSTMT"
  },
  "428": {
    "FuncName": "main",
    "IRPosInFunc": [
      54
    ],
    "SrcLoc": "src/rmdir.c:227",
    "Type": "@!ABS$@$"
  },
  "429": {
    "FuncName": "main",
    "IRPosInFunc": [
      55
    ],
    "SrcLoc": "src/rmdir.c:227",
    "Type": "@!ABS$@$"
  },
  "43": {
    "FuncName": "usage",
    "IRPosInFunc": [
      4
    ],
    "SrcLoc": "src/rmdir.c:160",
    "Type": "NEQ$@1$@2$!LT$@2$@1$"
  },
  "430": {
    "FuncName": "main",
    "IRPosInFunc": [
      56
    ],
    "SrcLoc": "src/rmdir.c:227",
    "Type": "@!ABS$@$"
  },
  "431": {
    "FuncName": "main",
    "IRPosInFunc": [
      56
    ],
    "SrcLoc": "src/rmdir.c:227",
    "Type": "LT$@1$V2$!ASSIGN$V2$@1$"
  },
  "432": {
    "FuncName": "main",
    "IRPosInFunc": [
      56
    ],
    "SrcLoc": "src/rmdir.c:227",
    "Type": "LT$V1$@2$!ASSIGN$V1$@2$"
  },
  "433": {
    "FuncName": "main",
    "IRPosInFunc": [
      56
    ],
    "SrcLoc": "src/rmdir.c:227",
    "Type": "LT$@1$@2$!MOD$@2$@1$"
  },
  "434": {
    "FuncName": "main",
    "IRPosInFunc": [
      56
    ],
    "SrcLoc": "src/rmdir.c:227",
    "Type": "LT$@1$@2$!NEG$@2$"
  },
  "435": {
    "FuncName": "main",
    "IRPosInFunc": [
      56
    ],
    "SrcLoc": "src/rmdir.c:227",
    "Type": "LT$@1$@2$!BITXOR$@1$@2$"
  },
  "436": {
    "FuncName": "main",
    "IRPosInFunc": [
      56
    ],
    "SrcLoc": "src/rmdir.c:227",
    "Type": "LT$@1$@2$!DIV$@2$@1$"
  },
  "437": {
    "FuncName": "main",
    "IRPosInFunc": [
      56
    ],
    "SrcLoc": "src/rmdir.c:227",
    "Type": "LT$@1$@2$!BITSHR$@1$@2$"
  },
  "438": {
    "FuncName": "main",
    "IRPosInFunc": [
      56
    ],
    "SrcLoc": "src/rmdir.c:227",
    "Type": "LT$@1$@2$!BITOR$@1$@2$"
  },
  "439": {
    "FuncName": "main",
    "IRPosInFunc": [
      56
    ],
    "SrcLoc": "src/rmdir.c:227",
    "Type": "LT$@1$@2$!SUB$@2$@1$"
  },
  "44": {
    "FuncName": "usage",
    "IRPosInFunc": [
      4
    ],
    "SrcLoc": "src/rmdir.c:160",
    "Type": "NEQ$@1$@2$!LE$@1$@2$"
  },
  "440": {
    "FuncName": "main",
    "IRPosInFunc": [
      56
    ],
    "SrcLoc": "src/rmdir.c:227",
    "Type": "LT$@1$@2$!NEG$@1$"
  },
  "441": {
    "FuncName": "main",
    "IRPosInFunc": [
      56
    ],
    "SrcLoc": "src/rmdir.c:227",
    "Type": "LT$@1$@2$!NEQ$@1$@2$"
  },
  "442": {
    "FuncName": "main",
    "IRPosInFunc": [
      56
    ],
    "SrcLoc": "src/rmdir.c:227",
    "Type": "LT$@1$@2$!BITNOT$@2$"
  },
  "443": {
    "FuncName": "main",
    "IRPosInFunc": [
      56
    ],
    "SrcLoc": "src/rmdir.c:227",
    "Type": "LT$@1$@2$!BITSHL$@2$@1$"
  },
  "444": {
    "FuncName": "main",
    "IRPosInFunc": [
      56
    ],
    "SrcLoc": "src/rmdir.c:227",
    "Type": "LT$@1$@2$!BITSHL$@1$@2$"
  },
  "445": {
    "FuncName": "main",
    "IRPosInFunc": [
      56
    ],
    "SrcLoc": "src/rmdir.c:227",
    "Type": "LT$@1$@2$!CONSTVAL$1$"
  },
  "446": {
    "FuncName": "main",
    "IRPosInFunc": [
      56
    ],
    "SrcLoc": "src/rmdir.c:227",
    "Type": "LT$@1$@2$!EQ$@1$@2$"
  },
  "447": {
    "FuncName": "main",
    "IRPosInFunc": [
      56
    ],
    "SrcLoc": "src/rmdir.c:227",
    "Type": "LT$@1$@2$!ADD$@1$@2$"
  },
  "448": {
    "FuncName": "main",
    "IRPosInFunc": [
      56
    ],
    "SrcLoc": "src/rmdir.c:227",
    "Type": "LT$@1$@2$!OPERAND$@1$"
  },
  "449": {
    "FuncName": "main",
    "IRPosInFunc": [
      56
    ],
    "SrcLoc": "src/rmdir.c:227",
    "Type": "LT$@1$@2$!MUL$@1$@2$"
  },
  "45": {
    "FuncName": "usage",
    "IRPosInFunc": [
      4
    ],
    "SrcLoc": "src/rmdir.c:160",
    "Type": "NEQ$@1$@2$!GE$@2$@1$"
  },
  "450": {
    "FuncName": "main",
    "IRPosInFunc": [
      56
    ],
    "SrcLoc": "src/rmdir.c:227",
    "Type": "LT$@1$@2$!BITAND$@1$@2$"
  },
  "451": {
    "FuncName": "main",
    "IRPosInFunc": [
      56
    ],
    "SrcLoc": "src/rmdir.c:227",
    "Type": "LT$@1$@2$!ABS$@1$"
  },
  "452": {
    "FuncName": "main",
    "IRPosInFunc": [
      56
    ],
    "SrcLoc": "src/rmdir.c:227",
    "Type": "LT$@1$@2$!ABS$@2$"
  },
  "453": {
    "FuncName": "main",
    "IRPosInFunc": [
      56
    ],
    "SrcLoc": "src/rmdir.c:227",
    "Type": "LT$@1$@2$!OPERAND$@2$"
  },
  "454": {
    "FuncName": "main",
    "IRPosInFunc": [
      56
    ],
    "SrcLoc": "src/rmdir.c:227",
    "Type": "LT$@1$@2$!MOD$@1$@2$"
  },
  "455": {
    "FuncName": "main",
    "IRPosInFunc": [
      56
    ],
    "SrcLoc": "src/rmdir.c:227",
    "Type": "LT$@1$@2$!LE$@2$@1$"
  },
  "456": {
    "FuncName": "main",
    "IRPosInFunc": [
      56
    ],
    "SrcLoc": "src/rmdir.c:227",
    "Type": "LT$@1$@2$!GE$@2$@1$"
  },
  "457": {
    "FuncName": "main",
    "IRPosInFunc": [
      56
    ],
    "SrcLoc": "src/rmdir.c:227",
    "Type": "LT$@1$@2$!CONSTVAL$0$"
  },
  "458": {
    "FuncName": "main",
    "IRPosInFunc": [
      56
    ],
    "SrcLoc": "src/rmdir.c:227",
    "Type": "LT$@1$@2$!SUB$@1$@2$"
  },
  "459": {
    "FuncName": "main",
    "IRPosInFunc": [
      56
    ],
    "SrcLoc": "src/rmdir.c:227",
    "Type": "LT$@1$@2$!LE$@1$@2$"
  },
  "46": {
    "FuncName": "usage",
    "IRPosInFunc": [
      4
    ],
    "SrcLoc": "src/rmdir.c:160",
    "Type": "@!ABS$@$"
  },
  "460": {
    "FuncName": "main",
    "IRPosInFunc": [
      56
    ],
    "SrcLoc": "src/rmdir.c:227",
    "Type": "LT$@1$@2$!DIV$@1$@2$"
  },
  "461": {
    "FuncName": "main",
    "IRPosInFunc": [
      56
    ],
    "SrcLoc": "src/rmdir.c:227",
    "Type": "LT$@1$@2$!GE$@1$@2$"
  },
  "462": {
    "FuncName": "main",
    "IRPosInFunc": [
      56
    ],
    "SrcLoc": "src/rmdir.c:227",
    "Type": "LT$@1$@2$!BITSHR$@2$@1$"
  },
  "463": {
    "FuncName": "main",
    "IRPosInFunc": [
      56
    ],
    "SrcLoc": "src/rmdir.c:227",
    "Type": "LT$@1$@2$!GT$@2$@1$"
  },
  "464": {
    "FuncName": "main",
    "IRPosInFunc": [
      56
    ],
    "SrcLoc": "src/rmdir.c:227",
    "Type": "LT$@1$@2$!BITNOT$@1$"
  },
  "465": {
    "FuncName": "main",
    "IRPosInFunc": [
      56
    ],
    "SrcLoc": "src/rmdir.c:227",
    "Type": "LT$@1$@2$!GT$@1$@2$"
  },
  "466": {
    "FuncName": "main",
    "IRPosInFunc": [
      59,
      60,
      61,
      62,
      63,
      64
    ],
    "SrcLoc": "src/rmdir.c:229",
    "Type": "STMT!TRAPSTMT"
  },
  "467": {
    "FuncName": "main",
    "IRPosInFunc": [
      59,
      60,
      61,
      62,
      63,
      64
    ],
    "SrcLoc": "src/rmdir.c:229",
    "Type": "STMT!DELSTMT"
  },
  "468": {
    "FuncName": "main",
    "IRPosInFunc": [
      62,
      63
    ],
    "SrcLoc": "src/rmdir.c:229",
    "Type": "PADD_DEREF$P1$@2$!PDEREF_LEFTINC$P1$"
  },
  "469": {
    "FuncName": "main",
    "IRPosInFunc": [
      62,
      63
    ],
    "SrcLoc": "src/rmdir.c:229",
    "Type": "PADD_DEREF$P1$@2$!PDEREF_RIGHTDEC$P1$"
  },
  "47": {
    "FuncName": "usage",
    "IRPosInFunc": [
      4
    ],
    "SrcLoc": "src/rmdir.c:160",
    "Type": "C!ADD$C$-1$"
  },
  "470": {
    "FuncName": "main",
    "IRPosInFunc": [
      62,
      63
    ],
    "SrcLoc": "src/rmdir.c:229",
    "Type": "PADD_DEREF$P1$@2$!PDEREF_LEFTDEC$P1$"
  },
  "471": {
    "FuncName": "main",
    "IRPosInFunc": [
      62,
      63
    ],
    "SrcLoc": "src/rmdir.c:229",
    "Type": "PADD_DEREF$P1$@2$!PDEREF_RIGHTINC$P1$"
  },
  "472": {
    "FuncName": "main",
    "IRPosInFunc": [
      62,
      63
    ],
    "SrcLoc": "src/rmdir.c:229",
    "Type": "PADD_DEREF$A1$@2$!PDEREF_ADD$A1$@2$"
  },
  "473": {
    "FuncName": "main",
    "IRPosInFunc": [
      62,
      63
    ],
    "SrcLoc": "src/rmdir.c:229",
    "Type": "PADD_DEREF$A1$@2$!PDEREF_SUB$A1$@2$"
  },
  "474": {
    "FuncName": "main",
    "IRPosInFunc": [
      61
    ],
    "SrcLoc": "src/rmdir.c:229",
    "Type": "A!CONSTVAL$0$"
  },
  "475": {
    "FuncName": "main",
    "IRPosInFunc": [
      62
    ],
    "SrcLoc": "src/rmdir.c:229",
    "Type": "A!CONSTVAL$0$"
  },
  "476": {
    "FuncName": "main",
    "IRPosInFunc": [
      59
    ],
    "SrcLoc": "src/rmdir.c:229",
    "Type": "@!ABS$@$"
  },
  "477": {
    "FuncName": "main",
    "IRPosInFunc": [
      60
    ],
    "SrcLoc": "src/rmdir.c:229",
    "Type": "@!ABS$@$"
  },
  "478": {
    "FuncName": "main",
    "IRPosInFunc": [
      62
    ],
    "SrcLoc": "src/rmdir.c:229",
    "Type": "PADD$A1$@2$!OPERAND$@2$"
  },
  "479": {
    "FuncName": "main",
    "IRPosInFunc": [
      62
    ],
    "SrcLoc": "src/rmdir.c:229",
    "Type": "PADD$A1$@2$!PSUB$A1$@2$"
  },
  "48": {
    "FuncName": "usage",
    "IRPosInFunc": [
      4
    ],
    "SrcLoc": "src/rmdir.c:160",
    "Type": "C!ADD$C$1$"
  },
  "480": {
    "FuncName": "main",
    "IRPosInFunc": [
      62
    ],
    "SrcLoc": "src/rmdir.c:229",
    "Type": "PADD$A1$@2$!OPERAND$A1$"
  },
  "481": {
    "FuncName": "main",
    "IRPosInFunc": [
      62
    ],
    "SrcLoc": "src/rmdir.c:229",
    "Type": "PADD$P1$@2$!PLEFTINC$P1$"
  },
  "482": {
    "FuncName": "main",
    "IRPosInFunc": [
      62
    ],
    "SrcLoc": "src/rmdir.c:229",
    "Type": "PADD$P1$@2$!PRIGHTDEC$P1$"
  },
  "483": {
    "FuncName": "main",
    "IRPosInFunc": [
      62
    ],
    "SrcLoc": "src/rmdir.c:229",
    "Type": "PADD$P1$@2$!PRIGHTINC$P1$"
  },
  "484": {
    "FuncName": "main",
    "IRPosInFunc": [
      62
    ],
    "SrcLoc": "src/rmdir.c:229",
    "Type": "PADD$P1$@2$!PLEFTDEC$P1$"
  },
  "485": {
    "FuncName": "main",
    "IRPosInFunc": [
      61
    ],
    "SrcLoc": "src/rmdir.c:229",
    "Type": "P!PRIGHTDEC$P$"
  },
  "486": {
    "FuncName": "main",
    "IRPosInFunc": [
      61
    ],
    "SrcLoc": "src/rmdir.c:229",
    "Type": "P!PLEFTINC$P$"
  },
  "487": {
    "FuncName": "main",
    "IRPosInFunc": [
      61
    ],
    "SrcLoc": "src/rmdir.c:229",
    "Type": "P!PRIGHTINC$P$"
  },
  "488": {
    "FuncName": "main",
    "IRPosInFunc": [
      61
    ],
    "SrcLoc": "src/rmdir.c:229",
    "Type": "P!PLEFTDEC$P$"
  },
  "489": {
    "FuncName": "main",
    "IRPosInFunc": [
      65,
      66,
      67
    ],
    "SrcLoc": "src/rmdir.c:232",
    "Type": "STMT!TRAPSTMT"
  },
  "49": {
    "FuncName": "usage",
    "IRPosInFunc": [
      6
    ],
    "SrcLoc": "src/rmdir.c:161",
    "Type": "STMT!TRAPSTMT"
  },
  "490": {
    "FuncName": "main",
    "IRPosInFunc": [
      65
    ],
    "SrcLoc": "src/rmdir.c:232",
    "Type": "@!ABS$@$"
  },
  "491": {
    "FuncName": "main",
    "IRPosInFunc": [
      66
    ],
    "SrcLoc": "src/rmdir.c:232",
    "Type": "@!ABS$@$"
  },
  "492": {
    "FuncName": "main",
    "IRPosInFunc": [
      68,
      69,
      70,
      71
    ],
    "SrcLoc": "src/rmdir.c:233",
    "Type": "STMT!TRAPSTMT"
  },
  "493": {
    "FuncName": "main",
    "IRPosInFunc": [
      68,
      69,
      70,
      71
    ],
    "SrcLoc": "src/rmdir.c:233",
    "Type": "STMT!DELSTMT"
  },
  "494": {
    "FuncName": "main",
    "IRPosInFunc": [
      71
    ],
    "SrcLoc": "src/rmdir.c:233",
    "Type": "CALL!SHUFFLEARGS$2$"
  },
  "495": {
    "FuncName": "main",
    "IRPosInFunc": [
      72
    ],
    "SrcLoc": "src/rmdir.c:233",
    "Type": "STMT!TRAPSTMT"
  },
  "496": {
    "FuncName": "main",
    "IRPosInFunc": [
      73,
      74,
      75,
      76
    ],
    "SrcLoc": "src/rmdir.c:235",
    "Type": "STMT!TRAPSTMT"
  },
  "497": {
    "FuncName": "main",
    "IRPosInFunc": [
      75
    ],
    "SrcLoc": "src/rmdir.c:235",
    "Type": "NEQ$@1$@2$!ABS$@1$"
  },
  "498": {
    "FuncName": "main",
    "IRPosInFunc": [
      75
    ],
    "SrcLoc": "src/rmdir.c:235",
    "Type": "NEQ$@1$@2$!BITNOT$@2$"
  },
  "499": {
    "FuncName": "main",
    "IRPosInFunc": [
      75
    ],
    "SrcLoc": "src/rmdir.c:235",
    "Type": "NEQ$@1$@2$!CONSTVAL$0$"
  },
  "50": {
    "FuncName": "usage",
    "IRPosInFunc": [
      6
    ],
    "SrcLoc": "src/rmdir.c:161",
    "Type": "STMT!DELSTMT"
  },
  "500": {
    "FuncName": "main",
    "IRPosInFunc": [
      75
    ],
    "SrcLoc": "src/rmdir.c:235",
    "Type": "NEQ$@1$@2$!LE$@2$@1$"
  },
  "501": {
    "FuncName": "main",
    "IRPosInFunc": [
      75
    ],
    "SrcLoc": "src/rmdir.c:235",
    "Type": "NEQ$@1$@2$!BITNOT$@1$"
  },
  "502": {
    "FuncName": "main",
    "IRPosInFunc": [
      75
    ],
    "SrcLoc": "src/rmdir.c:235",
    "Type": "NEQ$@1$@2$!DIV$@1$@2$"
  },
  "503": {
    "FuncName": "main",
    "IRPosInFunc": [
      75
    ],
    "SrcLoc": "src/rmdir.c:235",
    "Type": "NEQ$@1$@2$!SUB$@2$@1$"
  },
  "504": {
    "FuncName": "main",
    "IRPosInFunc": [
      75
    ],
    "SrcLoc": "src/rmdir.c:235",
    "Type": "NEQ$@1$@2$!EQ$@1$@2$"
  },
  "505": {
    "FuncName": "main",
    "IRPosInFunc": [
      75
    ],
    "SrcLoc": "src/rmdir.c:235",
    "Type": "NEQ$@1$@2$!MOD$@1$@2$"
  },
  "506": {
    "FuncName": "main",
    "IRPosInFunc": [
      75
    ],
    "SrcLoc": "src/rmdir.c:235",
    "Type": "NEQ$@1$@2$!GT$@2$@1$"
  },
  "507": {
    "FuncName": "main",
    "IRPosInFunc": [
      75
    ],
    "SrcLoc": "src/rmdir.c:235",
    "Type": "NEQ$@1$@2$!GE$@1$@2$"
  },
  "508": {
    "FuncName": "main",
    "IRPosInFunc": [
      75
    ],
    "SrcLoc": "src/rmdir.c:235",
    "Type": "NEQ$@1$@2$!GT$@1$@2$"
  },
  "509": {
    "FuncName": "main",
    "IRPosInFunc": [
      75
    ],
    "SrcLoc": "src/rmdir.c:235",
    "Type": "NEQ$@1$@2$!LT$@2$@1$"
  },
  "51": {
    "FuncName": "usage",
    "IRPosInFunc": [
      7
    ],
    "SrcLoc": "src/rmdir.c:161",
    "Type": "STMT!TRAPSTMT"
  },
  "510": {
    "FuncName": "main",
    "IRPosInFunc": [
      75
    ],
    "SrcLoc": "src/rmdir.c:235",
    "Type": "NEQ$@1$@2$!LT$@1$@2$"
  },
  "511": {
    "FuncName": "main",
    "IRPosInFunc": [
      75
    ],
    "SrcLoc": "src/rmdir.c:235",
    "Type": "NEQ$@1$@2$!LE$@1$@2$"
  },
  "512": {
    "FuncName": "main",
    "IRPosInFunc": [
      75
    ],
    "SrcLoc": "src/rmdir.c:235",
    "Type": "NEQ$@1$@2$!GE$@2$@1$"
  },
  "513": {
    "FuncName": "main",
    "IRPosInFunc": [
      75
    ],
    "SrcLoc": "src/rmdir.c:235",
    "Type": "NEQ$@1$@2$!DIV$@1$@2$"
  },
  "514": {
    "FuncName": "main",
    "IRPosInFunc": [
      75
    ],
    "SrcLoc": "src/rmdir.c:235",
    "Type": "NEQ$@1$@2$!GT$@1$@2$"
  },
  "515": {
    "FuncName": "main",
    "IRPosInFunc": [
      75
    ],
    "SrcLoc": "src/rmdir.c:235",
    "Type": "NEQ$@1$@2$!LT$@2$@1$"
  },
  "516": {
    "FuncName": "main",
    "IRPosInFunc": [
      75
    ],
    "SrcLoc": "src/rmdir.c:235",
    "Type": "NEQ$@1$@2$!LE$@1$@2$"
  },
  "517": {
    "FuncName": "main",
    "IRPosInFunc": [
      75
    ],
    "SrcLoc": "src/rmdir.c:235",
    "Type": "NEQ$@1$@2$!GE$@2$@1$"
  },
  "518": {
    "FuncName": "main",
    "IRPosInFunc": [
      75
    ],
    "SrcLoc": "src/rmdir.c:235",
    "Type": "@!ABS$@$"
  },
  "519": {
    "FuncName": "main",
    "IRPosInFunc": [
      75
    ],
    "SrcLoc": "src/rmdir.c:235",
    "Type": "C!ADD$C$-1$"
  },
  "52": {
    "FuncName": "usage",
    "IRPosInFunc": [
      7
    ],
    "SrcLoc": "src/rmdir.c:161",
    "Type": "STMT!DELSTMT"
  },
  "520": {
    "FuncName": "main",
    "IRPosInFunc": [
      75
    ],
    "SrcLoc": "src/rmdir.c:235",
    "Type": "C!ADD$C$1$"
  },
  "521": {
    "FuncName": "main",
    "IRPosInFunc": [
      77,
      78,
      79,
      80,
      81
    ],
    "SrcLoc": "src/rmdir.c:237",
    "Type": "STMT!TRAPSTMT"
  },
  "522": {
    "FuncName": "main",
    "IRPosInFunc": [
      78
    ],
    "SrcLoc": "src/rmdir.c:237",
    "Type": "@!ABS$@$"
  },
  "524": {
    "FuncName": "main",
    "IRPosInFunc": [
      82
    ],
    "SrcLoc": "src/rmdir.c:238",
    "Type": "STMT!TRAPSTMT"
  },
  "525": {
    "FuncName": "main",
    "IRPosInFunc": [
      82
    ],
    "SrcLoc": "src/rmdir.c:238",
    "Type": "STMT!DELSTMT"
  },
  "526": {
    "FuncName": "main",
    "IRPosInFunc": [
      83,
      84,
      85,
      86,
      87
    ],
    "SrcLoc": "src/rmdir.c:242",
    "Type": "STMT!TRAPSTMT"
  },
  "527": {
    "FuncName": "main",
    "IRPosInFunc": [
      83,
      84,
      85,
      86,
      87
    ],
    "SrcLoc": "src/rmdir.c:242",
    "Type": "STMT!DELSTMT"
  },
  "528": {
    "FuncName": "main",
    "IRPosInFunc": [
      84
    ],
    "SrcLoc": "src/rmdir.c:242",
    "Type": "@!ABS$@$"
  },
  "529": {
    "FuncName": "main",
    "IRPosInFunc": [
      87
    ],
    "SrcLoc": "src/rmdir.c:242",
    "Type": "CALL!SHUFFLEARGS$2$"
  },
  "53": {
    "FuncName": "usage",
    "IRPosInFunc": [
      8,
      9
    ],
    "SrcLoc": "src/rmdir.c:164",
    "Type": "STMT!TRAPSTMT"
  },
  "530": {
    "FuncName": "main",
    "IRPosInFunc": [
      87
    ],
    "SrcLoc": "src/rmdir.c:242",
    "Type": "CALL!SHUFFLEARGS$2$"
  },
  "531": {
    "FuncName": "main",
    "IRPosInFunc": [
      88
    ],
    "SrcLoc": "src/rmdir.c:243",
    "Type": "STMT!TRAPSTMT"
  },
  "54": {
    "FuncName": "usage",
    "IRPosInFunc": [
      8,
      9
    ],
    "SrcLoc": "src/rmdir.c:164",
    "Type": "STMT!DELSTMT"
  },
  "546": {
    "FuncName": "main",
    "IRPosInFunc": [
      88
    ],
    "SrcLoc": "src/rmdir.c:243",
    "Type": "ASSIGN$V1$@2$!GE$@2$V1$"
  },
  "549": {
    "FuncName": "main",
    "IRPosInFunc": [
      88
    ],
    "SrcLoc": "src/rmdir.c:243",
    "Type": "C!ADD$C$-1$"
  },
  "550": {
    "FuncName": "main",
    "IRPosInFunc": [
      88
    ],
    "SrcLoc": "src/rmdir.c:243",
    "Type": "C!ADD$C$1$"
  },
  "551": {
    "FuncName": "main",
    "IRPosInFunc": [
      89
    ],
    "SrcLoc": "src/rmdir.c:244",
    "Type": "STMT!TRAPSTMT"
  },
  "552": {
    "FuncName": "main",
    "IRPosInFunc": [
      89
    ],
    "SrcLoc": "src/rmdir.c:244",
    "Type": "STMT!DELSTMT"
  },
  "553": {
    "FuncName": "main",
    "IRPosInFunc": [
      90,
      91,
      92
    ],
    "SrcLoc": "src/rmdir.c:245",
    "Type": "STMT!TRAPSTMT"
  },
  "554": {
    "FuncName": "main",
    "IRPosInFunc": [
      90
    ],
    "SrcLoc": "src/rmdir.c:245",
    "Type": "@!ABS$@$"
  },
  "555": {
    "FuncName": "main",
    "IRPosInFunc": [
      91
    ],
    "SrcLoc": "src/rmdir.c:245",
    "Type": "@!ABS$@$"
  },
  "556": {
    "FuncName": "main",
    "IRPosInFunc": [
      93,
      94,
      95,
      96,
      97,
      98,
      99,
      100,
      101,
      102
    ],
    "SrcLoc": "src/rmdir.c:247",
    "Type": "STMT!TRAPSTMT"
  },
  "557": {
    "FuncName": "main",
    "IRPosInFunc": [
      93,
      94,
      95,
      96,
      97,
      98,
      99,
      100,
      101,
      102
    ],
    "SrcLoc": "src/rmdir.c:247",
    "Type": "STMT!DELSTMT"
  },
  "559": {
    "FuncName": "main",
    "IRPosInFunc": [
      100
    ],
    "SrcLoc": "src/rmdir.c:247",
    "Type": "NEQ$@1$@2$!BITNOT$@2$"
  },
  "56": {
    "FuncName": "usage",
    "IRPosInFunc": [
      9
    ],
    "SrcLoc": "src/rmdir.c:164",
    "Type": "CALL!SHUFFLEARGS$2$"
  },
  "560": {
    "FuncName": "main",
    "IRPosInFunc": [
      100
    ],
    "SrcLoc": "src/rmdir.c:247",
    "Type": "NEQ$@1$@2$!CONSTVAL$0$"
  },
  "564": {
    "FuncName": "main",
    "IRPosInFunc": [
      100
    ],
    "SrcLoc": "src/rmdir.c:247",
    "Type": "NEQ$@1$@2$!DIV$@1$@2$"
  },
  "565": {
    "FuncName": "main",
    "IRPosInFunc": [
      100
    ],
    "SrcLoc": "src/rmdir.c:247",
    "Type": "NEQ$@1$@2$!SUB$@2$@1$"
  },
  "566": {
    "FuncName": "main",
    "IRPosInFunc": [
      100
    ],
    "SrcLoc": "src/rmdir.c:247",
    "Type": "NEQ$@1$@2$!EQ$@1$@2$"
  },
  "567": {
    "FuncName": "main",
    "IRPosInFunc": [
      100
    ],
    "SrcLoc": "src/rmdir.c:247",
    "Type": "NEQ$@1$@2$!GT$@1$@2$"
  },
  "568": {
    "FuncName": "main",
    "IRPosInFunc": [
      100
    ],
    "SrcLoc": "src/rmdir.c:247",
    "Type": "NEQ$@1$@2$!LT$@2$@1$"
  },
  "569": {
    "FuncName": "main",
    "IRPosInFunc": [
      100
    ],
    "SrcLoc": "src/rmdir.c:247",
    "Type": "NEQ$@1$@2$!LE$@1$@2$"
  },
  "57": {
    "FuncName": "usage",
    "IRPosInFunc": [
      10,
      11
    ],
    "SrcLoc": "src/rmdir.c:165",
    "Type": "STMT!TRAPSTMT"
  },
  "570": {
    "FuncName": "main",
    "IRPosInFunc": [
      100
    ],
    "SrcLoc": "src/rmdir.c:247",
    "Type": "NEQ$@1$@2$!GE$@2$@1$"
  },
  "571": {
    "FuncName": "main",
    "IRPosInFunc": [
      100
    ],
    "SrcLoc": "src/rmdir.c:247",
    "Type": "NEQ$@1$@2$!DIV$@1$@2$"
  },
  "572": {
    "FuncName": "main",
    "IRPosInFunc": [
      100
    ],
    "SrcLoc": "src/rmdir.c:247",
    "Type": "NEQ$@1$@2$!GT$@1$@2$"
  },
  "573": {
    "FuncName": "main",
    "IRPosInFunc": [
      100
    ],
    "SrcLoc": "src/rmdir.c:247",
    "Type": "NEQ$@1$@2$!LT$@2$@1$"
  },
  "574": {
    "FuncName": "main",
    "IRPosInFunc": [
      100
    ],
    "SrcLoc": "src/rmdir.c:247",
    "Type": "NEQ$@1$@2$!LE$@1$@2$"
  },
  "575": {
    "FuncName": "main",
    "IRPosInFunc": [
      100
    ],
    "SrcLoc": "src/rmdir.c:247",
    "Type": "NEQ$@1$@2$!GE$@2$@1$"
  },
  "578": {
    "FuncName": "main",
    "IRPosInFunc": [
      99
    ],
    "SrcLoc": "src/rmdir.c:247",
    "Type": "BITAND$@1$@2$!MOD$@1$@2$"
  },
  "579": {
    "FuncName": "main",
    "IRPosInFunc": [
      99
    ],
    "SrcLoc": "src/rmdir.c:247",
    "Type": "BITAND$@1$@2$!NEQ$@1$@2$"
  },
  "58": {
    "FuncName": "usage",
    "IRPosInFunc": [
      10,
      11
    ],
    "SrcLoc": "src/rmdir.c:165",
    "Type": "STMT!DELSTMT"
  },
  "581": {
    "FuncName": "main",
    "IRPosInFunc": [
      99
    ],
    "SrcLoc": "src/rmdir.c:247",
    "Type": "BITAND$@1$@2$!NEG$@2$"
  },
  "582": {
    "FuncName": "main",
    "IRPosInFunc": [
      99
    ],
    "SrcLoc": "src/rmdir.c:247",
    "Type": "BITAND$@1$@2$!MOD$@2$@1$"
  },
  "583": {
    "FuncName": "main",
    "IRPosInFunc": [
      99
    ],
    "SrcLoc": "src/rmdir.c:247",
    "Type": "BITAND$@1$@2$!SUB$@2$@1$"
  },
  "584": {
    "FuncName": "main",
    "IRPosInFunc": [
      99
    ],
    "SrcLoc": "src/rmdir.c:247",
    "Type": "BITAND$@1$@2$!ABS$@2$"
  },
  "585": {
    "FuncName": "main",
    "IRPosInFunc": [
      99
    ],
    "SrcLoc": "src/rmdir.c:247",
    "Type": "BITAND$@1$@2$!BITXOR$@1$@2$"
  },
  "586": {
    "FuncName": "main",
    "IRPosInFunc": [
      99
    ],
    "SrcLoc": "src/rmdir.c:247",
    "Type": "BITAND$@1$@2$!GE$@2$@1$"
  },
  "587": {
    "FuncName": "main",
    "IRPosInFunc": [
      99
    ],
    "SrcLoc": "src/rmdir.c:247",
    "Type": "BITAND$@1$@2$!ADD$@1$@2$"
  },
  "588": {
    "FuncName": "main",
    "IRPosInFunc": [
      99
    ],
    "SrcLoc": "src/rmdir.c:247",
    "Type": "BITAND$@1$@2$!BITSHR$@1$@2$"
  },
  "589": {
    "FuncName": "main",
    "IRPosInFunc": [
      99
    ],
    "SrcLoc": "src/rmdir.c:247",
    "Type": "BITAND$@1$@2$!NEG$@1$"
  },
  "59": {
    "FuncName": "usage",
    "IRPosInFunc": [
      11
    ],
    "SrcLoc": "src/rmdir.c:165",
    "Type": "@!ABS$@$"
  },
  "590": {
    "FuncName": "main",
    "IRPosInFunc": [
      99
    ],
    "SrcLoc": "src/rmdir.c:247",
    "Type": "BITAND$@1$@2$!GT$@1$@2$"
  },
  "591": {
    "FuncName": "main",
    "IRPosInFunc": [
      99
    ],
    "SrcLoc": "src/rmdir.c:247",
    "Type": "BITAND$@1$@2$!BITSHR$@2$@1$"
  },
  "592": {
    "FuncName": "main",
    "IRPosInFunc": [
      99
    ],
    "SrcLoc": "src/rmdir.c:247",
    "Type": "BITAND$@1$@2$!BITOR$@1$@2$"
  },
  "593": {
    "FuncName": "main",
    "IRPosInFunc": [
      99
    ],
    "SrcLoc": "src/rmdir.c:247",
    "Type": "BITAND$@1$@2$!BITSHL$@1$@2$"
  },
  "595": {
    "FuncName": "main",
    "IRPosInFunc": [
      99
    ],
    "SrcLoc": "src/rmdir.c:247",
    "Type": "BITAND$@1$@2$!EQ$@1$@2$"
  },
  "596": {
    "FuncName": "main",
    "IRPosInFunc": [
      99
    ],
    "SrcLoc": "src/rmdir.c:247",
    "Type": "BITAND$@1$@2$!DIV$@1$@2$"
  },
  "597": {
    "FuncName": "main",
    "IRPosInFunc": [
      99
    ],
    "SrcLoc": "src/rmdir.c:247",
    "Type": "BITAND$@1$@2$!GT$@2$@1$"
  },
  "598": {
    "FuncName": "main",
    "IRPosInFunc": [
      99
    ],
    "SrcLoc": "src/rmdir.c:247",
    "Type": "BITAND$@1$@2$!GE$@1$@2$"
  },
  "60": {
    "FuncName": "usage",
    "IRPosInFunc": [
      12,
      13
    ],
    "SrcLoc": "src/rmdir.c:172",
    "Type": "STMT!TRAPSTMT"
  },
  "601": {
    "FuncName": "main",
    "IRPosInFunc": [
      99
    ],
    "SrcLoc": "src/rmdir.c:247",
    "Type": "BITAND$@1$@2$!LT$@1$@2$"
  },
  "602": {
    "FuncName": "main",
    "IRPosInFunc": [
      99
    ],
    "SrcLoc": "src/rmdir.c:247",
    "Type": "BITAND$@1$@2$!ABS$@1$"
  },
  "603": {
    "FuncName": "main",
    "IRPosInFunc": [
      99
    ],
    "SrcLoc": "src/rmdir.c:247",
    "Type": "BITAND$@1$@2$!LE$@1$@2$"
  },
  "604": {
    "FuncName": "main",
    "IRPosInFunc": [
      99
    ],
    "SrcLoc": "src/rmdir.c:247",
    "Type": "BITAND$@1$@2$!MUL$@1$@2$"
  },
  "605": {
    "FuncName": "main",
    "IRPosInFunc": [
      99
    ],
    "SrcLoc": "src/rmdir.c:247",
    "Type": "BITAND$@1$@2$!DIV$@2$@1$"
  },
  "606": {
    "FuncName": "main",
    "IRPosInFunc": [
      99
    ],
    "SrcLoc": "src/rmdir.c:247",
    "Type": "BITAND$@1$@2$!SUB$@1$@2$"
  },
  "607": {
    "FuncName": "main",
    "IRPosInFunc": [
      99
    ],
    "SrcLoc": "src/rmdir.c:247",
    "Type": "BITAND$@1$@2$!BITSHL$@2$@1$"
  },
  "608": {
    "FuncName": "main",
    "IRPosInFunc": [
      99
    ],
    "SrcLoc": "src/rmdir.c:247",
    "Type": "BITAND$@1$@2$!LT$@2$@1$"
  },
  "609": {
    "FuncName": "main",
    "IRPosInFunc": [
      99
    ],
    "SrcLoc": "src/rmdir.c:247",
    "Type": "BITAND$@1$@2$!LE$@2$@1$"
  },
  "61": {
    "FuncName": "usage",
    "IRPosInFunc": [
      12,
      13
    ],
    "SrcLoc": "src/rmdir.c:172",
    "Type": "STMT!DELSTMT"
  },
  "611": {
    "FuncName": "main",
    "IRPosInFunc": [
      99
    ],
    "SrcLoc": "src/rmdir.c:247",
    "Type": "BITAND$@1$@2$!MOD$@1$@2$"
  },
  "612": {
    "FuncName": "main",
    "IRPosInFunc": [
      99
    ],
    "SrcLoc": "src/rmdir.c:247",
    "Type": "BITAND$@1$@2$!MOD$@2$@1$"
  },
  "613": {
    "FuncName": "main",
    "IRPosInFunc": [
      99
    ],
    "SrcLoc": "src/rmdir.c:247",
    "Type": "BITAND$@1$@2$!GE$@2$@1$"
  },
  "614": {
    "FuncName": "main",
    "IRPosInFunc": [
      99
    ],
    "SrcLoc": "src/rmdir.c:247",
    "Type": "BITAND$@1$@2$!BITSHR$@1$@2$"
  },
  "615": {
    "FuncName": "main",
    "IRPosInFunc": [
      99
    ],
    "SrcLoc": "src/rmdir.c:247",
    "Type": "BITAND$@1$@2$!GT$@1$@2$"
  },
  "616": {
    "FuncName": "main",
    "IRPosInFunc": [
      99
    ],
    "SrcLoc": "src/rmdir.c:247",
    "Type": "BITAND$@1$@2$!BITSHR$@2$@1$"
  },
  "617": {
    "FuncName": "main",
    "IRPosInFunc": [
      99
    ],
    "SrcLoc": "src/rmdir.c:247",
    "Type": "BITAND$@1$@2$!DIV$@1$@2$"
  },
  "618": {
    "FuncName": "main",
    "IRPosInFunc": [
      99
    ],
    "SrcLoc": "src/rmdir.c:247",
    "Type": "BITAND$@1$@2$!GT$@2$@1$"
  },
  "619": {
    "FuncName": "main",
    "IRPosInFunc": [
      99
    ],
    "SrcLoc": "src/rmdir.c:247",
    "Type": "BITAND$@1$@2$!GE$@1$@2$"
  },
  "620": {
    "FuncName": "main",
    "IRPosInFunc": [
      99
    ],
    "SrcLoc": "src/rmdir.c:247",
    "Type": "BITAND$@1$@2$!LT$@1$@2$"
  },
  "621": {
    "FuncName": "main",
    "IRPosInFunc": [
      99
    ],
    "SrcLoc": "src/rmdir.c:247",
    "Type": "BITAND$@1$@2$!LE$@1$@2$"
  },
  "622": {
    "FuncName": "main",
    "IRPosInFunc": [
      99
    ],
    "SrcLoc": "src/rmdir.c:247",
    "Type": "BITAND$@1$@2$!DIV$@2$@1$"
  },
  "623": {
    "FuncName": "main",
    "IRPosInFunc": [
      99
    ],
    "SrcLoc": "src/rmdir.c:247",
    "Type": "BITAND$@1$@2$!LT$@2$@1$"
  },
  "624": {
    "FuncName": "main",
    "IRPosInFunc": [
      99
    ],
    "SrcLoc": "src/rmdir.c:247",
    "Type": "BITAND$@1$@2$!LE$@2$@1$"
  },
  "629": {
    "FuncName": "main",
    "IRPosInFunc": [
      102
    ],
    "SrcLoc": "src/rmdir.c:247",
    "Type": "ASSIGN$V1$@2$!LT$@2$V1$"
  },
  "63": {
    "FuncName": "usage",
    "IRPosInFunc": [
      14,
      15
    ],
    "SrcLoc": "src/rmdir.c:178",
    "Type": "STMT!TRAPSTMT"
  },
  "64": {
    "FuncName": "usage",
    "IRPosInFunc": [
      14,
      15
    ],
    "SrcLoc": "src/rmdir.c:178",
    "Type": "STMT!DELSTMT"
  },
  "649": {
    "FuncName": "main",
    "IRPosInFunc": [
      96
    ],
    "SrcLoc": "src/rmdir.c:247",
    "Type": "@!ABS$@$"
  },
  "654": {
    "FuncName": "main",
    "IRPosInFunc": [
      100
    ],
    "SrcLoc": "src/rmdir.c:247",
    "Type": "C!ADD$C$-1$"
  },
  "655": {
    "FuncName": "main",
    "IRPosInFunc": [
      100
    ],
    "SrcLoc": "src/rmdir.c:247",
    "Type": "C!ADD$C$1$"
  },
  "656": {
    "FuncName": "main",
    "IRPosInFunc": [
      103
    ],
    "SrcLoc": "src/rmdir.c:248",
    "Type": "STMT!TRAPSTMT"
  },
  "657": {
    "FuncName": "main",
    "IRPosInFunc": [
      104
    ],
    "SrcLoc": "",
    "Type": "STMT!TRAPSTMT"
  },
  "658": {
    "FuncName": "main",
    "IRPosInFunc": [
      105
    ],
    "SrcLoc": "src/rmdir.c:249",
    "Type": "STMT!TRAPSTMT"
  },
  "659": {
    "FuncName": "main",
    "IRPosInFunc": [
      106,
      107,
      108
    ],
    "SrcLoc": "src/rmdir.c:227",
    "Type": "STMT!TRAPSTMT"
  },
  "66": {
    "FuncName": "usage",
    "IRPosInFunc": [
      16,
      17
    ],
    "SrcLoc": "src/rmdir.c:179",
    "Type": "STMT!TRAPSTMT"
  },
  "660": {
    "FuncName": "main",
    "IRPosInFunc": [
      106,
      107,
      108
    ],
    "SrcLoc": "src/rmdir.c:227",
    "Type": "STMT!DELSTMT"
  },
  "661": {
    "FuncName": "main",
    "IRPosInFunc": [
      107,
      106
    ],
    "SrcLoc": "src/rmdir.c:227",
    "Type": "PDEREF_ADD$A1$@2$!PADD_DEREF$A1$@2$"
  },
  "662": {
    "FuncName": "main",
    "IRPosInFunc": [
      107,
      106
    ],
    "SrcLoc": "src/rmdir.c:227",
    "Type": "PDEREF_ADD$A1$@2$!PSUB_DEREF$A1$@2$"
  },
  "666": {
    "FuncName": "main",
    "IRPosInFunc": [
      108
    ],
    "SrcLoc": "src/rmdir.c:227",
    "Type": "ASSIGN$V1$@2$!ABS$@2$"
  },
  "67": {
    "FuncName": "usage",
    "IRPosInFunc": [
      16,
      17
    ],
    "SrcLoc": "src/rmdir.c:179",
    "Type": "STMT!DELSTMT"
  },
  "675": {
    "FuncName": "main",
    "IRPosInFunc": [
      106
    ],
    "SrcLoc": "src/rmdir.c:227",
    "Type": "@!ABS$@$"
  },
  "676": {
    "FuncName": "main",
    "IRPosInFunc": [
      107
    ],
    "SrcLoc": "src/rmdir.c:227",
    "Type": "@!ABS$@$"
  },
  "677": {
    "FuncName": "main",
    "IRPosInFunc": [
      107
    ],
    "SrcLoc": "src/rmdir.c:227",
    "Type": "C!CONSTVAL$0$"
  },
  "678": {
    "FuncName": "main",
    "IRPosInFunc": [
      107
    ],
    "SrcLoc": "src/rmdir.c:227",
    "Type": "C!ADD$C$1$"
  },
  "679": {
    "FuncName": "main",
    "IRPosInFunc": [
      107
    ],
    "SrcLoc": "src/rmdir.c:227",
    "Type": "ADD$V1$@2$!ASSIGN$V1$@2$"
  },
  "680": {
    "FuncName": "main",
    "IRPosInFunc": [
      107
    ],
    "SrcLoc": "src/rmdir.c:227",
    "Type": "ADD$@1$@2$!GT$@2$@1$"
  },
  "681": {
    "FuncName": "main",
    "IRPosInFunc": [
      107
    ],
    "SrcLoc": "src/rmdir.c:227",
    "Type": "ADD$@1$@2$!SUB$@1$@2$"
  },
  "682": {
    "FuncName": "main",
    "IRPosInFunc": [
      107
    ],
    "SrcLoc": "src/rmdir.c:227",
    "Type": "ADD$@1$@2$!BITSHR$@2$@1$"
  },
  "683": {
    "FuncName": "main",
    "IRPosInFunc": [
      107
    ],
    "SrcLoc": "src/rmdir.c:227",
    "Type": "ADD$@1$@2$!LT$@1$@2$"
  },
  "684": {
    "FuncName": "main",
    "IRPosInFunc": [
      107
    ],
    "SrcLoc": "src/rmdir.c:227",
    "Type": "ADD$@1$@2$!SUB$@2$@1$"
  },
  "685": {
    "FuncName": "main",
    "IRPosInFunc": [
      107
    ],
    "SrcLoc": "src/rmdir.c:227",
    "Type": "ADD$@1$@2$!LE$@2$@1$"
  },
  "686": {
    "FuncName": "main",
    "IRPosInFunc": [
      107
    ],
    "SrcLoc": "src/rmdir.c:227",
    "Type": "ADD$@1$@2$!BITAND$@1$@2$"
  },
  "687": {
    "FuncName": "main",
    "IRPosInFunc": [
      107
    ],
    "SrcLoc": "src/rmdir.c:227",
    "Type": "ADD$@1$@2$!ABS$@1$"
  },
  "688": {
    "FuncName": "main",
    "IRPosInFunc": [
      107
    ],
    "SrcLoc": "src/rmdir.c:227",
    "Type": "ADD$@1$@2$!LE$@1$@2$"
  },
  "689": {
    "FuncName": "main",
    "IRPosInFunc": [
      107
    ],
    "SrcLoc": "src/rmdir.c:227",
    "Type": "ADD$@1$@2$!CONSTVAL$0$"
  },
  "69": {
    "FuncName": "usage",
    "IRPosInFunc": [
      18
    ],
    "SrcLoc": "src/rmdir.c:180",
    "Type": "STMT!TRAPSTMT"
  },
  "691": {
    "FuncName": "main",
    "IRPosInFunc": [
      107
    ],
    "SrcLoc": "src/rmdir.c:227",
    "Type": "ADD$@1$@2$!MOD$@2$@1$"
  },
  "692": {
    "FuncName": "main",
    "IRPosInFunc": [
      107
    ],
    "SrcLoc": "src/rmdir.c:227",
    "Type": "ADD$@1$@2$!BITXOR$@1$@2$"
  },
  "693": {
    "FuncName": "main",
    "IRPosInFunc": [
      107
    ],
    "SrcLoc": "src/rmdir.c:227",
    "Type": "ADD$@1$@2$!LT$@2$@1$"
  },
  "694": {
    "FuncName": "main",
    "IRPosInFunc": [
      107
    ],
    "SrcLoc": "src/rmdir.c:227",
    "Type": "ADD$@1$@2$!DIV$@2$@1$"
  },
  "695": {
    "FuncName": "main",
    "IRPosInFunc": [
      107
    ],
    "SrcLoc": "src/rmdir.c:227",
    "Type": "ADD$@1$@2$!NEG$@1$"
  },
  "696": {
    "FuncName": "main",
    "IRPosInFunc": [
      107
    ],
    "SrcLoc": "src/rmdir.c:227",
    "Type": "ADD$@1$@2$!BITOR$@1$@2$"
  },
  "697": {
    "FuncName": "main",
    "IRPosInFunc": [
      107
    ],
    "SrcLoc": "src/rmdir.c:227",
    "Type": "ADD$@1$@2$!BITNOT$@2$"
  },
  "698": {
    "FuncName": "main",
    "IRPosInFunc": [
      107
    ],
    "SrcLoc": "src/rmdir.c:227",
    "Type": "ADD$@1$@2$!NEG$@2$"
  },
  "699": {
    "FuncName": "main",
    "IRPosInFunc": [
      107
    ],
    "SrcLoc": "src/rmdir.c:227",
    "Type": "ADD$@1$@2$!GT$@1$@2$"
  },
  "70": {
    "FuncName": "usage",
    "IRPosInFunc": [
      18
    ],
    "SrcLoc": "src/rmdir.c:180",
    "Type": "STMT!DELSTMT"
  },
  "700": {
    "FuncName": "main",
    "IRPosInFunc": [
      107
    ],
    "SrcLoc": "src/rmdir.c:227",
    "Type": "ADD$@1$@2$!GE$@1$@2$"
  },
  "701": {
    "FuncName": "main",
    "IRPosInFunc": [
      107
    ],
    "SrcLoc": "src/rmdir.c:227",
    "Type": "ADD$@1$@2$!EQ$@1$@2$"
  },
  "702": {
    "FuncName": "main",
    "IRPosInFunc": [
      107
    ],
    "SrcLoc": "src/rmdir.c:227",
    "Type": "ADD$@1$@2$!GE$@2$@1$"
  },
  "703": {
    "FuncName": "main",
    "IRPosInFunc": [
      107
    ],
    "SrcLoc": "src/rmdir.c:227",
    "Type": "ADD$@1$@2$!BITSHL$@1$@2$"
  },
  "704": {
    "FuncName": "main",
    "IRPosInFunc": [
      107
    ],
    "SrcLoc": "src/rmdir.c:227",
    "Type": "ADD$@1$@2$!NEQ$@1$@2$"
  },
  "705": {
    "FuncName": "main",
    "IRPosInFunc": [
      107
    ],
    "SrcLoc": "src/rmdir.c:227",
    "Type": "ADD$@1$@2$!BITNOT$@1$"
  },
  "706": {
    "FuncName": "main",
    "IRPosInFunc": [
      107
    ],
    "SrcLoc": "src/rmdir.c:227",
    "Type": "ADD$@1$@2$!BITSHL$@2$@1$"
  },
  "707": {
    "FuncName": "main",
    "IRPosInFunc": [
      107
    ],
    "SrcLoc": "src/rmdir.c:227",
    "Type": "ADD$@1$@2$!BITSHR$@1$@2$"
  },
  "708": {
    "FuncName": "main",
    "IRPosInFunc": [
      107
    ],
    "SrcLoc": "src/rmdir.c:227",
    "Type": "ADD$@1$@2$!GT$@2$@1$"
  },
  "709": {
    "FuncName": "main",
    "IRPosInFunc": [
      107
    ],
    "SrcLoc": "src/rmdir.c:227",
    "Type": "ADD$@1$@2$!BITSHR$@2$@1$"
  },
  "71": {
    "FuncName": "usage",
    "IRPosInFunc": [
      19
    ],
    "SrcLoc": "",
    "Type": "STMT!TRAPSTMT"
  },
  "710": {
    "FuncName": "main",
    "IRPosInFunc": [
      107
    ],
    "SrcLoc": "src/rmdir.c:227",
    "Type": "ADD$@1$@2$!LT$@1$@2$"
  },
  "711": {
    "FuncName": "main",
    "IRPosInFunc": [
      107
    ],
    "SrcLoc": "src/rmdir.c:227",
    "Type": "ADD$@1$@2$!LE$@2$@1$"
  },
  "712": {
    "FuncName": "main",
    "IRPosInFunc": [
      107
    ],
    "SrcLoc": "src/rmdir.c:227",
    "Type": "ADD$@1$@2$!LE$@1$@2$"
  },
  "713": {
    "FuncName": "main",
    "IRPosInFunc": [
      107
    ],
    "SrcLoc": "src/rmdir.c:227",
    "Type": "ADD$@1$@2$!MOD$@2$@1$"
  },
  "714": {
    "FuncName": "main",
    "IRPosInFunc": [
      107
    ],
    "SrcLoc": "src/rmdir.c:227",
    "Type": "ADD$@1$@2$!LT$@2$@1$"
  },
  "715": {
    "FuncName": "main",
    "IRPosInFunc": [
      107
    ],
    "SrcLoc": "src/rmdir.c:227",
    "Type": "ADD$@1$@2$!DIV$@2$@1$"
  },
  "716": {
    "FuncName": "main",
    "IRPosInFunc": [
      107
    ],
    "SrcLoc": "src/rmdir.c:227",
    "Type": "ADD$@1$@2$!GT$@1$@2$"
  },
  "717": {
    "FuncName": "main",
    "IRPosInFunc": [
      107
    ],
    "SrcLoc": "src/rmdir.c:227",
    "Type": "ADD$@1$@2$!GE$@1$@2$"
  },
  "718": {
    "FuncName": "main",
    "IRPosInFunc": [
      107
    ],
    "SrcLoc": "src/rmdir.c:227",
    "Type": "ADD$@1$@2$!GE$@2$@1$"
  },
  "719": {
    "FuncName": "main",
    "IRPosInFunc": [
      107
    ],
    "SrcLoc": "src/rmdir.c:227",
    "Type": "ADD$@1$@2$!BITSHR$@1$@2$"
  },
  "72": {
    "FuncName": "usage",
    "IRPosInFunc": [
      20,
      21
    ],
    "SrcLoc": "src/rmdir.c:182",
    "Type": "STMT!TRAPSTMT"
  },
  "720": {
    "FuncName": "main",
    "IRPosInFunc": [
      109
    ],
    "SrcLoc": "src/rmdir.c:227",
    "Type": "STMT!TRAPSTMT"
  },
  "721": {
    "FuncName": "main",
    "IRPosInFunc": [
      109
    ],
    "SrcLoc": "src/rmdir.c:227",
    "Type": "STMT!DELSTMT"
  },
  "722": {
    "FuncName": "main",
    "IRPosInFunc": [
      110,
      111,
      112,
      113
    ],
    "SrcLoc": "src/rmdir.c:251",
    "Type": "STMT!TRAPSTMT"
  },
  "723": {
    "FuncName": "main",
    "IRPosInFunc": [
      110,
      111,
      112,
      113
    ],
    "SrcLoc": "src/rmdir.c:251",
    "Type": "STMT!DELSTMT"
  },
  "724": {
    "FuncName": "main",
    "IRPosInFunc": [
      110
    ],
    "SrcLoc": "src/rmdir.c:251",
    "Type": "@!ABS$@$"
  },
  "727": {
    "FuncName": "main",
    "IRPosInFunc": [
      112
    ],
    "SrcLoc": "src/rmdir.c:251",
    "Type": "C!CONSTVAL$0$"
  },
  "728": {
    "FuncName": "main",
    "IRPosInFunc": [
      112
    ],
    "SrcLoc": "src/rmdir.c:251",
    "Type": "C!ADD$C$-1$"
  },
  "729": {
    "FuncName": "main",
    "IRPosInFunc": [
      112
    ],
    "SrcLoc": "src/rmdir.c:251",
    "Type": "C!ADD$C$1$"
  },
  "73": {
    "FuncName": "usage",
    "IRPosInFunc": [
      20,
      21
    ],
    "SrcLoc": "src/rmdir.c:182",
    "Type": "STMT!DELSTMT"
  },
  "730": {
    "FuncName": "main",
    "IRPosInFunc": [
      112
    ],
    "SrcLoc": "src/rmdir.c:251",
    "Type": "C!ADD$C$1$"
  },
  "731": {
    "FuncName": "remove_parents",
    "IRPosInFunc": [
      4
    ],
    "SrcLoc": "",
    "Type": "STMT!TRAPSTMT"
  },
  "732": {
    "FuncName": "remove_parents",
    "IRPosInFunc": [
      4
    ],
    "SrcLoc": "",
    "Type": "STMT!DELSTMT"
  },
  "74": {
    "FuncName": "usage",
    "IRPosInFunc": [
      20
    ],
    "SrcLoc": "src/rmdir.c:182",
    "Type": "@!ABS$@$"
  },
  "747": {
    "FuncName": "remove_parents",
    "IRPosInFunc": [
      8
    ],
    "SrcLoc": "src/rmdir.c:118",
    "Type": "ASSIGN$V1$@2$!LE$@2$V1$"
  },
  "75": {
    "FuncName": "main",
    "IRPosInFunc": [
      6
    ],
    "SrcLoc": "",
    "Type": "STMT!TRAPSTMT"
  },
  "755": {
    "FuncName": "remove_parents",
    "IRPosInFunc": [
      8
    ],
    "SrcLoc": "src/rmdir.c:118",
    "Type": "C!CONSTVAL$0$"
  },
  "756": {
    "FuncName": "remove_parents",
    "IRPosInFunc": [
      8
    ],
    "SrcLoc": "src/rmdir.c:118",
    "Type": "C!ADD$C$1$"
  },
  "757": {
    "FuncName": "remove_parents",
    "IRPosInFunc": [
      9,
      10
    ],
    "SrcLoc": "src/rmdir.c:120",
    "Type": "STMT!TRAPSTMT"
  },
  "758": {
    "FuncName": "remove_parents",
    "IRPosInFunc": [
      9,
      10
    ],
    "SrcLoc": "src/rmdir.c:120",
    "Type": "STMT!DELSTMT"
  },
  "759": {
    "FuncName": "remove_parents",
    "IRPosInFunc": [
      10
    ],
    "SrcLoc": "src/rmdir.c:120",
    "Type": "@!ABS$@$"
  },
  "76": {
    "FuncName": "main",
    "IRPosInFunc": [
      6
    ],
    "SrcLoc": "",
    "Type": "STMT!DELSTMT"
  },
  "760": {
    "FuncName": "remove_parents",
    "IRPosInFunc": [
      11
    ],
    "SrcLoc": "src/rmdir.c:121",
    "Type": "STMT!TRAPSTMT"
  },
  "761": {
    "FuncName": "remove_parents",
    "IRPosInFunc": [
      12,
      13,
      14
    ],
    "SrcLoc": "src/rmdir.c:123",
    "Type": "STMT!DELSTMT"
  },
  "762": {
    "FuncName": "remove_parents",
    "IRPosInFunc": [
      15,
      16,
      17
    ],
    "SrcLoc": "src/rmdir.c:124",
    "Type": "STMT!TRAPSTMT"
  },
  "763": {
    "FuncName": "remove_parents",
    "IRPosInFunc": [
      16
    ],
    "SrcLoc": "src/rmdir.c:124",
    "Type": "@!ABS$@$"
  },
  "764": {
    "FuncName": "remove_parents",
    "IRPosInFunc": [
      18
    ],
    "SrcLoc": "src/rmdir.c:125",
    "Type": "STMT!TRAPSTMT"
  },
  "765": {
    "FuncName": "remove_parents",
    "IRPosInFunc": [
      18
    ],
    "SrcLoc": "src/rmdir.c:125",
    "Type": "STMT!DELSTMT"
  },
  "766": {
    "FuncName": "remove_parents",
    "IRPosInFunc": [
      19
    ],
    "SrcLoc": "src/rmdir.c:128",
    "Type": "STMT!TRAPSTMT"
  },
  "767": {
    "FuncName": "remove_parents",
    "IRPosInFunc": [
      20
    ],
    "SrcLoc": "",
    "Type": "STMT!DELSTMT"
  },
  "770": {
    "FuncName": "remove_parents",
    "IRPosInFunc": [
      20
    ],
    "SrcLoc": "",
    "Type": "C!ADD$C$-1$"
  },
  "771": {
    "FuncName": "remove_parents",
    "IRPosInFunc": [
      21,
      22,
      23,
      24
    ],
    "SrcLoc": "src/rmdir.c:128",
    "Type": "STMT!TRAPSTMT"
  },
  "772": {
    "FuncName": "remove_parents",
    "IRPosInFunc": [
      23
    ],
    "SrcLoc": "src/rmdir.c:128",
    "Type": "@!ABS$@$"
  },
  "773": {
    "FuncName": "remove_parents",
    "IRPosInFunc": [
      25,
      26,
      27,
      28,
      29
    ],
    "SrcLoc": "src/rmdir.c:128",
    "Type": "STMT!TRAPSTMT"
  },
  "774": {
    "FuncName": "remove_parents",
    "IRPosInFunc": [
      25,
      26,
      27,
      28,
      29
    ],
    "SrcLoc": "src/rmdir.c:128",
    "Type": "STMT!DELSTMT"
  },
  "777": {
    "FuncName": "remove_parents",
    "IRPosInFunc": [
      29
    ],
    "SrcLoc": "src/rmdir.c:128",
    "Type": "ASSIGN$V1$@2$!ABS$@2$"
  },
  "778": {
    "FuncName": "remove_parents",
    "IRPosInFunc": [
      26
    ],
    "SrcLoc": "src/rmdir.c:128",
    "Type": "@!ABS$@$"
  },
  "779": {
    "FuncName": "remove_parents",
    "IRPosInFunc": [
      27
    ],
    "SrcLoc": "src/rmdir.c:128",
    "Type": "@!ABS$@$"
  },
  "781": {
    "FuncName": "remove_parents",
    "IRPosInFunc": [
      28
    ],
    "SrcLoc": "src/rmdir.c:128",
    "Type": "C!CONSTVAL$0$"
  },
  "782": {
    "FuncName": "remove_parents",
    "IRPosInFunc": [
      28
    ],
    "SrcLoc": "src/rmdir.c:128",
    "Type": "C!ADD$C$-1$"
  },
  "783": {
    "FuncName": "remove_parents",
    "IRPosInFunc": [
      28
    ],
    "SrcLoc": "src/rmdir.c:128",
    "Type": "C!ADD$C$1$"
  },
  "785": {
    "FuncName": "remove_parents",
    "IRPosInFunc": [
      28
    ],
    "SrcLoc": "src/rmdir.c:128",
    "Type": "EQ$@1$@2$!BITNOT$@1$"
  },
  "786": {
    "FuncName": "remove_parents",
    "IRPosInFunc": [
      28
    ],
    "SrcLoc": "src/rmdir.c:128",
    "Type": "EQ$@1$@2$!MUL$@1$@2$"
  },
  "787": {
    "FuncName": "remove_parents",
    "IRPosInFunc": [
      28
    ],
    "SrcLoc": "src/rmdir.c:128",
    "Type": "EQ$@1$@2$!BITAND$@1$@2$"
  },
  "788": {
    "FuncName": "remove_parents",
    "IRPosInFunc": [
      28
    ],
    "SrcLoc": "src/rmdir.c:128",
    "Type": "EQ$@1$@2$!CONSTVAL$1$"
  },
  "789": {
    "FuncName": "remove_parents",
    "IRPosInFunc": [
      28
    ],
    "SrcLoc": "src/rmdir.c:128",
    "Type": "EQ$@1$@2$!MOD$@2$@1$"
  },
  "790": {
    "FuncName": "remove_parents",
    "IRPosInFunc": [
      28
    ],
    "SrcLoc": "src/rmdir.c:128",
    "Type": "EQ$@1$@2$!BITSHL$@1$@2$"
  },
  "791": {
    "FuncName": "remove_parents",
    "IRPosInFunc": [
      28
    ],
    "SrcLoc": "src/rmdir.c:128",
    "Type": "EQ$@1$@2$!GT$@2$@1$"
  },
  "792": {
    "FuncName": "remove_parents",
    "IRPosInFunc": [
      28
    ],
    "SrcLoc": "src/rmdir.c:128",
    "Type": "EQ$@1$@2$!BITSHR$@2$@1$"
  },
  "793": {
    "FuncName": "remove_parents",
    "IRPosInFunc": [
      28
    ],
    "SrcLoc": "src/rmdir.c:128",
    "Type": "EQ$@1$@2$!NEQ$@1$@2$"
  },
  "794": {
    "FuncName": "remove_parents",
    "IRPosInFunc": [
      28
    ],
    "SrcLoc": "src/rmdir.c:128",
    "Type": "EQ$@1$@2$!LE$@1$@2$"
  },
  "795": {
    "FuncName": "remove_parents",
    "IRPosInFunc": [
      28
    ],
    "SrcLoc": "src/rmdir.c:128",
    "Type": "EQ$@1$@2$!MOD$@1$@2$"
  },
  "796": {
    "FuncName": "remove_parents",
    "IRPosInFunc": [
      28
    ],
    "SrcLoc": "src/rmdir.c:128",
    "Type": "EQ$@1$@2$!DIV$@2$@1$"
  },
  "797": {
    "FuncName": "remove_parents",
    "IRPosInFunc": [
      28
    ],
    "SrcLoc": "src/rmdir.c:128",
    "Type": "EQ$@1$@2$!ADD$@1$@2$"
  },
  "798": {
    "FuncName": "remove_parents",
    "IRPosInFunc": [
      28
    ],
    "SrcLoc": "src/rmdir.c:128",
    "Type": "EQ$@1$@2$!SUB$@1$@2$"
  },
  "799": {
    "FuncName": "remove_parents",
    "IRPosInFunc": [
      28
    ],
    "SrcLoc": "src/rmdir.c:128",
    "Type": "EQ$@1$@2$!GT$@1$@2$"
  },
  "800": {
    "FuncName": "remove_parents",
    "IRPosInFunc": [
      28
    ],
    "SrcLoc": "src/rmdir.c:128",
    "Type": "EQ$@1$@2$!LE$@2$@1$"
  },
  "801": {
    "FuncName": "remove_parents",
    "IRPosInFunc": [
      28
    ],
    "SrcLoc": "src/rmdir.c:128",
    "Type": "EQ$@1$@2$!OPERAND$@1$"
  },
  "802": {
    "FuncName": "remove_parents",
    "IRPosInFunc": [
      28
    ],
    "SrcLoc": "src/rmdir.c:128",
    "Type": "EQ$@1$@2$!DIV$@1$@2$"
  },
  "803": {
    "FuncName": "remove_parents",
    "IRPosInFunc": [
      28
    ],
    "SrcLoc": "src/rmdir.c:128",
    "Type": "EQ$@1$@2$!GE$@2$@1$"
  },
  "804": {
    "FuncName": "remove_parents",
    "IRPosInFunc": [
      28
    ],
    "SrcLoc": "src/rmdir.c:128",
    "Type": "EQ$@1$@2$!BITXOR$@1$@2$"
  },
  "805": {
    "FuncName": "remove_parents",
    "IRPosInFunc": [
      28
    ],
    "SrcLoc": "src/rmdir.c:128",
    "Type": "EQ$@1$@2$!NEG$@1$"
  },
  "806": {
    "FuncName": "remove_parents",
    "IRPosInFunc": [
      28
    ],
    "SrcLoc": "src/rmdir.c:128",
    "Type": "EQ$@1$@2$!ABS$@1$"
  },
  "808": {
    "FuncName": "remove_parents",
    "IRPosInFunc": [
      28
    ],
    "SrcLoc": "src/rmdir.c:128",
    "Type": "EQ$@1$@2$!SUB$@2$@1$"
  },
  "809": {
    "FuncName": "remove_parents",
    "IRPosInFunc": [
      28
    ],
    "SrcLoc": "src/rmdir.c:128",
    "Type": "EQ$@1$@2$!CONSTVAL$0$"
  },
  "810": {
    "FuncName": "remove_parents",
    "IRPosInFunc": [
      28
    ],
    "SrcLoc": "src/rmdir.c:128",
    "Type": "EQ$@1$@2$!LT$@1$@2$"
  },
  "811": {
    "FuncName": "remove_parents",
    "IRPosInFunc": [
      28
    ],
    "SrcLoc": "src/rmdir.c:128",
    "Type": "EQ$@1$@2$!LT$@2$@1$"
  },
  "812": {
    "FuncName": "remove_parents",
    "IRPosInFunc": [
      28
    ],
    "SrcLoc": "src/rmdir.c:128",
    "Type": "EQ$@1$@2$!GE$@1$@2$"
  },
  "813": {
    "FuncName": "remove_parents",
    "IRPosInFunc": [
      28
    ],
    "SrcLoc": "src/rmdir.c:128",
    "Type": "EQ$@1$@2$!MOD$@2$@1$"
  },
  "814": {
    "FuncName": "remove_parents",
    "IRPosInFunc": [
      28
    ],
    "SrcLoc": "src/rmdir.c:128",
    "Type": "EQ$@1$@2$!GT$@2$@1$"
  },
  "815": {
    "FuncName": "remove_parents",
    "IRPosInFunc": [
      28
    ],
    "SrcLoc": "src/rmdir.c:128",
    "Type": "EQ$@1$@2$!BITSHR$@2$@1$"
  },
  "816": {
    "FuncName": "remove_parents",
    "IRPosInFunc": [
      28
    ],
    "SrcLoc": "src/rmdir.c:128",
    "Type": "EQ$@1$@2$!LE$@1$@2$"
  },
  "817": {
    "FuncName": "remove_parents",
    "IRPosInFunc": [
      28
    ],
    "SrcLoc": "src/rmdir.c:128",
    "Type": "EQ$@1$@2$!MOD$@1$@2$"
  },
  "818": {
    "FuncName": "remove_parents",
    "IRPosInFunc": [
      28
    ],
    "SrcLoc": "src/rmdir.c:128",
    "Type": "EQ$@1$@2$!DIV$@2$@1$"
  },
  "819": {
    "FuncName": "remove_parents",
    "IRPosInFunc": [
      28
    ],
    "SrcLoc": "src/rmdir.c:128",
    "Type": "EQ$@1$@2$!GT$@1$@2$"
  },
  "820": {
    "FuncName": "remove_parents",
    "IRPosInFunc": [
      28
    ],
    "SrcLoc": "src/rmdir.c:128",
    "Type": "EQ$@1$@2$!LE$@2$@1$"
  },
  "821": {
    "FuncName": "remove_parents",
    "IRPosInFunc": [
      28
    ],
    "SrcLoc": "src/rmdir.c:128",
    "Type": "EQ$@1$@2$!DIV$@1$@2$"
  },
  "822": {
    "FuncName": "remove_parents",
    "IRPosInFunc": [
      28
    ],
    "SrcLoc": "src/rmdir.c:128",
    "Type": "EQ$@1$@2$!GE$@2$@1$"
  },
  "823": {
    "FuncName": "remove_parents",
    "IRPosInFunc": [
      28
    ],
    "SrcLoc": "src/rmdir.c:128",
    "Type": "EQ$@1$@2$!LT$@1$@2$"
  },
  "824": {
    "FuncName": "remove_parents",
    "IRPosInFunc": [
      28
    ],
    "SrcLoc": "src/rmdir.c:128",
    "Type": "EQ$@1$@2$!LT$@2$@1$"
  },
  "825": {
    "FuncName": "remove_parents",
    "IRPosInFunc": [
      28
    ],
    "SrcLoc": "src/rmdir.c:128",
    "Type": "EQ$@1$@2$!GE$@1$@2$"
  },
  "826": {
    "FuncName": "remove_parents",
    "IRPosInFunc": [
      28
    ],
    "SrcLoc": "src/rmdir.c:128",
    "Type": "EQ$V1$@2$!ASSIGN$V1$@2$"
  },
  "827": {
    "FuncName": "remove_parents",
    "IRPosInFunc": [
      30
    ],
    "SrcLoc": "",
    "Type": "STMT!TRAPSTMT"
  },
  "828": {
    "FuncName": "remove_parents",
    "IRPosInFunc": [
      31,
      32
    ],
    "SrcLoc": "",
    "Type": "STMT!TRAPSTMT"
  },
  "830": {
    "FuncName": "remove_parents",
    "IRPosInFunc": [
      33,
      34,
      35
    ],
    "SrcLoc": "src/rmdir.c:129",
    "Type": "STMT!TRAPSTMT"
  },
  "831": {
    "FuncName": "remove_parents",
    "IRPosInFunc": [
      33,
      34,
      35
    ],
    "SrcLoc": "src/rmdir.c:129",
    "Type": "STMT!DELSTMT"
  },
  "832": {
    "FuncName": "remove_parents",
    "IRPosInFunc": [
      34
    ],
    "SrcLoc": "src/rmdir.c:129",
    "Type": "PSUB$P1$@2$!PRIGHTINC$P1$"
  },
  "834": {
    "FuncName": "remove_parents",
    "IRPosInFunc": [
      34
    ],
    "SrcLoc": "src/rmdir.c:129",
    "Type": "PSUB$P1$@2$!PLEFTINC$P1$"
  },
  "836": {
    "FuncName": "remove_parents",
    "IRPosInFunc": [
      34
    ],
    "SrcLoc": "src/rmdir.c:129",
    "Type": "PSUB$A1$@2$!OPERAND$@2$"
  },
  "837": {
    "FuncName": "remove_parents",
    "IRPosInFunc": [
      34
    ],
    "SrcLoc": "src/rmdir.c:129",
    "Type": "PSUB$A1$@2$!OPERAND$A1$"
  },
  "838": {
    "FuncName": "remove_parents",
    "IRPosInFunc": [
      34
    ],
    "SrcLoc": "src/rmdir.c:129",
    "Type": "@!ABS$@$"
  },
  "839": {
    "FuncName": "remove_parents",
    "IRPosInFunc": [
      34
    ],
    "SrcLoc": "src/rmdir.c:129",
    "Type": "C!ADD$C$-1$"
  },
  "840": {
    "FuncName": "remove_parents",
    "IRPosInFunc": [
      36
    ],
    "SrcLoc": "src/rmdir.c:129",
    "Type": "STMT!TRAPSTMT"
  },
  "841": {
    "FuncName": "remove_parents",
    "IRPosInFunc": [
      36
    ],
    "SrcLoc": "src/rmdir.c:129",
    "Type": "STMT!DELSTMT"
  },
  "842": {
    "FuncName": "remove_parents",
    "IRPosInFunc": [
      37,
      38,
      39
    ],
    "SrcLoc": "src/rmdir.c:130",
    "Type": "STMT!TRAPSTMT"
  },
  "843": {
    "FuncName": "remove_parents",
    "IRPosInFunc": [
      37,
      38,
      39
    ],
    "SrcLoc": "src/rmdir.c:130",
    "Type": "STMT!DELSTMT"
  },
  "848": {
    "FuncName": "remove_parents",
    "IRPosInFunc": [
      39
    ],
    "SrcLoc": "src/rmdir.c:130",
    "Type": "ASSIGN$V1$@2$!ABS$V1$"
  },
  "85": {
    "FuncName": "main",
    "IRPosInFunc": [
      6
    ],
    "SrcLoc": "",
    "Type": "ASSIGN$V1$@2$!GE$@2$V1$"
  },
  "862": {
    "FuncName": "remove_parents",
    "IRPosInFunc": [
      38
    ],
    "SrcLoc": "src/rmdir.c:130",
    "Type": "C!CONSTVAL$0$"
  },
  "863": {
    "FuncName": "remove_parents",
    "IRPosInFunc": [
      38
    ],
    "SrcLoc": "src/rmdir.c:130",
    "Type": "C!ADD$C$1$"
  },
  "864": {
    "FuncName": "remove_parents",
    "IRPosInFunc": [
      39
    ],
    "SrcLoc": "src/rmdir.c:130",
    "Type": "C!ADD$C$-1$"
  },
  "865": {
    "FuncName": "remove_parents",
    "IRPosInFunc": [
      39
    ],
    "SrcLoc": "src/rmdir.c:130",
    "Type": "C!ADD$C$1$"
  },
  "866": {
    "FuncName": "remove_parents",
    "IRPosInFunc": [
      38
    ],
    "SrcLoc": "src/rmdir.c:130",
    "Type": "PADD$A1$@2$!OPERAND$@2$"
  },
  "867": {
    "FuncName": "remove_parents",
    "IRPosInFunc": [
      38
    ],
    "SrcLoc": "src/rmdir.c:130",
    "Type": "PADD$A1$@2$!PSUB$A1$@2$"
  },
  "868": {
    "FuncName": "remove_parents",
    "IRPosInFunc": [
      38
    ],
    "SrcLoc": "src/rmdir.c:130",
    "Type": "PADD$P1$@2$!PLEFTINC$P1$"
  },
  "869": {
    "FuncName": "remove_parents",
    "IRPosInFunc": [
      38
    ],
    "SrcLoc": "src/rmdir.c:130",
    "Type": "PADD$P1$@2$!PRIGHTDEC$P1$"
  },
  "870": {
    "FuncName": "remove_parents",
    "IRPosInFunc": [
      38
    ],
    "SrcLoc": "src/rmdir.c:130",
    "Type": "PADD$P1$@2$!PRIGHTINC$P1$"
  },
  "871": {
    "FuncName": "remove_parents",
    "IRPosInFunc": [
      38
    ],
    "SrcLoc": "src/rmdir.c:130",
    "Type": "PADD$P1$@2$!PLEFTDEC$P1$"
  },
  "872": {
    "FuncName": "remove_parents",
    "IRPosInFunc": [
      40,
      41,
      42
    ],
    "SrcLoc": "src/rmdir.c:133",
    "Type": "STMT!TRAPSTMT"
  },
  "873": {
    "FuncName": "remove_parents",
    "IRPosInFunc": [
      40
    ],
    "SrcLoc": "src/rmdir.c:133",
    "Type": "@!ABS$@$"
  },
  "874": {
    "FuncName": "remove_parents",
    "IRPosInFunc": [
      41
    ],
    "SrcLoc": "src/rmdir.c:133",
    "Type": "@!ABS$@$"
  },
  "875": {
    "FuncName": "remove_parents",
    "IRPosInFunc": [
      43,
      44,
      45,
      46
    ],
    "SrcLoc": "src/rmdir.c:134",
    "Type": "STMT!TRAPSTMT"
  },
  "876": {
    "FuncName": "remove_parents",
    "IRPosInFunc": [
      43,
      44,
      45,
      46
    ],
    "SrcLoc": "src/rmdir.c:134",
    "Type": "STMT!DELSTMT"
  },
  "877": {
    "FuncName": "remove_parents",
    "IRPosInFunc": [
      46
    ],
    "SrcLoc": "src/rmdir.c:134",
    "Type": "CALL!SHUFFLEARGS$2$"
  },
  "878": {
    "FuncName": "remove_parents",
    "IRPosInFunc": [
      47
    ],
    "SrcLoc": "src/rmdir.c:134",
    "Type": "STMT!TRAPSTMT"
  },
  "879": {
    "FuncName": "remove_parents",
    "IRPosInFunc": [
      48,
      49,
      50,
      51,
      52
    ],
    "SrcLoc": "src/rmdir.c:136",
    "Type": "STMT!TRAPSTMT"
  },
  "880": {
    "FuncName": "remove_parents",
    "IRPosInFunc": [
      48,
      49,
      50,
      51,
      52
    ],
    "SrcLoc": "src/rmdir.c:136",
    "Type": "STMT!DELSTMT"
  },
  "881": {
    "FuncName": "remove_parents",
    "IRPosInFunc": [
      52
    ],
    "SrcLoc": "src/rmdir.c:136",
    "Type": "ASSIGN$V1$@2$!BITOR$V1$@2$"
  },
  "886": {
    "FuncName": "remove_parents",
    "IRPosInFunc": [
      52
    ],
    "SrcLoc": "src/rmdir.c:136",
    "Type": "ASSIGN$V1$@2$!NEQ$V1$@2$"
  },
  "903": {
    "FuncName": "remove_parents",
    "IRPosInFunc": [
      49
    ],
    "SrcLoc": "src/rmdir.c:136",
    "Type": "@!ABS$@$"
  },
  "906": {
    "FuncName": "remove_parents",
    "IRPosInFunc": [
      50
    ],
    "SrcLoc": "src/rmdir.c:136",
    "Type": "C!ADD$C$-1$"
  },
  "907": {
    "FuncName": "remove_parents",
    "IRPosInFunc": [
      50
    ],
    "SrcLoc": "src/rmdir.c:136",
    "Type": "C!ADD$C$1$"
  },
  "908": {
    "FuncName": "remove_parents",
    "IRPosInFunc": [
      50
    ],
    "SrcLoc": "src/rmdir.c:136",
    "Type": "EQ$@1$@2$!BITOR$@1$@2$"
  },
  "909": {
    "FuncName": "remove_parents",
    "IRPosInFunc": [
      50
    ],
    "SrcLoc": "src/rmdir.c:136",
    "Type": "EQ$@1$@2$!BITNOT$@1$"
  },
  "910": {
    "FuncName": "remove_parents",
    "IRPosInFunc": [
      50
    ],
    "SrcLoc": "src/rmdir.c:136",
    "Type": "EQ$@1$@2$!MUL$@1$@2$"
  },
  "911": {
    "FuncName": "remove_parents",
    "IRPosInFunc": [
      50
    ],
    "SrcLoc": "src/rmdir.c:136",
    "Type": "EQ$@1$@2$!CONSTVAL$1$"
  },
  "912": {
    "FuncName": "remove_parents",
    "IRPosInFunc": [
      50
    ],
    "SrcLoc": "src/rmdir.c:136",
    "Type": "EQ$@1$@2$!GT$@2$@1$"
  },
  "913": {
    "FuncName": "remove_parents",
    "IRPosInFunc": [
      50
    ],
    "SrcLoc": "src/rmdir.c:136",
    "Type": "EQ$@1$@2$!LE$@1$@2$"
  },
  "914": {
    "FuncName": "remove_parents",
    "IRPosInFunc": [
      50
    ],
    "SrcLoc": "src/rmdir.c:136",
    "Type": "EQ$@1$@2$!GT$@1$@2$"
  },
  "915": {
    "FuncName": "remove_parents",
    "IRPosInFunc": [
      50
    ],
    "SrcLoc": "src/rmdir.c:136",
    "Type": "EQ$@1$@2$!LE$@2$@1$"
  },
  "916": {
    "FuncName": "remove_parents",
    "IRPosInFunc": [
      50
    ],
    "SrcLoc": "src/rmdir.c:136",
    "Type": "EQ$@1$@2$!DIV$@1$@2$"
  },
  "917": {
    "FuncName": "remove_parents",
    "IRPosInFunc": [
      50
    ],
    "SrcLoc": "src/rmdir.c:136",
    "Type": "EQ$@1$@2$!GE$@2$@1$"
  },
  "918": {
    "FuncName": "remove_parents",
    "IRPosInFunc": [
      50
    ],
    "SrcLoc": "src/rmdir.c:136",
    "Type": "EQ$@1$@2$!NEG$@1$"
  },
  "919": {
    "FuncName": "remove_parents",
    "IRPosInFunc": [
      50
    ],
    "SrcLoc": "src/rmdir.c:136",
    "Type": "EQ$@1$@2$!ABS$@1$"
  },
  "920": {
    "FuncName": "remove_parents",
    "IRPosInFunc": [
      50
    ],
    "SrcLoc": "src/rmdir.c:136",
    "Type": "EQ$@1$@2$!LT$@1$@2$"
  },
  "921": {
    "FuncName": "remove_parents",
    "IRPosInFunc": [
      50
    ],
    "SrcLoc": "src/rmdir.c:136",
    "Type": "EQ$@1$@2$!LT$@2$@1$"
  },
  "922": {
    "FuncName": "remove_parents",
    "IRPosInFunc": [
      50
    ],
    "SrcLoc": "src/rmdir.c:136",
    "Type": "EQ$@1$@2$!GE$@1$@2$"
  },
  "923": {
    "FuncName": "remove_parents",
    "IRPosInFunc": [
      50
    ],
    "SrcLoc": "src/rmdir.c:136",
    "Type": "EQ$@1$@2$!LE$@1$@2$"
  },
  "924": {
    "FuncName": "remove_parents",
    "IRPosInFunc": [
      50
    ],
    "SrcLoc": "src/rmdir.c:136",
    "Type": "EQ$@1$@2$!GT$@1$@2$"
  },
  "925": {
    "FuncName": "remove_parents",
    "IRPosInFunc": [
      50
    ],
    "SrcLoc": "src/rmdir.c:136",
    "Type": "EQ$@1$@2$!DIV$@1$@2$"
  },
  "926": {
    "FuncName": "remove_parents",
    "IRPosInFunc": [
      50
    ],
    "SrcLoc": "src/rmdir.c:136",
    "Type": "EQ$@1$@2$!GE$@2$@1$"
  },
  "927": {
    "FuncName": "remove_parents",
    "IRPosInFunc": [
      50
    ],
    "SrcLoc": "src/rmdir.c:136",
    "Type": "EQ$@1$@2$!LT$@2$@1$"
  },
  "928": {
    "FuncName": "remove_parents",
    "IRPosInFunc": [
      53,
      54,
      55
    ],
    "SrcLoc": "src/rmdir.c:138",
    "Type": "STMT!TRAPSTMT"
  },
  "931": {
    "FuncName": "remove_parents",
    "IRPosInFunc": [
      56,
      57,
      58,
      59,
      60
    ],
    "SrcLoc": "src/rmdir.c:141",
    "Type": "STMT!TRAPSTMT"
  },
  "932": {
    "FuncName": "remove_parents",
    "IRPosInFunc": [
      57
    ],
    "SrcLoc": "src/rmdir.c:141",
    "Type": "@!ABS$@$"
  },
  "934": {
    "FuncName": "remove_parents",
    "IRPosInFunc": [
      61
    ],
    "SrcLoc": "src/rmdir.c:143",
    "Type": "STMT!TRAPSTMT"
  },
  "935": {
    "FuncName": "remove_parents",
    "IRPosInFunc": [
      61
    ],
    "SrcLoc": "src/rmdir.c:143",
    "Type": "STMT!DELSTMT"
  },
  "937": {
    "FuncName": "remove_parents",
    "IRPosInFunc": [
      61
    ],
    "SrcLoc": "src/rmdir.c:143",
    "Type": "ASSIGN$V1$@2$!OPERAND$V1$"
  },
  "94": {
    "FuncName": "main",
    "IRPosInFunc": [
      6
    ],
    "SrcLoc": "",
    "Type": "C!ADD$C$-1$"
  },
  "95": {
    "FuncName": "main",
    "IRPosInFunc": [
      6
    ],
    "SrcLoc": "",
    "Type": "C!ADD$C$1$"
  },
  "957": {
    "FuncName": "remove_parents",
    "IRPosInFunc": [
      61
    ],
    "SrcLoc": "src/rmdir.c:143",
    "Type": "C!CONSTVAL$0$"
  },
  "958": {
    "FuncName": "remove_parents",
    "IRPosInFunc": [
      61
    ],
    "SrcLoc": "src/rmdir.c:143",
    "Type": "C!ADD$C$1$"
  },
  "959": {
    "FuncName": "remove_parents",
    "IRPosInFunc": [
      62
    ],
    "SrcLoc": "src/rmdir.c:144",
    "Type": "STMT!TRAPSTMT"
  },
  "96": {
    "FuncName": "main",
    "IRPosInFunc": [
      7
    ],
    "SrcLoc": "",
    "Type": "STMT!TRAPSTMT"
  },
  "960": {
    "FuncName": "remove_parents",
    "IRPosInFunc": [
      62
    ],
    "SrcLoc": "src/rmdir.c:144",
    "Type": "STMT!DELSTMT"
  },
  "961": {
    "FuncName": "remove_parents",
    "IRPosInFunc": [
      63,
      64,
      65,
      66,
      67
    ],
    "SrcLoc": "src/rmdir.c:148",
    "Type": "STMT!TRAPSTMT"
  },
  "962": {
    "FuncName": "remove_parents",
    "IRPosInFunc": [
      63,
      64,
      65,
      66,
      67
    ],
    "SrcLoc": "src/rmdir.c:148",
    "Type": "STMT!DELSTMT"
  },
  "963": {
    "FuncName": "remove_parents",
    "IRPosInFunc": [
      64
    ],
    "SrcLoc": "src/rmdir.c:148",
    "Type": "@!ABS$@$"
  },
  "964": {
    "FuncName": "remove_parents",
    "IRPosInFunc": [
      67
    ],
    "SrcLoc": "src/rmdir.c:148",
    "Type": "CALL!SHUFFLEARGS$2$"
  },
  "965": {
    "FuncName": "remove_parents",
    "IRPosInFunc": [
      67
    ],
    "SrcLoc": "src/rmdir.c:148",
    "Type": "CALL!SHUFFLEARGS$2$"
  },
  "966": {
    "FuncName": "remove_parents",
    "IRPosInFunc": [
      68
    ],
    "SrcLoc": "",
    "Type": "STMT!TRAPSTMT"
  },
  "967": {
    "FuncName": "remove_parents",
    "IRPosInFunc": [
      69
    ],
    "SrcLoc": "src/rmdir.c:151",
    "Type": "STMT!TRAPSTMT"
  },
  "968": {
    "FuncName": "remove_parents",
    "IRPosInFunc": [
      69
    ],
    "SrcLoc": "src/rmdir.c:151",
    "Type": "STMT!DELSTMT"
  },
  "969": {
    "FuncName": "remove_parents",
    "IRPosInFunc": [
      70
    ],
    "SrcLoc": "src/rmdir.c:153",
    "Type": "STMT!TRAPSTMT"
  },
  "970": {
    "FuncName": "remove_parents",
    "IRPosInFunc": [
      70
    ],
    "SrcLoc": "src/rmdir.c:153",
    "Type": "STMT!DELSTMT"
  },
  "971": {
    "FuncName": "remove_parents",
    "IRPosInFunc": [
      71,
      72,
      73
    ],
    "SrcLoc": "src/rmdir.c:154",
    "Type": "STMT!TRAPSTMT"
  },
  "972": {
    "FuncName": "remove_parents",
    "IRPosInFunc": [
      73
    ],
    "SrcLoc": "src/rmdir.c:154",
    "Type": "STMT!DELSTMT"
  },
  "973": {
    "FuncName": "remove_parents",
    "IRPosInFunc": [
      71
    ],
    "SrcLoc": "src/rmdir.c:154",
    "Type": "@!ABS$@$"
  }
}