{
  "1": {
    "FuncName": "usage",
    "IRPosInFunc": [
      1
    ],
    "SrcLoc": "",
    "Type": "STMT!TRAPSTMT"
  },
  "100": {
    "FuncName": "main",
    "IRPosInFunc": [
      9
    ],
    "SrcLoc": "src/false.c:61",
    "Type": "EQ$@1$@2$!BITOR$@1$@2$"
  },
  "101": {
    "FuncName": "main",
    "IRPosInFunc": [
      9
    ],
    "SrcLoc": "src/false.c:61",
    "Type": "EQ$@1$@2$!BITNOT$@1$"
  },
  "102": {
    "FuncName": "main",
    "IRPosInFunc": [
      9
    ],
    "SrcLoc": "src/false.c:61",
    "Type": "EQ$@1$@2$!MUL$@1$@2$"
  },
  "103": {
    "FuncName": "main",
    "IRPosInFunc": [
      9
    ],
    "SrcLoc": "src/false.c:61",
    "Type": "EQ$@1$@2$!BITAND$@1$@2$"
  },
  "105": {
    "FuncName": "main",
    "IRPosInFunc": [
      9
    ],
    "SrcLoc": "src/false.c:61",
    "Type": "EQ$@1$@2$!MOD$@2$@1$"
  },
  "106": {
    "FuncName": "main",
    "IRPosInFunc": [
      9
    ],
    "SrcLoc": "src/false.c:61",
    "Type": "EQ$@1$@2$!BITSHL$@1$@2$"
  },
  "107": {
    "FuncName": "main",
    "IRPosInFunc": [
      9
    ],
    "SrcLoc": "src/false.c:61",
    "Type": "EQ$@1$@2$!GT$@2$@1$"
  },
  "108": {
    "FuncName": "main",
    "IRPosInFunc": [
      9
    ],
    "SrcLoc": "src/false.c:61",
    "Type": "EQ$@1$@2$!BITSHR$@2$@1$"
  },
  "109": {
    "FuncName": "main",
    "IRPosInFunc": [
      9
    ],
    "SrcLoc": "src/false.c:61",
    "Type": "EQ$@1$@2$!NEQ$@1$@2$"
  },
  "110": {
    "FuncName": "main",
    "IRPosInFunc": [
      9
    ],
    "SrcLoc": "src/false.c:61",
    "Type": "EQ$@1$@2$!LE$@1$@2$"
  },
  "111": {
    "FuncName": "main",
    "IRPosInFunc": [
      9
    ],
    "SrcLoc": "src/false.c:61",
    "Type": "EQ$@1$@2$!MOD$@1$@2$"
  },
  "112": {
    "FuncName": "main",
    "IRPosInFunc": [
      9
    ],
    "SrcLoc": "src/false.c:61",
    "Type": "EQ$@1$@2$!DIV$@2$@1$"
  },
  "113": {
    "FuncName": "main",
    "IRPosInFunc": [
      9
    ],
    "SrcLoc": "src/false.c:61",
    "Type": "EQ$@1$@2$!ADD$@1$@2$"
  },
  "114": {
    "FuncName": "main",
    "IRPosInFunc": [
      9
    ],
    "SrcLoc": "src/false.c:61",
    "Type": "EQ$@1$@2$!SUB$@1$@2$"
  },
  "115": {
    "FuncName": "main",
    "IRPosInFunc": [
      9
    ],
    "SrcLoc": "src/false.c:61",
    "Type": "EQ$@1$@2$!GT$@1$@2$"
  },
  "116": {
    "FuncName": "main",
    "IRPosInFunc": [
      9
    ],
    "SrcLoc": "src/false.c:61",
    "Type": "EQ$@1$@2$!LE$@2$@1$"
  },
  "117": {
    "FuncName": "main",
    "IRPosInFunc": [
      9
    ],
    "SrcLoc": "src/false.c:61",
    "Type": "EQ$@1$@2$!OPERAND$@1$"
  },
  "118": {
    "FuncName": "main",
    "IRPosInFunc": [
      9
    ],
    "SrcLoc": "src/false.c:61",
    "Type": "EQ$@1$@2$!DIV$@1$@2$"
  },
  "119": {
    "FuncName": "main",
    "IRPosInFunc": [
      9
    ],
    "SrcLoc": "src/false.c:61",
    "Type": "EQ$@1$@2$!GE$@2$@1$"
  },
  "120": {
    "FuncName": "main",
    "IRPosInFunc": [
      9
    ],
    "SrcLoc": "src/false.c:61",
    "Type": "EQ$@1$@2$!BITXOR$@1$@2$"
  },
  "121": {
    "FuncName": "main",
    "IRPosInFunc": [
      9
    ],
    "SrcLoc": "src/false.c:61",
    "Type": "EQ$@1$@2$!NEG$@1$"
  },
  "122": {
    "FuncName": "main",
    "IRPosInFunc": [
      9
    ],
    "SrcLoc": "src/false.c:61",
    "Type": "EQ$@1$@2$!ABS$@1$"
  },
  "123": {
    "FuncName": "main",
    "IRPosInFunc": [
      9
    ],
    "SrcLoc": "src/false.c:61",
    "Type": "EQ$@1$@2$!BITSHL$@2$@1$"
  },
  "124": {
    "FuncName": "main",
    "IRPosInFunc": [
      9
    ],
    "SrcLoc": "src/false.c:61",
    "Type": "EQ$@1$@2$!SUB$@2$@1$"
  },
  "125": {
    "FuncName": "main",
    "IRPosInFunc": [
      9
    ],
    "SrcLoc": "src/false.c:61",
    "Type": "EQ$@1$@2$!CONSTVAL$0$"
  },
  "126": {
    "FuncName": "main",
    "IRPosInFunc": [
      9
    ],
    "SrcLoc": "src/false.c:61",
    "Type": "EQ$@1$@2$!LT$@1$@2$"
  },
  "127": {
    "FuncName": "main",
    "IRPosInFunc": [
      9
    ],
    "SrcLoc": "src/false.c:61",
    "Type": "EQ$@1$@2$!LT$@2$@1$"
  },
  "128": {
    "FuncName": "main",
    "IRPosInFunc": [
      9
    ],
    "SrcLoc": "src/false.c:61",
    "Type": "EQ$@1$@2$!BITSHR$@1$@2$"
  },
  "129": {
    "FuncName": "main",
    "IRPosInFunc": [
      9
    ],
    "SrcLoc": "src/false.c:61",
    "Type": "EQ$@1$@2$!GE$@1$@2$"
  },
  "130": {
    "FuncName": "main",
    "IRPosInFunc": [
      9
    ],
    "SrcLoc": "src/false.c:61",
    "Type": "EQ$@1$@2$!MOD$@2$@1$"
  },
  "131": {
    "FuncName": "main",
    "IRPosInFunc": [
      9
    ],
    "SrcLoc": "src/false.c:61",
    "Type": "EQ$@1$@2$!GT$@2$@1$"
  },
  "132": {
    "FuncName": "main",
    "IRPosInFunc": [
      9
    ],
    "SrcLoc": "src/false.c:61",
    "Type": "EQ$@1$@2$!BITSHR$@2$@1$"
  },
  "133": {
    "FuncName": "main",
    "IRPosInFunc": [
      9
    ],
    "SrcLoc": "src/false.c:61",
    "Type": "EQ$@1$@2$!LE$@1$@2$"
  },
  "134": {
    "FuncName": "main",
    "IRPosInFunc": [
      9
    ],
    "SrcLoc": "src/false.c:61",
    "Type": "EQ$@1$@2$!MOD$@1$@2$"
  },
  "135": {
    "FuncName": "main",
    "IRPosInFunc": [
      9
    ],
    "SrcLoc": "src/false.c:61",
    "Type": "EQ$@1$@2$!DIV$@2$@1$"
  },
  "136": {
    "FuncName": "main",
    "IRPosInFunc": [
      9
    ],
    "SrcLoc": "src/false.c:61",
    "Type": "EQ$@1$@2$!GT$@1$@2$"
  },
  "137": {
    "FuncName": "main",
    "IRPosInFunc": [
      9
    ],
    "SrcLoc": "src/false.c:61",
    "Type": "EQ$@1$@2$!LE$@2$@1$"
  },
  "138": {
    "FuncName": "main",
    "IRPosInFunc": [
      9
    ],
    "SrcLoc": "src/false.c:61",
    "Type": "EQ$@1$@2$!DIV$@1$@2$"
  },
  "139": {
    "FuncName": "main",
    "IRPosInFunc": [
      9
    ],
    "SrcLoc": "src/false.c:61",
    "Type": "EQ$@1$@2$!GE$@2$@1$"
  },
  "140": {
    "FuncName": "main",
    "IRPosInFunc": [
      9
    ],
    "SrcLoc": "src/false.c:61",
    "Type": "EQ$@1$@2$!LT$@1$@2$"
  },
  "141": {
    "FuncName": "main",
    "IRPosInFunc": [
      9
    ],
    "SrcLoc": "src/false.c:61",
    "Type": "EQ$@1$@2$!LT$@2$@1$"
  },
  "142": {
    "FuncName": "main",
    "IRPosInFunc": [
      9
    ],
    "SrcLoc": "src/false.c:61",
    "Type": "EQ$@1$@2$!BITSHR$@1$@2$"
  },
  "143": {
    "FuncName": "main",
    "IRPosInFunc": [
      9
    ],
    "SrcLoc": "src/false.c:61",
    "Type": "EQ$@1$@2$!GE$@1$@2$"
  },
  "144": {
    "FuncName": "main",
    "IRPosInFunc": [
      9
    ],
    "SrcLoc": "src/false.c:61",
    "Type": "EQ$V1$@2$!ASSIGN$V1$@2$"
  },
  "145": {
    "FuncName": "main",
    "IRPosInFunc": [
      11,
      12,
      13,
      14
    ],
    "SrcLoc": "src/false.c:64",
    "Type": "STMT!TRAPSTMT"
  },
  "146": {
    "FuncName": "main",
    "IRPosInFunc": [
      11,
      12,
      13,
      14
    ],
    "SrcLoc": "src/false.c:64",
    "Type": "STMT!DELSTMT"
  },
  "147": {
    "FuncName": "main",
    "IRPosInFunc": [
      11
    ],
    "SrcLoc": "src/false.c:64",
    "Type": "A!CONSTVAL$0$"
  },
  "148": {
    "FuncName": "main",
    "IRPosInFunc": [
      12
    ],
    "SrcLoc": "src/false.c:64",
    "Type": "C!ADD$C$-1$"
  },
  "149": {
    "FuncName": "main",
    "IRPosInFunc": [
      12
    ],
    "SrcLoc": "src/false.c:64",
    "Type": "C!ADD$C$1$"
  },
  "150": {
    "FuncName": "main",
    "IRPosInFunc": [
      11
    ],
    "SrcLoc": "src/false.c:64",
    "Type": "P!PRIGHTDEC$P$"
  },
  "151": {
    "FuncName": "main",
    "IRPosInFunc": [
      11
    ],
    "SrcLoc": "src/false.c:64",
    "Type": "P!PLEFTINC$P$"
  },
  "152": {
    "FuncName": "main",
    "IRPosInFunc": [
      11
    ],
    "SrcLoc": "src/false.c:64",
    "Type": "P!PRIGHTINC$P$"
  },
  "153": {
    "FuncName": "main",
    "IRPosInFunc": [
      11
    ],
    "SrcLoc": "src/false.c:64",
    "Type": "P!PLEFTDEC$P$"
  },
  "154": {
    "FuncName": "main",
    "IRPosInFunc": [
      15
    ],
    "SrcLoc": "src/false.c:65",
    "Type": "STMT!TRAPSTMT"
  },
  "155": {
    "FuncName": "main",
    "IRPosInFunc": [
      15
    ],
    "SrcLoc": "src/false.c:65",
    "Type": "STMT!DELSTMT"
  },
  "156": {
    "FuncName": "main",
    "IRPosInFunc": [
      16
    ],
    "SrcLoc": "src/false.c:69",
    "Type": "STMT!TRAPSTMT"
  },
  "157": {
    "FuncName": "main",
    "IRPosInFunc": [
      16
    ],
    "SrcLoc": "src/false.c:69",
    "Type": "STMT!DELSTMT"
  },
  "158": {
    "FuncName": "main",
    "IRPosInFunc": [
      16
    ],
    "SrcLoc": "src/false.c:69",
    "Type": "@!ABS$@$"
  },
  "159": {
    "FuncName": "main",
    "IRPosInFunc": [
      17,
      18,
      19,
      20,
      21,
      22
    ],
    "SrcLoc": "src/false.c:71",
    "Type": "STMT!TRAPSTMT"
  },
  "160": {
    "FuncName": "main",
    "IRPosInFunc": [
      18,
      19
    ],
    "SrcLoc": "src/false.c:71",
    "Type": "PADD_DEREF$P1$@2$!PDEREF_LEFTINC$P1$"
  },
  "161": {
    "FuncName": "main",
    "IRPosInFunc": [
      18,
      19
    ],
    "SrcLoc": "src/false.c:71",
    "Type": "PADD_DEREF$P1$@2$!PDEREF_RIGHTDEC$P1$"
  },
  "162": {
    "FuncName": "main",
    "IRPosInFunc": [
      18,
      19
    ],
    "SrcLoc": "src/false.c:71",
    "Type": "PADD_DEREF$P1$@2$!PDEREF_LEFTDEC$P1$"
  },
  "163": {
    "FuncName": "main",
    "IRPosInFunc": [
      18,
      19
    ],
    "SrcLoc": "src/false.c:71",
    "Type": "PADD_DEREF$P1$@2$!PDEREF_RIGHTINC$P1$"
  },
  "164": {
    "FuncName": "main",
    "IRPosInFunc": [
      18,
      19
    ],
    "SrcLoc": "src/false.c:71",
    "Type": "PADD_DEREF$A1$@2$!PDEREF_ADD$A1$@2$"
  },
  "165": {
    "FuncName": "main",
    "IRPosInFunc": [
      18,
      19
    ],
    "SrcLoc": "src/false.c:71",
    "Type": "PADD_DEREF$A1$@2$!PDEREF_SUB$A1$@2$"
  },
  "166": {
    "FuncName": "main",
    "IRPosInFunc": [
      17
    ],
    "SrcLoc": "src/false.c:71",
    "Type": "A!CONSTVAL$0$"
  },
  "167": {
    "FuncName": "main",
    "IRPosInFunc": [
      18
    ],
    "SrcLoc": "src/false.c:71",
    "Type": "A!CONSTVAL$0$"
  },
  "168": {
    "FuncName": "main",
    "IRPosInFunc": [
      20
    ],
    "SrcLoc": "src/false.c:71",
    "Type": "@!ABS$@$"
  },
  "169": {
    "FuncName": "main",
    "IRPosInFunc": [
      21
    ],
    "SrcLoc": "src/false.c:71",
    "Type": "@!ABS$@$"
  },
  "170": {
    "FuncName": "main",
    "IRPosInFunc": [
      18
    ],
    "SrcLoc": "src/false.c:71",
    "Type": "C!CONSTVAL$0$"
  },
  "171": {
    "FuncName": "main",
    "IRPosInFunc": [
      18
    ],
    "SrcLoc": "src/false.c:71",
    "Type": "C!ADD$C$1$"
  },
  "172": {
    "FuncName": "main",
    "IRPosInFunc": [
      21
    ],
    "SrcLoc": "src/false.c:71",
    "Type": "C!ADD$C$-1$"
  },
  "173": {
    "FuncName": "main",
    "IRPosInFunc": [
      21
    ],
    "SrcLoc": "src/false.c:71",
    "Type": "C!ADD$C$1$"
  },
  "174": {
    "FuncName": "main",
    "IRPosInFunc": [
      18
    ],
    "SrcLoc": "src/false.c:71",
    "Type": "PADD$A1$@2$!OPERAND$@2$"
  },
  "175": {
    "FuncName": "main",
    "IRPosInFunc": [
      18
    ],
    "SrcLoc": "src/false.c:71",
    "Type": "PADD$A1$@2$!PSUB$A1$@2$"
  },
  "176": {
    "FuncName": "main",
    "IRPosInFunc": [
      18
    ],
    "SrcLoc": "src/false.c:71",
    "Type": "PADD$P1$@2$!PLEFTINC$P1$"
  },
  "177": {
    "FuncName": "main",
    "IRPosInFunc": [
      18
    ],
    "SrcLoc": "src/false.c:71",
    "Type": "PADD$P1$@2$!PRIGHTDEC$P1$"
  },
  "178": {
    "FuncName": "main",
    "IRPosInFunc": [
      18
    ],
    "SrcLoc": "src/false.c:71",
    "Type": "PADD$P1$@2$!PRIGHTINC$P1$"
  },
  "179": {
    "FuncName": "main",
    "IRPosInFunc": [
      18
    ],
    "SrcLoc": "src/false.c:71",
    "Type": "PADD$P1$@2$!PLEFTDEC$P1$"
  },
  "180": {
    "FuncName": "main",
    "IRPosInFunc": [
      17
    ],
    "SrcLoc": "src/false.c:71",
    "Type": "P!PRIGHTDEC$P$"
  },
  "181": {
    "FuncName": "main",
    "IRPosInFunc": [
      17
    ],
    "SrcLoc": "src/false.c:71",
    "Type": "P!PLEFTINC$P$"
  },
  "182": {
    "FuncName": "main",
    "IRPosInFunc": [
      17
    ],
    "SrcLoc": "src/false.c:71",
    "Type": "P!PLEFTDEC$P$"
  },
  "183": {
    "FuncName": "main",
    "IRPosInFunc": [
      21
    ],
    "SrcLoc": "src/false.c:71",
    "Type": "EQ$@1$@2$!BITOR$@1$@2$"
  },
  "184": {
    "FuncName": "main",
    "IRPosInFunc": [
      21
    ],
    "SrcLoc": "src/false.c:71",
    "Type": "EQ$@1$@2$!BITNOT$@1$"
  },
  "186": {
    "FuncName": "main",
    "IRPosInFunc": [
      21
    ],
    "SrcLoc": "src/false.c:71",
    "Type": "EQ$@1$@2$!CONSTVAL$1$"
  },
  "187": {
    "FuncName": "main",
    "IRPosInFunc": [
      21
    ],
    "SrcLoc": "src/false.c:71",
    "Type": "EQ$@1$@2$!GT$@2$@1$"
  },
  "188": {
    "FuncName": "main",
    "IRPosInFunc": [
      21
    ],
    "SrcLoc": "src/false.c:71",
    "Type": "EQ$@1$@2$!LE$@1$@2$"
  },
  "189": {
    "FuncName": "main",
    "IRPosInFunc": [
      21
    ],
    "SrcLoc": "src/false.c:71",
    "Type": "EQ$@1$@2$!MOD$@1$@2$"
  },
  "190": {
    "FuncName": "main",
    "IRPosInFunc": [
      21
    ],
    "SrcLoc": "src/false.c:71",
    "Type": "EQ$@1$@2$!GT$@1$@2$"
  },
  "191": {
    "FuncName": "main",
    "IRPosInFunc": [
      21
    ],
    "SrcLoc": "src/false.c:71",
    "Type": "EQ$@1$@2$!ABS$@2$"
  },
  "192": {
    "FuncName": "main",
    "IRPosInFunc": [
      21
    ],
    "SrcLoc": "src/false.c:71",
    "Type": "EQ$@1$@2$!LE$@2$@1$"
  },
  "193": {
    "FuncName": "main",
    "IRPosInFunc": [
      21
    ],
    "SrcLoc": "src/false.c:71",
    "Type": "EQ$@1$@2$!DIV$@1$@2$"
  },
  "194": {
    "FuncName": "main",
    "IRPosInFunc": [
      21
    ],
    "SrcLoc": "src/false.c:71",
    "Type": "EQ$@1$@2$!GE$@2$@1$"
  },
  "195": {
    "FuncName": "main",
    "IRPosInFunc": [
      21
    ],
    "SrcLoc": "src/false.c:71",
    "Type": "EQ$@1$@2$!NEG$@1$"
  },
  "196": {
    "FuncName": "main",
    "IRPosInFunc": [
      21
    ],
    "SrcLoc": "src/false.c:71",
    "Type": "EQ$@1$@2$!ABS$@1$"
  },
  "197": {
    "FuncName": "main",
    "IRPosInFunc": [
      21
    ],
    "SrcLoc": "src/false.c:71",
    "Type": "EQ$@1$@2$!LT$@1$@2$"
  },
  "198": {
    "FuncName": "main",
    "IRPosInFunc": [
      21
    ],
    "SrcLoc": "src/false.c:71",
    "Type": "EQ$@1$@2$!LT$@2$@1$"
  },
  "199": {
    "FuncName": "main",
    "IRPosInFunc": [
      21
    ],
    "SrcLoc": "src/false.c:71",
    "Type": "EQ$@1$@2$!GE$@1$@2$"
  },
  "200": {
    "FuncName": "main",
    "IRPosInFunc": [
      21
    ],
    "SrcLoc": "src/false.c:71",
    "Type": "EQ$@1$@2$!LE$@1$@2$"
  },
  "201": {
    "FuncName": "main",
    "IRPosInFunc": [
      21
    ],
    "SrcLoc": "src/false.c:71",
    "Type": "EQ$@1$@2$!GT$@1$@2$"
  },
  "203": {
    "FuncName": "main",
    "IRPosInFunc": [
      21
    ],
    "SrcLoc": "src/false.c:71",
    "Type": "EQ$@1$@2$!DIV$@1$@2$"
  },
  "204": {
    "FuncName": "main",
    "IRPosInFunc": [
      21
    ],
    "SrcLoc": "src/false.c:71",
    "Type": "EQ$@1$@2$!GE$@2$@1$"
  },
  "205": {
    "FuncName": "main",
    "IRPosInFunc": [
      21
    ],
    "SrcLoc": "src/false.c:71",
    "Type": "EQ$@1$@2$!LT$@2$@1$"
  },
  "206": {
    "FuncName": "main",
    "IRPosInFunc": [
      20
    ],
    "SrcLoc": "src/false.c:71",
    "Type": "CALL!SHUFFLEARGS$2$"
  },
  "207": {
    "FuncName": "main",
    "IRPosInFunc": [
      23
    ],
    "SrcLoc": "src/false.c:72",
    "Type": "STMT!TRAPSTMT"
  },
  "208": {
    "FuncName": "main",
    "IRPosInFunc": [
      23
    ],
    "SrcLoc": "src/false.c:72",
    "Type": "STMT!DELSTMT"
  },
  "209": {
    "FuncName": "main",
    "IRPosInFunc": [
      25,
      26,
      27,
      28,
      29,
      30
    ],
    "SrcLoc": "src/false.c:74",
    "Type": "STMT!TRAPSTMT"
  },
  "210": {
    "FuncName": "main",
    "IRPosInFunc": [
      26,
      27
    ],
    "SrcLoc": "src/false.c:74",
    "Type": "PADD_DEREF$P1$@2$!PDEREF_LEFTINC$P1$"
  },
  "211": {
    "FuncName": "main",
    "IRPosInFunc": [
      26,
      27
    ],
    "SrcLoc": "src/false.c:74",
    "Type": "PADD_DEREF$P1$@2$!PDEREF_RIGHTDEC$P1$"
  },
  "212": {
    "FuncName": "main",
    "IRPosInFunc": [
      26,
      27
    ],
    "SrcLoc": "src/false.c:74",
    "Type": "PADD_DEREF$P1$@2$!PDEREF_LEFTDEC$P1$"
  },
  "213": {
    "FuncName": "main",
    "IRPosInFunc": [
      26,
      27
    ],
    "SrcLoc": "src/false.c:74",
    "Type": "PADD_DEREF$P1$@2$!PDEREF_RIGHTINC$P1$"
  },
  "214": {
    "FuncName": "main",
    "IRPosInFunc": [
      26,
      27
    ],
    "SrcLoc": "src/false.c:74",
    "Type": "PADD_DEREF$A1$@2$!PDEREF_ADD$A1$@2$"
  },
  "215": {
    "FuncName": "main",
    "IRPosInFunc": [
      26,
      27
    ],
    "SrcLoc": "src/false.c:74",
    "Type": "PADD_DEREF$A1$@2$!PDEREF_SUB$A1$@2$"
  },
  "216": {
    "FuncName": "main",
    "IRPosInFunc": [
      25
    ],
    "SrcLoc": "src/false.c:74",
    "Type": "A!CONSTVAL$0$"
  },
  "217": {
    "FuncName": "main",
    "IRPosInFunc": [
      26
    ],
    "SrcLoc": "src/false.c:74",
    "Type": "A!CONSTVAL$0$"
  },
  "218": {
    "FuncName": "main",
    "IRPosInFunc": [
      28
    ],
    "SrcLoc": "src/false.c:74",
    "Type": "@!ABS$@$"
  },
  "219": {
    "FuncName": "main",
    "IRPosInFunc": [
      29
    ],
    "SrcLoc": "src/false.c:74",
    "Type": "@!ABS$@$"
  },
  "220": {
    "FuncName": "main",
    "IRPosInFunc": [
      26
    ],
    "SrcLoc": "src/false.c:74",
    "Type": "C!CONSTVAL$0$"
  },
  "221": {
    "FuncName": "main",
    "IRPosInFunc": [
      26
    ],
    "SrcLoc": "src/false.c:74",
    "Type": "C!ADD$C$1$"
  },
  "222": {
    "FuncName": "main",
    "IRPosInFunc": [
      29
    ],
    "SrcLoc": "src/false.c:74",
    "Type": "C!ADD$C$-1$"
  },
  "223": {
    "FuncName": "main",
    "IRPosInFunc": [
      29
    ],
    "SrcLoc": "src/false.c:74",
    "Type": "C!ADD$C$1$"
  },
  "224": {
    "FuncName": "main",
    "IRPosInFunc": [
      26
    ],
    "SrcLoc": "src/false.c:74",
    "Type": "PADD$A1$@2$!OPERAND$@2$"
  },
  "225": {
    "FuncName": "main",
    "IRPosInFunc": [
      26
    ],
    "SrcLoc": "src/false.c:74",
    "Type": "PADD$A1$@2$!PSUB$A1$@2$"
  },
  "226": {
    "FuncName": "main",
    "IRPosInFunc": [
      26
    ],
    "SrcLoc": "src/false.c:74",
    "Type": "PADD$P1$@2$!PLEFTINC$P1$"
  },
  "227": {
    "FuncName": "main",
    "IRPosInFunc": [
      26
    ],
    "SrcLoc": "src/false.c:74",
    "Type": "PADD$P1$@2$!PRIGHTDEC$P1$"
  },
  "228": {
    "FuncName": "main",
    "IRPosInFunc": [
      26
    ],
    "SrcLoc": "src/false.c:74",
    "Type": "PADD$P1$@2$!PRIGHTINC$P1$"
  },
  "229": {
    "FuncName": "main",
    "IRPosInFunc": [
      26
    ],
    "SrcLoc": "src/false.c:74",
    "Type": "PADD$P1$@2$!PLEFTDEC$P1$"
  },
  "230": {
    "FuncName": "main",
    "IRPosInFunc": [
      25
    ],
    "SrcLoc": "src/false.c:74",
    "Type": "P!PRIGHTDEC$P$"
  },
  "231": {
    "FuncName": "main",
    "IRPosInFunc": [
      25
    ],
    "SrcLoc": "src/false.c:74",
    "Type": "P!PLEFTINC$P$"
  },
  "233": {
    "FuncName": "main",
    "IRPosInFunc": [
      29
    ],
    "SrcLoc": "src/false.c:74",
    "Type": "EQ$@1$@2$!BITOR$@1$@2$"
  },
  "234": {
    "FuncName": "main",
    "IRPosInFunc": [
      29
    ],
    "SrcLoc": "src/false.c:74",
    "Type": "EQ$@1$@2$!BITNOT$@1$"
  },
  "236": {
    "FuncName": "main",
    "IRPosInFunc": [
      29
    ],
    "SrcLoc": "src/false.c:74",
    "Type": "EQ$@1$@2$!CONSTVAL$1$"
  },
  "237": {
    "FuncName": "main",
    "IRPosInFunc": [
      29
    ],
    "SrcLoc": "src/false.c:74",
    "Type": "EQ$@1$@2$!GT$@2$@1$"
  },
  "238": {
    "FuncName": "main",
    "IRPosInFunc": [
      29
    ],
    "SrcLoc": "src/false.c:74",
    "Type": "EQ$@1$@2$!LE$@1$@2$"
  },
  "239": {
    "FuncName": "main",
    "IRPosInFunc": [
      29
    ],
    "SrcLoc": "src/false.c:74",
    "Type": "EQ$@1$@2$!MOD$@1$@2$"
  },
  "240": {
    "FuncName": "main",
    "IRPosInFunc": [
      29
    ],
    "SrcLoc": "src/false.c:74",
    "Type": "EQ$@1$@2$!GT$@1$@2$"
  },
  "241": {
    "FuncName": "main",
    "IRPosInFunc": [
      29
    ],
    "SrcLoc": "src/false.c:74",
    "Type": "EQ$@1$@2$!ABS$@2$"
  },
  "242": {
    "FuncName": "main",
    "IRPosInFunc": [
      29
    ],
    "SrcLoc": "src/false.c:74",
    "Type": "EQ$@1$@2$!LE$@2$@1$"
  },
  "243": {
    "FuncName": "main",
    "IRPosInFunc": [
      29
    ],
    "SrcLoc": "src/false.c:74",
    "Type": "EQ$@1$@2$!DIV$@1$@2$"
  },
  "244": {
    "FuncName": "main",
    "IRPosInFunc": [
      29
    ],
    "SrcLoc": "src/false.c:74",
    "Type": "EQ$@1$@2$!GE$@2$@1$"
  },
  "245": {
    "FuncName": "main",
    "IRPosInFunc": [
      29
    ],
    "SrcLoc": "src/false.c:74",
    "Type": "EQ$@1$@2$!NEG$@1$"
  },
  "246": {
    "FuncName": "main",
    "IRPosInFunc": [
      29
    ],
    "SrcLoc": "src/false.c:74",
    "Type": "EQ$@1$@2$!ABS$@1$"
  },
  "247": {
    "FuncName": "main",
    "IRPosInFunc": [
      29
    ],
    "SrcLoc": "src/false.c:74",
    "Type": "EQ$@1$@2$!LT$@1$@2$"
  },
  "248": {
    "FuncName": "main",
    "IRPosInFunc": [
      29
    ],
    "SrcLoc": "src/false.c:74",
    "Type": "EQ$@1$@2$!LT$@2$@1$"
  },
  "249": {
    "FuncName": "main",
    "IRPosInFunc": [
      29
    ],
    "SrcLoc": "src/false.c:74",
    "Type": "EQ$@1$@2$!GE$@1$@2$"
  },
  "25": {
    "FuncName": "usage",
    "IRPosInFunc": [
      3,
      4,
      5
    ],
    "SrcLoc": "src/false.c:40",
    "Type": "STMT!DELSTMT"
  },
  "250": {
    "FuncName": "main",
    "IRPosInFunc": [
      29
    ],
    "SrcLoc": "src/false.c:74",
    "Type": "EQ$@1$@2$!LE$@1$@2$"
  },
  "251": {
    "FuncName": "main",
    "IRPosInFunc": [
      29
    ],
    "SrcLoc": "src/false.c:74",
    "Type": "EQ$@1$@2$!GT$@1$@2$"
  },
  "253": {
    "FuncName": "main",
    "IRPosInFunc": [
      29
    ],
    "SrcLoc": "src/false.c:74",
    "Type": "EQ$@1$@2$!DIV$@1$@2$"
  },
  "254": {
    "FuncName": "main",
    "IRPosInFunc": [
      29
    ],
    "SrcLoc": "src/false.c:74",
    "Type": "EQ$@1$@2$!GE$@2$@1$"
  },
  "255": {
    "FuncName": "main",
    "IRPosInFunc": [
      29
    ],
    "SrcLoc": "src/false.c:74",
    "Type": "EQ$@1$@2$!LT$@2$@1$"
  },
  "256": {
    "FuncName": "main",
    "IRPosInFunc": [
      28
    ],
    "SrcLoc": "src/false.c:74",
    "Type": "CALL!SHUFFLEARGS$2$"
  },
  "257": {
    "FuncName": "main",
    "IRPosInFunc": [
      31,
      32,
      33
    ],
    "SrcLoc": "src/false.c:75",
    "Type": "STMT!TRAPSTMT"
  },
  "258": {
    "FuncName": "main",
    "IRPosInFunc": [
      31,
      32,
      33
    ],
    "SrcLoc": "src/false.c:75",
    "Type": "STMT!DELSTMT"
  },
  "259": {
    "FuncName": "main",
    "IRPosInFunc": [
      33
    ],
    "SrcLoc": "src/false.c:75",
    "Type": "CALL!SHUFFLEARGS$2$"
  },
  "260": {
    "FuncName": "main",
    "IRPosInFunc": [
      33
    ],
    "SrcLoc": "src/false.c:75",
    "Type": "CALL!SHUFFLEARGS$2$"
  },
  "261": {
    "FuncName": "main",
    "IRPosInFunc": [
      33
    ],
    "SrcLoc": "src/false.c:75",
    "Type": "CALL!SHUFFLEARGS$2$"
  },
  "262": {
    "FuncName": "main",
    "IRPosInFunc": [
      33
    ],
    "SrcLoc": "src/false.c:75",
    "Type": "CALL!SHUFFLEARGS$2$"
  },
  "263": {
    "FuncName": "main",
    "IRPosInFunc": [
      33
    ],
    "SrcLoc": "src/false.c:75",
    "Type": "CALL!SHUFFLEARGS$2$"
  },
  "264": {
    "FuncName": "main",
    "IRPosInFunc": [
      33
    ],
    "SrcLoc": "src/false.c:75",
    "Type": "CALL!SHUFFLEARGS$2$"
  },
  "265": {
    "FuncName": "main",
    "IRPosInFunc": [
      33
    ],
    "SrcLoc": "src/false.c:75",
    "Type": "CALL!SHUFFLEARGS$2$"
  },
  "266": {
    "FuncName": "main",
    "IRPosInFunc": [
      33
    ],
    "SrcLoc": "src/false.c:75",
    "Type": "CALL!SHUFFLEARGS$2$"
  },
  "267": {
    "FuncName": "main",
    "IRPosInFunc": [
      33
    ],
    "SrcLoc": "src/false.c:75",
    "Type": "CALL!SHUFFLEARGS$2$"
  },
  "268": {
    "FuncName": "main",
    "IRPosInFunc": [
      33
    ],
    "SrcLoc": "src/false.c:75",
    "Type": "CALL!SHUFFLEARGS$2$"
  },
  "269": {
    "FuncName": "main",
    "IRPosInFunc": [
      34
    ],
    "SrcLoc": "src/false.c:75",
    "Type": "STMT!TRAPSTMT"
  },
  "27": {
    "FuncName": "usage",
    "IRPosInFunc": [
      5
    ],
    "SrcLoc": "src/false.c:40",
    "Type": "CALL!SHUFFLEARGS$2$"
  },
  "270": {
    "FuncName": "main",
    "IRPosInFunc": [
      35
    ],
    "SrcLoc": "src/false.c:77",
    "Type": "STMT!TRAPSTMT"
  },
  "271": {
    "FuncName": "main",
    "IRPosInFunc": [
      36
    ],
    "SrcLoc": "src/false.c:79",
    "Type": "STMT!TRAPSTMT"
  },
  "272": {
    "FuncName": "main",
    "IRPosInFunc": [
      36
    ],
    "SrcLoc": "src/false.c:79",
    "Type": "STMT!DELSTMT"
  },
  "28": {
    "FuncName": "usage",
    "IRPosInFunc": [
      5
    ],
    "SrcLoc": "src/false.c:40",
    "Type": "CALL!SHUFFLEARGS$2$"
  },
  "29": {
    "FuncName": "usage",
    "IRPosInFunc": [
      6
    ],
    "SrcLoc": "src/false.c:45",
    "Type": "STMT!TRAPSTMT"
  },
  "30": {
    "FuncName": "usage",
    "IRPosInFunc": [
      6
    ],
    "SrcLoc": "src/false.c:45",
    "Type": "STMT!DELSTMT"
  },
  "31": {
    "FuncName": "usage",
    "IRPosInFunc": [
      6
    ],
    "SrcLoc": "src/false.c:45",
    "Type": "@!ABS$@$"
  },
  "32": {
    "FuncName": "usage",
    "IRPosInFunc": [
      6
    ],
    "SrcLoc": "src/false.c:45",
    "Type": "CALL!SHUFFLEARGS$2$"
  },
  "33": {
    "FuncName": "usage",
    "IRPosInFunc": [
      7,
      8
    ],
    "SrcLoc": "src/false.c:49",
    "Type": "STMT!TRAPSTMT"
  },
  "34": {
    "FuncName": "usage",
    "IRPosInFunc": [
      7,
      8
    ],
    "SrcLoc": "src/false.c:49",
    "Type": "STMT!DELSTMT"
  },
  "36": {
    "FuncName": "usage",
    "IRPosInFunc": [
      9,
      10
    ],
    "SrcLoc": "src/false.c:50",
    "Type": "STMT!TRAPSTMT"
  },
  "37": {
    "FuncName": "usage",
    "IRPosInFunc": [
      9,
      10
    ],
    "SrcLoc": "src/false.c:50",
    "Type": "STMT!DELSTMT"
  },
  "39": {
    "FuncName": "usage",
    "IRPosInFunc": [
      11
    ],
    "SrcLoc": "src/false.c:51",
    "Type": "STMT!TRAPSTMT"
  },
  "40": {
    "FuncName": "usage",
    "IRPosInFunc": [
      11
    ],
    "SrcLoc": "src/false.c:51",
    "Type": "STMT!DELSTMT"
  },
  "42": {
    "FuncName": "usage",
    "IRPosInFunc": [
      11
    ],
    "SrcLoc": "src/false.c:51",
    "Type": "CALL!SHUFFLEARGS$2$"
  },
  "43": {
    "FuncName": "usage",
    "IRPosInFunc": [
      12
    ],
    "SrcLoc": "src/false.c:52",
    "Type": "STMT!TRAPSTMT"
  },
  "44": {
    "FuncName": "usage",
    "IRPosInFunc": [
      12
    ],
    "SrcLoc": "src/false.c:52",
    "Type": "STMT!DELSTMT"
  },
  "45": {
    "FuncName": "usage",
    "IRPosInFunc": [
      13,
      14
    ],
    "SrcLoc": "src/false.c:53",
    "Type": "STMT!TRAPSTMT"
  },
  "46": {
    "FuncName": "usage",
    "IRPosInFunc": [
      13,
      14
    ],
    "SrcLoc": "src/false.c:53",
    "Type": "STMT!DELSTMT"
  },
  "47": {
    "FuncName": "usage",
    "IRPosInFunc": [
      13
    ],
    "SrcLoc": "src/false.c:53",
    "Type": "@!ABS$@$"
  },
  "48": {
    "FuncName": "main",
    "IRPosInFunc": [
      3
    ],
    "SrcLoc": "",
    "Type": "STMT!TRAPSTMT"
  },
  "49": {
    "FuncName": "main",
    "IRPosInFunc": [
      3
    ],
    "SrcLoc": "",
    "Type": "STMT!DELSTMT"
  },
  "5": {
    "FuncName": "usage",
    "IRPosInFunc": [
      1
    ],
    "SrcLoc": "",
    "Type": "ASSIGN$V1$@2$!ABS$V1$"
  },
  "50": {
    "FuncName": "main",
    "IRPosInFunc": [
      3
    ],
    "SrcLoc": "",
    "Type": "ASSIGN$V1$@2$!BITOR$V1$@2$"
  },
  "67": {
    "FuncName": "main",
    "IRPosInFunc": [
      3
    ],
    "SrcLoc": "",
    "Type": "C!ADD$C$-1$"
  },
  "68": {
    "FuncName": "main",
    "IRPosInFunc": [
      3
    ],
    "SrcLoc": "",
    "Type": "C!ADD$C$1$"
  },
  "69": {
    "FuncName": "main",
    "IRPosInFunc": [
      4
    ],
    "SrcLoc": "",
    "Type": "STMT!TRAPSTMT"
  },
  "73": {
    "FuncName": "main",
    "IRPosInFunc": [
      4
    ],
    "SrcLoc": "",
    "Type": "ASSIGN$V1$@2$!ABS$V1$"
  },
  "93": {
    "FuncName": "main",
    "IRPosInFunc": [
      6
    ],
    "SrcLoc": "",
    "Type": "STMT!DELSTMT"
  },
  "95": {
    "FuncName": "main",
    "IRPosInFunc": [
      8
    ],
    "SrcLoc": "src/false.c:61",
    "Type": "@!ABS$@$"
  },
  "96": {
    "FuncName": "main",
    "IRPosInFunc": [
      9
    ],
    "SrcLoc": "src/false.c:61",
    "Type": "@!ABS$@$"
  },
  "97": {
    "FuncName": "main",
    "IRPosInFunc": [
      9
    ],
    "SrcLoc": "src/false.c:61",
    "Type": "C!CONSTVAL$0$"
  },
  "98": {
    "FuncName": "main",
    "IRPosInFunc": [
      9
    ],
    "SrcLoc": "src/false.c:61",
    "Type": "C!ADD$C$-1$"
  },
  "99": {
    "FuncName": "main",
    "IRPosInFunc": [
      9
    ],
    "SrcLoc": "src/false.c:61",
    "Type": "C!ADD$C$1$"
  }
}