{
  "1": {
    "FuncName": "usage",
    "IRPosInFunc": [
      1
    ],
    "SrcLoc": "",
    "Type": "STMT!TRAPSTMT"
  },
  "117": {
    "FuncName": "main",
    "IRPosInFunc": [
      10
    ],
    "SrcLoc": "",
    "Type": "STMT!DELSTMT"
  },
  "120": {
    "FuncName": "main",
    "IRPosInFunc": [
      15
    ],
    "SrcLoc": "src/whoami.c:62",
    "Type": "ASSIGN$V1$@2$!BITOR$V1$@2$"
  },
  "136": {
    "FuncName": "main",
    "IRPosInFunc": [
      15
    ],
    "SrcLoc": "src/whoami.c:62",
    "Type": "@!ABS$@$"
  },
  "137": {
    "FuncName": "main",
    "IRPosInFunc": [
      15
    ],
    "SrcLoc": "src/whoami.c:62",
    "Type": "C!CONSTVAL$0$"
  },
  "138": {
    "FuncName": "main",
    "IRPosInFunc": [
      15
    ],
    "SrcLoc": "src/whoami.c:62",
    "Type": "C!ADD$C$-1$"
  },
  "139": {
    "FuncName": "main",
    "IRPosInFunc": [
      16,
      17,
      18,
      19
    ],
    "SrcLoc": "src/whoami.c:65",
    "Type": "STMT!TRAPSTMT"
  },
  "140": {
    "FuncName": "main",
    "IRPosInFunc": [
      16,
      17,
      18,
      19
    ],
    "SrcLoc": "src/whoami.c:65",
    "Type": "STMT!DELSTMT"
  },
  "142": {
    "FuncName": "main",
    "IRPosInFunc": [
      17
    ],
    "SrcLoc": "src/whoami.c:65",
    "Type": "A!CONSTVAL$0$"
  },
  "143": {
    "FuncName": "main",
    "IRPosInFunc": [
      17
    ],
    "SrcLoc": "src/whoami.c:65",
    "Type": "C!ADD$C$-1$"
  },
  "144": {
    "FuncName": "main",
    "IRPosInFunc": [
      17
    ],
    "SrcLoc": "src/whoami.c:65",
    "Type": "C!ADD$C$1$"
  },
  "145": {
    "FuncName": "main",
    "IRPosInFunc": [
      16
    ],
    "SrcLoc": "src/whoami.c:65",
    "Type": "P!PRIGHTDEC$P$"
  },
  "146": {
    "FuncName": "main",
    "IRPosInFunc": [
      16
    ],
    "SrcLoc": "src/whoami.c:65",
    "Type": "P!PLEFTINC$P$"
  },
  "147": {
    "FuncName": "main",
    "IRPosInFunc": [
      16
    ],
    "SrcLoc": "src/whoami.c:65",
    "Type": "P!PRIGHTINC$P$"
  },
  "148": {
    "FuncName": "main",
    "IRPosInFunc": [
      16
    ],
    "SrcLoc": "src/whoami.c:65",
    "Type": "P!PLEFTDEC$P$"
  },
  "149": {
    "FuncName": "main",
    "IRPosInFunc": [
      20
    ],
    "SrcLoc": "src/whoami.c:66",
    "Type": "STMT!TRAPSTMT"
  },
  "150": {
    "FuncName": "main",
    "IRPosInFunc": [
      20
    ],
    "SrcLoc": "src/whoami.c:66",
    "Type": "STMT!DELSTMT"
  },
  "151": {
    "FuncName": "main",
    "IRPosInFunc": [
      21
    ],
    "SrcLoc": "src/whoami.c:70",
    "Type": "STMT!TRAPSTMT"
  },
  "152": {
    "FuncName": "main",
    "IRPosInFunc": [
      21
    ],
    "SrcLoc": "src/whoami.c:70",
    "Type": "STMT!DELSTMT"
  },
  "153": {
    "FuncName": "main",
    "IRPosInFunc": [
      21
    ],
    "SrcLoc": "src/whoami.c:70",
    "Type": "@!ABS$@$"
  },
  "154": {
    "FuncName": "main",
    "IRPosInFunc": [
      22,
      23,
      24,
      25
    ],
    "SrcLoc": "src/whoami.c:72",
    "Type": "STMT!TRAPSTMT"
  },
  "155": {
    "FuncName": "main",
    "IRPosInFunc": [
      22,
      23,
      24,
      25
    ],
    "SrcLoc": "src/whoami.c:72",
    "Type": "STMT!DELSTMT"
  },
  "156": {
    "FuncName": "main",
    "IRPosInFunc": [
      23
    ],
    "SrcLoc": "src/whoami.c:72",
    "Type": "A!CONSTVAL$0$"
  },
  "157": {
    "FuncName": "main",
    "IRPosInFunc": [
      22
    ],
    "SrcLoc": "src/whoami.c:72",
    "Type": "@!ABS$@$"
  },
  "158": {
    "FuncName": "main",
    "IRPosInFunc": [
      23
    ],
    "SrcLoc": "src/whoami.c:72",
    "Type": "P!PRIGHTDEC$P$"
  },
  "159": {
    "FuncName": "main",
    "IRPosInFunc": [
      23
    ],
    "SrcLoc": "src/whoami.c:72",
    "Type": "P!PLEFTINC$P$"
  },
  "160": {
    "FuncName": "main",
    "IRPosInFunc": [
      23
    ],
    "SrcLoc": "src/whoami.c:72",
    "Type": "P!PRIGHTINC$P$"
  },
  "161": {
    "FuncName": "main",
    "IRPosInFunc": [
      23
    ],
    "SrcLoc": "src/whoami.c:72",
    "Type": "P!PLEFTDEC$P$"
  },
  "162": {
    "FuncName": "main",
    "IRPosInFunc": [
      25
    ],
    "SrcLoc": "src/whoami.c:72",
    "Type": "CALL!SHUFFLEARGS$2$"
  },
  "163": {
    "FuncName": "main",
    "IRPosInFunc": [
      25
    ],
    "SrcLoc": "src/whoami.c:72",
    "Type": "CALL!SHUFFLEARGS$2$"
  },
  "164": {
    "FuncName": "main",
    "IRPosInFunc": [
      25
    ],
    "SrcLoc": "src/whoami.c:72",
    "Type": "CALL!SHUFFLEARGS$2$"
  },
  "165": {
    "FuncName": "main",
    "IRPosInFunc": [
      25
    ],
    "SrcLoc": "src/whoami.c:72",
    "Type": "CALL!SHUFFLEARGS$2$"
  },
  "166": {
    "FuncName": "main",
    "IRPosInFunc": [
      25
    ],
    "SrcLoc": "src/whoami.c:72",
    "Type": "CALL!SHUFFLEARGS$2$"
  },
  "167": {
    "FuncName": "main",
    "IRPosInFunc": [
      25
    ],
    "SrcLoc": "src/whoami.c:72",
    "Type": "CALL!SHUFFLEARGS$2$"
  },
  "168": {
    "FuncName": "main",
    "IRPosInFunc": [
      25
    ],
    "SrcLoc": "src/whoami.c:72",
    "Type": "CALL!SHUFFLEARGS$2$"
  },
  "169": {
    "FuncName": "main",
    "IRPosInFunc": [
      25
    ],
    "SrcLoc": "src/whoami.c:72",
    "Type": "CALL!SHUFFLEARGS$2$"
  },
  "170": {
    "FuncName": "main",
    "IRPosInFunc": [
      25
    ],
    "SrcLoc": "src/whoami.c:72",
    "Type": "CALL!SHUFFLEARGS$2$"
  },
  "171": {
    "FuncName": "main",
    "IRPosInFunc": [
      25
    ],
    "SrcLoc": "src/whoami.c:72",
    "Type": "CALL!SHUFFLEARGS$2$"
  },
  "172": {
    "FuncName": "main",
    "IRPosInFunc": [
      26,
      27,
      28,
      29,
      30
    ],
    "SrcLoc": "src/whoami.c:74",
    "Type": "STMT!TRAPSTMT"
  },
  "173": {
    "FuncName": "main",
    "IRPosInFunc": [
      29
    ],
    "SrcLoc": "src/whoami.c:74",
    "Type": "NEQ$@1$@2$!ABS$@1$"
  },
  "174": {
    "FuncName": "main",
    "IRPosInFunc": [
      29
    ],
    "SrcLoc": "src/whoami.c:74",
    "Type": "NEQ$@1$@2$!BITNOT$@2$"
  },
  "175": {
    "FuncName": "main",
    "IRPosInFunc": [
      29
    ],
    "SrcLoc": "src/whoami.c:74",
    "Type": "NEQ$@1$@2$!BITXOR$@1$@2$"
  },
  "176": {
    "FuncName": "main",
    "IRPosInFunc": [
      29
    ],
    "SrcLoc": "src/whoami.c:74",
    "Type": "NEQ$@1$@2$!LE$@2$@1$"
  },
  "177": {
    "FuncName": "main",
    "IRPosInFunc": [
      29
    ],
    "SrcLoc": "src/whoami.c:74",
    "Type": "NEQ$@1$@2$!BITAND$@1$@2$"
  },
  "178": {
    "FuncName": "main",
    "IRPosInFunc": [
      29
    ],
    "SrcLoc": "src/whoami.c:74",
    "Type": "NEQ$@1$@2$!ADD$@1$@2$"
  },
  "179": {
    "FuncName": "main",
    "IRPosInFunc": [
      29
    ],
    "SrcLoc": "src/whoami.c:74",
    "Type": "NEQ$@1$@2$!DIV$@2$@1$"
  },
  "180": {
    "FuncName": "main",
    "IRPosInFunc": [
      29
    ],
    "SrcLoc": "src/whoami.c:74",
    "Type": "NEQ$@1$@2$!BITSHL$@1$@2$"
  },
  "181": {
    "FuncName": "main",
    "IRPosInFunc": [
      29
    ],
    "SrcLoc": "src/whoami.c:74",
    "Type": "NEQ$@1$@2$!OPERAND$@2$"
  },
  "182": {
    "FuncName": "main",
    "IRPosInFunc": [
      29
    ],
    "SrcLoc": "src/whoami.c:74",
    "Type": "NEQ$@1$@2$!MOD$@2$@1$"
  },
  "183": {
    "FuncName": "main",
    "IRPosInFunc": [
      29
    ],
    "SrcLoc": "src/whoami.c:74",
    "Type": "NEQ$@1$@2$!DIV$@1$@2$"
  },
  "184": {
    "FuncName": "main",
    "IRPosInFunc": [
      29
    ],
    "SrcLoc": "src/whoami.c:74",
    "Type": "NEQ$@1$@2$!SUB$@2$@1$"
  },
  "185": {
    "FuncName": "main",
    "IRPosInFunc": [
      29
    ],
    "SrcLoc": "src/whoami.c:74",
    "Type": "NEQ$@1$@2$!NEG$@1$"
  },
  "186": {
    "FuncName": "main",
    "IRPosInFunc": [
      29
    ],
    "SrcLoc": "src/whoami.c:74",
    "Type": "NEQ$@1$@2$!EQ$@1$@2$"
  },
  "188": {
    "FuncName": "main",
    "IRPosInFunc": [
      29
    ],
    "SrcLoc": "src/whoami.c:74",
    "Type": "NEQ$@1$@2$!GT$@2$@1$"
  },
  "189": {
    "FuncName": "main",
    "IRPosInFunc": [
      29
    ],
    "SrcLoc": "src/whoami.c:74",
    "Type": "NEQ$@1$@2$!GE$@1$@2$"
  },
  "191": {
    "FuncName": "main",
    "IRPosInFunc": [
      29
    ],
    "SrcLoc": "src/whoami.c:74",
    "Type": "NEQ$@1$@2$!GT$@1$@2$"
  },
  "192": {
    "FuncName": "main",
    "IRPosInFunc": [
      29
    ],
    "SrcLoc": "src/whoami.c:74",
    "Type": "NEQ$@1$@2$!SUB$@1$@2$"
  },
  "193": {
    "FuncName": "main",
    "IRPosInFunc": [
      29
    ],
    "SrcLoc": "src/whoami.c:74",
    "Type": "NEQ$@1$@2$!LT$@2$@1$"
  },
  "194": {
    "FuncName": "main",
    "IRPosInFunc": [
      29
    ],
    "SrcLoc": "src/whoami.c:74",
    "Type": "NEQ$@1$@2$!LT$@1$@2$"
  },
  "195": {
    "FuncName": "main",
    "IRPosInFunc": [
      29
    ],
    "SrcLoc": "src/whoami.c:74",
    "Type": "NEQ$@1$@2$!LE$@1$@2$"
  },
  "196": {
    "FuncName": "main",
    "IRPosInFunc": [
      29
    ],
    "SrcLoc": "src/whoami.c:74",
    "Type": "NEQ$@1$@2$!MUL$@1$@2$"
  },
  "197": {
    "FuncName": "main",
    "IRPosInFunc": [
      29
    ],
    "SrcLoc": "src/whoami.c:74",
    "Type": "NEQ$@1$@2$!GE$@2$@1$"
  },
  "198": {
    "FuncName": "main",
    "IRPosInFunc": [
      29
    ],
    "SrcLoc": "src/whoami.c:74",
    "Type": "NEQ$@1$@2$!LE$@2$@1$"
  },
  "199": {
    "FuncName": "main",
    "IRPosInFunc": [
      29
    ],
    "SrcLoc": "src/whoami.c:74",
    "Type": "NEQ$@1$@2$!DIV$@2$@1$"
  },
  "2": {
    "FuncName": "usage",
    "IRPosInFunc": [
      1
    ],
    "SrcLoc": "",
    "Type": "STMT!DELSTMT"
  },
  "200": {
    "FuncName": "main",
    "IRPosInFunc": [
      29
    ],
    "SrcLoc": "src/whoami.c:74",
    "Type": "NEQ$@1$@2$!MOD$@2$@1$"
  },
  "201": {
    "FuncName": "main",
    "IRPosInFunc": [
      29
    ],
    "SrcLoc": "src/whoami.c:74",
    "Type": "NEQ$@1$@2$!DIV$@1$@2$"
  },
  "202": {
    "FuncName": "main",
    "IRPosInFunc": [
      29
    ],
    "SrcLoc": "src/whoami.c:74",
    "Type": "NEQ$@1$@2$!MOD$@1$@2$"
  },
  "203": {
    "FuncName": "main",
    "IRPosInFunc": [
      29
    ],
    "SrcLoc": "src/whoami.c:74",
    "Type": "NEQ$@1$@2$!GT$@2$@1$"
  },
  "204": {
    "FuncName": "main",
    "IRPosInFunc": [
      29
    ],
    "SrcLoc": "src/whoami.c:74",
    "Type": "NEQ$@1$@2$!GE$@1$@2$"
  },
  "205": {
    "FuncName": "main",
    "IRPosInFunc": [
      29
    ],
    "SrcLoc": "src/whoami.c:74",
    "Type": "NEQ$@1$@2$!LT$@1$@2$"
  },
  "207": {
    "FuncName": "main",
    "IRPosInFunc": [
      27
    ],
    "SrcLoc": "src/whoami.c:74",
    "Type": "A!CONSTVAL$0$"
  },
  "208": {
    "FuncName": "main",
    "IRPosInFunc": [
      29
    ],
    "SrcLoc": "src/whoami.c:74",
    "Type": "@!ABS$@$"
  },
  "209": {
    "FuncName": "main",
    "IRPosInFunc": [
      26
    ],
    "SrcLoc": "src/whoami.c:74",
    "Type": "@!ABS$@$"
  },
  "210": {
    "FuncName": "main",
    "IRPosInFunc": [
      28
    ],
    "SrcLoc": "src/whoami.c:74",
    "Type": "@!ABS$@$"
  },
  "211": {
    "FuncName": "main",
    "IRPosInFunc": [
      29
    ],
    "SrcLoc": "src/whoami.c:74",
    "Type": "@!ABS$@$"
  },
  "212": {
    "FuncName": "main",
    "IRPosInFunc": [
      29
    ],
    "SrcLoc": "src/whoami.c:74",
    "Type": "C!ADD$C$-1$"
  },
  "213": {
    "FuncName": "main",
    "IRPosInFunc": [
      27
    ],
    "SrcLoc": "src/whoami.c:74",
    "Type": "P!PRIGHTDEC$P$"
  },
  "214": {
    "FuncName": "main",
    "IRPosInFunc": [
      27
    ],
    "SrcLoc": "src/whoami.c:74",
    "Type": "P!PLEFTINC$P$"
  },
  "215": {
    "FuncName": "main",
    "IRPosInFunc": [
      27
    ],
    "SrcLoc": "src/whoami.c:74",
    "Type": "P!PRIGHTINC$P$"
  },
  "216": {
    "FuncName": "main",
    "IRPosInFunc": [
      27
    ],
    "SrcLoc": "src/whoami.c:74",
    "Type": "P!PLEFTDEC$P$"
  },
  "217": {
    "FuncName": "main",
    "IRPosInFunc": [
      31
    ],
    "SrcLoc": "src/whoami.c:75",
    "Type": "STMT!TRAPSTMT"
  },
  "218": {
    "FuncName": "main",
    "IRPosInFunc": [
      31
    ],
    "SrcLoc": "src/whoami.c:75",
    "Type": "STMT!DELSTMT"
  },
  "219": {
    "FuncName": "main",
    "IRPosInFunc": [
      33,
      34,
      35,
      36
    ],
    "SrcLoc": "src/whoami.c:77",
    "Type": "STMT!TRAPSTMT"
  },
  "220": {
    "FuncName": "main",
    "IRPosInFunc": [
      35
    ],
    "SrcLoc": "src/whoami.c:77",
    "Type": "NEQ$V1$@2$!ASSIGN$V1$@2$"
  },
  "221": {
    "FuncName": "main",
    "IRPosInFunc": [
      35
    ],
    "SrcLoc": "src/whoami.c:77",
    "Type": "NEQ$@1$@2$!ABS$@1$"
  },
  "222": {
    "FuncName": "main",
    "IRPosInFunc": [
      35
    ],
    "SrcLoc": "src/whoami.c:77",
    "Type": "NEQ$@1$@2$!BITNOT$@2$"
  },
  "223": {
    "FuncName": "main",
    "IRPosInFunc": [
      35
    ],
    "SrcLoc": "src/whoami.c:77",
    "Type": "NEQ$@1$@2$!CONSTVAL$0$"
  },
  "224": {
    "FuncName": "main",
    "IRPosInFunc": [
      35
    ],
    "SrcLoc": "src/whoami.c:77",
    "Type": "NEQ$@1$@2$!BITXOR$@1$@2$"
  },
  "225": {
    "FuncName": "main",
    "IRPosInFunc": [
      35
    ],
    "SrcLoc": "src/whoami.c:77",
    "Type": "NEQ$@1$@2$!LE$@2$@1$"
  },
  "226": {
    "FuncName": "main",
    "IRPosInFunc": [
      35
    ],
    "SrcLoc": "src/whoami.c:77",
    "Type": "NEQ$@1$@2$!BITAND$@1$@2$"
  },
  "227": {
    "FuncName": "main",
    "IRPosInFunc": [
      35
    ],
    "SrcLoc": "src/whoami.c:77",
    "Type": "NEQ$@1$@2$!ADD$@1$@2$"
  },
  "228": {
    "FuncName": "main",
    "IRPosInFunc": [
      35
    ],
    "SrcLoc": "src/whoami.c:77",
    "Type": "NEQ$@1$@2$!BITNOT$@1$"
  },
  "229": {
    "FuncName": "main",
    "IRPosInFunc": [
      35
    ],
    "SrcLoc": "src/whoami.c:77",
    "Type": "NEQ$@1$@2$!DIV$@2$@1$"
  },
  "230": {
    "FuncName": "main",
    "IRPosInFunc": [
      35
    ],
    "SrcLoc": "src/whoami.c:77",
    "Type": "NEQ$@1$@2$!BITSHL$@1$@2$"
  },
  "231": {
    "FuncName": "main",
    "IRPosInFunc": [
      35
    ],
    "SrcLoc": "src/whoami.c:77",
    "Type": "NEQ$@1$@2$!OPERAND$@2$"
  },
  "232": {
    "FuncName": "main",
    "IRPosInFunc": [
      35
    ],
    "SrcLoc": "src/whoami.c:77",
    "Type": "NEQ$@1$@2$!MOD$@2$@1$"
  },
  "233": {
    "FuncName": "main",
    "IRPosInFunc": [
      35
    ],
    "SrcLoc": "src/whoami.c:77",
    "Type": "NEQ$@1$@2$!DIV$@1$@2$"
  },
  "234": {
    "FuncName": "main",
    "IRPosInFunc": [
      35
    ],
    "SrcLoc": "src/whoami.c:77",
    "Type": "NEQ$@1$@2$!SUB$@2$@1$"
  },
  "235": {
    "FuncName": "main",
    "IRPosInFunc": [
      35
    ],
    "SrcLoc": "src/whoami.c:77",
    "Type": "NEQ$@1$@2$!NEG$@1$"
  },
  "236": {
    "FuncName": "main",
    "IRPosInFunc": [
      35
    ],
    "SrcLoc": "src/whoami.c:77",
    "Type": "NEQ$@1$@2$!OPERAND$@1$"
  },
  "237": {
    "FuncName": "main",
    "IRPosInFunc": [
      35
    ],
    "SrcLoc": "src/whoami.c:77",
    "Type": "NEQ$@1$@2$!ABS$@2$"
  },
  "238": {
    "FuncName": "main",
    "IRPosInFunc": [
      35
    ],
    "SrcLoc": "src/whoami.c:77",
    "Type": "NEQ$@1$@2$!EQ$@1$@2$"
  },
  "239": {
    "FuncName": "main",
    "IRPosInFunc": [
      35
    ],
    "SrcLoc": "src/whoami.c:77",
    "Type": "NEQ$@1$@2$!MOD$@1$@2$"
  },
  "24": {
    "FuncName": "usage",
    "IRPosInFunc": [
      4
    ],
    "SrcLoc": "src/whoami.c:40",
    "Type": "NEQ$V1$@2$!ASSIGN$V1$@2$"
  },
  "240": {
    "FuncName": "main",
    "IRPosInFunc": [
      35
    ],
    "SrcLoc": "src/whoami.c:77",
    "Type": "NEQ$@1$@2$!CONSTVAL$1$"
  },
  "241": {
    "FuncName": "main",
    "IRPosInFunc": [
      35
    ],
    "SrcLoc": "src/whoami.c:77",
    "Type": "NEQ$@1$@2$!GT$@2$@1$"
  },
  "242": {
    "FuncName": "main",
    "IRPosInFunc": [
      35
    ],
    "SrcLoc": "src/whoami.c:77",
    "Type": "NEQ$@1$@2$!GE$@1$@2$"
  },
  "243": {
    "FuncName": "main",
    "IRPosInFunc": [
      35
    ],
    "SrcLoc": "src/whoami.c:77",
    "Type": "NEQ$@1$@2$!BITOR$@1$@2$"
  },
  "244": {
    "FuncName": "main",
    "IRPosInFunc": [
      35
    ],
    "SrcLoc": "src/whoami.c:77",
    "Type": "NEQ$@1$@2$!BITSHL$@2$@1$"
  },
  "245": {
    "FuncName": "main",
    "IRPosInFunc": [
      35
    ],
    "SrcLoc": "src/whoami.c:77",
    "Type": "NEQ$@1$@2$!BITSHR$@1$@2$"
  },
  "246": {
    "FuncName": "main",
    "IRPosInFunc": [
      35
    ],
    "SrcLoc": "src/whoami.c:77",
    "Type": "NEQ$@1$@2$!GT$@1$@2$"
  },
  "247": {
    "FuncName": "main",
    "IRPosInFunc": [
      35
    ],
    "SrcLoc": "src/whoami.c:77",
    "Type": "NEQ$@1$@2$!SUB$@1$@2$"
  },
  "248": {
    "FuncName": "main",
    "IRPosInFunc": [
      35
    ],
    "SrcLoc": "src/whoami.c:77",
    "Type": "NEQ$@1$@2$!LT$@2$@1$"
  },
  "249": {
    "FuncName": "main",
    "IRPosInFunc": [
      35
    ],
    "SrcLoc": "src/whoami.c:77",
    "Type": "NEQ$@1$@2$!LT$@1$@2$"
  },
  "25": {
    "FuncName": "usage",
    "IRPosInFunc": [
      4
    ],
    "SrcLoc": "src/whoami.c:40",
    "Type": "NEQ$@1$@2$!ABS$@1$"
  },
  "250": {
    "FuncName": "main",
    "IRPosInFunc": [
      35
    ],
    "SrcLoc": "src/whoami.c:77",
    "Type": "NEQ$@1$@2$!LE$@1$@2$"
  },
  "251": {
    "FuncName": "main",
    "IRPosInFunc": [
      35
    ],
    "SrcLoc": "src/whoami.c:77",
    "Type": "NEQ$@1$@2$!MUL$@1$@2$"
  },
  "252": {
    "FuncName": "main",
    "IRPosInFunc": [
      35
    ],
    "SrcLoc": "src/whoami.c:77",
    "Type": "NEQ$@1$@2$!GE$@2$@1$"
  },
  "253": {
    "FuncName": "main",
    "IRPosInFunc": [
      35
    ],
    "SrcLoc": "src/whoami.c:77",
    "Type": "NEQ$@1$@2$!NEG$@2$"
  },
  "254": {
    "FuncName": "main",
    "IRPosInFunc": [
      35
    ],
    "SrcLoc": "src/whoami.c:77",
    "Type": "NEQ$@1$@2$!BITSHR$@2$@1$"
  },
  "255": {
    "FuncName": "main",
    "IRPosInFunc": [
      35
    ],
    "SrcLoc": "src/whoami.c:77",
    "Type": "NEQ$@1$@2$!LE$@2$@1$"
  },
  "256": {
    "FuncName": "main",
    "IRPosInFunc": [
      35
    ],
    "SrcLoc": "src/whoami.c:77",
    "Type": "NEQ$@1$@2$!DIV$@2$@1$"
  },
  "257": {
    "FuncName": "main",
    "IRPosInFunc": [
      35
    ],
    "SrcLoc": "src/whoami.c:77",
    "Type": "NEQ$@1$@2$!MOD$@2$@1$"
  },
  "258": {
    "FuncName": "main",
    "IRPosInFunc": [
      35
    ],
    "SrcLoc": "src/whoami.c:77",
    "Type": "NEQ$@1$@2$!DIV$@1$@2$"
  },
  "259": {
    "FuncName": "main",
    "IRPosInFunc": [
      35
    ],
    "SrcLoc": "src/whoami.c:77",
    "Type": "NEQ$@1$@2$!MOD$@1$@2$"
  },
  "26": {
    "FuncName": "usage",
    "IRPosInFunc": [
      4
    ],
    "SrcLoc": "src/whoami.c:40",
    "Type": "NEQ$@1$@2$!BITNOT$@2$"
  },
  "260": {
    "FuncName": "main",
    "IRPosInFunc": [
      35
    ],
    "SrcLoc": "src/whoami.c:77",
    "Type": "NEQ$@1$@2$!GT$@2$@1$"
  },
  "261": {
    "FuncName": "main",
    "IRPosInFunc": [
      35
    ],
    "SrcLoc": "src/whoami.c:77",
    "Type": "NEQ$@1$@2$!GE$@1$@2$"
  },
  "262": {
    "FuncName": "main",
    "IRPosInFunc": [
      35
    ],
    "SrcLoc": "src/whoami.c:77",
    "Type": "NEQ$@1$@2$!BITSHR$@1$@2$"
  },
  "263": {
    "FuncName": "main",
    "IRPosInFunc": [
      35
    ],
    "SrcLoc": "src/whoami.c:77",
    "Type": "NEQ$@1$@2$!GT$@1$@2$"
  },
  "264": {
    "FuncName": "main",
    "IRPosInFunc": [
      35
    ],
    "SrcLoc": "src/whoami.c:77",
    "Type": "NEQ$@1$@2$!LT$@2$@1$"
  },
  "265": {
    "FuncName": "main",
    "IRPosInFunc": [
      35
    ],
    "SrcLoc": "src/whoami.c:77",
    "Type": "NEQ$@1$@2$!LT$@1$@2$"
  },
  "266": {
    "FuncName": "main",
    "IRPosInFunc": [
      35
    ],
    "SrcLoc": "src/whoami.c:77",
    "Type": "NEQ$@1$@2$!LE$@1$@2$"
  },
  "267": {
    "FuncName": "main",
    "IRPosInFunc": [
      35
    ],
    "SrcLoc": "src/whoami.c:77",
    "Type": "NEQ$@1$@2$!GE$@2$@1$"
  },
  "268": {
    "FuncName": "main",
    "IRPosInFunc": [
      35
    ],
    "SrcLoc": "src/whoami.c:77",
    "Type": "NEQ$@1$@2$!BITSHR$@2$@1$"
  },
  "269": {
    "FuncName": "main",
    "IRPosInFunc": [
      35
    ],
    "SrcLoc": "src/whoami.c:77",
    "Type": "NEQ$@1$V2$!ASSIGN$V2$@1$"
  },
  "27": {
    "FuncName": "usage",
    "IRPosInFunc": [
      4
    ],
    "SrcLoc": "src/whoami.c:40",
    "Type": "NEQ$@1$@2$!CONSTVAL$0$"
  },
  "270": {
    "FuncName": "main",
    "IRPosInFunc": [
      33
    ],
    "SrcLoc": "src/whoami.c:77",
    "Type": "@!ABS$@$"
  },
  "271": {
    "FuncName": "main",
    "IRPosInFunc": [
      34
    ],
    "SrcLoc": "src/whoami.c:77",
    "Type": "@!ABS$@$"
  },
  "272": {
    "FuncName": "main",
    "IRPosInFunc": [
      35
    ],
    "SrcLoc": "src/whoami.c:77",
    "Type": "@!ABS$@$"
  },
  "273": {
    "FuncName": "main",
    "IRPosInFunc": [
      37,
      38,
      39,
      40,
      41,
      42,
      43
    ],
    "SrcLoc": "src/whoami.c:79",
    "Type": "STMT!TRAPSTMT"
  },
  "274": {
    "FuncName": "main",
    "IRPosInFunc": [
      37,
      38,
      39,
      40,
      41,
      42,
      43
    ],
    "SrcLoc": "src/whoami.c:79",
    "Type": "STMT!DELSTMT"
  },
  "275": {
    "FuncName": "main",
    "IRPosInFunc": [
      40,
      41
    ],
    "SrcLoc": "src/whoami.c:79",
    "Type": "PADD_DEREF$P1$@2$!PDEREF_LEFTINC$P1$"
  },
  "276": {
    "FuncName": "main",
    "IRPosInFunc": [
      40,
      41
    ],
    "SrcLoc": "src/whoami.c:79",
    "Type": "PADD_DEREF$P1$@2$!PDEREF_RIGHTDEC$P1$"
  },
  "277": {
    "FuncName": "main",
    "IRPosInFunc": [
      40,
      41
    ],
    "SrcLoc": "src/whoami.c:79",
    "Type": "PADD_DEREF$P1$@2$!PDEREF_LEFTDEC$P1$"
  },
  "278": {
    "FuncName": "main",
    "IRPosInFunc": [
      40,
      41
    ],
    "SrcLoc": "src/whoami.c:79",
    "Type": "PADD_DEREF$P1$@2$!PDEREF_RIGHTINC$P1$"
  },
  "279": {
    "FuncName": "main",
    "IRPosInFunc": [
      40,
      41
    ],
    "SrcLoc": "src/whoami.c:79",
    "Type": "PADD_DEREF$A1$@2$!PDEREF_ADD$A1$@2$"
  },
  "28": {
    "FuncName": "usage",
    "IRPosInFunc": [
      4
    ],
    "SrcLoc": "src/whoami.c:40",
    "Type": "NEQ$@1$@2$!LE$@2$@1$"
  },
  "280": {
    "FuncName": "main",
    "IRPosInFunc": [
      40,
      41
    ],
    "SrcLoc": "src/whoami.c:79",
    "Type": "PADD_DEREF$A1$@2$!PDEREF_SUB$A1$@2$"
  },
  "281": {
    "FuncName": "main",
    "IRPosInFunc": [
      39
    ],
    "SrcLoc": "src/whoami.c:79",
    "Type": "A!CONSTVAL$0$"
  },
  "282": {
    "FuncName": "main",
    "IRPosInFunc": [
      40
    ],
    "SrcLoc": "src/whoami.c:79",
    "Type": "A!CONSTVAL$0$"
  },
  "283": {
    "FuncName": "main",
    "IRPosInFunc": [
      37
    ],
    "SrcLoc": "src/whoami.c:79",
    "Type": "@!ABS$@$"
  },
  "284": {
    "FuncName": "main",
    "IRPosInFunc": [
      38
    ],
    "SrcLoc": "src/whoami.c:79",
    "Type": "@!ABS$@$"
  },
  "285": {
    "FuncName": "main",
    "IRPosInFunc": [
      40
    ],
    "SrcLoc": "src/whoami.c:79",
    "Type": "PADD$A1$@2$!OPERAND$@2$"
  },
  "286": {
    "FuncName": "main",
    "IRPosInFunc": [
      40
    ],
    "SrcLoc": "src/whoami.c:79",
    "Type": "PADD$A1$@2$!PSUB$A1$@2$"
  },
  "287": {
    "FuncName": "main",
    "IRPosInFunc": [
      40
    ],
    "SrcLoc": "src/whoami.c:79",
    "Type": "PADD$A1$@2$!OPERAND$A1$"
  },
  "288": {
    "FuncName": "main",
    "IRPosInFunc": [
      40
    ],
    "SrcLoc": "src/whoami.c:79",
    "Type": "PADD$P1$@2$!PLEFTINC$P1$"
  },
  "289": {
    "FuncName": "main",
    "IRPosInFunc": [
      40
    ],
    "SrcLoc": "src/whoami.c:79",
    "Type": "PADD$P1$@2$!PRIGHTDEC$P1$"
  },
  "29": {
    "FuncName": "usage",
    "IRPosInFunc": [
      4
    ],
    "SrcLoc": "src/whoami.c:40",
    "Type": "NEQ$@1$@2$!BITNOT$@1$"
  },
  "290": {
    "FuncName": "main",
    "IRPosInFunc": [
      40
    ],
    "SrcLoc": "src/whoami.c:79",
    "Type": "PADD$P1$@2$!PRIGHTINC$P1$"
  },
  "291": {
    "FuncName": "main",
    "IRPosInFunc": [
      40
    ],
    "SrcLoc": "src/whoami.c:79",
    "Type": "PADD$P1$@2$!PLEFTDEC$P1$"
  },
  "292": {
    "FuncName": "main",
    "IRPosInFunc": [
      39
    ],
    "SrcLoc": "src/whoami.c:79",
    "Type": "P!PRIGHTDEC$P$"
  },
  "293": {
    "FuncName": "main",
    "IRPosInFunc": [
      39
    ],
    "SrcLoc": "src/whoami.c:79",
    "Type": "P!PLEFTINC$P$"
  },
  "294": {
    "FuncName": "main",
    "IRPosInFunc": [
      39
    ],
    "SrcLoc": "src/whoami.c:79",
    "Type": "P!PRIGHTINC$P$"
  },
  "295": {
    "FuncName": "main",
    "IRPosInFunc": [
      39
    ],
    "SrcLoc": "src/whoami.c:79",
    "Type": "P!PLEFTDEC$P$"
  },
  "296": {
    "FuncName": "main",
    "IRPosInFunc": [
      43
    ],
    "SrcLoc": "src/whoami.c:79",
    "Type": "CALL!SHUFFLEARGS$2$"
  },
  "297": {
    "FuncName": "main",
    "IRPosInFunc": [
      44
    ],
    "SrcLoc": "src/whoami.c:80",
    "Type": "STMT!TRAPSTMT"
  },
  "298": {
    "FuncName": "main",
    "IRPosInFunc": [
      44
    ],
    "SrcLoc": "src/whoami.c:80",
    "Type": "STMT!DELSTMT"
  },
  "299": {
    "FuncName": "main",
    "IRPosInFunc": [
      46,
      47
    ],
    "SrcLoc": "src/whoami.c:83",
    "Type": "STMT!TRAPSTMT"
  },
  "30": {
    "FuncName": "usage",
    "IRPosInFunc": [
      4
    ],
    "SrcLoc": "src/whoami.c:40",
    "Type": "NEQ$@1$@2$!DIV$@1$@2$"
  },
  "300": {
    "FuncName": "main",
    "IRPosInFunc": [
      46,
      47
    ],
    "SrcLoc": "src/whoami.c:83",
    "Type": "STMT!DELSTMT"
  },
  "301": {
    "FuncName": "main",
    "IRPosInFunc": [
      47
    ],
    "SrcLoc": "src/whoami.c:83",
    "Type": "ASSIGN$V1$@2$!BITOR$V1$@2$"
  },
  "31": {
    "FuncName": "usage",
    "IRPosInFunc": [
      4
    ],
    "SrcLoc": "src/whoami.c:40",
    "Type": "NEQ$@1$@2$!SUB$@2$@1$"
  },
  "318": {
    "FuncName": "main",
    "IRPosInFunc": [
      47
    ],
    "SrcLoc": "src/whoami.c:83",
    "Type": "C!ADD$C$-1$"
  },
  "319": {
    "FuncName": "main",
    "IRPosInFunc": [
      47
    ],
    "SrcLoc": "src/whoami.c:83",
    "Type": "C!ADD$C$1$"
  },
  "32": {
    "FuncName": "usage",
    "IRPosInFunc": [
      4
    ],
    "SrcLoc": "src/whoami.c:40",
    "Type": "NEQ$@1$@2$!EQ$@1$@2$"
  },
  "320": {
    "FuncName": "main",
    "IRPosInFunc": [
      48,
      49
    ],
    "SrcLoc": "src/whoami.c:84",
    "Type": "STMT!TRAPSTMT"
  },
  "321": {
    "FuncName": "main",
    "IRPosInFunc": [
      48,
      49
    ],
    "SrcLoc": "src/whoami.c:84",
    "Type": "STMT!DELSTMT"
  },
  "322": {
    "FuncName": "main",
    "IRPosInFunc": [
      49
    ],
    "SrcLoc": "src/whoami.c:84",
    "Type": "ASSIGN$V1$@2$!BITOR$V1$@2$"
  },
  "33": {
    "FuncName": "usage",
    "IRPosInFunc": [
      4
    ],
    "SrcLoc": "src/whoami.c:40",
    "Type": "NEQ$@1$@2$!MOD$@1$@2$"
  },
  "34": {
    "FuncName": "usage",
    "IRPosInFunc": [
      4
    ],
    "SrcLoc": "src/whoami.c:40",
    "Type": "NEQ$@1$@2$!GT$@2$@1$"
  },
  "343": {
    "FuncName": "main",
    "IRPosInFunc": [
      48
    ],
    "SrcLoc": "src/whoami.c:84",
    "Type": "@!ABS$@$"
  },
  "344": {
    "FuncName": "main",
    "IRPosInFunc": [
      50,
      51,
      52,
      53
    ],
    "SrcLoc": "src/whoami.c:85",
    "Type": "STMT!TRAPSTMT"
  },
  "345": {
    "FuncName": "main",
    "IRPosInFunc": [
      50
    ],
    "SrcLoc": "src/whoami.c:85",
    "Type": "@!ABS$@$"
  },
  "346": {
    "FuncName": "main",
    "IRPosInFunc": [
      51
    ],
    "SrcLoc": "src/whoami.c:85",
    "Type": "@!ABS$@$"
  },
  "347": {
    "FuncName": "main",
    "IRPosInFunc": [
      52
    ],
    "SrcLoc": "src/whoami.c:85",
    "Type": "@!ABS$@$"
  },
  "348": {
    "FuncName": "main",
    "IRPosInFunc": [
      52
    ],
    "SrcLoc": "src/whoami.c:85",
    "Type": "EQ$@1$V2$!ASSIGN$V2$@1$"
  },
  "349": {
    "FuncName": "main",
    "IRPosInFunc": [
      52
    ],
    "SrcLoc": "src/whoami.c:85",
    "Type": "EQ$@1$@2$!BITOR$@1$@2$"
  },
  "35": {
    "FuncName": "usage",
    "IRPosInFunc": [
      4
    ],
    "SrcLoc": "src/whoami.c:40",
    "Type": "NEQ$@1$@2$!GE$@1$@2$"
  },
  "350": {
    "FuncName": "main",
    "IRPosInFunc": [
      52
    ],
    "SrcLoc": "src/whoami.c:85",
    "Type": "EQ$@1$@2$!BITNOT$@1$"
  },
  "351": {
    "FuncName": "main",
    "IRPosInFunc": [
      52
    ],
    "SrcLoc": "src/whoami.c:85",
    "Type": "EQ$@1$@2$!MUL$@1$@2$"
  },
  "352": {
    "FuncName": "main",
    "IRPosInFunc": [
      52
    ],
    "SrcLoc": "src/whoami.c:85",
    "Type": "EQ$@1$@2$!BITAND$@1$@2$"
  },
  "353": {
    "FuncName": "main",
    "IRPosInFunc": [
      52
    ],
    "SrcLoc": "src/whoami.c:85",
    "Type": "EQ$@1$@2$!CONSTVAL$1$"
  },
  "354": {
    "FuncName": "main",
    "IRPosInFunc": [
      52
    ],
    "SrcLoc": "src/whoami.c:85",
    "Type": "EQ$@1$@2$!MOD$@2$@1$"
  },
  "355": {
    "FuncName": "main",
    "IRPosInFunc": [
      52
    ],
    "SrcLoc": "src/whoami.c:85",
    "Type": "EQ$@1$@2$!BITSHL$@1$@2$"
  },
  "356": {
    "FuncName": "main",
    "IRPosInFunc": [
      52
    ],
    "SrcLoc": "src/whoami.c:85",
    "Type": "EQ$@1$@2$!GT$@2$@1$"
  },
  "357": {
    "FuncName": "main",
    "IRPosInFunc": [
      52
    ],
    "SrcLoc": "src/whoami.c:85",
    "Type": "EQ$@1$@2$!BITSHR$@2$@1$"
  },
  "358": {
    "FuncName": "main",
    "IRPosInFunc": [
      52
    ],
    "SrcLoc": "src/whoami.c:85",
    "Type": "EQ$@1$@2$!NEQ$@1$@2$"
  },
  "359": {
    "FuncName": "main",
    "IRPosInFunc": [
      52
    ],
    "SrcLoc": "src/whoami.c:85",
    "Type": "EQ$@1$@2$!LE$@1$@2$"
  },
  "36": {
    "FuncName": "usage",
    "IRPosInFunc": [
      4
    ],
    "SrcLoc": "src/whoami.c:40",
    "Type": "NEQ$@1$@2$!GT$@1$@2$"
  },
  "360": {
    "FuncName": "main",
    "IRPosInFunc": [
      52
    ],
    "SrcLoc": "src/whoami.c:85",
    "Type": "EQ$@1$@2$!MOD$@1$@2$"
  },
  "361": {
    "FuncName": "main",
    "IRPosInFunc": [
      52
    ],
    "SrcLoc": "src/whoami.c:85",
    "Type": "EQ$@1$@2$!DIV$@2$@1$"
  },
  "362": {
    "FuncName": "main",
    "IRPosInFunc": [
      52
    ],
    "SrcLoc": "src/whoami.c:85",
    "Type": "EQ$@1$@2$!ADD$@1$@2$"
  },
  "363": {
    "FuncName": "main",
    "IRPosInFunc": [
      52
    ],
    "SrcLoc": "src/whoami.c:85",
    "Type": "EQ$@1$@2$!SUB$@1$@2$"
  },
  "364": {
    "FuncName": "main",
    "IRPosInFunc": [
      52
    ],
    "SrcLoc": "src/whoami.c:85",
    "Type": "EQ$@1$@2$!GT$@1$@2$"
  },
  "365": {
    "FuncName": "main",
    "IRPosInFunc": [
      52
    ],
    "SrcLoc": "src/whoami.c:85",
    "Type": "EQ$@1$@2$!ABS$@2$"
  },
  "366": {
    "FuncName": "main",
    "IRPosInFunc": [
      52
    ],
    "SrcLoc": "src/whoami.c:85",
    "Type": "EQ$@1$@2$!LE$@2$@1$"
  },
  "367": {
    "FuncName": "main",
    "IRPosInFunc": [
      52
    ],
    "SrcLoc": "src/whoami.c:85",
    "Type": "EQ$@1$@2$!OPERAND$@1$"
  },
  "368": {
    "FuncName": "main",
    "IRPosInFunc": [
      52
    ],
    "SrcLoc": "src/whoami.c:85",
    "Type": "EQ$@1$@2$!DIV$@1$@2$"
  },
  "369": {
    "FuncName": "main",
    "IRPosInFunc": [
      52
    ],
    "SrcLoc": "src/whoami.c:85",
    "Type": "EQ$@1$@2$!NEG$@2$"
  },
  "37": {
    "FuncName": "usage",
    "IRPosInFunc": [
      4
    ],
    "SrcLoc": "src/whoami.c:40",
    "Type": "NEQ$@1$@2$!LT$@2$@1$"
  },
  "370": {
    "FuncName": "main",
    "IRPosInFunc": [
      52
    ],
    "SrcLoc": "src/whoami.c:85",
    "Type": "EQ$@1$@2$!OPERAND$@2$"
  },
  "371": {
    "FuncName": "main",
    "IRPosInFunc": [
      52
    ],
    "SrcLoc": "src/whoami.c:85",
    "Type": "EQ$@1$@2$!GE$@2$@1$"
  },
  "372": {
    "FuncName": "main",
    "IRPosInFunc": [
      52
    ],
    "SrcLoc": "src/whoami.c:85",
    "Type": "EQ$@1$@2$!BITNOT$@2$"
  },
  "373": {
    "FuncName": "main",
    "IRPosInFunc": [
      52
    ],
    "SrcLoc": "src/whoami.c:85",
    "Type": "EQ$@1$@2$!BITXOR$@1$@2$"
  },
  "374": {
    "FuncName": "main",
    "IRPosInFunc": [
      52
    ],
    "SrcLoc": "src/whoami.c:85",
    "Type": "EQ$@1$@2$!NEG$@1$"
  },
  "375": {
    "FuncName": "main",
    "IRPosInFunc": [
      52
    ],
    "SrcLoc": "src/whoami.c:85",
    "Type": "EQ$@1$@2$!ABS$@1$"
  },
  "376": {
    "FuncName": "main",
    "IRPosInFunc": [
      52
    ],
    "SrcLoc": "src/whoami.c:85",
    "Type": "EQ$@1$@2$!BITSHL$@2$@1$"
  },
  "377": {
    "FuncName": "main",
    "IRPosInFunc": [
      52
    ],
    "SrcLoc": "src/whoami.c:85",
    "Type": "EQ$@1$@2$!SUB$@2$@1$"
  },
  "378": {
    "FuncName": "main",
    "IRPosInFunc": [
      52
    ],
    "SrcLoc": "src/whoami.c:85",
    "Type": "EQ$@1$@2$!CONSTVAL$0$"
  },
  "379": {
    "FuncName": "main",
    "IRPosInFunc": [
      52
    ],
    "SrcLoc": "src/whoami.c:85",
    "Type": "EQ$@1$@2$!LT$@1$@2$"
  },
  "38": {
    "FuncName": "usage",
    "IRPosInFunc": [
      4
    ],
    "SrcLoc": "src/whoami.c:40",
    "Type": "NEQ$@1$@2$!LT$@1$@2$"
  },
  "380": {
    "FuncName": "main",
    "IRPosInFunc": [
      52
    ],
    "SrcLoc": "src/whoami.c:85",
    "Type": "EQ$@1$@2$!LT$@2$@1$"
  },
  "381": {
    "FuncName": "main",
    "IRPosInFunc": [
      52
    ],
    "SrcLoc": "src/whoami.c:85",
    "Type": "EQ$@1$@2$!BITSHR$@1$@2$"
  },
  "382": {
    "FuncName": "main",
    "IRPosInFunc": [
      52
    ],
    "SrcLoc": "src/whoami.c:85",
    "Type": "EQ$@1$@2$!GE$@1$@2$"
  },
  "383": {
    "FuncName": "main",
    "IRPosInFunc": [
      52
    ],
    "SrcLoc": "src/whoami.c:85",
    "Type": "EQ$@1$@2$!MOD$@2$@1$"
  },
  "384": {
    "FuncName": "main",
    "IRPosInFunc": [
      52
    ],
    "SrcLoc": "src/whoami.c:85",
    "Type": "EQ$@1$@2$!GT$@2$@1$"
  },
  "385": {
    "FuncName": "main",
    "IRPosInFunc": [
      52
    ],
    "SrcLoc": "src/whoami.c:85",
    "Type": "EQ$@1$@2$!BITSHR$@2$@1$"
  },
  "386": {
    "FuncName": "main",
    "IRPosInFunc": [
      52
    ],
    "SrcLoc": "src/whoami.c:85",
    "Type": "EQ$@1$@2$!LE$@1$@2$"
  },
  "387": {
    "FuncName": "main",
    "IRPosInFunc": [
      52
    ],
    "SrcLoc": "src/whoami.c:85",
    "Type": "EQ$@1$@2$!MOD$@1$@2$"
  },
  "388": {
    "FuncName": "main",
    "IRPosInFunc": [
      52
    ],
    "SrcLoc": "src/whoami.c:85",
    "Type": "EQ$@1$@2$!DIV$@2$@1$"
  },
  "389": {
    "FuncName": "main",
    "IRPosInFunc": [
      52
    ],
    "SrcLoc": "src/whoami.c:85",
    "Type": "EQ$@1$@2$!GT$@1$@2$"
  },
  "39": {
    "FuncName": "usage",
    "IRPosInFunc": [
      4
    ],
    "SrcLoc": "src/whoami.c:40",
    "Type": "NEQ$@1$@2$!LE$@1$@2$"
  },
  "390": {
    "FuncName": "main",
    "IRPosInFunc": [
      52
    ],
    "SrcLoc": "src/whoami.c:85",
    "Type": "EQ$@1$@2$!LE$@2$@1$"
  },
  "391": {
    "FuncName": "main",
    "IRPosInFunc": [
      52
    ],
    "SrcLoc": "src/whoami.c:85",
    "Type": "EQ$@1$@2$!DIV$@1$@2$"
  },
  "392": {
    "FuncName": "main",
    "IRPosInFunc": [
      52
    ],
    "SrcLoc": "src/whoami.c:85",
    "Type": "EQ$@1$@2$!GE$@2$@1$"
  },
  "393": {
    "FuncName": "main",
    "IRPosInFunc": [
      52
    ],
    "SrcLoc": "src/whoami.c:85",
    "Type": "EQ$@1$@2$!LT$@1$@2$"
  },
  "394": {
    "FuncName": "main",
    "IRPosInFunc": [
      52
    ],
    "SrcLoc": "src/whoami.c:85",
    "Type": "EQ$@1$@2$!LT$@2$@1$"
  },
  "395": {
    "FuncName": "main",
    "IRPosInFunc": [
      52
    ],
    "SrcLoc": "src/whoami.c:85",
    "Type": "EQ$@1$@2$!BITSHR$@1$@2$"
  },
  "396": {
    "FuncName": "main",
    "IRPosInFunc": [
      52
    ],
    "SrcLoc": "src/whoami.c:85",
    "Type": "EQ$@1$@2$!GE$@1$@2$"
  },
  "397": {
    "FuncName": "main",
    "IRPosInFunc": [
      52
    ],
    "SrcLoc": "src/whoami.c:85",
    "Type": "EQ$V1$@2$!ASSIGN$V1$@2$"
  },
  "398": {
    "FuncName": "main",
    "IRPosInFunc": [
      53
    ],
    "SrcLoc": "src/whoami.c:85",
    "Type": "AND$@1$@2$!CONSTVAL$0$"
  },
  "399": {
    "FuncName": "main",
    "IRPosInFunc": [
      53
    ],
    "SrcLoc": "src/whoami.c:85",
    "Type": "AND$@1$@2$!CONSTVAL$1$"
  },
  "40": {
    "FuncName": "usage",
    "IRPosInFunc": [
      4
    ],
    "SrcLoc": "src/whoami.c:40",
    "Type": "NEQ$@1$@2$!GE$@2$@1$"
  },
  "400": {
    "FuncName": "main",
    "IRPosInFunc": [
      53
    ],
    "SrcLoc": "src/whoami.c:85",
    "Type": "AND$@1$@2$!OPERAND$@1$"
  },
  "401": {
    "FuncName": "main",
    "IRPosInFunc": [
      53
    ],
    "SrcLoc": "src/whoami.c:85",
    "Type": "AND$@1$@2$!OPERAND$@2$"
  },
  "402": {
    "FuncName": "main",
    "IRPosInFunc": [
      53
    ],
    "SrcLoc": "src/whoami.c:85",
    "Type": "AND$@1$@2$!OR$@1$@2$"
  },
  "403": {
    "FuncName": "main",
    "IRPosInFunc": [
      54,
      55,
      56,
      57
    ],
    "SrcLoc": "src/whoami.c:85",
    "Type": "STMT!TRAPSTMT"
  },
  "404": {
    "FuncName": "main",
    "IRPosInFunc": [
      56
    ],
    "SrcLoc": "src/whoami.c:85",
    "Type": "NEQ$V1$@2$!ASSIGN$V1$@2$"
  },
  "405": {
    "FuncName": "main",
    "IRPosInFunc": [
      56
    ],
    "SrcLoc": "src/whoami.c:85",
    "Type": "NEQ$@1$@2$!ABS$@1$"
  },
  "406": {
    "FuncName": "main",
    "IRPosInFunc": [
      56
    ],
    "SrcLoc": "src/whoami.c:85",
    "Type": "NEQ$@1$@2$!BITNOT$@2$"
  },
  "408": {
    "FuncName": "main",
    "IRPosInFunc": [
      56
    ],
    "SrcLoc": "src/whoami.c:85",
    "Type": "NEQ$@1$@2$!LE$@2$@1$"
  },
  "409": {
    "FuncName": "main",
    "IRPosInFunc": [
      56
    ],
    "SrcLoc": "src/whoami.c:85",
    "Type": "NEQ$@1$@2$!BITAND$@1$@2$"
  },
  "41": {
    "FuncName": "usage",
    "IRPosInFunc": [
      4
    ],
    "SrcLoc": "src/whoami.c:40",
    "Type": "NEQ$@1$@2$!DIV$@1$@2$"
  },
  "410": {
    "FuncName": "main",
    "IRPosInFunc": [
      56
    ],
    "SrcLoc": "src/whoami.c:85",
    "Type": "NEQ$@1$@2$!BITNOT$@1$"
  },
  "411": {
    "FuncName": "main",
    "IRPosInFunc": [
      56
    ],
    "SrcLoc": "src/whoami.c:85",
    "Type": "NEQ$@1$@2$!DIV$@1$@2$"
  },
  "412": {
    "FuncName": "main",
    "IRPosInFunc": [
      56
    ],
    "SrcLoc": "src/whoami.c:85",
    "Type": "NEQ$@1$@2$!SUB$@2$@1$"
  },
  "413": {
    "FuncName": "main",
    "IRPosInFunc": [
      56
    ],
    "SrcLoc": "src/whoami.c:85",
    "Type": "NEQ$@1$@2$!EQ$@1$@2$"
  },
  "414": {
    "FuncName": "main",
    "IRPosInFunc": [
      56
    ],
    "SrcLoc": "src/whoami.c:85",
    "Type": "NEQ$@1$@2$!MOD$@1$@2$"
  },
  "415": {
    "FuncName": "main",
    "IRPosInFunc": [
      56
    ],
    "SrcLoc": "src/whoami.c:85",
    "Type": "NEQ$@1$@2$!GT$@2$@1$"
  },
  "416": {
    "FuncName": "main",
    "IRPosInFunc": [
      56
    ],
    "SrcLoc": "src/whoami.c:85",
    "Type": "NEQ$@1$@2$!GE$@1$@2$"
  },
  "417": {
    "FuncName": "main",
    "IRPosInFunc": [
      56
    ],
    "SrcLoc": "src/whoami.c:85",
    "Type": "NEQ$@1$@2$!GT$@1$@2$"
  },
  "418": {
    "FuncName": "main",
    "IRPosInFunc": [
      56
    ],
    "SrcLoc": "src/whoami.c:85",
    "Type": "NEQ$@1$@2$!LT$@2$@1$"
  },
  "419": {
    "FuncName": "main",
    "IRPosInFunc": [
      56
    ],
    "SrcLoc": "src/whoami.c:85",
    "Type": "NEQ$@1$@2$!LT$@1$@2$"
  },
  "42": {
    "FuncName": "usage",
    "IRPosInFunc": [
      4
    ],
    "SrcLoc": "src/whoami.c:40",
    "Type": "NEQ$@1$@2$!GT$@1$@2$"
  },
  "420": {
    "FuncName": "main",
    "IRPosInFunc": [
      56
    ],
    "SrcLoc": "src/whoami.c:85",
    "Type": "NEQ$@1$@2$!LE$@1$@2$"
  },
  "421": {
    "FuncName": "main",
    "IRPosInFunc": [
      56
    ],
    "SrcLoc": "src/whoami.c:85",
    "Type": "NEQ$@1$@2$!GE$@2$@1$"
  },
  "423": {
    "FuncName": "main",
    "IRPosInFunc": [
      56
    ],
    "SrcLoc": "src/whoami.c:85",
    "Type": "NEQ$@1$@2$!DIV$@1$@2$"
  },
  "424": {
    "FuncName": "main",
    "IRPosInFunc": [
      56
    ],
    "SrcLoc": "src/whoami.c:85",
    "Type": "NEQ$@1$@2$!GT$@1$@2$"
  },
  "425": {
    "FuncName": "main",
    "IRPosInFunc": [
      56
    ],
    "SrcLoc": "src/whoami.c:85",
    "Type": "NEQ$@1$@2$!LT$@2$@1$"
  },
  "426": {
    "FuncName": "main",
    "IRPosInFunc": [
      56
    ],
    "SrcLoc": "src/whoami.c:85",
    "Type": "NEQ$@1$@2$!LE$@1$@2$"
  },
  "427": {
    "FuncName": "main",
    "IRPosInFunc": [
      56
    ],
    "SrcLoc": "src/whoami.c:85",
    "Type": "NEQ$@1$@2$!GE$@2$@1$"
  },
  "428": {
    "FuncName": "main",
    "IRPosInFunc": [
      56
    ],
    "SrcLoc": "src/whoami.c:85",
    "Type": "@!ABS$@$"
  },
  "429": {
    "FuncName": "main",
    "IRPosInFunc": [
      56
    ],
    "SrcLoc": "src/whoami.c:85",
    "Type": "C!ADD$C$-1$"
  },
  "43": {
    "FuncName": "usage",
    "IRPosInFunc": [
      4
    ],
    "SrcLoc": "src/whoami.c:40",
    "Type": "NEQ$@1$@2$!LT$@2$@1$"
  },
  "430": {
    "FuncName": "main",
    "IRPosInFunc": [
      56
    ],
    "SrcLoc": "src/whoami.c:85",
    "Type": "C!ADD$C$1$"
  },
  "431": {
    "FuncName": "main",
    "IRPosInFunc": [
      58
    ],
    "SrcLoc": "",
    "Type": "STMT!TRAPSTMT"
  },
  "432": {
    "FuncName": "main",
    "IRPosInFunc": [
      58
    ],
    "SrcLoc": "",
    "Type": "STMT!DELSTMT"
  },
  "433": {
    "FuncName": "main",
    "IRPosInFunc": [
      59
    ],
    "SrcLoc": "src/whoami.c:85",
    "Type": "STMT!TRAPSTMT"
  },
  "434": {
    "FuncName": "main",
    "IRPosInFunc": [
      59
    ],
    "SrcLoc": "src/whoami.c:85",
    "Type": "STMT!DELSTMT"
  },
  "435": {
    "FuncName": "main",
    "IRPosInFunc": [
      60,
      61,
      62
    ],
    "SrcLoc": "src/whoami.c:85",
    "Type": "STMT!TRAPSTMT"
  },
  "436": {
    "FuncName": "main",
    "IRPosInFunc": [
      60,
      61,
      62
    ],
    "SrcLoc": "src/whoami.c:85",
    "Type": "STMT!DELSTMT"
  },
  "437": {
    "FuncName": "main",
    "IRPosInFunc": [
      60
    ],
    "SrcLoc": "src/whoami.c:85",
    "Type": "@!ABS$@$"
  },
  "438": {
    "FuncName": "main",
    "IRPosInFunc": [
      63
    ],
    "SrcLoc": "src/whoami.c:85",
    "Type": "STMT!TRAPSTMT"
  },
  "439": {
    "FuncName": "main",
    "IRPosInFunc": [
      64,
      65
    ],
    "SrcLoc": "src/whoami.c:85",
    "Type": "STMT!TRAPSTMT"
  },
  "44": {
    "FuncName": "usage",
    "IRPosInFunc": [
      4
    ],
    "SrcLoc": "src/whoami.c:40",
    "Type": "NEQ$@1$@2$!LE$@1$@2$"
  },
  "440": {
    "FuncName": "main",
    "IRPosInFunc": [
      64,
      65
    ],
    "SrcLoc": "src/whoami.c:85",
    "Type": "STMT!DELSTMT"
  },
  "441": {
    "FuncName": "main",
    "IRPosInFunc": [
      66,
      67,
      68
    ],
    "SrcLoc": "src/whoami.c:86",
    "Type": "STMT!TRAPSTMT"
  },
  "442": {
    "FuncName": "main",
    "IRPosInFunc": [
      67
    ],
    "SrcLoc": "src/whoami.c:86",
    "Type": "@!ABS$@$"
  },
  "443": {
    "FuncName": "main",
    "IRPosInFunc": [
      69,
      70,
      71,
      72
    ],
    "SrcLoc": "src/whoami.c:88",
    "Type": "STMT!TRAPSTMT"
  },
  "444": {
    "FuncName": "main",
    "IRPosInFunc": [
      69,
      70,
      71,
      72
    ],
    "SrcLoc": "src/whoami.c:88",
    "Type": "STMT!DELSTMT"
  },
  "445": {
    "FuncName": "main",
    "IRPosInFunc": [
      70
    ],
    "SrcLoc": "src/whoami.c:88",
    "Type": "A!CONSTVAL$0$"
  },
  "447": {
    "FuncName": "main",
    "IRPosInFunc": [
      70
    ],
    "SrcLoc": "src/whoami.c:88",
    "Type": "C!ADD$C$-1$"
  },
  "448": {
    "FuncName": "main",
    "IRPosInFunc": [
      70
    ],
    "SrcLoc": "src/whoami.c:88",
    "Type": "C!ADD$C$1$"
  },
  "449": {
    "FuncName": "main",
    "IRPosInFunc": [
      73
    ],
    "SrcLoc": "src/whoami.c:89",
    "Type": "STMT!TRAPSTMT"
  },
  "45": {
    "FuncName": "usage",
    "IRPosInFunc": [
      4
    ],
    "SrcLoc": "src/whoami.c:40",
    "Type": "NEQ$@1$@2$!GE$@2$@1$"
  },
  "450": {
    "FuncName": "main",
    "IRPosInFunc": [
      73
    ],
    "SrcLoc": "src/whoami.c:89",
    "Type": "STMT!DELSTMT"
  },
  "451": {
    "FuncName": "main",
    "IRPosInFunc": [
      75,
      76,
      77,
      78,
      79
    ],
    "SrcLoc": "src/whoami.c:91",
    "Type": "STMT!TRAPSTMT"
  },
  "452": {
    "FuncName": "main",
    "IRPosInFunc": [
      75,
      76,
      77,
      78,
      79
    ],
    "SrcLoc": "src/whoami.c:91",
    "Type": "STMT!DELSTMT"
  },
  "453": {
    "FuncName": "main",
    "IRPosInFunc": [
      77
    ],
    "SrcLoc": "src/whoami.c:91",
    "Type": "@!ABS$@$"
  },
  "456": {
    "FuncName": "main",
    "IRPosInFunc": [
      79
    ],
    "SrcLoc": "src/whoami.c:91",
    "Type": "CALL!SHUFFLEARGS$2$"
  },
  "457": {
    "FuncName": "main",
    "IRPosInFunc": [
      80
    ],
    "SrcLoc": "src/whoami.c:93",
    "Type": "STMT!TRAPSTMT"
  },
  "458": {
    "FuncName": "main",
    "IRPosInFunc": [
      80
    ],
    "SrcLoc": "src/whoami.c:93",
    "Type": "STMT!DELSTMT"
  },
  "46": {
    "FuncName": "usage",
    "IRPosInFunc": [
      4
    ],
    "SrcLoc": "src/whoami.c:40",
    "Type": "@!ABS$@$"
  },
  "47": {
    "FuncName": "usage",
    "IRPosInFunc": [
      4
    ],
    "SrcLoc": "src/whoami.c:40",
    "Type": "C!ADD$C$-1$"
  },
  "48": {
    "FuncName": "usage",
    "IRPosInFunc": [
      4
    ],
    "SrcLoc": "src/whoami.c:40",
    "Type": "C!ADD$C$1$"
  },
  "49": {
    "FuncName": "usage",
    "IRPosInFunc": [
      6
    ],
    "SrcLoc": "src/whoami.c:41",
    "Type": "STMT!TRAPSTMT"
  },
  "5": {
    "FuncName": "usage",
    "IRPosInFunc": [
      1
    ],
    "SrcLoc": "",
    "Type": "ASSIGN$V1$@2$!LT$@2$V1$"
  },
  "50": {
    "FuncName": "usage",
    "IRPosInFunc": [
      6
    ],
    "SrcLoc": "src/whoami.c:41",
    "Type": "STMT!DELSTMT"
  },
  "51": {
    "FuncName": "usage",
    "IRPosInFunc": [
      7
    ],
    "SrcLoc": "src/whoami.c:41",
    "Type": "STMT!TRAPSTMT"
  },
  "52": {
    "FuncName": "usage",
    "IRPosInFunc": [
      7
    ],
    "SrcLoc": "src/whoami.c:41",
    "Type": "STMT!DELSTMT"
  },
  "53": {
    "FuncName": "usage",
    "IRPosInFunc": [
      8,
      9
    ],
    "SrcLoc": "src/whoami.c:44",
    "Type": "STMT!TRAPSTMT"
  },
  "54": {
    "FuncName": "usage",
    "IRPosInFunc": [
      8,
      9
    ],
    "SrcLoc": "src/whoami.c:44",
    "Type": "STMT!DELSTMT"
  },
  "56": {
    "FuncName": "usage",
    "IRPosInFunc": [
      9
    ],
    "SrcLoc": "src/whoami.c:44",
    "Type": "CALL!SHUFFLEARGS$2$"
  },
  "57": {
    "FuncName": "usage",
    "IRPosInFunc": [
      10,
      11
    ],
    "SrcLoc": "src/whoami.c:45",
    "Type": "STMT!TRAPSTMT"
  },
  "58": {
    "FuncName": "usage",
    "IRPosInFunc": [
      10,
      11
    ],
    "SrcLoc": "src/whoami.c:45",
    "Type": "STMT!DELSTMT"
  },
  "60": {
    "FuncName": "usage",
    "IRPosInFunc": [
      12,
      13
    ],
    "SrcLoc": "src/whoami.c:50",
    "Type": "STMT!TRAPSTMT"
  },
  "61": {
    "FuncName": "usage",
    "IRPosInFunc": [
      12,
      13
    ],
    "SrcLoc": "src/whoami.c:50",
    "Type": "STMT!DELSTMT"
  },
  "62": {
    "FuncName": "usage",
    "IRPosInFunc": [
      13
    ],
    "SrcLoc": "src/whoami.c:50",
    "Type": "@!ABS$@$"
  },
  "63": {
    "FuncName": "usage",
    "IRPosInFunc": [
      14,
      15
    ],
    "SrcLoc": "src/whoami.c:51",
    "Type": "STMT!TRAPSTMT"
  },
  "64": {
    "FuncName": "usage",
    "IRPosInFunc": [
      14,
      15
    ],
    "SrcLoc": "src/whoami.c:51",
    "Type": "STMT!DELSTMT"
  },
  "66": {
    "FuncName": "usage",
    "IRPosInFunc": [
      16
    ],
    "SrcLoc": "src/whoami.c:52",
    "Type": "STMT!TRAPSTMT"
  },
  "67": {
    "FuncName": "usage",
    "IRPosInFunc": [
      16
    ],
    "SrcLoc": "src/whoami.c:52",
    "Type": "STMT!DELSTMT"
  },
  "68": {
    "FuncName": "usage",
    "IRPosInFunc": [
      17
    ],
    "SrcLoc": "",
    "Type": "STMT!TRAPSTMT"
  },
  "69": {
    "FuncName": "usage",
    "IRPosInFunc": [
      18,
      19
    ],
    "SrcLoc": "src/whoami.c:54",
    "Type": "STMT!TRAPSTMT"
  },
  "70": {
    "FuncName": "usage",
    "IRPosInFunc": [
      18,
      19
    ],
    "SrcLoc": "src/whoami.c:54",
    "Type": "STMT!DELSTMT"
  },
  "71": {
    "FuncName": "usage",
    "IRPosInFunc": [
      18
    ],
    "SrcLoc": "src/whoami.c:54",
    "Type": "@!ABS$@$"
  },
  "72": {
    "FuncName": "main",
    "IRPosInFunc": [
      7
    ],
    "SrcLoc": "",
    "Type": "STMT!TRAPSTMT"
  },
  "73": {
    "FuncName": "main",
    "IRPosInFunc": [
      7
    ],
    "SrcLoc": "",
    "Type": "STMT!DELSTMT"
  },
  "88": {
    "FuncName": "main",
    "IRPosInFunc": [
      7
    ],
    "SrcLoc": "",
    "Type": "ASSIGN$V1$@2$!GE$@2$V1$"
  },
  "91": {
    "FuncName": "main",
    "IRPosInFunc": [
      7
    ],
    "SrcLoc": "",
    "Type": "C!ADD$C$-1$"
  },
  "92": {
    "FuncName": "main",
    "IRPosInFunc": [
      7
    ],
    "SrcLoc": "",
    "Type": "C!ADD$C$1$"
  },
  "93": {
    "FuncName": "main",
    "IRPosInFunc": [
      8
    ],
    "SrcLoc": "",
    "Type": "STMT!TRAPSTMT"
  },
  "96": {
    "FuncName": "main",
    "IRPosInFunc": [
      8
    ],
    "SrcLoc": "",
    "Type": "ASSIGN$V1$@2$!LE$@2$V1$"
  }
}