{"1":{"FuncName":"usage","IRPosInFunc":[1],"SrcLoc":"","Type":"STMT!TRAPSTMT"},"10":{"FuncName":"usage","IRPosInFunc":[1],"SrcLoc":"","Type":"ASSIGN$V1$@2$!ABS$@2$"},"100":{"FuncName":"main","IRPosInFunc":[7],"SrcLoc":"","Type":"C!ADD$C$-1$"},"101":{"FuncName":"main","IRPosInFunc":[7],"SrcLoc":"","Type":"C!ADD$C$1$"},"102":{"FuncName":"main","IRPosInFunc":[8],"SrcLoc":"","Type":"STMT!TRAPSTMT"},"103":{"FuncName":"main","IRPosInFunc":[8],"SrcLoc":"","Type":"STMT!DELSTMT"},"104":{"FuncName":"main","IRPosInFunc":[8],"SrcLoc":"","Type":"ASSIGN$V1$@2$!BITOR$V1$@2$"},"105":{"FuncName":"main","IRPosInFunc":[8],"SrcLoc":"","Type":"ASSIGN$V1$@2$!LE$@2$V1$"},"106":{"FuncName":"main","IRPosInFunc":[8],"SrcLoc":"","Type":"ASSIGN$V1$@2$!ABS$V1$"},"107":{"FuncName":"main","IRPosInFunc":[8],"SrcLoc":"","Type":"ASSIGN$V1$@2$!LT$@2$V1$"},"108":{"FuncName":"main","IRPosInFunc":[8],"SrcLoc":"","Type":"ASSIGN$V1$@2$!NEQ$V1$@2$"},"109":{"FuncName":"main","IRPosInFunc":[8],"SrcLoc":"","Type":"ASSIGN$V1$@2$!LT$V1$@2$"},"11":{"FuncName":"usage","IRPosInFunc":[1],"SrcLoc":"","Type":"ASSIGN$V1$@2$!GE$V1$@2$"},"110":{"FuncName":"main","IRPosInFunc":[8],"SrcLoc":"","Type":"ASSIGN$V1$@2$!EQ$V1$@2$"},"111":{"FuncName":"main","IRPosInFunc":[8],"SrcLoc":"","Type":"ASSIGN$V1$@2$!GE$@2$V1$"},"112":{"FuncName":"main","IRPosInFunc":[8],"SrcLoc":"","Type":"ASSIGN$V1$@2$!ABS$@2$"},"113":{"FuncName":"main","IRPosInFunc":[8],"SrcLoc":"","Type":"ASSIGN$V1$@2$!GE$V1$@2$"},"114":{"FuncName":"main","IRPosInFunc":[8],"SrcLoc":"","Type":"ASSIGN$V1$@2$!LE$V1$@2$"},"115":{"FuncName":"main","IRPosInFunc":[8],"SrcLoc":"","Type":"ASSIGN$V1$@2$!GT$@2$V1$"},"116":{"FuncName":"main","IRPosInFunc":[8],"SrcLoc":"","Type":"ASSIGN$V1$@2$!GT$V1$@2$"},"117":{"FuncName":"main","IRPosInFunc":[8],"SrcLoc":"","Type":"ASSIGN$V1$@2$!LE$@2$V1$"},"118":{"FuncName":"main","IRPosInFunc":[8],"SrcLoc":"","Type":"ASSIGN$V1$@2$!LT$@2$V1$"},"119":{"FuncName":"main","IRPosInFunc":[8],"SrcLoc":"","Type":"ASSIGN$V1$@2$!LT$V1$@2$"},"12":{"FuncName":"usage","IRPosInFunc":[1],"SrcLoc":"","Type":"ASSIGN$V1$@2$!LE$V1$@2$"},"120":{"FuncName":"main","IRPosInFunc":[8],"SrcLoc":"","Type":"ASSIGN$V1$@2$!GE$@2$V1$"},"121":{"FuncName":"main","IRPosInFunc":[8],"SrcLoc":"","Type":"ASSIGN$V1$@2$!GE$V1$@2$"},"122":{"FuncName":"main","IRPosInFunc":[8],"SrcLoc":"","Type":"ASSIGN$V1$@2$!LE$V1$@2$"},"123":{"FuncName":"main","IRPosInFunc":[8],"SrcLoc":"","Type":"ASSIGN$V1$@2$!GT$@2$V1$"},"124":{"FuncName":"main","IRPosInFunc":[8],"SrcLoc":"","Type":"ASSIGN$V1$@2$!GT$V1$@2$"},"125":{"FuncName":"main","IRPosInFunc":[10],"SrcLoc":"","Type":"STMT!TRAPSTMT"},"126":{"FuncName":"main","IRPosInFunc":[10],"SrcLoc":"","Type":"STMT!DELSTMT"},"127":{"FuncName":"main","IRPosInFunc":[13],"SrcLoc":"src/dirname.c:81","Type":"STMT!TRAPSTMT"},"128":{"FuncName":"main","IRPosInFunc":[13],"SrcLoc":"src/dirname.c:81","Type":"STMT!DELSTMT"},"129":{"FuncName":"main","IRPosInFunc":[13],"SrcLoc":"src/dirname.c:81","Type":"ASSIGN$V1$@2$!MOD$@2$V1$"},"13":{"FuncName":"usage","IRPosInFunc":[1],"SrcLoc":"","Type":"ASSIGN$V1$@2$!GT$@2$V1$"},"130":{"FuncName":"main","IRPosInFunc":[13],"SrcLoc":"src/dirname.c:81","Type":"ASSIGN$V1$@2$!LE$@2$V1$"},"131":{"FuncName":"main","IRPosInFunc":[13],"SrcLoc":"src/dirname.c:81","Type":"ASSIGN$V1$@2$!ABS$V1$"},"132":{"FuncName":"main","IRPosInFunc":[13],"SrcLoc":"src/dirname.c:81","Type":"ASSIGN$V1$@2$!LT$@2$V1$"},"133":{"FuncName":"main","IRPosInFunc":[13],"SrcLoc":"src/dirname.c:81","Type":"ASSIGN$V1$@2$!NEQ$V1$@2$"},"134":{"FuncName":"main","IRPosInFunc":[13],"SrcLoc":"src/dirname.c:81","Type":"ASSIGN$V1$@2$!LT$V1$@2$"},"135":{"FuncName":"main","IRPosInFunc":[13],"SrcLoc":"src/dirname.c:81","Type":"ASSIGN$V1$@2$!EQ$V1$@2$"},"136":{"FuncName":"main","IRPosInFunc":[13],"SrcLoc":"src/dirname.c:81","Type":"ASSIGN$V1$@2$!GE$@2$V1$"},"137":{"FuncName":"main","IRPosInFunc":[13],"SrcLoc":"src/dirname.c:81","Type":"ASSIGN$V1$@2$!GE$V1$@2$"},"138":{"FuncName":"main","IRPosInFunc":[13],"SrcLoc":"src/dirname.c:81","Type":"ASSIGN$V1$@2$!LE$V1$@2$"},"139":{"FuncName":"main","IRPosInFunc":[13],"SrcLoc":"src/dirname.c:81","Type":"ASSIGN$V1$@2$!GT$@2$V1$"},"14":{"FuncName":"usage","IRPosInFunc":[1],"SrcLoc":"","Type":"ASSIGN$V1$@2$!GT$V1$@2$"},"140":{"FuncName":"main","IRPosInFunc":[13],"SrcLoc":"src/dirname.c:81","Type":"ASSIGN$V1$@2$!GT$V1$@2$"},"141":{"FuncName":"main","IRPosInFunc":[13],"SrcLoc":"src/dirname.c:81","Type":"ASSIGN$V1$@2$!LT$@2$V1$"},"142":{"FuncName":"main","IRPosInFunc":[13],"SrcLoc":"src/dirname.c:81","Type":"ASSIGN$V1$@2$!GE$@2$V1$"},"143":{"FuncName":"main","IRPosInFunc":[13],"SrcLoc":"src/dirname.c:81","Type":"ASSIGN$V1$@2$!LE$V1$@2$"},"144":{"FuncName":"main","IRPosInFunc":[13],"SrcLoc":"src/dirname.c:81","Type":"ASSIGN$V1$@2$!GT$V1$@2$"},"145":{"FuncName":"main","IRPosInFunc":[13],"SrcLoc":"src/dirname.c:81","Type":"C!ADD$C$-1$"},"146":{"FuncName":"main","IRPosInFunc":[13],"SrcLoc":"src/dirname.c:81","Type":"C!ADD$C$1$"},"147":{"FuncName":"main","IRPosInFunc":[16,17,18,19],"SrcLoc":"src/dirname.c:86","Type":"STMT!TRAPSTMT"},"148":{"FuncName":"main","IRPosInFunc":[16,17,18,19],"SrcLoc":"src/dirname.c:86","Type":"STMT!DELSTMT"},"149":{"FuncName":"main","IRPosInFunc":[16],"SrcLoc":"src/dirname.c:86","Type":"A!CONSTVAL$0$"},"15":{"FuncName":"usage","IRPosInFunc":[1],"SrcLoc":"","Type":"ASSIGN$V1$@2$!LE$@2$V1$"},"150":{"FuncName":"main","IRPosInFunc":[17],"SrcLoc":"src/dirname.c:86","Type":"A!CONSTVAL$0$"},"151":{"FuncName":"main","IRPosInFunc":[17],"SrcLoc":"src/dirname.c:86","Type":"C!ADD$C$-1$"},"152":{"FuncName":"main","IRPosInFunc":[17],"SrcLoc":"src/dirname.c:86","Type":"C!ADD$C$1$"},"153":{"FuncName":"main","IRPosInFunc":[16],"SrcLoc":"src/dirname.c:86","Type":"P!PRIGHTDEC$P$"},"154":{"FuncName":"main","IRPosInFunc":[16],"SrcLoc":"src/dirname.c:86","Type":"P!PLEFTINC$P$"},"155":{"FuncName":"main","IRPosInFunc":[16],"SrcLoc":"src/dirname.c:86","Type":"P!PRIGHTINC$P$"},"156":{"FuncName":"main","IRPosInFunc":[16],"SrcLoc":"src/dirname.c:86","Type":"P!PLEFTDEC$P$"},"157":{"FuncName":"main","IRPosInFunc":[20],"SrcLoc":"src/dirname.c:87","Type":"STMT!TRAPSTMT"},"158":{"FuncName":"main","IRPosInFunc":[20],"SrcLoc":"src/dirname.c:87","Type":"STMT!DELSTMT"},"159":{"FuncName":"main","IRPosInFunc":[21],"SrcLoc":"src/dirname.c:91","Type":"STMT!TRAPSTMT"},"16":{"FuncName":"usage","IRPosInFunc":[1],"SrcLoc":"","Type":"ASSIGN$V1$@2$!LT$@2$V1$"},"160":{"FuncName":"main","IRPosInFunc":[21],"SrcLoc":"src/dirname.c:91","Type":"STMT!DELSTMT"},"161":{"FuncName":"main","IRPosInFunc":[21],"SrcLoc":"src/dirname.c:91","Type":"@!ABS$@$"},"162":{"FuncName":"main","IRPosInFunc":[22],"SrcLoc":"src/dirname.c:93","Type":"STMT!TRAPSTMT"},"163":{"FuncName":"main","IRPosInFunc":[24,25,26,27],"SrcLoc":"src/dirname.c:95","Type":"STMT!DELSTMT"},"164":{"FuncName":"main","IRPosInFunc":[27],"SrcLoc":"src/dirname.c:95","Type":"ASSIGN$V1$@2$!BITOR$V1$@2$"},"165":{"FuncName":"main","IRPosInFunc":[27],"SrcLoc":"src/dirname.c:95","Type":"ASSIGN$V1$@2$!LE$@2$V1$"},"166":{"FuncName":"main","IRPosInFunc":[27],"SrcLoc":"src/dirname.c:95","Type":"ASSIGN$V1$@2$!ABS$V1$"},"167":{"FuncName":"main","IRPosInFunc":[27],"SrcLoc":"src/dirname.c:95","Type":"ASSIGN$V1$@2$!LT$@2$V1$"},"168":{"FuncName":"main","IRPosInFunc":[27],"SrcLoc":"src/dirname.c:95","Type":"ASSIGN$V1$@2$!NEQ$V1$@2$"},"169":{"FuncName":"main","IRPosInFunc":[27],"SrcLoc":"src/dirname.c:95","Type":"ASSIGN$V1$@2$!LT$V1$@2$"},"17":{"FuncName":"usage","IRPosInFunc":[1],"SrcLoc":"","Type":"ASSIGN$V1$@2$!LT$V1$@2$"},"170":{"FuncName":"main","IRPosInFunc":[27],"SrcLoc":"src/dirname.c:95","Type":"ASSIGN$V1$@2$!EQ$V1$@2$"},"171":{"FuncName":"main","IRPosInFunc":[27],"SrcLoc":"src/dirname.c:95","Type":"ASSIGN$V1$@2$!GE$@2$V1$"},"172":{"FuncName":"main","IRPosInFunc":[27],"SrcLoc":"src/dirname.c:95","Type":"ASSIGN$V1$@2$!ABS$@2$"},"173":{"FuncName":"main","IRPosInFunc":[27],"SrcLoc":"src/dirname.c:95","Type":"ASSIGN$V1$@2$!GE$V1$@2$"},"174":{"FuncName":"main","IRPosInFunc":[27],"SrcLoc":"src/dirname.c:95","Type":"ASSIGN$V1$@2$!LE$V1$@2$"},"175":{"FuncName":"main","IRPosInFunc":[27],"SrcLoc":"src/dirname.c:95","Type":"ASSIGN$V1$@2$!GT$@2$V1$"},"176":{"FuncName":"main","IRPosInFunc":[27],"SrcLoc":"src/dirname.c:95","Type":"ASSIGN$V1$@2$!GT$V1$@2$"},"177":{"FuncName":"main","IRPosInFunc":[27],"SrcLoc":"src/dirname.c:95","Type":"ASSIGN$V1$@2$!LE$@2$V1$"},"178":{"FuncName":"main","IRPosInFunc":[27],"SrcLoc":"src/dirname.c:95","Type":"ASSIGN$V1$@2$!LT$@2$V1$"},"179":{"FuncName":"main","IRPosInFunc":[27],"SrcLoc":"src/dirname.c:95","Type":"ASSIGN$V1$@2$!LT$V1$@2$"},"18":{"FuncName":"usage","IRPosInFunc":[1],"SrcLoc":"","Type":"ASSIGN$V1$@2$!GE$@2$V1$"},"180":{"FuncName":"main","IRPosInFunc":[27],"SrcLoc":"src/dirname.c:95","Type":"ASSIGN$V1$@2$!GE$@2$V1$"},"181":{"FuncName":"main","IRPosInFunc":[27],"SrcLoc":"src/dirname.c:95","Type":"ASSIGN$V1$@2$!GE$V1$@2$"},"182":{"FuncName":"main","IRPosInFunc":[27],"SrcLoc":"src/dirname.c:95","Type":"ASSIGN$V1$@2$!LE$V1$@2$"},"183":{"FuncName":"main","IRPosInFunc":[27],"SrcLoc":"src/dirname.c:95","Type":"ASSIGN$V1$@2$!GT$@2$V1$"},"184":{"FuncName":"main","IRPosInFunc":[27],"SrcLoc":"src/dirname.c:95","Type":"ASSIGN$V1$@2$!GT$V1$@2$"},"185":{"FuncName":"main","IRPosInFunc":[25],"SrcLoc":"src/dirname.c:95","Type":"A!CONSTVAL$0$"},"186":{"FuncName":"main","IRPosInFunc":[24],"SrcLoc":"src/dirname.c:95","Type":"@!ABS$@$"},"187":{"FuncName":"main","IRPosInFunc":[26],"SrcLoc":"src/dirname.c:95","Type":"@!ABS$@$"},"188":{"FuncName":"main","IRPosInFunc":[25],"SrcLoc":"src/dirname.c:95","Type":"P!PRIGHTDEC$P$"},"189":{"FuncName":"main","IRPosInFunc":[25],"SrcLoc":"src/dirname.c:95","Type":"P!PLEFTINC$P$"},"19":{"FuncName":"usage","IRPosInFunc":[1],"SrcLoc":"","Type":"ASSIGN$V1$@2$!GE$V1$@2$"},"190":{"FuncName":"main","IRPosInFunc":[25],"SrcLoc":"src/dirname.c:95","Type":"P!PRIGHTINC$P$"},"191":{"FuncName":"main","IRPosInFunc":[25],"SrcLoc":"src/dirname.c:95","Type":"P!PLEFTDEC$P$"},"192":{"FuncName":"main","IRPosInFunc":[28,29,30],"SrcLoc":"src/dirname.c:97","Type":"STMT!TRAPSTMT"},"193":{"FuncName":"main","IRPosInFunc":[29],"SrcLoc":"src/dirname.c:97","Type":"@!ABS$@$"},"194":{"FuncName":"main","IRPosInFunc":[28],"SrcLoc":"src/dirname.c:97","Type":"@!ABS$@$"},"195":{"FuncName":"main","IRPosInFunc":[29],"SrcLoc":"src/dirname.c:97","Type":"@!ABS$@$"},"196":{"FuncName":"main","IRPosInFunc":[29],"SrcLoc":"src/dirname.c:97","Type":"C!CONSTVAL$0$"},"197":{"FuncName":"main","IRPosInFunc":[29],"SrcLoc":"src/dirname.c:97","Type":"C!ADD$C$-1$"},"198":{"FuncName":"main","IRPosInFunc":[29],"SrcLoc":"src/dirname.c:97","Type":"EQ$@1$@2$!BITOR$@1$@2$"},"199":{"FuncName":"main","IRPosInFunc":[29],"SrcLoc":"src/dirname.c:97","Type":"EQ$@1$@2$!BITNOT$@1$"},"2":{"FuncName":"usage","IRPosInFunc":[1],"SrcLoc":"","Type":"STMT!DELSTMT"},"20":{"FuncName":"usage","IRPosInFunc":[1],"SrcLoc":"","Type":"ASSIGN$V1$@2$!LE$V1$@2$"},"200":{"FuncName":"main","IRPosInFunc":[29],"SrcLoc":"src/dirname.c:97","Type":"EQ$@1$@2$!MUL$@1$@2$"},"201":{"FuncName":"main","IRPosInFunc":[29],"SrcLoc":"src/dirname.c:97","Type":"EQ$@1$@2$!BITAND$@1$@2$"},"202":{"FuncName":"main","IRPosInFunc":[29],"SrcLoc":"src/dirname.c:97","Type":"EQ$@1$@2$!MOD$@2$@1$"},"203":{"FuncName":"main","IRPosInFunc":[29],"SrcLoc":"src/dirname.c:97","Type":"EQ$@1$@2$!BITSHL$@1$@2$"},"204":{"FuncName":"main","IRPosInFunc":[29],"SrcLoc":"src/dirname.c:97","Type":"EQ$@1$@2$!GT$@2$@1$"},"205":{"FuncName":"main","IRPosInFunc":[29],"SrcLoc":"src/dirname.c:97","Type":"EQ$@1$@2$!NEQ$@1$@2$"},"206":{"FuncName":"main","IRPosInFunc":[29],"SrcLoc":"src/dirname.c:97","Type":"EQ$@1$@2$!LE$@1$@2$"},"207":{"FuncName":"main","IRPosInFunc":[29],"SrcLoc":"src/dirname.c:97","Type":"EQ$@1$@2$!MOD$@1$@2$"},"208":{"FuncName":"main","IRPosInFunc":[29],"SrcLoc":"src/dirname.c:97","Type":"EQ$@1$@2$!DIV$@2$@1$"},"209":{"FuncName":"main","IRPosInFunc":[29],"SrcLoc":"src/dirname.c:97","Type":"EQ$@1$@2$!ADD$@1$@2$"},"21":{"FuncName":"usage","IRPosInFunc":[1],"SrcLoc":"","Type":"ASSIGN$V1$@2$!GT$@2$V1$"},"210":{"FuncName":"main","IRPosInFunc":[29],"SrcLoc":"src/dirname.c:97","Type":"EQ$@1$@2$!SUB$@1$@2$"},"211":{"FuncName":"main","IRPosInFunc":[29],"SrcLoc":"src/dirname.c:97","Type":"EQ$@1$@2$!GT$@1$@2$"},"212":{"FuncName":"main","IRPosInFunc":[29],"SrcLoc":"src/dirname.c:97","Type":"EQ$@1$@2$!LE$@2$@1$"},"213":{"FuncName":"main","IRPosInFunc":[29],"SrcLoc":"src/dirname.c:97","Type":"EQ$@1$@2$!DIV$@1$@2$"},"214":{"FuncName":"main","IRPosInFunc":[29],"SrcLoc":"src/dirname.c:97","Type":"EQ$@1$@2$!GE$@2$@1$"},"215":{"FuncName":"main","IRPosInFunc":[29],"SrcLoc":"src/dirname.c:97","Type":"EQ$@1$@2$!BITNOT$@2$"},"216":{"FuncName":"main","IRPosInFunc":[29],"SrcLoc":"src/dirname.c:97","Type":"EQ$@1$@2$!NEG$@1$"},"217":{"FuncName":"main","IRPosInFunc":[29],"SrcLoc":"src/dirname.c:97","Type":"EQ$@1$@2$!ABS$@1$"},"218":{"FuncName":"main","IRPosInFunc":[29],"SrcLoc":"src/dirname.c:97","Type":"EQ$@1$@2$!BITSHL$@2$@1$"},"219":{"FuncName":"main","IRPosInFunc":[29],"SrcLoc":"src/dirname.c:97","Type":"EQ$@1$@2$!SUB$@2$@1$"},"22":{"FuncName":"usage","IRPosInFunc":[1],"SrcLoc":"","Type":"ASSIGN$V1$@2$!GT$V1$@2$"},"220":{"FuncName":"main","IRPosInFunc":[29],"SrcLoc":"src/dirname.c:97","Type":"EQ$@1$@2$!LT$@1$@2$"},"221":{"FuncName":"main","IRPosInFunc":[29],"SrcLoc":"src/dirname.c:97","Type":"EQ$@1$@2$!LT$@2$@1$"},"222":{"FuncName":"main","IRPosInFunc":[29],"SrcLoc":"src/dirname.c:97","Type":"EQ$@1$@2$!GE$@1$@2$"},"223":{"FuncName":"main","IRPosInFunc":[29],"SrcLoc":"src/dirname.c:97","Type":"EQ$@1$@2$!MOD$@2$@1$"},"224":{"FuncName":"main","IRPosInFunc":[29],"SrcLoc":"src/dirname.c:97","Type":"EQ$@1$@2$!GT$@2$@1$"},"225":{"FuncName":"main","IRPosInFunc":[29],"SrcLoc":"src/dirname.c:97","Type":"EQ$@1$@2$!BITSHR$@2$@1$"},"226":{"FuncName":"main","IRPosInFunc":[29],"SrcLoc":"src/dirname.c:97","Type":"EQ$@1$@2$!MOD$@1$@2$"},"227":{"FuncName":"main","IRPosInFunc":[29],"SrcLoc":"src/dirname.c:97","Type":"EQ$@1$@2$!DIV$@2$@1$"},"228":{"FuncName":"main","IRPosInFunc":[29],"SrcLoc":"src/dirname.c:97","Type":"EQ$@1$@2$!LE$@2$@1$"},"229":{"FuncName":"main","IRPosInFunc":[29],"SrcLoc":"src/dirname.c:97","Type":"EQ$@1$@2$!DIV$@1$@2$"},"23":{"FuncName":"usage","IRPosInFunc":[3,4,5],"SrcLoc":"src/dirname.c:46","Type":"STMT!TRAPSTMT"},"230":{"FuncName":"main","IRPosInFunc":[29],"SrcLoc":"src/dirname.c:97","Type":"EQ$@1$@2$!LT$@1$@2$"},"231":{"FuncName":"main","IRPosInFunc":[29],"SrcLoc":"src/dirname.c:97","Type":"EQ$@1$@2$!GE$@1$@2$"},"232":{"FuncName":"main","IRPosInFunc":[29],"SrcLoc":"src/dirname.c:97","Type":"EQ$V1$@2$!ASSIGN$V1$@2$"},"233":{"FuncName":"main","IRPosInFunc":[31],"SrcLoc":"src/dirname.c:98","Type":"STMT!TRAPSTMT"},"234":{"FuncName":"main","IRPosInFunc":[31],"SrcLoc":"src/dirname.c:98","Type":"STMT!DELSTMT"},"235":{"FuncName":"main","IRPosInFunc":[32,33],"SrcLoc":"src/dirname.c:100","Type":"STMT!TRAPSTMT"},"236":{"FuncName":"main","IRPosInFunc":[33],"SrcLoc":"src/dirname.c:100","Type":"SWITCH!SHUFFLECASESDESTS$2$"},"237":{"FuncName":"main","IRPosInFunc":[33],"SrcLoc":"src/dirname.c:100","Type":"SWITCH!SHUFFLECASESDESTS$2$"},"238":{"FuncName":"main","IRPosInFunc":[33],"SrcLoc":"src/dirname.c:100","Type":"SWITCH!SHUFFLECASESDESTS$2$"},"239":{"FuncName":"main","IRPosInFunc":[33],"SrcLoc":"src/dirname.c:100","Type":"SWITCH!SHUFFLECASESDESTS$2$"},"24":{"FuncName":"usage","IRPosInFunc":[4],"SrcLoc":"src/dirname.c:46","Type":"NEQ$V1$@2$!ASSIGN$V1$@2$"},"240":{"FuncName":"main","IRPosInFunc":[33],"SrcLoc":"src/dirname.c:100","Type":"SWITCH!SHUFFLECASESDESTS$2$"},"241":{"FuncName":"main","IRPosInFunc":[33],"SrcLoc":"src/dirname.c:100","Type":"SWITCH!SHUFFLECASESDESTS$2$"},"242":{"FuncName":"main","IRPosInFunc":[33],"SrcLoc":"src/dirname.c:100","Type":"SWITCH!REMOVECASES$1$"},"243":{"FuncName":"main","IRPosInFunc":[33],"SrcLoc":"src/dirname.c:100","Type":"SWITCH!REMOVECASES$1$"},"244":{"FuncName":"main","IRPosInFunc":[33],"SrcLoc":"src/dirname.c:100","Type":"SWITCH!REMOVECASES$1$"},"245":{"FuncName":"main","IRPosInFunc":[32],"SrcLoc":"src/dirname.c:100","Type":"@!ABS$@$"},"246":{"FuncName":"main","IRPosInFunc":[34],"SrcLoc":"src/dirname.c:103","Type":"STMT!TRAPSTMT"},"247":{"FuncName":"main","IRPosInFunc":[34],"SrcLoc":"src/dirname.c:103","Type":"STMT!DELSTMT"},"248":{"FuncName":"main","IRPosInFunc":[34],"SrcLoc":"src/dirname.c:103","Type":"ASSIGN$V1$@2$!BITOR$V1$@2$"},"249":{"FuncName":"main","IRPosInFunc":[34],"SrcLoc":"src/dirname.c:103","Type":"ASSIGN$V1$@2$!OPERAND$V1$"},"25":{"FuncName":"usage","IRPosInFunc":[4],"SrcLoc":"src/dirname.c:46","Type":"NEQ$@1$@2$!ABS$@1$"},"250":{"FuncName":"main","IRPosInFunc":[34],"SrcLoc":"src/dirname.c:103","Type":"ASSIGN$V1$@2$!LE$@2$V1$"},"251":{"FuncName":"main","IRPosInFunc":[34],"SrcLoc":"src/dirname.c:103","Type":"ASSIGN$V1$@2$!ABS$V1$"},"252":{"FuncName":"main","IRPosInFunc":[34],"SrcLoc":"src/dirname.c:103","Type":"ASSIGN$V1$@2$!LT$@2$V1$"},"253":{"FuncName":"main","IRPosInFunc":[34],"SrcLoc":"src/dirname.c:103","Type":"ASSIGN$V1$@2$!NEQ$V1$@2$"},"254":{"FuncName":"main","IRPosInFunc":[34],"SrcLoc":"src/dirname.c:103","Type":"ASSIGN$V1$@2$!LT$V1$@2$"},"255":{"FuncName":"main","IRPosInFunc":[34],"SrcLoc":"src/dirname.c:103","Type":"ASSIGN$V1$@2$!EQ$V1$@2$"},"256":{"FuncName":"main","IRPosInFunc":[34],"SrcLoc":"src/dirname.c:103","Type":"ASSIGN$V1$@2$!GE$@2$V1$"},"257":{"FuncName":"main","IRPosInFunc":[34],"SrcLoc":"src/dirname.c:103","Type":"ASSIGN$V1$@2$!GE$V1$@2$"},"258":{"FuncName":"main","IRPosInFunc":[34],"SrcLoc":"src/dirname.c:103","Type":"ASSIGN$V1$@2$!LE$V1$@2$"},"259":{"FuncName":"main","IRPosInFunc":[34],"SrcLoc":"src/dirname.c:103","Type":"ASSIGN$V1$@2$!GT$@2$V1$"},"26":{"FuncName":"usage","IRPosInFunc":[4],"SrcLoc":"src/dirname.c:46","Type":"NEQ$@1$@2$!BITNOT$@2$"},"260":{"FuncName":"main","IRPosInFunc":[34],"SrcLoc":"src/dirname.c:103","Type":"ASSIGN$V1$@2$!GT$V1$@2$"},"261":{"FuncName":"main","IRPosInFunc":[34],"SrcLoc":"src/dirname.c:103","Type":"ASSIGN$V1$@2$!LE$@2$V1$"},"262":{"FuncName":"main","IRPosInFunc":[34],"SrcLoc":"src/dirname.c:103","Type":"ASSIGN$V1$@2$!LT$@2$V1$"},"263":{"FuncName":"main","IRPosInFunc":[34],"SrcLoc":"src/dirname.c:103","Type":"ASSIGN$V1$@2$!LT$V1$@2$"},"264":{"FuncName":"main","IRPosInFunc":[34],"SrcLoc":"src/dirname.c:103","Type":"ASSIGN$V1$@2$!GE$@2$V1$"},"265":{"FuncName":"main","IRPosInFunc":[34],"SrcLoc":"src/dirname.c:103","Type":"ASSIGN$V1$@2$!GE$V1$@2$"},"266":{"FuncName":"main","IRPosInFunc":[34],"SrcLoc":"src/dirname.c:103","Type":"ASSIGN$V1$@2$!LE$V1$@2$"},"267":{"FuncName":"main","IRPosInFunc":[34],"SrcLoc":"src/dirname.c:103","Type":"ASSIGN$V1$@2$!GT$@2$V1$"},"268":{"FuncName":"main","IRPosInFunc":[34],"SrcLoc":"src/dirname.c:103","Type":"ASSIGN$V1$@2$!GT$V1$@2$"},"269":{"FuncName":"main","IRPosInFunc":[34],"SrcLoc":"src/dirname.c:103","Type":"C!CONSTVAL$0$"},"27":{"FuncName":"usage","IRPosInFunc":[4],"SrcLoc":"src/dirname.c:46","Type":"NEQ$@1$@2$!CONSTVAL$0$"},"270":{"FuncName":"main","IRPosInFunc":[34],"SrcLoc":"src/dirname.c:103","Type":"C!ADD$C$1$"},"271":{"FuncName":"main","IRPosInFunc":[35],"SrcLoc":"src/dirname.c:104","Type":"STMT!TRAPSTMT"},"272":{"FuncName":"main","IRPosInFunc":[35],"SrcLoc":"src/dirname.c:104","Type":"STMT!DELSTMT"},"273":{"FuncName":"main","IRPosInFunc":[36],"SrcLoc":"src/dirname.c:106","Type":"STMT!TRAPSTMT"},"274":{"FuncName":"main","IRPosInFunc":[38,39,40],"SrcLoc":"src/dirname.c:107","Type":"STMT!TRAPSTMT"},"275":{"FuncName":"main","IRPosInFunc":[38,39,40],"SrcLoc":"src/dirname.c:107","Type":"STMT!DELSTMT"},"276":{"FuncName":"main","IRPosInFunc":[40],"SrcLoc":"src/dirname.c:107","Type":"CALL!SHUFFLEARGS$2$"},"277":{"FuncName":"main","IRPosInFunc":[40],"SrcLoc":"src/dirname.c:107","Type":"CALL!SHUFFLEARGS$2$"},"278":{"FuncName":"main","IRPosInFunc":[40],"SrcLoc":"src/dirname.c:107","Type":"CALL!SHUFFLEARGS$2$"},"279":{"FuncName":"main","IRPosInFunc":[40],"SrcLoc":"src/dirname.c:107","Type":"CALL!SHUFFLEARGS$2$"},"28":{"FuncName":"usage","IRPosInFunc":[4],"SrcLoc":"src/dirname.c:46","Type":"NEQ$@1$@2$!LE$@2$@1$"},"280":{"FuncName":"main","IRPosInFunc":[40],"SrcLoc":"src/dirname.c:107","Type":"CALL!SHUFFLEARGS$2$"},"281":{"FuncName":"main","IRPosInFunc":[40],"SrcLoc":"src/dirname.c:107","Type":"CALL!SHUFFLEARGS$2$"},"282":{"FuncName":"main","IRPosInFunc":[40],"SrcLoc":"src/dirname.c:107","Type":"CALL!SHUFFLEARGS$2$"},"283":{"FuncName":"main","IRPosInFunc":[40],"SrcLoc":"src/dirname.c:107","Type":"CALL!SHUFFLEARGS$2$"},"284":{"FuncName":"main","IRPosInFunc":[40],"SrcLoc":"src/dirname.c:107","Type":"CALL!SHUFFLEARGS$2$"},"285":{"FuncName":"main","IRPosInFunc":[40],"SrcLoc":"src/dirname.c:107","Type":"CALL!SHUFFLEARGS$2$"},"286":{"FuncName":"main","IRPosInFunc":[40],"SrcLoc":"src/dirname.c:107","Type":"CALL!SHUFFLEARGS$2$"},"287":{"FuncName":"main","IRPosInFunc":[40],"SrcLoc":"src/dirname.c:107","Type":"CALL!SHUFFLEARGS$2$"},"288":{"FuncName":"main","IRPosInFunc":[40],"SrcLoc":"src/dirname.c:107","Type":"CALL!SHUFFLEARGS$2$"},"289":{"FuncName":"main","IRPosInFunc":[40],"SrcLoc":"src/dirname.c:107","Type":"CALL!SHUFFLEARGS$2$"},"29":{"FuncName":"usage","IRPosInFunc":[4],"SrcLoc":"src/dirname.c:46","Type":"NEQ$@1$@2$!BITNOT$@1$"},"290":{"FuncName":"main","IRPosInFunc":[40],"SrcLoc":"src/dirname.c:107","Type":"CALL!SHUFFLEARGS$2$"},"291":{"FuncName":"main","IRPosInFunc":[41],"SrcLoc":"src/dirname.c:107","Type":"STMT!TRAPSTMT"},"292":{"FuncName":"main","IRPosInFunc":[41],"SrcLoc":"src/dirname.c:107","Type":"STMT!DELSTMT"},"293":{"FuncName":"main","IRPosInFunc":[43],"SrcLoc":"src/dirname.c:110","Type":"STMT!TRAPSTMT"},"294":{"FuncName":"main","IRPosInFunc":[43],"SrcLoc":"src/dirname.c:110","Type":"STMT!DELSTMT"},"295":{"FuncName":"main","IRPosInFunc":[45],"SrcLoc":"src/dirname.c:112","Type":"STMT!DELSTMT"},"296":{"FuncName":"main","IRPosInFunc":[48,47],"SrcLoc":"src/dirname.c:114","Type":"PDEREF_ADD$A1$@2$!PADD_DEREF$A1$@2$"},"297":{"FuncName":"main","IRPosInFunc":[48,47],"SrcLoc":"src/dirname.c:114","Type":"PDEREF_ADD$A1$@2$!PSUB_DEREF$A1$@2$"},"298":{"FuncName":"main","IRPosInFunc":[46],"SrcLoc":"src/dirname.c:114","Type":"@!ABS$@$"},"299":{"FuncName":"main","IRPosInFunc":[47],"SrcLoc":"src/dirname.c:114","Type":"@!ABS$@$"},"3":{"FuncName":"usage","IRPosInFunc":[1],"SrcLoc":"","Type":"ASSIGN$V1$@2$!LE$@2$V1$"},"30":{"FuncName":"usage","IRPosInFunc":[4],"SrcLoc":"src/dirname.c:46","Type":"NEQ$@1$@2$!DIV$@1$@2$"},"300":{"FuncName":"main","IRPosInFunc":[48],"SrcLoc":"src/dirname.c:114","Type":"@!ABS$@$"},"301":{"FuncName":"main","IRPosInFunc":[49],"SrcLoc":"src/dirname.c:114","Type":"@!ABS$@$"},"302":{"FuncName":"main","IRPosInFunc":[48],"SrcLoc":"src/dirname.c:114","Type":"C!CONSTVAL$0$"},"303":{"FuncName":"main","IRPosInFunc":[48],"SrcLoc":"src/dirname.c:114","Type":"C!ADD$C$1$"},"304":{"FuncName":"main","IRPosInFunc":[48],"SrcLoc":"src/dirname.c:114","Type":"ADD$V1$@2$!ASSIGN$V1$@2$"},"305":{"FuncName":"main","IRPosInFunc":[48],"SrcLoc":"src/dirname.c:114","Type":"ADD$@1$@2$!GT$@2$@1$"},"306":{"FuncName":"main","IRPosInFunc":[48],"SrcLoc":"src/dirname.c:114","Type":"ADD$@1$@2$!SUB$@1$@2$"},"307":{"FuncName":"main","IRPosInFunc":[48],"SrcLoc":"src/dirname.c:114","Type":"ADD$@1$@2$!BITSHR$@2$@1$"},"308":{"FuncName":"main","IRPosInFunc":[48],"SrcLoc":"src/dirname.c:114","Type":"ADD$@1$@2$!LT$@1$@2$"},"309":{"FuncName":"main","IRPosInFunc":[48],"SrcLoc":"src/dirname.c:114","Type":"ADD$@1$@2$!SUB$@2$@1$"},"31":{"FuncName":"usage","IRPosInFunc":[4],"SrcLoc":"src/dirname.c:46","Type":"NEQ$@1$@2$!SUB$@2$@1$"},"310":{"FuncName":"main","IRPosInFunc":[48],"SrcLoc":"src/dirname.c:114","Type":"ADD$@1$@2$!OPERAND$@2$"},"311":{"FuncName":"main","IRPosInFunc":[48],"SrcLoc":"src/dirname.c:114","Type":"ADD$@1$@2$!LE$@2$@1$"},"312":{"FuncName":"main","IRPosInFunc":[48],"SrcLoc":"src/dirname.c:114","Type":"ADD$@1$@2$!BITAND$@1$@2$"},"313":{"FuncName":"main","IRPosInFunc":[48],"SrcLoc":"src/dirname.c:114","Type":"ADD$@1$@2$!ABS$@1$"},"314":{"FuncName":"main","IRPosInFunc":[48],"SrcLoc":"src/dirname.c:114","Type":"ADD$@1$@2$!LE$@1$@2$"},"315":{"FuncName":"main","IRPosInFunc":[48],"SrcLoc":"src/dirname.c:114","Type":"ADD$@1$@2$!CONSTVAL$0$"},"316":{"FuncName":"main","IRPosInFunc":[48],"SrcLoc":"src/dirname.c:114","Type":"ADD$@1$@2$!MOD$@1$@2$"},"317":{"FuncName":"main","IRPosInFunc":[48],"SrcLoc":"src/dirname.c:114","Type":"ADD$@1$@2$!MOD$@2$@1$"},"318":{"FuncName":"main","IRPosInFunc":[48],"SrcLoc":"src/dirname.c:114","Type":"ADD$@1$@2$!BITXOR$@1$@2$"},"319":{"FuncName":"main","IRPosInFunc":[48],"SrcLoc":"src/dirname.c:114","Type":"ADD$@1$@2$!LT$@2$@1$"},"32":{"FuncName":"usage","IRPosInFunc":[4],"SrcLoc":"src/dirname.c:46","Type":"NEQ$@1$@2$!EQ$@1$@2$"},"320":{"FuncName":"main","IRPosInFunc":[48],"SrcLoc":"src/dirname.c:114","Type":"ADD$@1$@2$!DIV$@2$@1$"},"321":{"FuncName":"main","IRPosInFunc":[48],"SrcLoc":"src/dirname.c:114","Type":"ADD$@1$@2$!NEG$@1$"},"322":{"FuncName":"main","IRPosInFunc":[48],"SrcLoc":"src/dirname.c:114","Type":"ADD$@1$@2$!BITOR$@1$@2$"},"323":{"FuncName":"main","IRPosInFunc":[48],"SrcLoc":"src/dirname.c:114","Type":"ADD$@1$@2$!BITNOT$@2$"},"324":{"FuncName":"main","IRPosInFunc":[48],"SrcLoc":"src/dirname.c:114","Type":"ADD$@1$@2$!NEG$@2$"},"325":{"FuncName":"main","IRPosInFunc":[48],"SrcLoc":"src/dirname.c:114","Type":"ADD$@1$@2$!GT$@1$@2$"},"326":{"FuncName":"main","IRPosInFunc":[48],"SrcLoc":"src/dirname.c:114","Type":"ADD$@1$@2$!GE$@1$@2$"},"327":{"FuncName":"main","IRPosInFunc":[48],"SrcLoc":"src/dirname.c:114","Type":"ADD$@1$@2$!EQ$@1$@2$"},"328":{"FuncName":"main","IRPosInFunc":[48],"SrcLoc":"src/dirname.c:114","Type":"ADD$@1$@2$!GE$@2$@1$"},"329":{"FuncName":"main","IRPosInFunc":[48],"SrcLoc":"src/dirname.c:114","Type":"ADD$@1$@2$!BITSHL$@1$@2$"},"33":{"FuncName":"usage","IRPosInFunc":[4],"SrcLoc":"src/dirname.c:46","Type":"NEQ$@1$@2$!MOD$@1$@2$"},"330":{"FuncName":"main","IRPosInFunc":[48],"SrcLoc":"src/dirname.c:114","Type":"ADD$@1$@2$!NEQ$@1$@2$"},"331":{"FuncName":"main","IRPosInFunc":[48],"SrcLoc":"src/dirname.c:114","Type":"ADD$@1$@2$!BITNOT$@1$"},"332":{"FuncName":"main","IRPosInFunc":[48],"SrcLoc":"src/dirname.c:114","Type":"ADD$@1$@2$!BITSHL$@2$@1$"},"333":{"FuncName":"main","IRPosInFunc":[48],"SrcLoc":"src/dirname.c:114","Type":"ADD$@1$@2$!BITSHR$@1$@2$"},"334":{"FuncName":"main","IRPosInFunc":[48],"SrcLoc":"src/dirname.c:114","Type":"ADD$@1$@2$!GT$@2$@1$"},"335":{"FuncName":"main","IRPosInFunc":[48],"SrcLoc":"src/dirname.c:114","Type":"ADD$@1$@2$!BITSHR$@2$@1$"},"336":{"FuncName":"main","IRPosInFunc":[48],"SrcLoc":"src/dirname.c:114","Type":"ADD$@1$@2$!LT$@1$@2$"},"337":{"FuncName":"main","IRPosInFunc":[48],"SrcLoc":"src/dirname.c:114","Type":"ADD$@1$@2$!LE$@2$@1$"},"338":{"FuncName":"main","IRPosInFunc":[48],"SrcLoc":"src/dirname.c:114","Type":"ADD$@1$@2$!LE$@1$@2$"},"339":{"FuncName":"main","IRPosInFunc":[48],"SrcLoc":"src/dirname.c:114","Type":"ADD$@1$@2$!MOD$@2$@1$"},"34":{"FuncName":"usage","IRPosInFunc":[4],"SrcLoc":"src/dirname.c:46","Type":"NEQ$@1$@2$!GT$@2$@1$"},"340":{"FuncName":"main","IRPosInFunc":[48],"SrcLoc":"src/dirname.c:114","Type":"ADD$@1$@2$!LT$@2$@1$"},"341":{"FuncName":"main","IRPosInFunc":[48],"SrcLoc":"src/dirname.c:114","Type":"ADD$@1$@2$!DIV$@2$@1$"},"342":{"FuncName":"main","IRPosInFunc":[48],"SrcLoc":"src/dirname.c:114","Type":"ADD$@1$@2$!GT$@1$@2$"},"343":{"FuncName":"main","IRPosInFunc":[48],"SrcLoc":"src/dirname.c:114","Type":"ADD$@1$@2$!GE$@1$@2$"},"344":{"FuncName":"main","IRPosInFunc":[48],"SrcLoc":"src/dirname.c:114","Type":"ADD$@1$@2$!GE$@2$@1$"},"345":{"FuncName":"main","IRPosInFunc":[48],"SrcLoc":"src/dirname.c:114","Type":"ADD$@1$@2$!BITSHR$@1$@2$"},"346":{"FuncName":"main","IRPosInFunc":[49],"SrcLoc":"src/dirname.c:114","Type":"LT$V1$@2$!ASSIGN$V1$@2$"},"347":{"FuncName":"main","IRPosInFunc":[49],"SrcLoc":"src/dirname.c:114","Type":"LT$@1$@2$!MOD$@2$@1$"},"348":{"FuncName":"main","IRPosInFunc":[49],"SrcLoc":"src/dirname.c:114","Type":"LT$@1$@2$!NEG$@2$"},"349":{"FuncName":"main","IRPosInFunc":[49],"SrcLoc":"src/dirname.c:114","Type":"LT$@1$@2$!BITXOR$@1$@2$"},"35":{"FuncName":"usage","IRPosInFunc":[4],"SrcLoc":"src/dirname.c:46","Type":"NEQ$@1$@2$!GE$@1$@2$"},"350":{"FuncName":"main","IRPosInFunc":[49],"SrcLoc":"src/dirname.c:114","Type":"LT$@1$@2$!DIV$@2$@1$"},"351":{"FuncName":"main","IRPosInFunc":[49],"SrcLoc":"src/dirname.c:114","Type":"LT$@1$@2$!BITSHR$@1$@2$"},"352":{"FuncName":"main","IRPosInFunc":[49],"SrcLoc":"src/dirname.c:114","Type":"LT$@1$@2$!BITOR$@1$@2$"},"353":{"FuncName":"main","IRPosInFunc":[49],"SrcLoc":"src/dirname.c:114","Type":"LT$@1$@2$!SUB$@2$@1$"},"354":{"FuncName":"main","IRPosInFunc":[49],"SrcLoc":"src/dirname.c:114","Type":"LT$@1$@2$!NEG$@1$"},"355":{"FuncName":"main","IRPosInFunc":[49],"SrcLoc":"src/dirname.c:114","Type":"LT$@1$@2$!NEQ$@1$@2$"},"356":{"FuncName":"main","IRPosInFunc":[49],"SrcLoc":"src/dirname.c:114","Type":"LT$@1$@2$!BITNOT$@2$"},"357":{"FuncName":"main","IRPosInFunc":[49],"SrcLoc":"src/dirname.c:114","Type":"LT$@1$@2$!BITSHL$@2$@1$"},"358":{"FuncName":"main","IRPosInFunc":[49],"SrcLoc":"src/dirname.c:114","Type":"LT$@1$@2$!BITSHL$@1$@2$"},"359":{"FuncName":"main","IRPosInFunc":[49],"SrcLoc":"src/dirname.c:114","Type":"LT$@1$@2$!CONSTVAL$1$"},"36":{"FuncName":"usage","IRPosInFunc":[4],"SrcLoc":"src/dirname.c:46","Type":"NEQ$@1$@2$!GT$@1$@2$"},"360":{"FuncName":"main","IRPosInFunc":[49],"SrcLoc":"src/dirname.c:114","Type":"LT$@1$@2$!EQ$@1$@2$"},"361":{"FuncName":"main","IRPosInFunc":[49],"SrcLoc":"src/dirname.c:114","Type":"LT$@1$@2$!ADD$@1$@2$"},"362":{"FuncName":"main","IRPosInFunc":[49],"SrcLoc":"src/dirname.c:114","Type":"LT$@1$@2$!OPERAND$@1$"},"363":{"FuncName":"main","IRPosInFunc":[49],"SrcLoc":"src/dirname.c:114","Type":"LT$@1$@2$!MUL$@1$@2$"},"364":{"FuncName":"main","IRPosInFunc":[49],"SrcLoc":"src/dirname.c:114","Type":"LT$@1$@2$!BITAND$@1$@2$"},"365":{"FuncName":"main","IRPosInFunc":[49],"SrcLoc":"src/dirname.c:114","Type":"LT$@1$@2$!ABS$@1$"},"366":{"FuncName":"main","IRPosInFunc":[49],"SrcLoc":"src/dirname.c:114","Type":"LT$@1$@2$!ABS$@2$"},"367":{"FuncName":"main","IRPosInFunc":[49],"SrcLoc":"src/dirname.c:114","Type":"LT$@1$@2$!OPERAND$@2$"},"368":{"FuncName":"main","IRPosInFunc":[49],"SrcLoc":"src/dirname.c:114","Type":"LT$@1$@2$!MOD$@1$@2$"},"369":{"FuncName":"main","IRPosInFunc":[49],"SrcLoc":"src/dirname.c:114","Type":"LT$@1$@2$!LE$@2$@1$"},"37":{"FuncName":"usage","IRPosInFunc":[4],"SrcLoc":"src/dirname.c:46","Type":"NEQ$@1$@2$!LT$@2$@1$"},"370":{"FuncName":"main","IRPosInFunc":[49],"SrcLoc":"src/dirname.c:114","Type":"LT$@1$@2$!GE$@2$@1$"},"371":{"FuncName":"main","IRPosInFunc":[49],"SrcLoc":"src/dirname.c:114","Type":"LT$@1$@2$!CONSTVAL$0$"},"372":{"FuncName":"main","IRPosInFunc":[49],"SrcLoc":"src/dirname.c:114","Type":"LT$@1$@2$!SUB$@1$@2$"},"373":{"FuncName":"main","IRPosInFunc":[49],"SrcLoc":"src/dirname.c:114","Type":"LT$@1$@2$!LE$@1$@2$"},"374":{"FuncName":"main","IRPosInFunc":[49],"SrcLoc":"src/dirname.c:114","Type":"LT$@1$@2$!DIV$@1$@2$"},"375":{"FuncName":"main","IRPosInFunc":[49],"SrcLoc":"src/dirname.c:114","Type":"LT$@1$@2$!GE$@1$@2$"},"376":{"FuncName":"main","IRPosInFunc":[49],"SrcLoc":"src/dirname.c:114","Type":"LT$@1$@2$!BITSHR$@2$@1$"},"377":{"FuncName":"main","IRPosInFunc":[49],"SrcLoc":"src/dirname.c:114","Type":"LT$@1$@2$!GT$@2$@1$"},"378":{"FuncName":"main","IRPosInFunc":[49],"SrcLoc":"src/dirname.c:114","Type":"LT$@1$@2$!BITNOT$@1$"},"379":{"FuncName":"main","IRPosInFunc":[49],"SrcLoc":"src/dirname.c:114","Type":"LT$@1$@2$!GT$@1$@2$"},"38":{"FuncName":"usage","IRPosInFunc":[4],"SrcLoc":"src/dirname.c:46","Type":"NEQ$@1$@2$!LT$@1$@2$"},"380":{"FuncName":"main","IRPosInFunc":[51],"SrcLoc":"src/dirname.c:116","Type":"STMT!TRAPSTMT"},"381":{"FuncName":"main","IRPosInFunc":[51],"SrcLoc":"src/dirname.c:116","Type":"STMT!DELSTMT"},"382":{"FuncName":"main","IRPosInFunc":[52],"SrcLoc":"src/dirname.c:117","Type":"STMT!TRAPSTMT"},"383":{"FuncName":"main","IRPosInFunc":[52],"SrcLoc":"src/dirname.c:117","Type":"STMT!DELSTMT"},"384":{"FuncName":"main","IRPosInFunc":[54],"SrcLoc":"src/dirname.c:120","Type":"STMT!TRAPSTMT"},"385":{"FuncName":"main","IRPosInFunc":[55],"SrcLoc":"src/dirname.c:120","Type":"@!ABS$@$"},"386":{"FuncName":"main","IRPosInFunc":[56],"SrcLoc":"src/dirname.c:120","Type":"@!ABS$@$"},"387":{"FuncName":"main","IRPosInFunc":[57],"SrcLoc":"src/dirname.c:120","Type":"@!ABS$@$"},"388":{"FuncName":"main","IRPosInFunc":[57],"SrcLoc":"src/dirname.c:120","Type":"LT$@1$V2$!ASSIGN$V2$@1$"},"389":{"FuncName":"main","IRPosInFunc":[57],"SrcLoc":"src/dirname.c:120","Type":"LT$V1$@2$!ASSIGN$V1$@2$"},"39":{"FuncName":"usage","IRPosInFunc":[4],"SrcLoc":"src/dirname.c:46","Type":"NEQ$@1$@2$!LE$@1$@2$"},"390":{"FuncName":"main","IRPosInFunc":[57],"SrcLoc":"src/dirname.c:120","Type":"LT$@1$@2$!MOD$@2$@1$"},"391":{"FuncName":"main","IRPosInFunc":[57],"SrcLoc":"src/dirname.c:120","Type":"LT$@1$@2$!NEG$@2$"},"392":{"FuncName":"main","IRPosInFunc":[57],"SrcLoc":"src/dirname.c:120","Type":"LT$@1$@2$!BITXOR$@1$@2$"},"393":{"FuncName":"main","IRPosInFunc":[57],"SrcLoc":"src/dirname.c:120","Type":"LT$@1$@2$!DIV$@2$@1$"},"394":{"FuncName":"main","IRPosInFunc":[57],"SrcLoc":"src/dirname.c:120","Type":"LT$@1$@2$!BITSHR$@1$@2$"},"395":{"FuncName":"main","IRPosInFunc":[57],"SrcLoc":"src/dirname.c:120","Type":"LT$@1$@2$!BITOR$@1$@2$"},"396":{"FuncName":"main","IRPosInFunc":[57],"SrcLoc":"src/dirname.c:120","Type":"LT$@1$@2$!SUB$@2$@1$"},"397":{"FuncName":"main","IRPosInFunc":[57],"SrcLoc":"src/dirname.c:120","Type":"LT$@1$@2$!NEG$@1$"},"398":{"FuncName":"main","IRPosInFunc":[57],"SrcLoc":"src/dirname.c:120","Type":"LT$@1$@2$!NEQ$@1$@2$"},"399":{"FuncName":"main","IRPosInFunc":[57],"SrcLoc":"src/dirname.c:120","Type":"LT$@1$@2$!BITNOT$@2$"},"4":{"FuncName":"usage","IRPosInFunc":[1],"SrcLoc":"","Type":"ASSIGN$V1$@2$!ABS$V1$"},"40":{"FuncName":"usage","IRPosInFunc":[4],"SrcLoc":"src/dirname.c:46","Type":"NEQ$@1$@2$!GE$@2$@1$"},"400":{"FuncName":"main","IRPosInFunc":[57],"SrcLoc":"src/dirname.c:120","Type":"LT$@1$@2$!BITSHL$@2$@1$"},"401":{"FuncName":"main","IRPosInFunc":[57],"SrcLoc":"src/dirname.c:120","Type":"LT$@1$@2$!BITSHL$@1$@2$"},"402":{"FuncName":"main","IRPosInFunc":[57],"SrcLoc":"src/dirname.c:120","Type":"LT$@1$@2$!CONSTVAL$1$"},"403":{"FuncName":"main","IRPosInFunc":[57],"SrcLoc":"src/dirname.c:120","Type":"LT$@1$@2$!EQ$@1$@2$"},"404":{"FuncName":"main","IRPosInFunc":[57],"SrcLoc":"src/dirname.c:120","Type":"LT$@1$@2$!ADD$@1$@2$"},"405":{"FuncName":"main","IRPosInFunc":[57],"SrcLoc":"src/dirname.c:120","Type":"LT$@1$@2$!OPERAND$@1$"},"406":{"FuncName":"main","IRPosInFunc":[57],"SrcLoc":"src/dirname.c:120","Type":"LT$@1$@2$!MUL$@1$@2$"},"407":{"FuncName":"main","IRPosInFunc":[57],"SrcLoc":"src/dirname.c:120","Type":"LT$@1$@2$!BITAND$@1$@2$"},"408":{"FuncName":"main","IRPosInFunc":[57],"SrcLoc":"src/dirname.c:120","Type":"LT$@1$@2$!ABS$@1$"},"409":{"FuncName":"main","IRPosInFunc":[57],"SrcLoc":"src/dirname.c:120","Type":"LT$@1$@2$!ABS$@2$"},"41":{"FuncName":"usage","IRPosInFunc":[4],"SrcLoc":"src/dirname.c:46","Type":"NEQ$@1$@2$!DIV$@1$@2$"},"410":{"FuncName":"main","IRPosInFunc":[57],"SrcLoc":"src/dirname.c:120","Type":"LT$@1$@2$!OPERAND$@2$"},"411":{"FuncName":"main","IRPosInFunc":[57],"SrcLoc":"src/dirname.c:120","Type":"LT$@1$@2$!MOD$@1$@2$"},"412":{"FuncName":"main","IRPosInFunc":[57],"SrcLoc":"src/dirname.c:120","Type":"LT$@1$@2$!LE$@2$@1$"},"413":{"FuncName":"main","IRPosInFunc":[57],"SrcLoc":"src/dirname.c:120","Type":"LT$@1$@2$!GE$@2$@1$"},"414":{"FuncName":"main","IRPosInFunc":[57],"SrcLoc":"src/dirname.c:120","Type":"LT$@1$@2$!CONSTVAL$0$"},"415":{"FuncName":"main","IRPosInFunc":[57],"SrcLoc":"src/dirname.c:120","Type":"LT$@1$@2$!SUB$@1$@2$"},"416":{"FuncName":"main","IRPosInFunc":[57],"SrcLoc":"src/dirname.c:120","Type":"LT$@1$@2$!LE$@1$@2$"},"417":{"FuncName":"main","IRPosInFunc":[57],"SrcLoc":"src/dirname.c:120","Type":"LT$@1$@2$!DIV$@1$@2$"},"418":{"FuncName":"main","IRPosInFunc":[57],"SrcLoc":"src/dirname.c:120","Type":"LT$@1$@2$!GE$@1$@2$"},"419":{"FuncName":"main","IRPosInFunc":[57],"SrcLoc":"src/dirname.c:120","Type":"LT$@1$@2$!BITSHR$@2$@1$"},"42":{"FuncName":"usage","IRPosInFunc":[4],"SrcLoc":"src/dirname.c:46","Type":"NEQ$@1$@2$!GT$@1$@2$"},"420":{"FuncName":"main","IRPosInFunc":[57],"SrcLoc":"src/dirname.c:120","Type":"LT$@1$@2$!GT$@2$@1$"},"421":{"FuncName":"main","IRPosInFunc":[57],"SrcLoc":"src/dirname.c:120","Type":"LT$@1$@2$!BITNOT$@1$"},"422":{"FuncName":"main","IRPosInFunc":[57],"SrcLoc":"src/dirname.c:120","Type":"LT$@1$@2$!GT$@1$@2$"},"423":{"FuncName":"main","IRPosInFunc":[59,60,61,62,63,64],"SrcLoc":"src/dirname.c:122","Type":"STMT!TRAPSTMT"},"424":{"FuncName":"main","IRPosInFunc":[59,60,61,62,63,64],"SrcLoc":"src/dirname.c:122","Type":"STMT!DELSTMT"},"425":{"FuncName":"main","IRPosInFunc":[62,63],"SrcLoc":"src/dirname.c:122","Type":"PADD_DEREF$P1$@2$!PDEREF_LEFTINC$P1$"},"426":{"FuncName":"main","IRPosInFunc":[62,63],"SrcLoc":"src/dirname.c:122","Type":"PADD_DEREF$P1$@2$!PDEREF_RIGHTDEC$P1$"},"427":{"FuncName":"main","IRPosInFunc":[62,63],"SrcLoc":"src/dirname.c:122","Type":"PADD_DEREF$P1$@2$!PDEREF_LEFTDEC$P1$"},"428":{"FuncName":"main","IRPosInFunc":[62,63],"SrcLoc":"src/dirname.c:122","Type":"PADD_DEREF$P1$@2$!PDEREF_RIGHTINC$P1$"},"429":{"FuncName":"main","IRPosInFunc":[62,63],"SrcLoc":"src/dirname.c:122","Type":"PADD_DEREF$A1$@2$!PDEREF_ADD$A1$@2$"},"43":{"FuncName":"usage","IRPosInFunc":[4],"SrcLoc":"src/dirname.c:46","Type":"NEQ$@1$@2$!LT$@2$@1$"},"430":{"FuncName":"main","IRPosInFunc":[62,63],"SrcLoc":"src/dirname.c:122","Type":"PADD_DEREF$A1$@2$!PDEREF_SUB$A1$@2$"},"431":{"FuncName":"main","IRPosInFunc":[61],"SrcLoc":"src/dirname.c:122","Type":"A!CONSTVAL$0$"},"432":{"FuncName":"main","IRPosInFunc":[62],"SrcLoc":"src/dirname.c:122","Type":"A!CONSTVAL$0$"},"433":{"FuncName":"main","IRPosInFunc":[59],"SrcLoc":"src/dirname.c:122","Type":"@!ABS$@$"},"434":{"FuncName":"main","IRPosInFunc":[60],"SrcLoc":"src/dirname.c:122","Type":"@!ABS$@$"},"435":{"FuncName":"main","IRPosInFunc":[62],"SrcLoc":"src/dirname.c:122","Type":"PADD$A1$@2$!OPERAND$@2$"},"436":{"FuncName":"main","IRPosInFunc":[62],"SrcLoc":"src/dirname.c:122","Type":"PADD$A1$@2$!PSUB$A1$@2$"},"437":{"FuncName":"main","IRPosInFunc":[62],"SrcLoc":"src/dirname.c:122","Type":"PADD$A1$@2$!OPERAND$A1$"},"438":{"FuncName":"main","IRPosInFunc":[62],"SrcLoc":"src/dirname.c:122","Type":"PADD$P1$@2$!PLEFTINC$P1$"},"439":{"FuncName":"main","IRPosInFunc":[62],"SrcLoc":"src/dirname.c:122","Type":"PADD$P1$@2$!PRIGHTDEC$P1$"},"44":{"FuncName":"usage","IRPosInFunc":[4],"SrcLoc":"src/dirname.c:46","Type":"NEQ$@1$@2$!LE$@1$@2$"},"440":{"FuncName":"main","IRPosInFunc":[62],"SrcLoc":"src/dirname.c:122","Type":"PADD$P1$@2$!PRIGHTINC$P1$"},"441":{"FuncName":"main","IRPosInFunc":[62],"SrcLoc":"src/dirname.c:122","Type":"PADD$P1$@2$!PLEFTDEC$P1$"},"442":{"FuncName":"main","IRPosInFunc":[61],"SrcLoc":"src/dirname.c:122","Type":"P!PRIGHTDEC$P$"},"443":{"FuncName":"main","IRPosInFunc":[61],"SrcLoc":"src/dirname.c:122","Type":"P!PLEFTINC$P$"},"444":{"FuncName":"main","IRPosInFunc":[61],"SrcLoc":"src/dirname.c:122","Type":"P!PRIGHTINC$P$"},"445":{"FuncName":"main","IRPosInFunc":[61],"SrcLoc":"src/dirname.c:122","Type":"P!PLEFTDEC$P$"},"446":{"FuncName":"main","IRPosInFunc":[65,66,67],"SrcLoc":"src/dirname.c:123","Type":"STMT!TRAPSTMT"},"447":{"FuncName":"main","IRPosInFunc":[65,66,67],"SrcLoc":"src/dirname.c:123","Type":"STMT!DELSTMT"},"448":{"FuncName":"main","IRPosInFunc":[67],"SrcLoc":"src/dirname.c:123","Type":"ASSIGN$V1$@2$!BITOR$V1$@2$"},"449":{"FuncName":"main","IRPosInFunc":[67],"SrcLoc":"src/dirname.c:123","Type":"ASSIGN$V1$@2$!LE$@2$V1$"},"45":{"FuncName":"usage","IRPosInFunc":[4],"SrcLoc":"src/dirname.c:46","Type":"NEQ$@1$@2$!GE$@2$@1$"},"450":{"FuncName":"main","IRPosInFunc":[67],"SrcLoc":"src/dirname.c:123","Type":"ASSIGN$V1$@2$!ABS$V1$"},"451":{"FuncName":"main","IRPosInFunc":[67],"SrcLoc":"src/dirname.c:123","Type":"ASSIGN$V1$@2$!LT$@2$V1$"},"452":{"FuncName":"main","IRPosInFunc":[67],"SrcLoc":"src/dirname.c:123","Type":"ASSIGN$V1$@2$!NEQ$V1$@2$"},"453":{"FuncName":"main","IRPosInFunc":[67],"SrcLoc":"src/dirname.c:123","Type":"ASSIGN$V1$@2$!LT$V1$@2$"},"454":{"FuncName":"main","IRPosInFunc":[67],"SrcLoc":"src/dirname.c:123","Type":"ASSIGN$V1$@2$!EQ$V1$@2$"},"455":{"FuncName":"main","IRPosInFunc":[67],"SrcLoc":"src/dirname.c:123","Type":"ASSIGN$V1$@2$!GE$@2$V1$"},"456":{"FuncName":"main","IRPosInFunc":[67],"SrcLoc":"src/dirname.c:123","Type":"ASSIGN$V1$@2$!ABS$@2$"},"457":{"FuncName":"main","IRPosInFunc":[67],"SrcLoc":"src/dirname.c:123","Type":"ASSIGN$V1$@2$!GE$V1$@2$"},"458":{"FuncName":"main","IRPosInFunc":[67],"SrcLoc":"src/dirname.c:123","Type":"ASSIGN$V1$@2$!LE$V1$@2$"},"459":{"FuncName":"main","IRPosInFunc":[67],"SrcLoc":"src/dirname.c:123","Type":"ASSIGN$V1$@2$!GT$@2$V1$"},"46":{"FuncName":"usage","IRPosInFunc":[4],"SrcLoc":"src/dirname.c:46","Type":"@!ABS$@$"},"460":{"FuncName":"main","IRPosInFunc":[67],"SrcLoc":"src/dirname.c:123","Type":"ASSIGN$V1$@2$!GT$V1$@2$"},"461":{"FuncName":"main","IRPosInFunc":[67],"SrcLoc":"src/dirname.c:123","Type":"ASSIGN$V1$@2$!LE$@2$V1$"},"462":{"FuncName":"main","IRPosInFunc":[67],"SrcLoc":"src/dirname.c:123","Type":"ASSIGN$V1$@2$!LT$@2$V1$"},"463":{"FuncName":"main","IRPosInFunc":[67],"SrcLoc":"src/dirname.c:123","Type":"ASSIGN$V1$@2$!LT$V1$@2$"},"464":{"FuncName":"main","IRPosInFunc":[67],"SrcLoc":"src/dirname.c:123","Type":"ASSIGN$V1$@2$!GE$@2$V1$"},"465":{"FuncName":"main","IRPosInFunc":[67],"SrcLoc":"src/dirname.c:123","Type":"ASSIGN$V1$@2$!GE$V1$@2$"},"466":{"FuncName":"main","IRPosInFunc":[67],"SrcLoc":"src/dirname.c:123","Type":"ASSIGN$V1$@2$!LE$V1$@2$"},"467":{"FuncName":"main","IRPosInFunc":[67],"SrcLoc":"src/dirname.c:123","Type":"ASSIGN$V1$@2$!GT$@2$V1$"},"468":{"FuncName":"main","IRPosInFunc":[67],"SrcLoc":"src/dirname.c:123","Type":"ASSIGN$V1$@2$!GT$V1$@2$"},"469":{"FuncName":"main","IRPosInFunc":[66],"SrcLoc":"src/dirname.c:123","Type":"@!ABS$@$"},"47":{"FuncName":"usage","IRPosInFunc":[4],"SrcLoc":"src/dirname.c:46","Type":"C!ADD$C$-1$"},"470":{"FuncName":"main","IRPosInFunc":[68,69,70],"SrcLoc":"src/dirname.c:125","Type":"STMT!TRAPSTMT"},"471":{"FuncName":"main","IRPosInFunc":[69],"SrcLoc":"src/dirname.c:125","Type":"NEQ$V1$@2$!ASSIGN$V1$@2$"},"472":{"FuncName":"main","IRPosInFunc":[69],"SrcLoc":"src/dirname.c:125","Type":"NEQ$@1$@2$!ABS$@1$"},"473":{"FuncName":"main","IRPosInFunc":[69],"SrcLoc":"src/dirname.c:125","Type":"NEQ$@1$@2$!BITNOT$@2$"},"474":{"FuncName":"main","IRPosInFunc":[69],"SrcLoc":"src/dirname.c:125","Type":"NEQ$@1$@2$!CONSTVAL$0$"},"475":{"FuncName":"main","IRPosInFunc":[69],"SrcLoc":"src/dirname.c:125","Type":"NEQ$@1$@2$!LE$@2$@1$"},"476":{"FuncName":"main","IRPosInFunc":[69],"SrcLoc":"src/dirname.c:125","Type":"NEQ$@1$@2$!BITNOT$@1$"},"477":{"FuncName":"main","IRPosInFunc":[69],"SrcLoc":"src/dirname.c:125","Type":"NEQ$@1$@2$!DIV$@1$@2$"},"478":{"FuncName":"main","IRPosInFunc":[69],"SrcLoc":"src/dirname.c:125","Type":"NEQ$@1$@2$!SUB$@2$@1$"},"479":{"FuncName":"main","IRPosInFunc":[69],"SrcLoc":"src/dirname.c:125","Type":"NEQ$@1$@2$!EQ$@1$@2$"},"48":{"FuncName":"usage","IRPosInFunc":[4],"SrcLoc":"src/dirname.c:46","Type":"C!ADD$C$1$"},"480":{"FuncName":"main","IRPosInFunc":[69],"SrcLoc":"src/dirname.c:125","Type":"NEQ$@1$@2$!MOD$@1$@2$"},"481":{"FuncName":"main","IRPosInFunc":[69],"SrcLoc":"src/dirname.c:125","Type":"NEQ$@1$@2$!GT$@2$@1$"},"482":{"FuncName":"main","IRPosInFunc":[69],"SrcLoc":"src/dirname.c:125","Type":"NEQ$@1$@2$!GE$@1$@2$"},"483":{"FuncName":"main","IRPosInFunc":[69],"SrcLoc":"src/dirname.c:125","Type":"NEQ$@1$@2$!GT$@1$@2$"},"484":{"FuncName":"main","IRPosInFunc":[69],"SrcLoc":"src/dirname.c:125","Type":"NEQ$@1$@2$!LT$@2$@1$"},"485":{"FuncName":"main","IRPosInFunc":[69],"SrcLoc":"src/dirname.c:125","Type":"NEQ$@1$@2$!LT$@1$@2$"},"486":{"FuncName":"main","IRPosInFunc":[69],"SrcLoc":"src/dirname.c:125","Type":"NEQ$@1$@2$!LE$@1$@2$"},"487":{"FuncName":"main","IRPosInFunc":[69],"SrcLoc":"src/dirname.c:125","Type":"NEQ$@1$@2$!GE$@2$@1$"},"488":{"FuncName":"main","IRPosInFunc":[69],"SrcLoc":"src/dirname.c:125","Type":"NEQ$@1$@2$!DIV$@1$@2$"},"489":{"FuncName":"main","IRPosInFunc":[69],"SrcLoc":"src/dirname.c:125","Type":"NEQ$@1$@2$!GT$@1$@2$"},"49":{"FuncName":"usage","IRPosInFunc":[6],"SrcLoc":"src/dirname.c:47","Type":"STMT!TRAPSTMT"},"490":{"FuncName":"main","IRPosInFunc":[69],"SrcLoc":"src/dirname.c:125","Type":"NEQ$@1$@2$!LT$@2$@1$"},"491":{"FuncName":"main","IRPosInFunc":[69],"SrcLoc":"src/dirname.c:125","Type":"NEQ$@1$@2$!LE$@1$@2$"},"492":{"FuncName":"main","IRPosInFunc":[69],"SrcLoc":"src/dirname.c:125","Type":"NEQ$@1$@2$!GE$@2$@1$"},"493":{"FuncName":"main","IRPosInFunc":[69],"SrcLoc":"src/dirname.c:125","Type":"@!ABS$@$"},"494":{"FuncName":"main","IRPosInFunc":[69],"SrcLoc":"src/dirname.c:125","Type":"C!ADD$C$-1$"},"495":{"FuncName":"main","IRPosInFunc":[69],"SrcLoc":"src/dirname.c:125","Type":"C!ADD$C$1$"},"496":{"FuncName":"main","IRPosInFunc":[71],"SrcLoc":"src/dirname.c:127","Type":"STMT!TRAPSTMT"},"497":{"FuncName":"main","IRPosInFunc":[71],"SrcLoc":"src/dirname.c:127","Type":"STMT!DELSTMT"},"498":{"FuncName":"main","IRPosInFunc":[72],"SrcLoc":"src/dirname.c:128","Type":"STMT!TRAPSTMT"},"499":{"FuncName":"main","IRPosInFunc":[72],"SrcLoc":"src/dirname.c:128","Type":"STMT!DELSTMT"},"5":{"FuncName":"usage","IRPosInFunc":[1],"SrcLoc":"","Type":"ASSIGN$V1$@2$!LT$@2$V1$"},"50":{"FuncName":"usage","IRPosInFunc":[6],"SrcLoc":"src/dirname.c:47","Type":"STMT!DELSTMT"},"500":{"FuncName":"main","IRPosInFunc":[72],"SrcLoc":"src/dirname.c:128","Type":"ASSIGN$V1$@2$!BITOR$V1$@2$"},"501":{"FuncName":"main","IRPosInFunc":[72],"SrcLoc":"src/dirname.c:128","Type":"ASSIGN$V1$@2$!LE$@2$V1$"},"502":{"FuncName":"main","IRPosInFunc":[72],"SrcLoc":"src/dirname.c:128","Type":"ASSIGN$V1$@2$!ABS$V1$"},"503":{"FuncName":"main","IRPosInFunc":[72],"SrcLoc":"src/dirname.c:128","Type":"ASSIGN$V1$@2$!LT$@2$V1$"},"504":{"FuncName":"main","IRPosInFunc":[72],"SrcLoc":"src/dirname.c:128","Type":"ASSIGN$V1$@2$!NEQ$V1$@2$"},"505":{"FuncName":"main","IRPosInFunc":[72],"SrcLoc":"src/dirname.c:128","Type":"ASSIGN$V1$@2$!LT$V1$@2$"},"506":{"FuncName":"main","IRPosInFunc":[72],"SrcLoc":"src/dirname.c:128","Type":"ASSIGN$V1$@2$!EQ$V1$@2$"},"507":{"FuncName":"main","IRPosInFunc":[72],"SrcLoc":"src/dirname.c:128","Type":"ASSIGN$V1$@2$!GE$@2$V1$"},"508":{"FuncName":"main","IRPosInFunc":[72],"SrcLoc":"src/dirname.c:128","Type":"ASSIGN$V1$@2$!GE$V1$@2$"},"509":{"FuncName":"main","IRPosInFunc":[72],"SrcLoc":"src/dirname.c:128","Type":"ASSIGN$V1$@2$!LE$V1$@2$"},"51":{"FuncName":"usage","IRPosInFunc":[7],"SrcLoc":"src/dirname.c:47","Type":"STMT!TRAPSTMT"},"510":{"FuncName":"main","IRPosInFunc":[72],"SrcLoc":"src/dirname.c:128","Type":"ASSIGN$V1$@2$!GT$@2$V1$"},"511":{"FuncName":"main","IRPosInFunc":[72],"SrcLoc":"src/dirname.c:128","Type":"ASSIGN$V1$@2$!GT$V1$@2$"},"512":{"FuncName":"main","IRPosInFunc":[72],"SrcLoc":"src/dirname.c:128","Type":"ASSIGN$V1$@2$!LE$@2$V1$"},"513":{"FuncName":"main","IRPosInFunc":[72],"SrcLoc":"src/dirname.c:128","Type":"ASSIGN$V1$@2$!LT$@2$V1$"},"514":{"FuncName":"main","IRPosInFunc":[72],"SrcLoc":"src/dirname.c:128","Type":"ASSIGN$V1$@2$!LT$V1$@2$"},"515":{"FuncName":"main","IRPosInFunc":[72],"SrcLoc":"src/dirname.c:128","Type":"ASSIGN$V1$@2$!GE$@2$V1$"},"516":{"FuncName":"main","IRPosInFunc":[72],"SrcLoc":"src/dirname.c:128","Type":"ASSIGN$V1$@2$!GE$V1$@2$"},"517":{"FuncName":"main","IRPosInFunc":[72],"SrcLoc":"src/dirname.c:128","Type":"ASSIGN$V1$@2$!LE$V1$@2$"},"518":{"FuncName":"main","IRPosInFunc":[72],"SrcLoc":"src/dirname.c:128","Type":"ASSIGN$V1$@2$!GT$@2$V1$"},"519":{"FuncName":"main","IRPosInFunc":[72],"SrcLoc":"src/dirname.c:128","Type":"ASSIGN$V1$@2$!GT$V1$@2$"},"52":{"FuncName":"usage","IRPosInFunc":[7],"SrcLoc":"src/dirname.c:47","Type":"STMT!DELSTMT"},"520":{"FuncName":"main","IRPosInFunc":[72],"SrcLoc":"src/dirname.c:128","Type":"C!CONSTVAL$0$"},"521":{"FuncName":"main","IRPosInFunc":[72],"SrcLoc":"src/dirname.c:128","Type":"C!ADD$C$1$"},"522":{"FuncName":"main","IRPosInFunc":[73],"SrcLoc":"src/dirname.c:129","Type":"STMT!TRAPSTMT"},"523":{"FuncName":"main","IRPosInFunc":[74,75,76,77],"SrcLoc":"src/dirname.c:131","Type":"STMT!TRAPSTMT"},"524":{"FuncName":"main","IRPosInFunc":[74,75,76,77],"SrcLoc":"src/dirname.c:131","Type":"STMT!DELSTMT"},"525":{"FuncName":"main","IRPosInFunc":[75],"SrcLoc":"src/dirname.c:131","Type":"@!ABS$@$"},"526":{"FuncName":"main","IRPosInFunc":[77],"SrcLoc":"src/dirname.c:131","Type":"@!ABS$@$"},"527":{"FuncName":"main","IRPosInFunc":[77],"SrcLoc":"src/dirname.c:131","Type":"CALL!SHUFFLEARGS$2$"},"528":{"FuncName":"main","IRPosInFunc":[78,79,80,81],"SrcLoc":"src/dirname.c:132","Type":"STMT!TRAPSTMT"},"529":{"FuncName":"main","IRPosInFunc":[78,79,80,81],"SrcLoc":"src/dirname.c:132","Type":"STMT!DELSTMT"},"53":{"FuncName":"usage","IRPosInFunc":[8,9],"SrcLoc":"src/dirname.c:50","Type":"STMT!TRAPSTMT"},"530":{"FuncName":"main","IRPosInFunc":[78],"SrcLoc":"src/dirname.c:132","Type":"@!ABS$@$"},"531":{"FuncName":"main","IRPosInFunc":[79],"SrcLoc":"src/dirname.c:132","Type":"@!ABS$@$"},"532":{"FuncName":"main","IRPosInFunc":[80],"SrcLoc":"src/dirname.c:132","Type":"@!ABS$@$"},"533":{"FuncName":"main","IRPosInFunc":[81],"SrcLoc":"src/dirname.c:132","Type":"@!ABS$@$"},"534":{"FuncName":"main","IRPosInFunc":[80],"SrcLoc":"src/dirname.c:132","Type":"C!CONSTVAL$0$"},"535":{"FuncName":"main","IRPosInFunc":[80],"SrcLoc":"src/dirname.c:132","Type":"C!ADD$C$-1$"},"536":{"FuncName":"main","IRPosInFunc":[80],"SrcLoc":"src/dirname.c:132","Type":"C!ADD$C$-1$"},"537":{"FuncName":"main","IRPosInFunc":[80],"SrcLoc":"src/dirname.c:132","Type":"C!ADD$C$1$"},"538":{"FuncName":"main","IRPosInFunc":[80],"SrcLoc":"src/dirname.c:132","Type":"C!ADD$C$1$"},"539":{"FuncName":"main","IRPosInFunc":[82],"SrcLoc":"src/dirname.c:133","Type":"STMT!TRAPSTMT"},"54":{"FuncName":"usage","IRPosInFunc":[8,9],"SrcLoc":"src/dirname.c:50","Type":"STMT!DELSTMT"},"540":{"FuncName":"main","IRPosInFunc":[83,84,85],"SrcLoc":"src/dirname.c:120","Type":"STMT!DELSTMT"},"541":{"FuncName":"main","IRPosInFunc":[84,83],"SrcLoc":"src/dirname.c:120","Type":"PDEREF_ADD$A1$@2$!PADD_DEREF$A1$@2$"},"542":{"FuncName":"main","IRPosInFunc":[84,83],"SrcLoc":"src/dirname.c:120","Type":"PDEREF_ADD$A1$@2$!PSUB_DEREF$A1$@2$"},"543":{"FuncName":"main","IRPosInFunc":[85],"SrcLoc":"src/dirname.c:120","Type":"ASSIGN$V1$@2$!BITOR$V1$@2$"},"544":{"FuncName":"main","IRPosInFunc":[85],"SrcLoc":"src/dirname.c:120","Type":"ASSIGN$V1$@2$!OPERAND$V1$"},"545":{"FuncName":"main","IRPosInFunc":[85],"SrcLoc":"src/dirname.c:120","Type":"ASSIGN$V1$@2$!ABS$V1$"},"546":{"FuncName":"main","IRPosInFunc":[85],"SrcLoc":"src/dirname.c:120","Type":"ASSIGN$V1$@2$!ABS$@2$"},"547":{"FuncName":"main","IRPosInFunc":[85],"SrcLoc":"src/dirname.c:120","Type":"ASSIGN$V1$@2$!LE$@2$V1$"},"548":{"FuncName":"main","IRPosInFunc":[85],"SrcLoc":"src/dirname.c:120","Type":"ASSIGN$V1$@2$!LT$@2$V1$"},"549":{"FuncName":"main","IRPosInFunc":[85],"SrcLoc":"src/dirname.c:120","Type":"ASSIGN$V1$@2$!LT$V1$@2$"},"55":{"FuncName":"usage","IRPosInFunc":[9],"SrcLoc":"src/dirname.c:50","Type":"@!ABS$@$"},"550":{"FuncName":"main","IRPosInFunc":[85],"SrcLoc":"src/dirname.c:120","Type":"ASSIGN$V1$@2$!GE$@2$V1$"},"551":{"FuncName":"main","IRPosInFunc":[85],"SrcLoc":"src/dirname.c:120","Type":"ASSIGN$V1$@2$!GE$V1$@2$"},"552":{"FuncName":"main","IRPosInFunc":[85],"SrcLoc":"src/dirname.c:120","Type":"ASSIGN$V1$@2$!LE$V1$@2$"},"553":{"FuncName":"main","IRPosInFunc":[85],"SrcLoc":"src/dirname.c:120","Type":"ASSIGN$V1$@2$!GT$@2$V1$"},"554":{"FuncName":"main","IRPosInFunc":[85],"SrcLoc":"src/dirname.c:120","Type":"ASSIGN$V1$@2$!GT$V1$@2$"},"555":{"FuncName":"main","IRPosInFunc":[83],"SrcLoc":"src/dirname.c:120","Type":"@!ABS$@$"},"556":{"FuncName":"main","IRPosInFunc":[84],"SrcLoc":"src/dirname.c:120","Type":"@!ABS$@$"},"557":{"FuncName":"main","IRPosInFunc":[84],"SrcLoc":"src/dirname.c:120","Type":"C!CONSTVAL$0$"},"558":{"FuncName":"main","IRPosInFunc":[84],"SrcLoc":"src/dirname.c:120","Type":"C!ADD$C$1$"},"559":{"FuncName":"main","IRPosInFunc":[84],"SrcLoc":"src/dirname.c:120","Type":"ADD$V1$@2$!ASSIGN$V1$@2$"},"56":{"FuncName":"usage","IRPosInFunc":[9],"SrcLoc":"src/dirname.c:50","Type":"CALL!SHUFFLEARGS$2$"},"560":{"FuncName":"main","IRPosInFunc":[84],"SrcLoc":"src/dirname.c:120","Type":"ADD$@1$@2$!GT$@2$@1$"},"561":{"FuncName":"main","IRPosInFunc":[84],"SrcLoc":"src/dirname.c:120","Type":"ADD$@1$@2$!SUB$@1$@2$"},"562":{"FuncName":"main","IRPosInFunc":[84],"SrcLoc":"src/dirname.c:120","Type":"ADD$@1$@2$!BITSHR$@2$@1$"},"563":{"FuncName":"main","IRPosInFunc":[84],"SrcLoc":"src/dirname.c:120","Type":"ADD$@1$@2$!LT$@1$@2$"},"564":{"FuncName":"main","IRPosInFunc":[84],"SrcLoc":"src/dirname.c:120","Type":"ADD$@1$@2$!SUB$@2$@1$"},"565":{"FuncName":"main","IRPosInFunc":[84],"SrcLoc":"src/dirname.c:120","Type":"ADD$@1$@2$!LE$@2$@1$"},"566":{"FuncName":"main","IRPosInFunc":[84],"SrcLoc":"src/dirname.c:120","Type":"ADD$@1$@2$!BITAND$@1$@2$"},"567":{"FuncName":"main","IRPosInFunc":[84],"SrcLoc":"src/dirname.c:120","Type":"ADD$@1$@2$!ABS$@1$"},"568":{"FuncName":"main","IRPosInFunc":[84],"SrcLoc":"src/dirname.c:120","Type":"ADD$@1$@2$!LE$@1$@2$"},"569":{"FuncName":"main","IRPosInFunc":[84],"SrcLoc":"src/dirname.c:120","Type":"ADD$@1$@2$!CONSTVAL$0$"},"57":{"FuncName":"usage","IRPosInFunc":[10,11],"SrcLoc":"src/dirname.c:54","Type":"STMT!TRAPSTMT"},"570":{"FuncName":"main","IRPosInFunc":[84],"SrcLoc":"src/dirname.c:120","Type":"ADD$@1$@2$!MOD$@1$@2$"},"571":{"FuncName":"main","IRPosInFunc":[84],"SrcLoc":"src/dirname.c:120","Type":"ADD$@1$@2$!MOD$@2$@1$"},"572":{"FuncName":"main","IRPosInFunc":[84],"SrcLoc":"src/dirname.c:120","Type":"ADD$@1$@2$!BITXOR$@1$@2$"},"573":{"FuncName":"main","IRPosInFunc":[84],"SrcLoc":"src/dirname.c:120","Type":"ADD$@1$@2$!LT$@2$@1$"},"574":{"FuncName":"main","IRPosInFunc":[84],"SrcLoc":"src/dirname.c:120","Type":"ADD$@1$@2$!DIV$@2$@1$"},"575":{"FuncName":"main","IRPosInFunc":[84],"SrcLoc":"src/dirname.c:120","Type":"ADD$@1$@2$!NEG$@1$"},"576":{"FuncName":"main","IRPosInFunc":[84],"SrcLoc":"src/dirname.c:120","Type":"ADD$@1$@2$!BITOR$@1$@2$"},"577":{"FuncName":"main","IRPosInFunc":[84],"SrcLoc":"src/dirname.c:120","Type":"ADD$@1$@2$!BITNOT$@2$"},"578":{"FuncName":"main","IRPosInFunc":[84],"SrcLoc":"src/dirname.c:120","Type":"ADD$@1$@2$!NEG$@2$"},"579":{"FuncName":"main","IRPosInFunc":[84],"SrcLoc":"src/dirname.c:120","Type":"ADD$@1$@2$!GT$@1$@2$"},"58":{"FuncName":"usage","IRPosInFunc":[10,11],"SrcLoc":"src/dirname.c:54","Type":"STMT!DELSTMT"},"580":{"FuncName":"main","IRPosInFunc":[84],"SrcLoc":"src/dirname.c:120","Type":"ADD$@1$@2$!GE$@1$@2$"},"581":{"FuncName":"main","IRPosInFunc":[84],"SrcLoc":"src/dirname.c:120","Type":"ADD$@1$@2$!EQ$@1$@2$"},"582":{"FuncName":"main","IRPosInFunc":[84],"SrcLoc":"src/dirname.c:120","Type":"ADD$@1$@2$!GE$@2$@1$"},"583":{"FuncName":"main","IRPosInFunc":[84],"SrcLoc":"src/dirname.c:120","Type":"ADD$@1$@2$!BITSHL$@1$@2$"},"584":{"FuncName":"main","IRPosInFunc":[84],"SrcLoc":"src/dirname.c:120","Type":"ADD$@1$@2$!NEQ$@1$@2$"},"585":{"FuncName":"main","IRPosInFunc":[84],"SrcLoc":"src/dirname.c:120","Type":"ADD$@1$@2$!BITNOT$@1$"},"586":{"FuncName":"main","IRPosInFunc":[84],"SrcLoc":"src/dirname.c:120","Type":"ADD$@1$@2$!BITSHL$@2$@1$"},"587":{"FuncName":"main","IRPosInFunc":[84],"SrcLoc":"src/dirname.c:120","Type":"ADD$@1$@2$!BITSHR$@1$@2$"},"588":{"FuncName":"main","IRPosInFunc":[84],"SrcLoc":"src/dirname.c:120","Type":"ADD$@1$@2$!GT$@2$@1$"},"589":{"FuncName":"main","IRPosInFunc":[84],"SrcLoc":"src/dirname.c:120","Type":"ADD$@1$@2$!BITSHR$@2$@1$"},"59":{"FuncName":"usage","IRPosInFunc":[11],"SrcLoc":"src/dirname.c:54","Type":"@!ABS$@$"},"590":{"FuncName":"main","IRPosInFunc":[84],"SrcLoc":"src/dirname.c:120","Type":"ADD$@1$@2$!LT$@1$@2$"},"591":{"FuncName":"main","IRPosInFunc":[84],"SrcLoc":"src/dirname.c:120","Type":"ADD$@1$@2$!LE$@2$@1$"},"592":{"FuncName":"main","IRPosInFunc":[84],"SrcLoc":"src/dirname.c:120","Type":"ADD$@1$@2$!LE$@1$@2$"},"593":{"FuncName":"main","IRPosInFunc":[84],"SrcLoc":"src/dirname.c:120","Type":"ADD$@1$@2$!MOD$@2$@1$"},"594":{"FuncName":"main","IRPosInFunc":[84],"SrcLoc":"src/dirname.c:120","Type":"ADD$@1$@2$!LT$@2$@1$"},"595":{"FuncName":"main","IRPosInFunc":[84],"SrcLoc":"src/dirname.c:120","Type":"ADD$@1$@2$!DIV$@2$@1$"},"596":{"FuncName":"main","IRPosInFunc":[84],"SrcLoc":"src/dirname.c:120","Type":"ADD$@1$@2$!GT$@1$@2$"},"597":{"FuncName":"main","IRPosInFunc":[84],"SrcLoc":"src/dirname.c:120","Type":"ADD$@1$@2$!GE$@1$@2$"},"598":{"FuncName":"main","IRPosInFunc":[84],"SrcLoc":"src/dirname.c:120","Type":"ADD$@1$@2$!GE$@2$@1$"},"599":{"FuncName":"main","IRPosInFunc":[84],"SrcLoc":"src/dirname.c:120","Type":"ADD$@1$@2$!BITSHR$@1$@2$"},"6":{"FuncName":"usage","IRPosInFunc":[1],"SrcLoc":"","Type":"ASSIGN$V1$@2$!NEQ$V1$@2$"},"60":{"FuncName":"usage","IRPosInFunc":[12,13],"SrcLoc":"src/dirname.c:59","Type":"STMT!TRAPSTMT"},"600":{"FuncName":"main","IRPosInFunc":[86],"SrcLoc":"src/dirname.c:120","Type":"STMT!TRAPSTMT"},"601":{"FuncName":"main","IRPosInFunc":[86],"SrcLoc":"src/dirname.c:120","Type":"STMT!DELSTMT"},"602":{"FuncName":"main","IRPosInFunc":[87],"SrcLoc":"src/dirname.c:135","Type":"STMT!TRAPSTMT"},"603":{"FuncName":"main","IRPosInFunc":[87],"SrcLoc":"src/dirname.c:135","Type":"STMT!DELSTMT"},"61":{"FuncName":"usage","IRPosInFunc":[12,13],"SrcLoc":"src/dirname.c:59","Type":"STMT!DELSTMT"},"62":{"FuncName":"usage","IRPosInFunc":[13],"SrcLoc":"src/dirname.c:59","Type":"@!ABS$@$"},"63":{"FuncName":"usage","IRPosInFunc":[14,15],"SrcLoc":"src/dirname.c:62","Type":"STMT!TRAPSTMT"},"64":{"FuncName":"usage","IRPosInFunc":[14,15],"SrcLoc":"src/dirname.c:62","Type":"STMT!DELSTMT"},"65":{"FuncName":"usage","IRPosInFunc":[15],"SrcLoc":"src/dirname.c:62","Type":"@!ABS$@$"},"66":{"FuncName":"usage","IRPosInFunc":[16,17],"SrcLoc":"src/dirname.c:63","Type":"STMT!TRAPSTMT"},"67":{"FuncName":"usage","IRPosInFunc":[16,17],"SrcLoc":"src/dirname.c:63","Type":"STMT!DELSTMT"},"68":{"FuncName":"usage","IRPosInFunc":[17],"SrcLoc":"src/dirname.c:63","Type":"@!ABS$@$"},"69":{"FuncName":"usage","IRPosInFunc":[18,19,20,21],"SrcLoc":"src/dirname.c:64","Type":"STMT!TRAPSTMT"},"7":{"FuncName":"usage","IRPosInFunc":[1],"SrcLoc":"","Type":"ASSIGN$V1$@2$!LT$V1$@2$"},"70":{"FuncName":"usage","IRPosInFunc":[18,19,20,21],"SrcLoc":"src/dirname.c:64","Type":"STMT!DELSTMT"},"71":{"FuncName":"usage","IRPosInFunc":[21],"SrcLoc":"src/dirname.c:64","Type":"@!ABS$@$"},"72":{"FuncName":"usage","IRPosInFunc":[21],"SrcLoc":"src/dirname.c:64","Type":"CALL!SHUFFLEARGS$2$"},"73":{"FuncName":"usage","IRPosInFunc":[21],"SrcLoc":"src/dirname.c:64","Type":"CALL!SHUFFLEARGS$2$"},"74":{"FuncName":"usage","IRPosInFunc":[21],"SrcLoc":"src/dirname.c:64","Type":"CALL!SHUFFLEARGS$2$"},"75":{"FuncName":"usage","IRPosInFunc":[22],"SrcLoc":"src/dirname.c:72","Type":"STMT!TRAPSTMT"},"76":{"FuncName":"usage","IRPosInFunc":[22],"SrcLoc":"src/dirname.c:72","Type":"STMT!DELSTMT"},"77":{"FuncName":"usage","IRPosInFunc":[23],"SrcLoc":"","Type":"STMT!TRAPSTMT"},"78":{"FuncName":"usage","IRPosInFunc":[24,25],"SrcLoc":"src/dirname.c:74","Type":"STMT!TRAPSTMT"},"79":{"FuncName":"usage","IRPosInFunc":[24,25],"SrcLoc":"src/dirname.c:74","Type":"STMT!DELSTMT"},"8":{"FuncName":"usage","IRPosInFunc":[1],"SrcLoc":"","Type":"ASSIGN$V1$@2$!EQ$V1$@2$"},"80":{"FuncName":"usage","IRPosInFunc":[24],"SrcLoc":"src/dirname.c:74","Type":"@!ABS$@$"},"81":{"FuncName":"main","IRPosInFunc":[7],"SrcLoc":"","Type":"STMT!TRAPSTMT"},"82":{"FuncName":"main","IRPosInFunc":[7],"SrcLoc":"","Type":"STMT!DELSTMT"},"83":{"FuncName":"main","IRPosInFunc":[7],"SrcLoc":"","Type":"ASSIGN$V1$@2$!BITOR$V1$@2$"},"84":{"FuncName":"main","IRPosInFunc":[7],"SrcLoc":"","Type":"ASSIGN$V1$@2$!MOD$@2$V1$"},"85":{"FuncName":"main","IRPosInFunc":[7],"SrcLoc":"","Type":"ASSIGN$V1$@2$!LE$@2$V1$"},"86":{"FuncName":"main","IRPosInFunc":[7],"SrcLoc":"","Type":"ASSIGN$V1$@2$!ABS$V1$"},"87":{"FuncName":"main","IRPosInFunc":[7],"SrcLoc":"","Type":"ASSIGN$V1$@2$!LT$@2$V1$"},"88":{"FuncName":"main","IRPosInFunc":[7],"SrcLoc":"","Type":"ASSIGN$V1$@2$!NEQ$V1$@2$"},"89":{"FuncName":"main","IRPosInFunc":[7],"SrcLoc":"","Type":"ASSIGN$V1$@2$!LT$V1$@2$"},"9":{"FuncName":"usage","IRPosInFunc":[1],"SrcLoc":"","Type":"ASSIGN$V1$@2$!GE$@2$V1$"},"90":{"FuncName":"main","IRPosInFunc":[7],"SrcLoc":"","Type":"ASSIGN$V1$@2$!EQ$V1$@2$"},"91":{"FuncName":"main","IRPosInFunc":[7],"SrcLoc":"","Type":"ASSIGN$V1$@2$!GE$@2$V1$"},"92":{"FuncName":"main","IRPosInFunc":[7],"SrcLoc":"","Type":"ASSIGN$V1$@2$!GE$V1$@2$"},"93":{"FuncName":"main","IRPosInFunc":[7],"SrcLoc":"","Type":"ASSIGN$V1$@2$!LE$V1$@2$"},"94":{"FuncName":"main","IRPosInFunc":[7],"SrcLoc":"","Type":"ASSIGN$V1$@2$!GT$@2$V1$"},"95":{"FuncName":"main","IRPosInFunc":[7],"SrcLoc":"","Type":"ASSIGN$V1$@2$!GT$V1$@2$"},"96":{"FuncName":"main","IRPosInFunc":[7],"SrcLoc":"","Type":"ASSIGN$V1$@2$!LT$@2$V1$"},"97":{"FuncName":"main","IRPosInFunc":[7],"SrcLoc":"","Type":"ASSIGN$V1$@2$!GE$@2$V1$"},"98":{"FuncName":"main","IRPosInFunc":[7],"SrcLoc":"","Type":"ASSIGN$V1$@2$!LE$V1$@2$"},"99":{"FuncName":"main","IRPosInFunc":[7],"SrcLoc":"","Type":"ASSIGN$V1$@2$!GT$V1$@2$"}}