{"459":{"EquivalenDuplicateOf":"0","FuncName":"main","IRPosInFunc":[82],"SrcLoc":"src/whoami.c:94","Type":"@!ABS$@$"},"460":{"EquivalenDuplicateOf":"0","FuncName":"main","IRPosInFunc":[83],"SrcLoc":"src/whoami.c:94","Type":"RETURN_BREAK_CONTINUE!DELSTMT"},"461":{"EquivalenDuplicateOf":"0","FuncName":"main","IRPosInFunc":[83],"SrcLoc":"src/whoami.c:94","Type":"STMT!DELSTMT"},"462":{"EquivalenDuplicateOf":"0","FuncName":"main","IRPosInFunc":[82,83],"SrcLoc":"src/whoami.c:94","Type":"STMT!TRAPSTMT"},"463":{"EquivalenDuplicateOf":"0","FuncName":"main","IRPosInFunc":[81],"SrcLoc":"src/whoami.c:93","Type":"STMT!TRAPSTMT"},"464":{"EquivalenDuplicateOf":"0","FuncName":"main","IRPosInFunc":[74],"SrcLoc":"src/whoami.c:89","Type":"STMT!TRAPSTMT"},"465":{"EquivalenDuplicateOf":"434","FuncName":"main","IRPosInFunc":[59],"SrcLoc":"src/whoami.c:85","Type":"RETURN_BREAK_CONTINUE!DELSTMT"},"466":{"EquivalenDuplicateOf":"405","FuncName":"main","IRPosInFunc":[55],"SrcLoc":"src/whoami.c:85","Type":"@!ABS$@$"},"467":{"EquivalenDuplicateOf":"409","FuncName":"main","IRPosInFunc":[56],"SrcLoc":"src/whoami.c:85","Type":"NEQ$@1$@2$!BITSHR$@2$@1$"},"468":{"EquivalenDuplicateOf":"409","FuncName":"main","IRPosInFunc":[56],"SrcLoc":"src/whoami.c:85","Type":"NEQ$@1$@2$!LT$@1$@2$"},"469":{"EquivalenDuplicateOf":"0","FuncName":"main","IRPosInFunc":[56],"SrcLoc":"src/whoami.c:85","Type":"NEQ$@1$@2$!BITSHR$@1$@2$"},"470":{"EquivalenDuplicateOf":"422","FuncName":"main","IRPosInFunc":[56],"SrcLoc":"src/whoami.c:85","Type":"NEQ$@1$@2$!GE$@1$@2$"},"471":{"EquivalenDuplicateOf":"409","FuncName":"main","IRPosInFunc":[56],"SrcLoc":"src/whoami.c:85","Type":"NEQ$@1$@2$!GT$@2$@1$"},"472":{"EquivalenDuplicateOf":"414","FuncName":"main","IRPosInFunc":[56],"SrcLoc":"src/whoami.c:85","Type":"NEQ$@1$@2$!MOD$@1$@2$"},"473":{"EquivalenDuplicateOf":"409","FuncName":"main","IRPosInFunc":[56],"SrcLoc":"src/whoami.c:85","Type":"NEQ$@1$@2$!MOD$@2$@1$"},"474":{"EquivalenDuplicateOf":"409","FuncName":"main","IRPosInFunc":[56],"SrcLoc":"src/whoami.c:85","Type":"NEQ$@1$@2$!DIV$@2$@1$"},"475":{"EquivalenDuplicateOf":"409","FuncName":"main","IRPosInFunc":[56],"SrcLoc":"src/whoami.c:85","Type":"NEQ$@1$@2$!BITSHR$@2$@1$"},"476":{"EquivalenDuplicateOf":"407","FuncName":"main","IRPosInFunc":[56],"SrcLoc":"src/whoami.c:85","Type":"NEQ$@1$@2$!NEG$@2$"},"477":{"EquivalenDuplicateOf":"409","FuncName":"main","IRPosInFunc":[56],"SrcLoc":"src/whoami.c:85","Type":"NEQ$@1$@2$!MUL$@1$@2$"},"478":{"EquivalenDuplicateOf":"0","FuncName":"main","IRPosInFunc":[56],"SrcLoc":"src/whoami.c:85","Type":"NEQ$@1$@2$!SUB$@1$@2$"},"479":{"EquivalenDuplicateOf":"0","FuncName":"main","IRPosInFunc":[56],"SrcLoc":"src/whoami.c:85","Type":"NEQ$@1$@2$!BITSHR$@1$@2$"},"480":{"EquivalenDuplicateOf":"409","FuncName":"main","IRPosInFunc":[56],"SrcLoc":"src/whoami.c:85","Type":"NEQ$@1$@2$!BITSHL$@2$@1$"},"481":{"EquivalenDuplicateOf":"0","FuncName":"main","IRPosInFunc":[56],"SrcLoc":"src/whoami.c:85","Type":"NEQ$@1$@2$!BITOR$@1$@2$"},"482":{"EquivalenDuplicateOf":"406","FuncName":"main","IRPosInFunc":[56],"SrcLoc":"src/whoami.c:85","Type":"NEQ$@1$@2$!CONSTVAL$1$"},"483":{"EquivalenDuplicateOf":"407","FuncName":"main","IRPosInFunc":[56],"SrcLoc":"src/whoami.c:85","Type":"NEQ$@1$@2$!ABS$@2$"},"484":{"EquivalenDuplicateOf":"0","FuncName":"main","IRPosInFunc":[56],"SrcLoc":"src/whoami.c:85","Type":"NEQ$@1$@2$!OPERAND$@1$"},"485":{"EquivalenDuplicateOf":"412","FuncName":"main","IRPosInFunc":[56],"SrcLoc":"src/whoami.c:85","Type":"NEQ$@1$@2$!NEG$@1$"},"486":{"EquivalenDuplicateOf":"409","FuncName":"main","IRPosInFunc":[56],"SrcLoc":"src/whoami.c:85","Type":"NEQ$@1$@2$!MOD$@2$@1$"},"487":{"EquivalenDuplicateOf":"407","FuncName":"main","IRPosInFunc":[56],"SrcLoc":"src/whoami.c:85","Type":"NEQ$@1$@2$!OPERAND$@2$"},"488":{"EquivalenDuplicateOf":"0","FuncName":"main","IRPosInFunc":[56],"SrcLoc":"src/whoami.c:85","Type":"NEQ$@1$@2$!BITSHL$@1$@2$"},"489":{"EquivalenDuplicateOf":"409","FuncName":"main","IRPosInFunc":[56],"SrcLoc":"src/whoami.c:85","Type":"NEQ$@1$@2$!DIV$@2$@1$"},"490":{"EquivalenDuplicateOf":"0","FuncName":"main","IRPosInFunc":[56],"SrcLoc":"src/whoami.c:85","Type":"NEQ$@1$@2$!ADD$@1$@2$"},"491":{"EquivalenDuplicateOf":"0","FuncName":"main","IRPosInFunc":[56],"SrcLoc":"src/whoami.c:85","Type":"NEQ$@1$@2$!BITXOR$@1$@2$"},"492":{"EquivalenDuplicateOf":"322","FuncName":"main","IRPosInFunc":[49],"SrcLoc":"src/whoami.c:84","Type":"ASSIGN$V1$@2$!DIV$@2$V1$"},"493":{"EquivalenDuplicateOf":"322","FuncName":"main","IRPosInFunc":[49],"SrcLoc":"src/whoami.c:84","Type":"ASSIGN$V1$@2$!MOD$V1$@2$"},"494":{"EquivalenDuplicateOf":"322","FuncName":"main","IRPosInFunc":[49],"SrcLoc":"src/whoami.c:84","Type":"ASSIGN$V1$@2$!BITSHR$@2$V1$"},"495":{"EquivalenDuplicateOf":"322","FuncName":"main","IRPosInFunc":[49],"SrcLoc":"src/whoami.c:84","Type":"ASSIGN$V1$@2$!DIV$V1$@2$"},"496":{"EquivalenDuplicateOf":"322","FuncName":"main","IRPosInFunc":[49],"SrcLoc":"src/whoami.c:84","Type":"ASSIGN$V1$@2$!BITSHR$V1$@2$"},"497":{"EquivalenDuplicateOf":"322","FuncName":"main","IRPosInFunc":[49],"SrcLoc":"src/whoami.c:84","Type":"ASSIGN$V1$@2$!MOD$@2$V1$"},"498":{"EquivalenDuplicateOf":"322","FuncName":"main","IRPosInFunc":[49],"SrcLoc":"src/whoami.c:84","Type":"ASSIGN$V1$@2$!DIV$@2$V1$"},"499":{"EquivalenDuplicateOf":"322","FuncName":"main","IRPosInFunc":[49],"SrcLoc":"src/whoami.c:84","Type":"ASSIGN$V1$@2$!BITNOT$@2$"},"500":{"EquivalenDuplicateOf":"322","FuncName":"main","IRPosInFunc":[49],"SrcLoc":"src/whoami.c:84","Type":"ASSIGN$V1$@2$!OPERAND$@2$"},"501":{"EquivalenDuplicateOf":"322","FuncName":"main","IRPosInFunc":[49],"SrcLoc":"src/whoami.c:84","Type":"ASSIGN$V1$@2$!MOD$V1$@2$"},"502":{"EquivalenDuplicateOf":"322","FuncName":"main","IRPosInFunc":[49],"SrcLoc":"src/whoami.c:84","Type":"ASSIGN$V1$@2$!BITSHR$@2$V1$"},"503":{"EquivalenDuplicateOf":"322","FuncName":"main","IRPosInFunc":[49],"SrcLoc":"src/whoami.c:84","Type":"ASSIGN$V1$@2$!SUB$V1$@2$"},"504":{"EquivalenDuplicateOf":"322","FuncName":"main","IRPosInFunc":[49],"SrcLoc":"src/whoami.c:84","Type":"ASSIGN$V1$@2$!SUB$@2$V1$"},"505":{"EquivalenDuplicateOf":"322","FuncName":"main","IRPosInFunc":[49],"SrcLoc":"src/whoami.c:84","Type":"ASSIGN$V1$@2$!DIV$V1$@2$"},"506":{"EquivalenDuplicateOf":"322","FuncName":"main","IRPosInFunc":[49],"SrcLoc":"src/whoami.c:84","Type":"ASSIGN$V1$@2$!MUL$V1$@2$"},"507":{"EquivalenDuplicateOf":"322","FuncName":"main","IRPosInFunc":[49],"SrcLoc":"src/whoami.c:84","Type":"ASSIGN$V1$@2$!BITSHR$V1$@2$"},"508":{"EquivalenDuplicateOf":"322","FuncName":"main","IRPosInFunc":[49],"SrcLoc":"src/whoami.c:84","Type":"ASSIGN$V1$@2$!CONSTVAL$0$"},"509":{"EquivalenDuplicateOf":"322","FuncName":"main","IRPosInFunc":[49],"SrcLoc":"src/whoami.c:84","Type":"ASSIGN$V1$@2$!NEG$V1$"},"510":{"EquivalenDuplicateOf":"322","FuncName":"main","IRPosInFunc":[49],"SrcLoc":"src/whoami.c:84","Type":"ASSIGN$V1$@2$!BITXOR$V1$@2$"},"511":{"EquivalenDuplicateOf":"322","FuncName":"main","IRPosInFunc":[49],"SrcLoc":"src/whoami.c:84","Type":"ASSIGN$V1$@2$!CONSTVAL$1$"},"512":{"EquivalenDuplicateOf":"322","FuncName":"main","IRPosInFunc":[49],"SrcLoc":"src/whoami.c:84","Type":"ASSIGN$V1$@2$!BITSHL$V1$@2$"},"513":{"EquivalenDuplicateOf":"322","FuncName":"main","IRPosInFunc":[49],"SrcLoc":"src/whoami.c:84","Type":"ASSIGN$V1$@2$!BITSHL$@2$V1$"},"514":{"EquivalenDuplicateOf":"322","FuncName":"main","IRPosInFunc":[49],"SrcLoc":"src/whoami.c:84","Type":"ASSIGN$V1$@2$!BITAND$V1$@2$"},"515":{"EquivalenDuplicateOf":"322","FuncName":"main","IRPosInFunc":[49],"SrcLoc":"src/whoami.c:84","Type":"ASSIGN$V1$@2$!NEG$@2$"},"516":{"EquivalenDuplicateOf":"322","FuncName":"main","IRPosInFunc":[49],"SrcLoc":"src/whoami.c:84","Type":"ASSIGN$V1$@2$!BITNOT$V1$"},"517":{"EquivalenDuplicateOf":"322","FuncName":"main","IRPosInFunc":[49],"SrcLoc":"src/whoami.c:84","Type":"ASSIGN$V1$@2$!ADD$V1$@2$"},"518":{"EquivalenDuplicateOf":"322","FuncName":"main","IRPosInFunc":[49],"SrcLoc":"src/whoami.c:84","Type":"ASSIGN$V1$@2$!OPERAND$V1$"},"519":{"EquivalenDuplicateOf":"322","FuncName":"main","IRPosInFunc":[49],"SrcLoc":"src/whoami.c:84","Type":"ASSIGN$V1$@2$!MOD$@2$V1$"},"520":{"EquivalenDuplicateOf":"302","FuncName":"main","IRPosInFunc":[47],"SrcLoc":"src/whoami.c:83","Type":"ASSIGN$V1$@2$!DIV$@2$V1$"},"521":{"EquivalenDuplicateOf":"302","FuncName":"main","IRPosInFunc":[47],"SrcLoc":"src/whoami.c:83","Type":"ASSIGN$V1$@2$!GT$@2$V1$"},"522":{"EquivalenDuplicateOf":"302","FuncName":"main","IRPosInFunc":[47],"SrcLoc":"src/whoami.c:83","Type":"ASSIGN$V1$@2$!MOD$V1$@2$"},"523":{"EquivalenDuplicateOf":"302","FuncName":"main","IRPosInFunc":[47],"SrcLoc":"src/whoami.c:83","Type":"ASSIGN$V1$@2$!BITSHR$@2$V1$"},"524":{"EquivalenDuplicateOf":"302","FuncName":"main","IRPosInFunc":[47],"SrcLoc":"src/whoami.c:83","Type":"ASSIGN$V1$@2$!GE$V1$@2$"},"525":{"EquivalenDuplicateOf":"302","FuncName":"main","IRPosInFunc":[47],"SrcLoc":"src/whoami.c:83","Type":"ASSIGN$V1$@2$!DIV$V1$@2$"},"526":{"EquivalenDuplicateOf":"302","FuncName":"main","IRPosInFunc":[47],"SrcLoc":"src/whoami.c:83","Type":"ASSIGN$V1$@2$!BITSHR$V1$@2$"},"527":{"EquivalenDuplicateOf":"302","FuncName":"main","IRPosInFunc":[47],"SrcLoc":"src/whoami.c:83","Type":"ASSIGN$V1$@2$!LT$V1$@2$"},"528":{"EquivalenDuplicateOf":"302","FuncName":"main","IRPosInFunc":[47],"SrcLoc":"src/whoami.c:83","Type":"ASSIGN$V1$@2$!LE$@2$V1$"},"529":{"EquivalenDuplicateOf":"302","FuncName":"main","IRPosInFunc":[47],"SrcLoc":"src/whoami.c:83","Type":"ASSIGN$V1$@2$!MOD$@2$V1$"},"530":{"EquivalenDuplicateOf":"302","FuncName":"main","IRPosInFunc":[47],"SrcLoc":"src/whoami.c:83","Type":"ASSIGN$V1$@2$!DIV$@2$V1$"},"531":{"EquivalenDuplicateOf":"300","FuncName":"main","IRPosInFunc":[47],"SrcLoc":"src/whoami.c:83","Type":"ASSIGN$V1$@2$!BITNOT$@2$"},"532":{"EquivalenDuplicateOf":"300","FuncName":"main","IRPosInFunc":[47],"SrcLoc":"src/whoami.c:83","Type":"ASSIGN$V1$@2$!OPERAND$@2$"},"533":{"EquivalenDuplicateOf":"302","FuncName":"main","IRPosInFunc":[47],"SrcLoc":"src/whoami.c:83","Type":"ASSIGN$V1$@2$!MOD$V1$@2$"},"534":{"EquivalenDuplicateOf":"302","FuncName":"main","IRPosInFunc":[47],"SrcLoc":"src/whoami.c:83","Type":"ASSIGN$V1$@2$!BITSHR$@2$V1$"},"535":{"EquivalenDuplicateOf":"302","FuncName":"main","IRPosInFunc":[47],"SrcLoc":"src/whoami.c:83","Type":"ASSIGN$V1$@2$!SUB$V1$@2$"},"536":{"EquivalenDuplicateOf":"302","FuncName":"main","IRPosInFunc":[47],"SrcLoc":"src/whoami.c:83","Type":"ASSIGN$V1$@2$!SUB$@2$V1$"},"537":{"EquivalenDuplicateOf":"300","FuncName":"main","IRPosInFunc":[47],"SrcLoc":"src/whoami.c:83","Type":"ASSIGN$V1$@2$!ABS$@2$"},"538":{"EquivalenDuplicateOf":"302","FuncName":"main","IRPosInFunc":[47],"SrcLoc":"src/whoami.c:83","Type":"ASSIGN$V1$@2$!DIV$V1$@2$"},"539":{"EquivalenDuplicateOf":"302","FuncName":"main","IRPosInFunc":[47],"SrcLoc":"src/whoami.c:83","Type":"ASSIGN$V1$@2$!MUL$V1$@2$"},"540":{"EquivalenDuplicateOf":"302","FuncName":"main","IRPosInFunc":[47],"SrcLoc":"src/whoami.c:83","Type":"ASSIGN$V1$@2$!BITSHR$V1$@2$"},"541":{"EquivalenDuplicateOf":"300","FuncName":"main","IRPosInFunc":[47],"SrcLoc":"src/whoami.c:83","Type":"ASSIGN$V1$@2$!CONSTVAL$0$"},"542":{"EquivalenDuplicateOf":"302","FuncName":"main","IRPosInFunc":[47],"SrcLoc":"src/whoami.c:83","Type":"ASSIGN$V1$@2$!NEG$V1$"},"543":{"EquivalenDuplicateOf":"302","FuncName":"main","IRPosInFunc":[47],"SrcLoc":"src/whoami.c:83","Type":"ASSIGN$V1$@2$!BITXOR$V1$@2$"},"544":{"EquivalenDuplicateOf":"300","FuncName":"main","IRPosInFunc":[47],"SrcLoc":"src/whoami.c:83","Type":"ASSIGN$V1$@2$!CONSTVAL$1$"},"545":{"EquivalenDuplicateOf":"302","FuncName":"main","IRPosInFunc":[47],"SrcLoc":"src/whoami.c:83","Type":"ASSIGN$V1$@2$!BITSHL$V1$@2$"},"546":{"EquivalenDuplicateOf":"302","FuncName":"main","IRPosInFunc":[47],"SrcLoc":"src/whoami.c:83","Type":"ASSIGN$V1$@2$!BITSHL$@2$V1$"},"547":{"EquivalenDuplicateOf":"302","FuncName":"main","IRPosInFunc":[47],"SrcLoc":"src/whoami.c:83","Type":"ASSIGN$V1$@2$!BITAND$V1$@2$"},"548":{"EquivalenDuplicateOf":"300","FuncName":"main","IRPosInFunc":[47],"SrcLoc":"src/whoami.c:83","Type":"ASSIGN$V1$@2$!NEG$@2$"},"549":{"EquivalenDuplicateOf":"302","FuncName":"main","IRPosInFunc":[47],"SrcLoc":"src/whoami.c:83","Type":"ASSIGN$V1$@2$!BITNOT$V1$"},"550":{"EquivalenDuplicateOf":"302","FuncName":"main","IRPosInFunc":[47],"SrcLoc":"src/whoami.c:83","Type":"ASSIGN$V1$@2$!ADD$V1$@2$"},"551":{"EquivalenDuplicateOf":"301","FuncName":"main","IRPosInFunc":[47],"SrcLoc":"src/whoami.c:83","Type":"ASSIGN$V1$@2$!OPERAND$V1$"},"552":{"EquivalenDuplicateOf":"0","FuncName":"main","IRPosInFunc":[45],"SrcLoc":"src/whoami.c:80","Type":"STMT!TRAPSTMT"},"553":{"EquivalenDuplicateOf":"0","FuncName":"main","IRPosInFunc":[43],"SrcLoc":"src/whoami.c:79","Type":"CALL!SHUFFLEARGS$2$"},"554":{"EquivalenDuplicateOf":"0","FuncName":"main","IRPosInFunc":[32],"SrcLoc":"src/whoami.c:75","Type":"STMT!TRAPSTMT"},"555":{"EquivalenDuplicateOf":"177","FuncName":"main","IRPosInFunc":[29],"SrcLoc":"src/whoami.c:74","Type":"C!ADD$C$1$"},"556":{"EquivalenDuplicateOf":"177","FuncName":"main","IRPosInFunc":[29],"SrcLoc":"src/whoami.c:74","Type":"C!CONSTVAL$0$"},"557":{"EquivalenDuplicateOf":"181","FuncName":"main","IRPosInFunc":[29],"SrcLoc":"src/whoami.c:74","Type":"NEQ$@1$@2$!GE$@2$@1$"},"558":{"EquivalenDuplicateOf":"181","FuncName":"main","IRPosInFunc":[29],"SrcLoc":"src/whoami.c:74","Type":"NEQ$@1$@2$!LE$@1$@2$"},"559":{"EquivalenDuplicateOf":"174","FuncName":"main","IRPosInFunc":[29],"SrcLoc":"src/whoami.c:74","Type":"NEQ$@1$@2$!LT$@2$@1$"},"560":{"EquivalenDuplicateOf":"174","FuncName":"main","IRPosInFunc":[29],"SrcLoc":"src/whoami.c:74","Type":"NEQ$@1$@2$!GT$@1$@2$"},"561":{"EquivalenDuplicateOf":"180","FuncName":"main","IRPosInFunc":[29],"SrcLoc":"src/whoami.c:74","Type":"NEQ$@1$@2$!BITSHR$@1$@2$"},"562":{"EquivalenDuplicateOf":"181","FuncName":"main","IRPosInFunc":[29],"SrcLoc":"src/whoami.c:74","Type":"NEQ$@1$@2$!BITSHR$@2$@1$"},"563":{"EquivalenDuplicateOf":"181","FuncName":"main","IRPosInFunc":[29],"SrcLoc":"src/whoami.c:74","Type":"NEQ$@1$@2$!NEG$@2$"},"564":{"EquivalenDuplicateOf":"180","FuncName":"main","IRPosInFunc":[29],"SrcLoc":"src/whoami.c:74","Type":"NEQ$@1$@2$!BITSHR$@1$@2$"},"565":{"EquivalenDuplicateOf":"181","FuncName":"main","IRPosInFunc":[29],"SrcLoc":"src/whoami.c:74","Type":"NEQ$@1$@2$!BITOR$@1$@2$"},"566":{"EquivalenDuplicateOf":"181","FuncName":"main","IRPosInFunc":[29],"SrcLoc":"src/whoami.c:74","Type":"NEQ$@1$@2$!CONSTVAL$1$"},"567":{"EquivalenDuplicateOf":"181","FuncName":"main","IRPosInFunc":[29],"SrcLoc":"src/whoami.c:74","Type":"NEQ$@1$@2$!ABS$@2$"},"568":{"EquivalenDuplicateOf":"177","FuncName":"main","IRPosInFunc":[29],"SrcLoc":"src/whoami.c:74","Type":"NEQ$@1$@2$!OPERAND$@1$"},"569":{"EquivalenDuplicateOf":"175","FuncName":"main","IRPosInFunc":[29],"SrcLoc":"src/whoami.c:74","Type":"NEQ$@1$@2$!BITNOT$@1$"},"570":{"EquivalenDuplicateOf":"174","FuncName":"main","IRPosInFunc":[29],"SrcLoc":"src/whoami.c:74","Type":"NEQ$@1$@2$!CONSTVAL$0$"},"571":{"EquivalenDuplicateOf":"162","FuncName":"main","IRPosInFunc":[25],"SrcLoc":"src/whoami.c:72","Type":"CALL!SHUFFLEARGS$2$"},"572":{"EquivalenDuplicateOf":"163","FuncName":"main","IRPosInFunc":[25],"SrcLoc":"src/whoami.c:72","Type":"CALL!SHUFFLEARGS$2$"},"573":{"EquivalenDuplicateOf":"164","FuncName":"main","IRPosInFunc":[25],"SrcLoc":"src/whoami.c:72","Type":"CALL!SHUFFLEARGS$2$"},"574":{"EquivalenDuplicateOf":"163","FuncName":"main","IRPosInFunc":[25],"SrcLoc":"src/whoami.c:72","Type":"CALL!SHUFFLEARGS$2$"},"575":{"EquivalenDuplicateOf":"165","FuncName":"main","IRPosInFunc":[25],"SrcLoc":"src/whoami.c:72","Type":"CALL!SHUFFLEARGS$2$"},"576":{"EquivalenDuplicateOf":"166","FuncName":"main","IRPosInFunc":[25],"SrcLoc":"src/whoami.c:72","Type":"CALL!SHUFFLEARGS$2$"},"577":{"EquivalenDuplicateOf":"167","FuncName":"main","IRPosInFunc":[25],"SrcLoc":"src/whoami.c:72","Type":"CALL!SHUFFLEARGS$2$"},"578":{"EquivalenDuplicateOf":"165","FuncName":"main","IRPosInFunc":[25],"SrcLoc":"src/whoami.c:72","Type":"CALL!SHUFFLEARGS$2$"},"579":{"EquivalenDuplicateOf":"166","FuncName":"main","IRPosInFunc":[25],"SrcLoc":"src/whoami.c:72","Type":"CALL!SHUFFLEARGS$2$"},"580":{"EquivalenDuplicateOf":"165","FuncName":"main","IRPosInFunc":[25],"SrcLoc":"src/whoami.c:72","Type":"CALL!SHUFFLEARGS$2$"},"581":{"EquivalenDuplicateOf":"168","FuncName":"main","IRPosInFunc":[25],"SrcLoc":"src/whoami.c:72","Type":"CALL!SHUFFLEARGS$2$"},"582":{"EquivalenDuplicateOf":"169","FuncName":"main","IRPosInFunc":[25],"SrcLoc":"src/whoami.c:72","Type":"CALL!SHUFFLEARGS$2$"},"583":{"EquivalenDuplicateOf":"170","FuncName":"main","IRPosInFunc":[25],"SrcLoc":"src/whoami.c:72","Type":"CALL!SHUFFLEARGS$2$"},"584":{"EquivalenDuplicateOf":"168","FuncName":"main","IRPosInFunc":[25],"SrcLoc":"src/whoami.c:72","Type":"CALL!SHUFFLEARGS$2$"},"585":{"EquivalenDuplicateOf":"169","FuncName":"main","IRPosInFunc":[25],"SrcLoc":"src/whoami.c:72","Type":"CALL!SHUFFLEARGS$2$"},"586":{"EquivalenDuplicateOf":"168","FuncName":"main","IRPosInFunc":[25],"SrcLoc":"src/whoami.c:72","Type":"CALL!SHUFFLEARGS$2$"},"587":{"EquivalenDuplicateOf":"162","FuncName":"main","IRPosInFunc":[25],"SrcLoc":"src/whoami.c:72","Type":"CALL!SHUFFLEARGS$2$"},"588":{"EquivalenDuplicateOf":"163","FuncName":"main","IRPosInFunc":[25],"SrcLoc":"src/whoami.c:72","Type":"CALL!SHUFFLEARGS$2$"},"589":{"EquivalenDuplicateOf":"164","FuncName":"main","IRPosInFunc":[25],"SrcLoc":"src/whoami.c:72","Type":"CALL!SHUFFLEARGS$2$"},"590":{"EquivalenDuplicateOf":"163","FuncName":"main","IRPosInFunc":[25],"SrcLoc":"src/whoami.c:72","Type":"CALL!SHUFFLEARGS$2$"},"591":{"EquivalenDuplicateOf":"165","FuncName":"main","IRPosInFunc":[25],"SrcLoc":"src/whoami.c:72","Type":"CALL!SHUFFLEARGS$2$"},"592":{"EquivalenDuplicateOf":"166","FuncName":"main","IRPosInFunc":[25],"SrcLoc":"src/whoami.c:72","Type":"CALL!SHUFFLEARGS$2$"},"593":{"EquivalenDuplicateOf":"165","FuncName":"main","IRPosInFunc":[25],"SrcLoc":"src/whoami.c:72","Type":"CALL!SHUFFLEARGS$2$"},"594":{"EquivalenDuplicateOf":"162","FuncName":"main","IRPosInFunc":[25],"SrcLoc":"src/whoami.c:72","Type":"CALL!SHUFFLEARGS$2$"},"595":{"EquivalenDuplicateOf":"163","FuncName":"main","IRPosInFunc":[25],"SrcLoc":"src/whoami.c:72","Type":"CALL!SHUFFLEARGS$2$"},"596":{"EquivalenDuplicateOf":"137","FuncName":"main","IRPosInFunc":[15],"SrcLoc":"src/whoami.c:62","Type":"C!ADD$C$1$"},"597":{"EquivalenDuplicateOf":"120","FuncName":"main","IRPosInFunc":[15],"SrcLoc":"src/whoami.c:62","Type":"ASSIGN$V1$@2$!DIV$@2$V1$"},"598":{"EquivalenDuplicateOf":"120","FuncName":"main","IRPosInFunc":[15],"SrcLoc":"src/whoami.c:62","Type":"ASSIGN$V1$@2$!GT$V1$@2$"},"599":{"EquivalenDuplicateOf":"120","FuncName":"main","IRPosInFunc":[15],"SrcLoc":"src/whoami.c:62","Type":"ASSIGN$V1$@2$!MOD$V1$@2$"},"600":{"EquivalenDuplicateOf":"120","FuncName":"main","IRPosInFunc":[15],"SrcLoc":"src/whoami.c:62","Type":"ASSIGN$V1$@2$!LE$V1$@2$"},"601":{"EquivalenDuplicateOf":"120","FuncName":"main","IRPosInFunc":[15],"SrcLoc":"src/whoami.c:62","Type":"ASSIGN$V1$@2$!BITSHR$@2$V1$"},"602":{"EquivalenDuplicateOf":"120","FuncName":"main","IRPosInFunc":[15],"SrcLoc":"src/whoami.c:62","Type":"ASSIGN$V1$@2$!GE$@2$V1$"},"603":{"EquivalenDuplicateOf":"120","FuncName":"main","IRPosInFunc":[15],"SrcLoc":"src/whoami.c:62","Type":"ASSIGN$V1$@2$!DIV$V1$@2$"},"604":{"EquivalenDuplicateOf":"120","FuncName":"main","IRPosInFunc":[15],"SrcLoc":"src/whoami.c:62","Type":"ASSIGN$V1$@2$!BITSHR$V1$@2$"},"605":{"EquivalenDuplicateOf":"120","FuncName":"main","IRPosInFunc":[15],"SrcLoc":"src/whoami.c:62","Type":"ASSIGN$V1$@2$!LT$@2$V1$"},"606":{"EquivalenDuplicateOf":"120","FuncName":"main","IRPosInFunc":[15],"SrcLoc":"src/whoami.c:62","Type":"ASSIGN$V1$@2$!MOD$@2$V1$"},"607":{"EquivalenDuplicateOf":"120","FuncName":"main","IRPosInFunc":[15],"SrcLoc":"src/whoami.c:62","Type":"ASSIGN$V1$@2$!DIV$@2$V1$"},"608":{"EquivalenDuplicateOf":"119","FuncName":"main","IRPosInFunc":[15],"SrcLoc":"src/whoami.c:62","Type":"ASSIGN$V1$@2$!BITNOT$@2$"},"609":{"EquivalenDuplicateOf":"119","FuncName":"main","IRPosInFunc":[15],"SrcLoc":"src/whoami.c:62","Type":"ASSIGN$V1$@2$!OPERAND$@2$"},"610":{"EquivalenDuplicateOf":"120","FuncName":"main","IRPosInFunc":[15],"SrcLoc":"src/whoami.c:62","Type":"ASSIGN$V1$@2$!MOD$V1$@2$"},"611":{"EquivalenDuplicateOf":"120","FuncName":"main","IRPosInFunc":[15],"SrcLoc":"src/whoami.c:62","Type":"ASSIGN$V1$@2$!BITSHR$@2$V1$"},"612":{"EquivalenDuplicateOf":"120","FuncName":"main","IRPosInFunc":[15],"SrcLoc":"src/whoami.c:62","Type":"ASSIGN$V1$@2$!SUB$V1$@2$"},"613":{"EquivalenDuplicateOf":"120","FuncName":"main","IRPosInFunc":[15],"SrcLoc":"src/whoami.c:62","Type":"ASSIGN$V1$@2$!SUB$@2$V1$"},"614":{"EquivalenDuplicateOf":"119","FuncName":"main","IRPosInFunc":[15],"SrcLoc":"src/whoami.c:62","Type":"ASSIGN$V1$@2$!ABS$@2$"},"615":{"EquivalenDuplicateOf":"120","FuncName":"main","IRPosInFunc":[15],"SrcLoc":"src/whoami.c:62","Type":"ASSIGN$V1$@2$!DIV$V1$@2$"},"616":{"EquivalenDuplicateOf":"120","FuncName":"main","IRPosInFunc":[15],"SrcLoc":"src/whoami.c:62","Type":"ASSIGN$V1$@2$!MUL$V1$@2$"},"617":{"EquivalenDuplicateOf":"120","FuncName":"main","IRPosInFunc":[15],"SrcLoc":"src/whoami.c:62","Type":"ASSIGN$V1$@2$!BITSHR$V1$@2$"},"618":{"EquivalenDuplicateOf":"119","FuncName":"main","IRPosInFunc":[15],"SrcLoc":"src/whoami.c:62","Type":"ASSIGN$V1$@2$!CONSTVAL$0$"},"619":{"EquivalenDuplicateOf":"120","FuncName":"main","IRPosInFunc":[15],"SrcLoc":"src/whoami.c:62","Type":"ASSIGN$V1$@2$!NEG$V1$"},"620":{"EquivalenDuplicateOf":"120","FuncName":"main","IRPosInFunc":[15],"SrcLoc":"src/whoami.c:62","Type":"ASSIGN$V1$@2$!BITXOR$V1$@2$"},"621":{"EquivalenDuplicateOf":"119","FuncName":"main","IRPosInFunc":[15],"SrcLoc":"src/whoami.c:62","Type":"ASSIGN$V1$@2$!CONSTVAL$1$"},"622":{"EquivalenDuplicateOf":"120","FuncName":"main","IRPosInFunc":[15],"SrcLoc":"src/whoami.c:62","Type":"ASSIGN$V1$@2$!BITSHL$V1$@2$"},"623":{"EquivalenDuplicateOf":"120","FuncName":"main","IRPosInFunc":[15],"SrcLoc":"src/whoami.c:62","Type":"ASSIGN$V1$@2$!BITSHL$@2$V1$"},"624":{"EquivalenDuplicateOf":"119","FuncName":"main","IRPosInFunc":[15],"SrcLoc":"src/whoami.c:62","Type":"ASSIGN$V1$@2$!BITAND$V1$@2$"},"625":{"EquivalenDuplicateOf":"119","FuncName":"main","IRPosInFunc":[15],"SrcLoc":"src/whoami.c:62","Type":"ASSIGN$V1$@2$!NEG$@2$"},"626":{"EquivalenDuplicateOf":"120","FuncName":"main","IRPosInFunc":[15],"SrcLoc":"src/whoami.c:62","Type":"ASSIGN$V1$@2$!BITNOT$V1$"},"627":{"EquivalenDuplicateOf":"120","FuncName":"main","IRPosInFunc":[15],"SrcLoc":"src/whoami.c:62","Type":"ASSIGN$V1$@2$!ADD$V1$@2$"},"628":{"EquivalenDuplicateOf":"119","FuncName":"main","IRPosInFunc":[15],"SrcLoc":"src/whoami.c:62","Type":"ASSIGN$V1$@2$!OPERAND$V1$"},"629":{"EquivalenDuplicateOf":"120","FuncName":"main","IRPosInFunc":[15],"SrcLoc":"src/whoami.c:62","Type":"ASSIGN$V1$@2$!MOD$@2$V1$"},"630":{"EquivalenDuplicateOf":"95","FuncName":"main","IRPosInFunc":[8],"SrcLoc":"","Type":"ASSIGN$V1$@2$!DIV$@2$V1$"},"631":{"EquivalenDuplicateOf":"95","FuncName":"main","IRPosInFunc":[8],"SrcLoc":"","Type":"ASSIGN$V1$@2$!MOD$V1$@2$"},"632":{"EquivalenDuplicateOf":"95","FuncName":"main","IRPosInFunc":[8],"SrcLoc":"","Type":"ASSIGN$V1$@2$!BITSHR$@2$V1$"},"633":{"EquivalenDuplicateOf":"95","FuncName":"main","IRPosInFunc":[8],"SrcLoc":"","Type":"ASSIGN$V1$@2$!DIV$V1$@2$"},"634":{"EquivalenDuplicateOf":"95","FuncName":"main","IRPosInFunc":[8],"SrcLoc":"","Type":"ASSIGN$V1$@2$!BITSHR$V1$@2$"},"635":{"EquivalenDuplicateOf":"95","FuncName":"main","IRPosInFunc":[8],"SrcLoc":"","Type":"ASSIGN$V1$@2$!MOD$@2$V1$"},"636":{"EquivalenDuplicateOf":"95","FuncName":"main","IRPosInFunc":[8],"SrcLoc":"","Type":"ASSIGN$V1$@2$!DIV$@2$V1$"},"637":{"EquivalenDuplicateOf":"94","FuncName":"main","IRPosInFunc":[8],"SrcLoc":"","Type":"ASSIGN$V1$@2$!BITNOT$@2$"},"638":{"EquivalenDuplicateOf":"94","FuncName":"main","IRPosInFunc":[8],"SrcLoc":"","Type":"ASSIGN$V1$@2$!OPERAND$@2$"},"639":{"EquivalenDuplicateOf":"95","FuncName":"main","IRPosInFunc":[8],"SrcLoc":"","Type":"ASSIGN$V1$@2$!MOD$V1$@2$"},"640":{"EquivalenDuplicateOf":"95","FuncName":"main","IRPosInFunc":[8],"SrcLoc":"","Type":"ASSIGN$V1$@2$!BITSHR$@2$V1$"},"641":{"EquivalenDuplicateOf":"95","FuncName":"main","IRPosInFunc":[8],"SrcLoc":"","Type":"ASSIGN$V1$@2$!SUB$V1$@2$"},"642":{"EquivalenDuplicateOf":"95","FuncName":"main","IRPosInFunc":[8],"SrcLoc":"","Type":"ASSIGN$V1$@2$!SUB$@2$V1$"},"643":{"EquivalenDuplicateOf":"95","FuncName":"main","IRPosInFunc":[8],"SrcLoc":"","Type":"ASSIGN$V1$@2$!DIV$V1$@2$"},"644":{"EquivalenDuplicateOf":"95","FuncName":"main","IRPosInFunc":[8],"SrcLoc":"","Type":"ASSIGN$V1$@2$!MUL$V1$@2$"},"645":{"EquivalenDuplicateOf":"95","FuncName":"main","IRPosInFunc":[8],"SrcLoc":"","Type":"ASSIGN$V1$@2$!BITSHR$V1$@2$"},"646":{"EquivalenDuplicateOf":"94","FuncName":"main","IRPosInFunc":[8],"SrcLoc":"","Type":"ASSIGN$V1$@2$!CONSTVAL$0$"},"647":{"EquivalenDuplicateOf":"95","FuncName":"main","IRPosInFunc":[8],"SrcLoc":"","Type":"ASSIGN$V1$@2$!NEG$V1$"},"648":{"EquivalenDuplicateOf":"95","FuncName":"main","IRPosInFunc":[8],"SrcLoc":"","Type":"ASSIGN$V1$@2$!BITXOR$V1$@2$"},"649":{"EquivalenDuplicateOf":"94","FuncName":"main","IRPosInFunc":[8],"SrcLoc":"","Type":"ASSIGN$V1$@2$!CONSTVAL$1$"},"650":{"EquivalenDuplicateOf":"95","FuncName":"main","IRPosInFunc":[8],"SrcLoc":"","Type":"ASSIGN$V1$@2$!BITSHL$V1$@2$"},"651":{"EquivalenDuplicateOf":"95","FuncName":"main","IRPosInFunc":[8],"SrcLoc":"","Type":"ASSIGN$V1$@2$!BITSHL$@2$V1$"},"652":{"EquivalenDuplicateOf":"95","FuncName":"main","IRPosInFunc":[8],"SrcLoc":"","Type":"ASSIGN$V1$@2$!BITAND$V1$@2$"},"653":{"EquivalenDuplicateOf":"94","FuncName":"main","IRPosInFunc":[8],"SrcLoc":"","Type":"ASSIGN$V1$@2$!NEG$@2$"},"654":{"EquivalenDuplicateOf":"95","FuncName":"main","IRPosInFunc":[8],"SrcLoc":"","Type":"ASSIGN$V1$@2$!BITNOT$V1$"},"655":{"EquivalenDuplicateOf":"95","FuncName":"main","IRPosInFunc":[8],"SrcLoc":"","Type":"ASSIGN$V1$@2$!ADD$V1$@2$"},"656":{"EquivalenDuplicateOf":"94","FuncName":"main","IRPosInFunc":[8],"SrcLoc":"","Type":"ASSIGN$V1$@2$!OPERAND$V1$"},"657":{"EquivalenDuplicateOf":"95","FuncName":"main","IRPosInFunc":[8],"SrcLoc":"","Type":"ASSIGN$V1$@2$!MOD$@2$V1$"},"658":{"EquivalenDuplicateOf":"75","FuncName":"main","IRPosInFunc":[7],"SrcLoc":"","Type":"ASSIGN$V1$@2$!DIV$@2$V1$"},"659":{"EquivalenDuplicateOf":"75","FuncName":"main","IRPosInFunc":[7],"SrcLoc":"","Type":"ASSIGN$V1$@2$!GT$@2$V1$"},"660":{"EquivalenDuplicateOf":"75","FuncName":"main","IRPosInFunc":[7],"SrcLoc":"","Type":"ASSIGN$V1$@2$!MOD$V1$@2$"},"661":{"EquivalenDuplicateOf":"75","FuncName":"main","IRPosInFunc":[7],"SrcLoc":"","Type":"ASSIGN$V1$@2$!BITSHR$@2$V1$"},"662":{"EquivalenDuplicateOf":"75","FuncName":"main","IRPosInFunc":[7],"SrcLoc":"","Type":"ASSIGN$V1$@2$!GE$V1$@2$"},"663":{"EquivalenDuplicateOf":"75","FuncName":"main","IRPosInFunc":[7],"SrcLoc":"","Type":"ASSIGN$V1$@2$!DIV$V1$@2$"},"664":{"EquivalenDuplicateOf":"75","FuncName":"main","IRPosInFunc":[7],"SrcLoc":"","Type":"ASSIGN$V1$@2$!BITSHR$V1$@2$"},"665":{"EquivalenDuplicateOf":"75","FuncName":"main","IRPosInFunc":[7],"SrcLoc":"","Type":"ASSIGN$V1$@2$!LT$V1$@2$"},"666":{"EquivalenDuplicateOf":"75","FuncName":"main","IRPosInFunc":[7],"SrcLoc":"","Type":"ASSIGN$V1$@2$!LE$@2$V1$"},"667":{"EquivalenDuplicateOf":"75","FuncName":"main","IRPosInFunc":[7],"SrcLoc":"","Type":"ASSIGN$V1$@2$!MOD$@2$V1$"},"668":{"EquivalenDuplicateOf":"75","FuncName":"main","IRPosInFunc":[7],"SrcLoc":"","Type":"ASSIGN$V1$@2$!DIV$@2$V1$"},"669":{"EquivalenDuplicateOf":"73","FuncName":"main","IRPosInFunc":[7],"SrcLoc":"","Type":"ASSIGN$V1$@2$!BITNOT$@2$"},"670":{"EquivalenDuplicateOf":"73","FuncName":"main","IRPosInFunc":[7],"SrcLoc":"","Type":"ASSIGN$V1$@2$!OPERAND$@2$"},"671":{"EquivalenDuplicateOf":"75","FuncName":"main","IRPosInFunc":[7],"SrcLoc":"","Type":"ASSIGN$V1$@2$!MOD$V1$@2$"},"672":{"EquivalenDuplicateOf":"75","FuncName":"main","IRPosInFunc":[7],"SrcLoc":"","Type":"ASSIGN$V1$@2$!BITSHR$@2$V1$"},"673":{"EquivalenDuplicateOf":"75","FuncName":"main","IRPosInFunc":[7],"SrcLoc":"","Type":"ASSIGN$V1$@2$!SUB$V1$@2$"},"674":{"EquivalenDuplicateOf":"75","FuncName":"main","IRPosInFunc":[7],"SrcLoc":"","Type":"ASSIGN$V1$@2$!SUB$@2$V1$"},"675":{"EquivalenDuplicateOf":"73","FuncName":"main","IRPosInFunc":[7],"SrcLoc":"","Type":"ASSIGN$V1$@2$!ABS$@2$"},"676":{"EquivalenDuplicateOf":"75","FuncName":"main","IRPosInFunc":[7],"SrcLoc":"","Type":"ASSIGN$V1$@2$!DIV$V1$@2$"},"677":{"EquivalenDuplicateOf":"75","FuncName":"main","IRPosInFunc":[7],"SrcLoc":"","Type":"ASSIGN$V1$@2$!MUL$V1$@2$"},"678":{"EquivalenDuplicateOf":"75","FuncName":"main","IRPosInFunc":[7],"SrcLoc":"","Type":"ASSIGN$V1$@2$!BITSHR$V1$@2$"},"679":{"EquivalenDuplicateOf":"73","FuncName":"main","IRPosInFunc":[7],"SrcLoc":"","Type":"ASSIGN$V1$@2$!CONSTVAL$0$"},"680":{"EquivalenDuplicateOf":"75","FuncName":"main","IRPosInFunc":[7],"SrcLoc":"","Type":"ASSIGN$V1$@2$!NEG$V1$"},"681":{"EquivalenDuplicateOf":"75","FuncName":"main","IRPosInFunc":[7],"SrcLoc":"","Type":"ASSIGN$V1$@2$!BITXOR$V1$@2$"},"682":{"EquivalenDuplicateOf":"73","FuncName":"main","IRPosInFunc":[7],"SrcLoc":"","Type":"ASSIGN$V1$@2$!CONSTVAL$1$"},"683":{"EquivalenDuplicateOf":"75","FuncName":"main","IRPosInFunc":[7],"SrcLoc":"","Type":"ASSIGN$V1$@2$!BITSHL$V1$@2$"},"684":{"EquivalenDuplicateOf":"75","FuncName":"main","IRPosInFunc":[7],"SrcLoc":"","Type":"ASSIGN$V1$@2$!BITSHL$@2$V1$"},"685":{"EquivalenDuplicateOf":"75","FuncName":"main","IRPosInFunc":[7],"SrcLoc":"","Type":"ASSIGN$V1$@2$!BITAND$V1$@2$"},"686":{"EquivalenDuplicateOf":"73","FuncName":"main","IRPosInFunc":[7],"SrcLoc":"","Type":"ASSIGN$V1$@2$!NEG$@2$"},"687":{"EquivalenDuplicateOf":"75","FuncName":"main","IRPosInFunc":[7],"SrcLoc":"","Type":"ASSIGN$V1$@2$!BITNOT$V1$"},"688":{"EquivalenDuplicateOf":"75","FuncName":"main","IRPosInFunc":[7],"SrcLoc":"","Type":"ASSIGN$V1$@2$!ADD$V1$@2$"},"689":{"EquivalenDuplicateOf":"74","FuncName":"main","IRPosInFunc":[7],"SrcLoc":"","Type":"ASSIGN$V1$@2$!OPERAND$V1$"},"690":{"EquivalenDuplicateOf":"0","FuncName":"usage","IRPosInFunc":[21],"SrcLoc":"src/whoami.c:55","Type":"STMT!TRAPSTMT"},"691":{"EquivalenDuplicateOf":"0","FuncName":"usage","IRPosInFunc":[20],"SrcLoc":"src/whoami.c:54","Type":"STMT!TRAPSTMT"},"692":{"EquivalenDuplicateOf":"52","FuncName":"usage","IRPosInFunc":[7],"SrcLoc":"src/whoami.c:41","Type":"RETURN_BREAK_CONTINUE!DELSTMT"},"693":{"EquivalenDuplicateOf":"25","FuncName":"usage","IRPosInFunc":[3],"SrcLoc":"src/whoami.c:40","Type":"@!ABS$@$"},"694":{"EquivalenDuplicateOf":"27","FuncName":"usage","IRPosInFunc":[4],"SrcLoc":"src/whoami.c:40","Type":"NEQ$@1$@2$!BITSHR$@2$@1$"},"695":{"EquivalenDuplicateOf":"27","FuncName":"usage","IRPosInFunc":[4],"SrcLoc":"src/whoami.c:40","Type":"NEQ$@1$@2$!LT$@1$@2$"},"696":{"EquivalenDuplicateOf":"0","FuncName":"usage","IRPosInFunc":[4],"SrcLoc":"src/whoami.c:40","Type":"NEQ$@1$@2$!BITSHR$@1$@2$"},"697":{"EquivalenDuplicateOf":"26","FuncName":"usage","IRPosInFunc":[4],"SrcLoc":"src/whoami.c:40","Type":"NEQ$@1$@2$!GE$@1$@2$"},"698":{"EquivalenDuplicateOf":"27","FuncName":"usage","IRPosInFunc":[4],"SrcLoc":"src/whoami.c:40","Type":"NEQ$@1$@2$!GT$@2$@1$"},"699":{"EquivalenDuplicateOf":"33","FuncName":"usage","IRPosInFunc":[4],"SrcLoc":"src/whoami.c:40","Type":"NEQ$@1$@2$!MOD$@1$@2$"},"700":{"EquivalenDuplicateOf":"27","FuncName":"usage","IRPosInFunc":[4],"SrcLoc":"src/whoami.c:40","Type":"NEQ$@1$@2$!MOD$@2$@1$"},"701":{"EquivalenDuplicateOf":"27","FuncName":"usage","IRPosInFunc":[4],"SrcLoc":"src/whoami.c:40","Type":"NEQ$@1$@2$!DIV$@2$@1$"},"702":{"EquivalenDuplicateOf":"26","FuncName":"usage","IRPosInFunc":[4],"SrcLoc":"src/whoami.c:40","Type":"NEQ$@1$@2$!LE$@2$@1$"},"703":{"EquivalenDuplicateOf":"27","FuncName":"usage","IRPosInFunc":[4],"SrcLoc":"src/whoami.c:40","Type":"NEQ$@1$@2$!BITSHR$@2$@1$"},"704":{"EquivalenDuplicateOf":"27","FuncName":"usage","IRPosInFunc":[4],"SrcLoc":"src/whoami.c:40","Type":"NEQ$@1$@2$!NEG$@2$"},"705":{"EquivalenDuplicateOf":"27","FuncName":"usage","IRPosInFunc":[4],"SrcLoc":"src/whoami.c:40","Type":"NEQ$@1$@2$!MUL$@1$@2$"},"706":{"EquivalenDuplicateOf":"0","FuncName":"usage","IRPosInFunc":[4],"SrcLoc":"src/whoami.c:40","Type":"NEQ$@1$@2$!SUB$@1$@2$"},"707":{"EquivalenDuplicateOf":"0","FuncName":"usage","IRPosInFunc":[4],"SrcLoc":"src/whoami.c:40","Type":"NEQ$@1$@2$!BITSHR$@1$@2$"},"708":{"EquivalenDuplicateOf":"27","FuncName":"usage","IRPosInFunc":[4],"SrcLoc":"src/whoami.c:40","Type":"NEQ$@1$@2$!BITSHL$@2$@1$"},"709":{"EquivalenDuplicateOf":"0","FuncName":"usage","IRPosInFunc":[4],"SrcLoc":"src/whoami.c:40","Type":"NEQ$@1$@2$!BITOR$@1$@2$"},"710":{"EquivalenDuplicateOf":"26","FuncName":"usage","IRPosInFunc":[4],"SrcLoc":"src/whoami.c:40","Type":"NEQ$@1$@2$!CONSTVAL$1$"},"711":{"EquivalenDuplicateOf":"27","FuncName":"usage","IRPosInFunc":[4],"SrcLoc":"src/whoami.c:40","Type":"NEQ$@1$@2$!ABS$@2$"},"712":{"EquivalenDuplicateOf":"0","FuncName":"usage","IRPosInFunc":[4],"SrcLoc":"src/whoami.c:40","Type":"NEQ$@1$@2$!OPERAND$@1$"},"713":{"EquivalenDuplicateOf":"31","FuncName":"usage","IRPosInFunc":[4],"SrcLoc":"src/whoami.c:40","Type":"NEQ$@1$@2$!NEG$@1$"},"714":{"EquivalenDuplicateOf":"27","FuncName":"usage","IRPosInFunc":[4],"SrcLoc":"src/whoami.c:40","Type":"NEQ$@1$@2$!MOD$@2$@1$"},"715":{"EquivalenDuplicateOf":"27","FuncName":"usage","IRPosInFunc":[4],"SrcLoc":"src/whoami.c:40","Type":"NEQ$@1$@2$!OPERAND$@2$"},"716":{"EquivalenDuplicateOf":"0","FuncName":"usage","IRPosInFunc":[4],"SrcLoc":"src/whoami.c:40","Type":"NEQ$@1$@2$!BITSHL$@1$@2$"},"717":{"EquivalenDuplicateOf":"27","FuncName":"usage","IRPosInFunc":[4],"SrcLoc":"src/whoami.c:40","Type":"NEQ$@1$@2$!DIV$@2$@1$"},"718":{"EquivalenDuplicateOf":"0","FuncName":"usage","IRPosInFunc":[4],"SrcLoc":"src/whoami.c:40","Type":"NEQ$@1$@2$!ADD$@1$@2$"},"719":{"EquivalenDuplicateOf":"27","FuncName":"usage","IRPosInFunc":[4],"SrcLoc":"src/whoami.c:40","Type":"NEQ$@1$@2$!BITAND$@1$@2$"},"720":{"EquivalenDuplicateOf":"0","FuncName":"usage","IRPosInFunc":[4],"SrcLoc":"src/whoami.c:40","Type":"NEQ$@1$@2$!BITXOR$@1$@2$"},"721":{"EquivalenDuplicateOf":"2","FuncName":"usage","IRPosInFunc":[1],"SrcLoc":"","Type":"ASSIGN$V1$@2$!DIV$@2$V1$"},"722":{"EquivalenDuplicateOf":"2","FuncName":"usage","IRPosInFunc":[1],"SrcLoc":"","Type":"ASSIGN$V1$@2$!MOD$V1$@2$"},"723":{"EquivalenDuplicateOf":"2","FuncName":"usage","IRPosInFunc":[1],"SrcLoc":"","Type":"ASSIGN$V1$@2$!BITSHR$@2$V1$"},"724":{"EquivalenDuplicateOf":"2","FuncName":"usage","IRPosInFunc":[1],"SrcLoc":"","Type":"ASSIGN$V1$@2$!DIV$V1$@2$"},"725":{"EquivalenDuplicateOf":"2","FuncName":"usage","IRPosInFunc":[1],"SrcLoc":"","Type":"ASSIGN$V1$@2$!BITSHR$V1$@2$"},"726":{"EquivalenDuplicateOf":"2","FuncName":"usage","IRPosInFunc":[1],"SrcLoc":"","Type":"ASSIGN$V1$@2$!MOD$@2$V1$"},"727":{"EquivalenDuplicateOf":"2","FuncName":"usage","IRPosInFunc":[1],"SrcLoc":"","Type":"ASSIGN$V1$@2$!DIV$@2$V1$"},"728":{"EquivalenDuplicateOf":"2","FuncName":"usage","IRPosInFunc":[1],"SrcLoc":"","Type":"ASSIGN$V1$@2$!BITNOT$@2$"},"729":{"EquivalenDuplicateOf":"2","FuncName":"usage","IRPosInFunc":[1],"SrcLoc":"","Type":"ASSIGN$V1$@2$!OPERAND$@2$"},"730":{"EquivalenDuplicateOf":"2","FuncName":"usage","IRPosInFunc":[1],"SrcLoc":"","Type":"ASSIGN$V1$@2$!MOD$V1$@2$"},"731":{"EquivalenDuplicateOf":"2","FuncName":"usage","IRPosInFunc":[1],"SrcLoc":"","Type":"ASSIGN$V1$@2$!BITSHR$@2$V1$"},"732":{"EquivalenDuplicateOf":"2","FuncName":"usage","IRPosInFunc":[1],"SrcLoc":"","Type":"ASSIGN$V1$@2$!SUB$V1$@2$"},"733":{"EquivalenDuplicateOf":"2","FuncName":"usage","IRPosInFunc":[1],"SrcLoc":"","Type":"ASSIGN$V1$@2$!SUB$@2$V1$"},"734":{"EquivalenDuplicateOf":"2","FuncName":"usage","IRPosInFunc":[1],"SrcLoc":"","Type":"ASSIGN$V1$@2$!DIV$V1$@2$"},"735":{"EquivalenDuplicateOf":"2","FuncName":"usage","IRPosInFunc":[1],"SrcLoc":"","Type":"ASSIGN$V1$@2$!MUL$V1$@2$"},"736":{"EquivalenDuplicateOf":"2","FuncName":"usage","IRPosInFunc":[1],"SrcLoc":"","Type":"ASSIGN$V1$@2$!BITSHR$V1$@2$"},"737":{"EquivalenDuplicateOf":"2","FuncName":"usage","IRPosInFunc":[1],"SrcLoc":"","Type":"ASSIGN$V1$@2$!CONSTVAL$0$"},"738":{"EquivalenDuplicateOf":"2","FuncName":"usage","IRPosInFunc":[1],"SrcLoc":"","Type":"ASSIGN$V1$@2$!NEG$V1$"},"739":{"EquivalenDuplicateOf":"2","FuncName":"usage","IRPosInFunc":[1],"SrcLoc":"","Type":"ASSIGN$V1$@2$!BITXOR$V1$@2$"},"740":{"EquivalenDuplicateOf":"2","FuncName":"usage","IRPosInFunc":[1],"SrcLoc":"","Type":"ASSIGN$V1$@2$!CONSTVAL$1$"},"741":{"EquivalenDuplicateOf":"2","FuncName":"usage","IRPosInFunc":[1],"SrcLoc":"","Type":"ASSIGN$V1$@2$!BITSHL$V1$@2$"},"742":{"EquivalenDuplicateOf":"2","FuncName":"usage","IRPosInFunc":[1],"SrcLoc":"","Type":"ASSIGN$V1$@2$!BITSHL$@2$V1$"},"743":{"EquivalenDuplicateOf":"2","FuncName":"usage","IRPosInFunc":[1],"SrcLoc":"","Type":"ASSIGN$V1$@2$!BITAND$V1$@2$"},"744":{"EquivalenDuplicateOf":"2","FuncName":"usage","IRPosInFunc":[1],"SrcLoc":"","Type":"ASSIGN$V1$@2$!NEG$@2$"},"745":{"EquivalenDuplicateOf":"2","FuncName":"usage","IRPosInFunc":[1],"SrcLoc":"","Type":"ASSIGN$V1$@2$!BITNOT$V1$"},"746":{"EquivalenDuplicateOf":"2","FuncName":"usage","IRPosInFunc":[1],"SrcLoc":"","Type":"ASSIGN$V1$@2$!ADD$V1$@2$"},"747":{"EquivalenDuplicateOf":"2","FuncName":"usage","IRPosInFunc":[1],"SrcLoc":"","Type":"ASSIGN$V1$@2$!OPERAND$V1$"},"748":{"EquivalenDuplicateOf":"2","FuncName":"usage","IRPosInFunc":[1],"SrcLoc":"","Type":"ASSIGN$V1$@2$!MOD$@2$V1$"},"749":{"EquivalenDuplicateOf":"2","FuncName":"usage","IRPosInFunc":[1],"SrcLoc":"","Type":"ASSIGN$V1$@2$!BITOR$V1$@2$"}}