{"462":{"EquivalenDuplicateOf":"460","FuncName":"nextarg","IRPosInFunc":[31],"SrcLoc":"src/expr.c:510","Type":"RETURN_BREAK_CONTINUE!DELSTMT"},"463":{"EquivalenDuplicateOf":"450","FuncName":"nextarg","IRPosInFunc":[28],"SrcLoc":"src/expr.c:508","Type":"ASSIGN$V1$@2$!DIV$@2$V1$"},"464":{"EquivalenDuplicateOf":"450","FuncName":"nextarg","IRPosInFunc":[28],"SrcLoc":"src/expr.c:508","Type":"ASSIGN$V1$@2$!GT$V1$@2$"},"465":{"EquivalenDuplicateOf":"450","FuncName":"nextarg","IRPosInFunc":[28],"SrcLoc":"src/expr.c:508","Type":"ASSIGN$V1$@2$!GT$@2$V1$"},"466":{"EquivalenDuplicateOf":"450","FuncName":"nextarg","IRPosInFunc":[28],"SrcLoc":"src/expr.c:508","Type":"ASSIGN$V1$@2$!MOD$V1$@2$"},"467":{"EquivalenDuplicateOf":"450","FuncName":"nextarg","IRPosInFunc":[28],"SrcLoc":"src/expr.c:508","Type":"ASSIGN$V1$@2$!LE$V1$@2$"},"468":{"EquivalenDuplicateOf":"450","FuncName":"nextarg","IRPosInFunc":[28],"SrcLoc":"src/expr.c:508","Type":"ASSIGN$V1$@2$!BITSHR$@2$V1$"},"469":{"EquivalenDuplicateOf":"450","FuncName":"nextarg","IRPosInFunc":[28],"SrcLoc":"src/expr.c:508","Type":"ASSIGN$V1$@2$!GE$V1$@2$"},"470":{"EquivalenDuplicateOf":"450","FuncName":"nextarg","IRPosInFunc":[28],"SrcLoc":"src/expr.c:508","Type":"ASSIGN$V1$@2$!GE$@2$V1$"},"471":{"EquivalenDuplicateOf":"450","FuncName":"nextarg","IRPosInFunc":[28],"SrcLoc":"src/expr.c:508","Type":"ASSIGN$V1$@2$!DIV$V1$@2$"},"472":{"EquivalenDuplicateOf":"450","FuncName":"nextarg","IRPosInFunc":[28],"SrcLoc":"src/expr.c:508","Type":"ASSIGN$V1$@2$!BITSHR$V1$@2$"},"473":{"EquivalenDuplicateOf":"450","FuncName":"nextarg","IRPosInFunc":[28],"SrcLoc":"src/expr.c:508","Type":"ASSIGN$V1$@2$!LT$V1$@2$"},"474":{"EquivalenDuplicateOf":"450","FuncName":"nextarg","IRPosInFunc":[28],"SrcLoc":"src/expr.c:508","Type":"ASSIGN$V1$@2$!LT$@2$V1$"},"475":{"EquivalenDuplicateOf":"450","FuncName":"nextarg","IRPosInFunc":[28],"SrcLoc":"src/expr.c:508","Type":"ASSIGN$V1$@2$!LE$@2$V1$"},"476":{"EquivalenDuplicateOf":"450","FuncName":"nextarg","IRPosInFunc":[28],"SrcLoc":"src/expr.c:508","Type":"ASSIGN$V1$@2$!MOD$@2$V1$"},"477":{"EquivalenDuplicateOf":"450","FuncName":"nextarg","IRPosInFunc":[28],"SrcLoc":"src/expr.c:508","Type":"ASSIGN$V1$@2$!DIV$@2$V1$"},"478":{"EquivalenDuplicateOf":"453","FuncName":"nextarg","IRPosInFunc":[28],"SrcLoc":"src/expr.c:508","Type":"ASSIGN$V1$@2$!BITNOT$@2$"},"479":{"EquivalenDuplicateOf":"450","FuncName":"nextarg","IRPosInFunc":[28],"SrcLoc":"src/expr.c:508","Type":"ASSIGN$V1$@2$!GT$V1$@2$"},"480":{"EquivalenDuplicateOf":"450","FuncName":"nextarg","IRPosInFunc":[28],"SrcLoc":"src/expr.c:508","Type":"ASSIGN$V1$@2$!GT$@2$V1$"},"481":{"EquivalenDuplicateOf":"451","FuncName":"nextarg","IRPosInFunc":[28],"SrcLoc":"src/expr.c:508","Type":"ASSIGN$V1$@2$!OPERAND$@2$"},"482":{"EquivalenDuplicateOf":"450","FuncName":"nextarg","IRPosInFunc":[28],"SrcLoc":"src/expr.c:508","Type":"ASSIGN$V1$@2$!MOD$V1$@2$"},"483":{"EquivalenDuplicateOf":"450","FuncName":"nextarg","IRPosInFunc":[28],"SrcLoc":"src/expr.c:508","Type":"ASSIGN$V1$@2$!LE$V1$@2$"},"484":{"EquivalenDuplicateOf":"450","FuncName":"nextarg","IRPosInFunc":[28],"SrcLoc":"src/expr.c:508","Type":"ASSIGN$V1$@2$!BITSHR$@2$V1$"},"485":{"EquivalenDuplicateOf":"450","FuncName":"nextarg","IRPosInFunc":[28],"SrcLoc":"src/expr.c:508","Type":"ASSIGN$V1$@2$!SUB$V1$@2$"},"486":{"EquivalenDuplicateOf":"450","FuncName":"nextarg","IRPosInFunc":[28],"SrcLoc":"src/expr.c:508","Type":"ASSIGN$V1$@2$!SUB$@2$V1$"},"487":{"EquivalenDuplicateOf":"450","FuncName":"nextarg","IRPosInFunc":[28],"SrcLoc":"src/expr.c:508","Type":"ASSIGN$V1$@2$!GE$V1$@2$"},"488":{"EquivalenDuplicateOf":"450","FuncName":"nextarg","IRPosInFunc":[28],"SrcLoc":"src/expr.c:508","Type":"ASSIGN$V1$@2$!GE$@2$V1$"},"489":{"EquivalenDuplicateOf":"450","FuncName":"nextarg","IRPosInFunc":[28],"SrcLoc":"src/expr.c:508","Type":"ASSIGN$V1$@2$!DIV$V1$@2$"},"490":{"EquivalenDuplicateOf":"450","FuncName":"nextarg","IRPosInFunc":[28],"SrcLoc":"src/expr.c:508","Type":"ASSIGN$V1$@2$!MUL$V1$@2$"},"491":{"EquivalenDuplicateOf":"450","FuncName":"nextarg","IRPosInFunc":[28],"SrcLoc":"src/expr.c:508","Type":"ASSIGN$V1$@2$!BITSHR$V1$@2$"},"492":{"EquivalenDuplicateOf":"450","FuncName":"nextarg","IRPosInFunc":[28],"SrcLoc":"src/expr.c:508","Type":"ASSIGN$V1$@2$!EQ$V1$@2$"},"493":{"EquivalenDuplicateOf":"451","FuncName":"nextarg","IRPosInFunc":[28],"SrcLoc":"src/expr.c:508","Type":"ASSIGN$V1$@2$!CONSTVAL$0$"},"494":{"EquivalenDuplicateOf":"452","FuncName":"nextarg","IRPosInFunc":[28],"SrcLoc":"src/expr.c:508","Type":"ASSIGN$V1$@2$!NEG$V1$"},"495":{"EquivalenDuplicateOf":"450","FuncName":"nextarg","IRPosInFunc":[28],"SrcLoc":"src/expr.c:508","Type":"ASSIGN$V1$@2$!BITXOR$V1$@2$"},"496":{"EquivalenDuplicateOf":"451","FuncName":"nextarg","IRPosInFunc":[28],"SrcLoc":"src/expr.c:508","Type":"ASSIGN$V1$@2$!CONSTVAL$1$"},"497":{"EquivalenDuplicateOf":"450","FuncName":"nextarg","IRPosInFunc":[28],"SrcLoc":"src/expr.c:508","Type":"ASSIGN$V1$@2$!LT$V1$@2$"},"498":{"EquivalenDuplicateOf":"450","FuncName":"nextarg","IRPosInFunc":[28],"SrcLoc":"src/expr.c:508","Type":"ASSIGN$V1$@2$!NEQ$V1$@2$"},"499":{"EquivalenDuplicateOf":"450","FuncName":"nextarg","IRPosInFunc":[28],"SrcLoc":"src/expr.c:508","Type":"ASSIGN$V1$@2$!LT$@2$V1$"},"500":{"EquivalenDuplicateOf":"450","FuncName":"nextarg","IRPosInFunc":[28],"SrcLoc":"src/expr.c:508","Type":"ASSIGN$V1$@2$!BITSHL$V1$@2$"},"501":{"EquivalenDuplicateOf":"450","FuncName":"nextarg","IRPosInFunc":[28],"SrcLoc":"src/expr.c:508","Type":"ASSIGN$V1$@2$!BITSHL$@2$V1$"},"502":{"EquivalenDuplicateOf":"450","FuncName":"nextarg","IRPosInFunc":[28],"SrcLoc":"src/expr.c:508","Type":"ASSIGN$V1$@2$!BITAND$V1$@2$"},"503":{"EquivalenDuplicateOf":"450","FuncName":"nextarg","IRPosInFunc":[28],"SrcLoc":"src/expr.c:508","Type":"ASSIGN$V1$@2$!LE$@2$V1$"},"504":{"EquivalenDuplicateOf":"450","FuncName":"nextarg","IRPosInFunc":[28],"SrcLoc":"src/expr.c:508","Type":"ASSIGN$V1$@2$!ADD$V1$@2$"},"505":{"EquivalenDuplicateOf":"450","FuncName":"nextarg","IRPosInFunc":[28],"SrcLoc":"src/expr.c:508","Type":"ASSIGN$V1$@2$!MOD$@2$V1$"},"506":{"EquivalenDuplicateOf":"422","FuncName":"nextarg","IRPosInFunc":[16],"SrcLoc":"src/expr.c:506","Type":"EQ$@1$@2$!GE$@1$@2$"},"507":{"EquivalenDuplicateOf":"404","FuncName":"nextarg","IRPosInFunc":[16],"SrcLoc":"src/expr.c:506","Type":"EQ$@1$@2$!BITSHR$@1$@2$"},"508":{"EquivalenDuplicateOf":"406","FuncName":"nextarg","IRPosInFunc":[16],"SrcLoc":"src/expr.c:506","Type":"EQ$@1$@2$!LT$@1$@2$"},"509":{"EquivalenDuplicateOf":"406","FuncName":"nextarg","IRPosInFunc":[16],"SrcLoc":"src/expr.c:506","Type":"EQ$@1$@2$!DIV$@2$@1$"},"510":{"EquivalenDuplicateOf":"406","FuncName":"nextarg","IRPosInFunc":[16],"SrcLoc":"src/expr.c:506","Type":"EQ$@1$@2$!MOD$@1$@2$"},"511":{"EquivalenDuplicateOf":"406","FuncName":"nextarg","IRPosInFunc":[16],"SrcLoc":"src/expr.c:506","Type":"EQ$@1$@2$!BITSHR$@2$@1$"},"512":{"EquivalenDuplicateOf":"406","FuncName":"nextarg","IRPosInFunc":[16],"SrcLoc":"src/expr.c:506","Type":"EQ$@1$@2$!GT$@2$@1$"},"513":{"EquivalenDuplicateOf":"406","FuncName":"nextarg","IRPosInFunc":[16],"SrcLoc":"src/expr.c:506","Type":"EQ$@1$@2$!MOD$@2$@1$"},"514":{"EquivalenDuplicateOf":"404","FuncName":"nextarg","IRPosInFunc":[16],"SrcLoc":"src/expr.c:506","Type":"EQ$@1$@2$!BITSHR$@1$@2$"},"515":{"EquivalenDuplicateOf":"411","FuncName":"nextarg","IRPosInFunc":[16],"SrcLoc":"src/expr.c:506","Type":"EQ$@1$@2$!CONSTVAL$0$"},"516":{"EquivalenDuplicateOf":"415","FuncName":"nextarg","IRPosInFunc":[16],"SrcLoc":"src/expr.c:506","Type":"EQ$@1$@2$!SUB$@2$@1$"},"517":{"EquivalenDuplicateOf":"406","FuncName":"nextarg","IRPosInFunc":[16],"SrcLoc":"src/expr.c:506","Type":"EQ$@1$@2$!BITSHL$@2$@1$"},"518":{"EquivalenDuplicateOf":"404","FuncName":"nextarg","IRPosInFunc":[16],"SrcLoc":"src/expr.c:506","Type":"EQ$@1$@2$!BITXOR$@1$@2$"},"519":{"EquivalenDuplicateOf":"407","FuncName":"nextarg","IRPosInFunc":[16],"SrcLoc":"src/expr.c:506","Type":"EQ$@1$@2$!BITNOT$@2$"},"520":{"EquivalenDuplicateOf":"411","FuncName":"nextarg","IRPosInFunc":[16],"SrcLoc":"src/expr.c:506","Type":"EQ$@1$@2$!OPERAND$@2$"},"521":{"EquivalenDuplicateOf":"411","FuncName":"nextarg","IRPosInFunc":[16],"SrcLoc":"src/expr.c:506","Type":"EQ$@1$@2$!NEG$@2$"},"522":{"EquivalenDuplicateOf":"404","FuncName":"nextarg","IRPosInFunc":[16],"SrcLoc":"src/expr.c:506","Type":"EQ$@1$@2$!OPERAND$@1$"},"523":{"EquivalenDuplicateOf":"404","FuncName":"nextarg","IRPosInFunc":[16],"SrcLoc":"src/expr.c:506","Type":"EQ$@1$@2$!SUB$@1$@2$"},"524":{"EquivalenDuplicateOf":"404","FuncName":"nextarg","IRPosInFunc":[16],"SrcLoc":"src/expr.c:506","Type":"EQ$@1$@2$!ADD$@1$@2$"},"525":{"EquivalenDuplicateOf":"406","FuncName":"nextarg","IRPosInFunc":[16],"SrcLoc":"src/expr.c:506","Type":"EQ$@1$@2$!DIV$@2$@1$"},"526":{"EquivalenDuplicateOf":"406","FuncName":"nextarg","IRPosInFunc":[16],"SrcLoc":"src/expr.c:506","Type":"EQ$@1$@2$!MOD$@1$@2$"},"527":{"EquivalenDuplicateOf":"404","FuncName":"nextarg","IRPosInFunc":[16],"SrcLoc":"src/expr.c:506","Type":"EQ$@1$@2$!NEQ$@1$@2$"},"528":{"EquivalenDuplicateOf":"406","FuncName":"nextarg","IRPosInFunc":[16],"SrcLoc":"src/expr.c:506","Type":"EQ$@1$@2$!BITSHR$@2$@1$"},"529":{"EquivalenDuplicateOf":"404","FuncName":"nextarg","IRPosInFunc":[16],"SrcLoc":"src/expr.c:506","Type":"EQ$@1$@2$!BITSHL$@1$@2$"},"530":{"EquivalenDuplicateOf":"406","FuncName":"nextarg","IRPosInFunc":[16],"SrcLoc":"src/expr.c:506","Type":"EQ$@1$@2$!MOD$@2$@1$"},"531":{"EquivalenDuplicateOf":"406","FuncName":"nextarg","IRPosInFunc":[16],"SrcLoc":"src/expr.c:506","Type":"EQ$@1$@2$!BITAND$@1$@2$"},"532":{"EquivalenDuplicateOf":"372","FuncName":"nextarg","IRPosInFunc":[18],"SrcLoc":"src/expr.c:506","Type":"ASSIGN$V1$@2$!DIV$@2$V1$"},"533":{"EquivalenDuplicateOf":"372","FuncName":"nextarg","IRPosInFunc":[18],"SrcLoc":"src/expr.c:506","Type":"ASSIGN$V1$@2$!MOD$V1$@2$"},"534":{"EquivalenDuplicateOf":"372","FuncName":"nextarg","IRPosInFunc":[18],"SrcLoc":"src/expr.c:506","Type":"ASSIGN$V1$@2$!BITSHR$@2$V1$"},"535":{"EquivalenDuplicateOf":"372","FuncName":"nextarg","IRPosInFunc":[18],"SrcLoc":"src/expr.c:506","Type":"ASSIGN$V1$@2$!DIV$V1$@2$"},"536":{"EquivalenDuplicateOf":"372","FuncName":"nextarg","IRPosInFunc":[18],"SrcLoc":"src/expr.c:506","Type":"ASSIGN$V1$@2$!BITSHR$V1$@2$"},"537":{"EquivalenDuplicateOf":"372","FuncName":"nextarg","IRPosInFunc":[18],"SrcLoc":"src/expr.c:506","Type":"ASSIGN$V1$@2$!MOD$@2$V1$"},"538":{"EquivalenDuplicateOf":"372","FuncName":"nextarg","IRPosInFunc":[18],"SrcLoc":"src/expr.c:506","Type":"ASSIGN$V1$@2$!DIV$@2$V1$"},"539":{"EquivalenDuplicateOf":"372","FuncName":"nextarg","IRPosInFunc":[18],"SrcLoc":"src/expr.c:506","Type":"ASSIGN$V1$@2$!BITNOT$@2$"},"540":{"EquivalenDuplicateOf":"373","FuncName":"nextarg","IRPosInFunc":[18],"SrcLoc":"src/expr.c:506","Type":"ASSIGN$V1$@2$!OPERAND$@2$"},"541":{"EquivalenDuplicateOf":"372","FuncName":"nextarg","IRPosInFunc":[18],"SrcLoc":"src/expr.c:506","Type":"ASSIGN$V1$@2$!MOD$V1$@2$"},"542":{"EquivalenDuplicateOf":"372","FuncName":"nextarg","IRPosInFunc":[18],"SrcLoc":"src/expr.c:506","Type":"ASSIGN$V1$@2$!BITSHR$@2$V1$"},"543":{"EquivalenDuplicateOf":"372","FuncName":"nextarg","IRPosInFunc":[18],"SrcLoc":"src/expr.c:506","Type":"ASSIGN$V1$@2$!SUB$V1$@2$"},"544":{"EquivalenDuplicateOf":"372","FuncName":"nextarg","IRPosInFunc":[18],"SrcLoc":"src/expr.c:506","Type":"ASSIGN$V1$@2$!SUB$@2$V1$"},"545":{"EquivalenDuplicateOf":"372","FuncName":"nextarg","IRPosInFunc":[18],"SrcLoc":"src/expr.c:506","Type":"ASSIGN$V1$@2$!DIV$V1$@2$"},"546":{"EquivalenDuplicateOf":"372","FuncName":"nextarg","IRPosInFunc":[18],"SrcLoc":"src/expr.c:506","Type":"ASSIGN$V1$@2$!MUL$V1$@2$"},"547":{"EquivalenDuplicateOf":"372","FuncName":"nextarg","IRPosInFunc":[18],"SrcLoc":"src/expr.c:506","Type":"ASSIGN$V1$@2$!BITSHR$V1$@2$"},"548":{"EquivalenDuplicateOf":"373","FuncName":"nextarg","IRPosInFunc":[18],"SrcLoc":"src/expr.c:506","Type":"ASSIGN$V1$@2$!CONSTVAL$0$"},"549":{"EquivalenDuplicateOf":"373","FuncName":"nextarg","IRPosInFunc":[18],"SrcLoc":"src/expr.c:506","Type":"ASSIGN$V1$@2$!NEG$V1$"},"550":{"EquivalenDuplicateOf":"372","FuncName":"nextarg","IRPosInFunc":[18],"SrcLoc":"src/expr.c:506","Type":"ASSIGN$V1$@2$!BITXOR$V1$@2$"},"551":{"EquivalenDuplicateOf":"373","FuncName":"nextarg","IRPosInFunc":[18],"SrcLoc":"src/expr.c:506","Type":"ASSIGN$V1$@2$!CONSTVAL$1$"},"552":{"EquivalenDuplicateOf":"372","FuncName":"nextarg","IRPosInFunc":[18],"SrcLoc":"src/expr.c:506","Type":"ASSIGN$V1$@2$!BITSHL$V1$@2$"},"553":{"EquivalenDuplicateOf":"372","FuncName":"nextarg","IRPosInFunc":[18],"SrcLoc":"src/expr.c:506","Type":"ASSIGN$V1$@2$!BITSHL$@2$V1$"},"554":{"EquivalenDuplicateOf":"372","FuncName":"nextarg","IRPosInFunc":[18],"SrcLoc":"src/expr.c:506","Type":"ASSIGN$V1$@2$!BITAND$V1$@2$"},"555":{"EquivalenDuplicateOf":"372","FuncName":"nextarg","IRPosInFunc":[18],"SrcLoc":"src/expr.c:506","Type":"ASSIGN$V1$@2$!NEG$@2$"},"556":{"EquivalenDuplicateOf":"373","FuncName":"nextarg","IRPosInFunc":[18],"SrcLoc":"src/expr.c:506","Type":"ASSIGN$V1$@2$!BITNOT$V1$"},"557":{"EquivalenDuplicateOf":"372","FuncName":"nextarg","IRPosInFunc":[18],"SrcLoc":"src/expr.c:506","Type":"ASSIGN$V1$@2$!ADD$V1$@2$"},"558":{"EquivalenDuplicateOf":"372","FuncName":"nextarg","IRPosInFunc":[18],"SrcLoc":"src/expr.c:506","Type":"ASSIGN$V1$@2$!MOD$@2$V1$"},"559":{"EquivalenDuplicateOf":"369","FuncName":"nextarg","IRPosInFunc":[10],"SrcLoc":"src/expr.c:503","Type":"RETURN_BREAK_CONTINUE!DELSTMT"},"560":{"EquivalenDuplicateOf":"367","FuncName":"nextarg","IRPosInFunc":[9],"SrcLoc":"src/expr.c:503","Type":"C!ADD$C$1$"},"561":{"EquivalenDuplicateOf":"365","FuncName":"nextarg","IRPosInFunc":[9],"SrcLoc":"src/expr.c:503","Type":"ASSIGN$V1$@2$!DIV$@2$V1$"},"562":{"EquivalenDuplicateOf":"365","FuncName":"nextarg","IRPosInFunc":[9],"SrcLoc":"src/expr.c:503","Type":"ASSIGN$V1$@2$!GT$V1$@2$"},"563":{"EquivalenDuplicateOf":"365","FuncName":"nextarg","IRPosInFunc":[9],"SrcLoc":"src/expr.c:503","Type":"ASSIGN$V1$@2$!GT$@2$V1$"},"564":{"EquivalenDuplicateOf":"365","FuncName":"nextarg","IRPosInFunc":[9],"SrcLoc":"src/expr.c:503","Type":"ASSIGN$V1$@2$!MOD$V1$@2$"},"565":{"EquivalenDuplicateOf":"365","FuncName":"nextarg","IRPosInFunc":[9],"SrcLoc":"src/expr.c:503","Type":"ASSIGN$V1$@2$!LE$V1$@2$"},"566":{"EquivalenDuplicateOf":"365","FuncName":"nextarg","IRPosInFunc":[9],"SrcLoc":"src/expr.c:503","Type":"ASSIGN$V1$@2$!BITSHR$@2$V1$"},"567":{"EquivalenDuplicateOf":"365","FuncName":"nextarg","IRPosInFunc":[9],"SrcLoc":"src/expr.c:503","Type":"ASSIGN$V1$@2$!GE$V1$@2$"},"568":{"EquivalenDuplicateOf":"365","FuncName":"nextarg","IRPosInFunc":[9],"SrcLoc":"src/expr.c:503","Type":"ASSIGN$V1$@2$!GE$@2$V1$"},"569":{"EquivalenDuplicateOf":"365","FuncName":"nextarg","IRPosInFunc":[9],"SrcLoc":"src/expr.c:503","Type":"ASSIGN$V1$@2$!DIV$V1$@2$"},"570":{"EquivalenDuplicateOf":"365","FuncName":"nextarg","IRPosInFunc":[9],"SrcLoc":"src/expr.c:503","Type":"ASSIGN$V1$@2$!BITSHR$V1$@2$"},"571":{"EquivalenDuplicateOf":"365","FuncName":"nextarg","IRPosInFunc":[9],"SrcLoc":"src/expr.c:503","Type":"ASSIGN$V1$@2$!LT$V1$@2$"},"572":{"EquivalenDuplicateOf":"365","FuncName":"nextarg","IRPosInFunc":[9],"SrcLoc":"src/expr.c:503","Type":"ASSIGN$V1$@2$!LT$@2$V1$"},"573":{"EquivalenDuplicateOf":"365","FuncName":"nextarg","IRPosInFunc":[9],"SrcLoc":"src/expr.c:503","Type":"ASSIGN$V1$@2$!LE$@2$V1$"},"574":{"EquivalenDuplicateOf":"365","FuncName":"nextarg","IRPosInFunc":[9],"SrcLoc":"src/expr.c:503","Type":"ASSIGN$V1$@2$!MOD$@2$V1$"},"575":{"EquivalenDuplicateOf":"365","FuncName":"nextarg","IRPosInFunc":[9],"SrcLoc":"src/expr.c:503","Type":"ASSIGN$V1$@2$!DIV$@2$V1$"},"576":{"EquivalenDuplicateOf":"363","FuncName":"nextarg","IRPosInFunc":[9],"SrcLoc":"src/expr.c:503","Type":"ASSIGN$V1$@2$!BITNOT$@2$"},"577":{"EquivalenDuplicateOf":"365","FuncName":"nextarg","IRPosInFunc":[9],"SrcLoc":"src/expr.c:503","Type":"ASSIGN$V1$@2$!GT$V1$@2$"},"578":{"EquivalenDuplicateOf":"365","FuncName":"nextarg","IRPosInFunc":[9],"SrcLoc":"src/expr.c:503","Type":"ASSIGN$V1$@2$!GT$@2$V1$"},"579":{"EquivalenDuplicateOf":"363","FuncName":"nextarg","IRPosInFunc":[9],"SrcLoc":"src/expr.c:503","Type":"ASSIGN$V1$@2$!OPERAND$@2$"},"580":{"EquivalenDuplicateOf":"365","FuncName":"nextarg","IRPosInFunc":[9],"SrcLoc":"src/expr.c:503","Type":"ASSIGN$V1$@2$!MOD$V1$@2$"},"581":{"EquivalenDuplicateOf":"365","FuncName":"nextarg","IRPosInFunc":[9],"SrcLoc":"src/expr.c:503","Type":"ASSIGN$V1$@2$!LE$V1$@2$"},"582":{"EquivalenDuplicateOf":"365","FuncName":"nextarg","IRPosInFunc":[9],"SrcLoc":"src/expr.c:503","Type":"ASSIGN$V1$@2$!BITSHR$@2$V1$"},"583":{"EquivalenDuplicateOf":"365","FuncName":"nextarg","IRPosInFunc":[9],"SrcLoc":"src/expr.c:503","Type":"ASSIGN$V1$@2$!SUB$V1$@2$"},"584":{"EquivalenDuplicateOf":"365","FuncName":"nextarg","IRPosInFunc":[9],"SrcLoc":"src/expr.c:503","Type":"ASSIGN$V1$@2$!SUB$@2$V1$"},"585":{"EquivalenDuplicateOf":"365","FuncName":"nextarg","IRPosInFunc":[9],"SrcLoc":"src/expr.c:503","Type":"ASSIGN$V1$@2$!GE$V1$@2$"},"586":{"EquivalenDuplicateOf":"363","FuncName":"nextarg","IRPosInFunc":[9],"SrcLoc":"src/expr.c:503","Type":"ASSIGN$V1$@2$!ABS$@2$"},"587":{"EquivalenDuplicateOf":"365","FuncName":"nextarg","IRPosInFunc":[9],"SrcLoc":"src/expr.c:503","Type":"ASSIGN$V1$@2$!GE$@2$V1$"},"588":{"EquivalenDuplicateOf":"365","FuncName":"nextarg","IRPosInFunc":[9],"SrcLoc":"src/expr.c:503","Type":"ASSIGN$V1$@2$!DIV$V1$@2$"},"589":{"EquivalenDuplicateOf":"365","FuncName":"nextarg","IRPosInFunc":[9],"SrcLoc":"src/expr.c:503","Type":"ASSIGN$V1$@2$!MUL$V1$@2$"},"590":{"EquivalenDuplicateOf":"365","FuncName":"nextarg","IRPosInFunc":[9],"SrcLoc":"src/expr.c:503","Type":"ASSIGN$V1$@2$!BITSHR$V1$@2$"},"591":{"EquivalenDuplicateOf":"365","FuncName":"nextarg","IRPosInFunc":[9],"SrcLoc":"src/expr.c:503","Type":"ASSIGN$V1$@2$!EQ$V1$@2$"},"592":{"EquivalenDuplicateOf":"363","FuncName":"nextarg","IRPosInFunc":[9],"SrcLoc":"src/expr.c:503","Type":"ASSIGN$V1$@2$!CONSTVAL$0$"},"593":{"EquivalenDuplicateOf":"365","FuncName":"nextarg","IRPosInFunc":[9],"SrcLoc":"src/expr.c:503","Type":"ASSIGN$V1$@2$!NEG$V1$"},"594":{"EquivalenDuplicateOf":"365","FuncName":"nextarg","IRPosInFunc":[9],"SrcLoc":"src/expr.c:503","Type":"ASSIGN$V1$@2$!BITXOR$V1$@2$"},"595":{"EquivalenDuplicateOf":"363","FuncName":"nextarg","IRPosInFunc":[9],"SrcLoc":"src/expr.c:503","Type":"ASSIGN$V1$@2$!CONSTVAL$1$"},"596":{"EquivalenDuplicateOf":"365","FuncName":"nextarg","IRPosInFunc":[9],"SrcLoc":"src/expr.c:503","Type":"ASSIGN$V1$@2$!LT$V1$@2$"},"597":{"EquivalenDuplicateOf":"365","FuncName":"nextarg","IRPosInFunc":[9],"SrcLoc":"src/expr.c:503","Type":"ASSIGN$V1$@2$!NEQ$V1$@2$"},"598":{"EquivalenDuplicateOf":"365","FuncName":"nextarg","IRPosInFunc":[9],"SrcLoc":"src/expr.c:503","Type":"ASSIGN$V1$@2$!LT$@2$V1$"},"599":{"EquivalenDuplicateOf":"365","FuncName":"nextarg","IRPosInFunc":[9],"SrcLoc":"src/expr.c:503","Type":"ASSIGN$V1$@2$!BITSHL$V1$@2$"},"600":{"EquivalenDuplicateOf":"365","FuncName":"nextarg","IRPosInFunc":[9],"SrcLoc":"src/expr.c:503","Type":"ASSIGN$V1$@2$!BITSHL$@2$V1$"},"601":{"EquivalenDuplicateOf":"365","FuncName":"nextarg","IRPosInFunc":[9],"SrcLoc":"src/expr.c:503","Type":"ASSIGN$V1$@2$!BITAND$V1$@2$"},"602":{"EquivalenDuplicateOf":"365","FuncName":"nextarg","IRPosInFunc":[9],"SrcLoc":"src/expr.c:503","Type":"ASSIGN$V1$@2$!LE$@2$V1$"},"603":{"EquivalenDuplicateOf":"363","FuncName":"nextarg","IRPosInFunc":[9],"SrcLoc":"src/expr.c:503","Type":"ASSIGN$V1$@2$!NEG$@2$"},"604":{"EquivalenDuplicateOf":"365","FuncName":"nextarg","IRPosInFunc":[9],"SrcLoc":"src/expr.c:503","Type":"ASSIGN$V1$@2$!BITNOT$V1$"},"605":{"EquivalenDuplicateOf":"365","FuncName":"nextarg","IRPosInFunc":[9],"SrcLoc":"src/expr.c:503","Type":"ASSIGN$V1$@2$!ADD$V1$@2$"},"606":{"EquivalenDuplicateOf":"364","FuncName":"nextarg","IRPosInFunc":[9],"SrcLoc":"src/expr.c:503","Type":"ASSIGN$V1$@2$!OPERAND$V1$"},"607":{"EquivalenDuplicateOf":"346","FuncName":"nomoreargs","IRPosInFunc":[3],"SrcLoc":"src/expr.c:517","Type":"RETURN_BREAK_CONTINUE!DELSTMT"},"608":{"EquivalenDuplicateOf":"0","FuncName":"main","IRPosInFunc":[62],"SrcLoc":"src/expr.c:330","Type":"@!ABS$@$"},"609":{"EquivalenDuplicateOf":"0","FuncName":"main","IRPosInFunc":[63],"SrcLoc":"src/expr.c:330","Type":"RETURN_BREAK_CONTINUE!DELSTMT"},"610":{"EquivalenDuplicateOf":"0","FuncName":"main","IRPosInFunc":[63],"SrcLoc":"src/expr.c:330","Type":"STMT!DELSTMT"},"611":{"EquivalenDuplicateOf":"0","FuncName":"main","IRPosInFunc":[62,63],"SrcLoc":"src/expr.c:330","Type":"STMT!TRAPSTMT"},"612":{"EquivalenDuplicateOf":"0","FuncName":"main","IRPosInFunc":[61],"SrcLoc":"src/expr.c:329","Type":"STMT!TRAPSTMT"},"613":{"EquivalenDuplicateOf":"325","FuncName":"main","IRPosInFunc":[46],"SrcLoc":"src/expr.c:322","Type":"P!PRIGHTINC$P$"},"614":{"EquivalenDuplicateOf":"317","FuncName":"main","IRPosInFunc":[47,48],"SrcLoc":"src/expr.c:322","Type":"PRIGHTINC$P1$!PRIGHTDEC$P1$"},"615":{"EquivalenDuplicateOf":"316","FuncName":"main","IRPosInFunc":[47,48],"SrcLoc":"src/expr.c:322","Type":"PRIGHTINC$P1$!OPERAND$P1$"},"616":{"EquivalenDuplicateOf":"317","FuncName":"main","IRPosInFunc":[47,48],"SrcLoc":"src/expr.c:322","Type":"PRIGHTINC$P1$!PLEFTDEC$P1$"},"617":{"EquivalenDuplicateOf":"318","FuncName":"main","IRPosInFunc":[47,48],"SrcLoc":"src/expr.c:322","Type":"PRIGHTINC$P1$!PLEFTINC$P1$"},"618":{"EquivalenDuplicateOf":"321","FuncName":"main","IRPosInFunc":[47],"SrcLoc":"src/expr.c:322","Type":"PADD$A1$@2$!OPERAND$A1$"},"619":{"EquivalenDuplicateOf":"321","FuncName":"main","IRPosInFunc":[47],"SrcLoc":"src/expr.c:322","Type":"C!ADD$C$-1$"},"620":{"EquivalenDuplicateOf":"317","FuncName":"main","IRPosInFunc":[47,48],"SrcLoc":"src/expr.c:322","Type":"PLEFTINC$P1$!PRIGHTDEC$P1$"},"621":{"EquivalenDuplicateOf":"316","FuncName":"main","IRPosInFunc":[47,48],"SrcLoc":"src/expr.c:322","Type":"PLEFTINC$P1$!OPERAND$P1$"},"622":{"EquivalenDuplicateOf":"0","FuncName":"main","IRPosInFunc":[45],"SrcLoc":"src/expr.c:319","Type":"STMT!TRAPSTMT"},"623":{"EquivalenDuplicateOf":"0","FuncName":"main","IRPosInFunc":[43],"SrcLoc":"src/expr.c:318","Type":"CALL!SHUFFLEARGS$2$"},"624":{"EquivalenDuplicateOf":"290","FuncName":"main","IRPosInFunc":[41],"SrcLoc":"src/expr.c:316","Type":"LE$@1$@2$!OPERAND$@1$"},"625":{"EquivalenDuplicateOf":"284","FuncName":"main","IRPosInFunc":[41],"SrcLoc":"src/expr.c:316","Type":"LE$@1$@2$!BITNOT$@2$"},"626":{"EquivalenDuplicateOf":"284","FuncName":"main","IRPosInFunc":[41],"SrcLoc":"src/expr.c:316","Type":"LE$@1$@2$!OPERAND$@2$"},"627":{"EquivalenDuplicateOf":"284","FuncName":"main","IRPosInFunc":[41],"SrcLoc":"src/expr.c:316","Type":"LE$@1$@2$!ABS$@2$"},"628":{"EquivalenDuplicateOf":"284","FuncName":"main","IRPosInFunc":[41],"SrcLoc":"src/expr.c:316","Type":"LE$@1$@2$!NEG$@2$"},"629":{"EquivalenDuplicateOf":"290","FuncName":"main","IRPosInFunc":[41],"SrcLoc":"src/expr.c:316","Type":"LE$@1$@2$!DIV$@1$@2$"},"630":{"EquivalenDuplicateOf":"281","FuncName":"main","IRPosInFunc":[41],"SrcLoc":"src/expr.c:316","Type":"C!ADD$C$-1$"},"631":{"EquivalenDuplicateOf":"263","FuncName":"main","IRPosInFunc":[37,38],"SrcLoc":"src/expr.c:313","Type":"PRIGHTINC$P1$!PRIGHTDEC$P1$"},"632":{"EquivalenDuplicateOf":"262","FuncName":"main","IRPosInFunc":[37,38],"SrcLoc":"src/expr.c:313","Type":"PRIGHTINC$P1$!OPERAND$P1$"},"633":{"EquivalenDuplicateOf":"263","FuncName":"main","IRPosInFunc":[37,38],"SrcLoc":"src/expr.c:313","Type":"PRIGHTINC$P1$!PLEFTDEC$P1$"},"634":{"EquivalenDuplicateOf":"264","FuncName":"main","IRPosInFunc":[37,38],"SrcLoc":"src/expr.c:313","Type":"PRIGHTINC$P1$!PLEFTINC$P1$"},"635":{"EquivalenDuplicateOf":"263","FuncName":"main","IRPosInFunc":[37],"SrcLoc":"src/expr.c:313","Type":"PADD$P1$@2$!PLEFTDEC$P1$"},"636":{"EquivalenDuplicateOf":"264","FuncName":"main","IRPosInFunc":[37],"SrcLoc":"src/expr.c:313","Type":"PADD$P1$@2$!PLEFTINC$P1$"},"637":{"EquivalenDuplicateOf":"267","FuncName":"main","IRPosInFunc":[37],"SrcLoc":"src/expr.c:313","Type":"PADD$A1$@2$!OPERAND$A1$"},"638":{"EquivalenDuplicateOf":"267","FuncName":"main","IRPosInFunc":[37],"SrcLoc":"src/expr.c:313","Type":"C!ADD$C$-1$"},"639":{"EquivalenDuplicateOf":"263","FuncName":"main","IRPosInFunc":[37,38],"SrcLoc":"src/expr.c:313","Type":"PLEFTINC$P1$!PRIGHTDEC$P1$"},"640":{"EquivalenDuplicateOf":"262","FuncName":"main","IRPosInFunc":[37,38],"SrcLoc":"src/expr.c:313","Type":"PLEFTINC$P1$!OPERAND$P1$"},"641":{"EquivalenDuplicateOf":"249","FuncName":"main","IRPosInFunc":[34],"SrcLoc":"src/expr.c:312","Type":"ADD$@1$@2$!BITSHR$@1$@2$"},"642":{"EquivalenDuplicateOf":"244","FuncName":"main","IRPosInFunc":[34],"SrcLoc":"src/expr.c:312","Type":"ADD$@1$@2$!GE$@2$@1$"},"643":{"EquivalenDuplicateOf":"236","FuncName":"main","IRPosInFunc":[34],"SrcLoc":"src/expr.c:312","Type":"ADD$@1$@2$!GT$@1$@2$"},"644":{"EquivalenDuplicateOf":"236","FuncName":"main","IRPosInFunc":[34],"SrcLoc":"src/expr.c:312","Type":"ADD$@1$@2$!LT$@2$@1$"},"645":{"EquivalenDuplicateOf":"244","FuncName":"main","IRPosInFunc":[34],"SrcLoc":"src/expr.c:312","Type":"ADD$@1$@2$!LE$@1$@2$"},"646":{"EquivalenDuplicateOf":"249","FuncName":"main","IRPosInFunc":[34],"SrcLoc":"src/expr.c:312","Type":"ADD$@1$@2$!BITSHR$@1$@2$"},"647":{"EquivalenDuplicateOf":"244","FuncName":"main","IRPosInFunc":[34],"SrcLoc":"src/expr.c:312","Type":"ADD$@1$@2$!CONSTVAL$1$"},"648":{"EquivalenDuplicateOf":"240","FuncName":"main","IRPosInFunc":[34],"SrcLoc":"src/expr.c:312","Type":"ADD$@1$@2$!BITNOT$@1$"},"649":{"EquivalenDuplicateOf":"244","FuncName":"main","IRPosInFunc":[34],"SrcLoc":"src/expr.c:312","Type":"ADD$@1$@2$!ABS$@2$"},"650":{"EquivalenDuplicateOf":"236","FuncName":"main","IRPosInFunc":[34],"SrcLoc":"src/expr.c:312","Type":"ADD$@1$@2$!BITNOT$@2$"},"651":{"EquivalenDuplicateOf":"227","FuncName":"main","IRPosInFunc":[34],"SrcLoc":"src/expr.c:312","Type":"ADD$@1$@2$!BITOR$@1$@2$"},"652":{"EquivalenDuplicateOf":"225","FuncName":"main","IRPosInFunc":[34],"SrcLoc":"src/expr.c:312","Type":"ADD$@1$@2$!BITAND$@1$@2$"},"653":{"EquivalenDuplicateOf":"225","FuncName":"main","IRPosInFunc":[34],"SrcLoc":"src/expr.c:312","Type":"ADD$@1$@2$!OPERAND$@1$"},"654":{"EquivalenDuplicateOf":"227","FuncName":"main","IRPosInFunc":[34],"SrcLoc":"src/expr.c:312","Type":"ADD$@1$@2$!OPERAND$@2$"},"655":{"EquivalenDuplicateOf":"227","FuncName":"main","IRPosInFunc":[34],"SrcLoc":"src/expr.c:312","Type":"ADD$@1$@2$!BITSHR$@2$@1$"},"656":{"EquivalenDuplicateOf":"225","FuncName":"main","IRPosInFunc":[34],"SrcLoc":"src/expr.c:312","Type":"C!ADD$C$1$"},"657":{"EquivalenDuplicateOf":"203","FuncName":"main","IRPosInFunc":[35],"SrcLoc":"src/expr.c:312","Type":"ASSIGN$V1$@2$!DIV$@2$V1$"},"658":{"EquivalenDuplicateOf":"203","FuncName":"main","IRPosInFunc":[35],"SrcLoc":"src/expr.c:312","Type":"ASSIGN$V1$@2$!MOD$V1$@2$"},"659":{"EquivalenDuplicateOf":"203","FuncName":"main","IRPosInFunc":[35],"SrcLoc":"src/expr.c:312","Type":"ASSIGN$V1$@2$!BITSHR$@2$V1$"},"660":{"EquivalenDuplicateOf":"203","FuncName":"main","IRPosInFunc":[35],"SrcLoc":"src/expr.c:312","Type":"ASSIGN$V1$@2$!DIV$V1$@2$"},"661":{"EquivalenDuplicateOf":"203","FuncName":"main","IRPosInFunc":[35],"SrcLoc":"src/expr.c:312","Type":"ASSIGN$V1$@2$!BITSHR$V1$@2$"},"662":{"EquivalenDuplicateOf":"203","FuncName":"main","IRPosInFunc":[35],"SrcLoc":"src/expr.c:312","Type":"ASSIGN$V1$@2$!MOD$@2$V1$"},"663":{"EquivalenDuplicateOf":"203","FuncName":"main","IRPosInFunc":[35],"SrcLoc":"src/expr.c:312","Type":"ASSIGN$V1$@2$!DIV$@2$V1$"},"664":{"EquivalenDuplicateOf":"203","FuncName":"main","IRPosInFunc":[35],"SrcLoc":"src/expr.c:312","Type":"ASSIGN$V1$@2$!BITNOT$@2$"},"665":{"EquivalenDuplicateOf":"202","FuncName":"main","IRPosInFunc":[35],"SrcLoc":"src/expr.c:312","Type":"ASSIGN$V1$@2$!OPERAND$@2$"},"666":{"EquivalenDuplicateOf":"203","FuncName":"main","IRPosInFunc":[35],"SrcLoc":"src/expr.c:312","Type":"ASSIGN$V1$@2$!MOD$V1$@2$"},"667":{"EquivalenDuplicateOf":"203","FuncName":"main","IRPosInFunc":[35],"SrcLoc":"src/expr.c:312","Type":"ASSIGN$V1$@2$!BITSHR$@2$V1$"},"668":{"EquivalenDuplicateOf":"203","FuncName":"main","IRPosInFunc":[35],"SrcLoc":"src/expr.c:312","Type":"ASSIGN$V1$@2$!SUB$V1$@2$"},"669":{"EquivalenDuplicateOf":"203","FuncName":"main","IRPosInFunc":[35],"SrcLoc":"src/expr.c:312","Type":"ASSIGN$V1$@2$!SUB$@2$V1$"},"670":{"EquivalenDuplicateOf":"203","FuncName":"main","IRPosInFunc":[35],"SrcLoc":"src/expr.c:312","Type":"ASSIGN$V1$@2$!DIV$V1$@2$"},"671":{"EquivalenDuplicateOf":"203","FuncName":"main","IRPosInFunc":[35],"SrcLoc":"src/expr.c:312","Type":"ASSIGN$V1$@2$!MUL$V1$@2$"},"672":{"EquivalenDuplicateOf":"203","FuncName":"main","IRPosInFunc":[35],"SrcLoc":"src/expr.c:312","Type":"ASSIGN$V1$@2$!BITSHR$V1$@2$"},"673":{"EquivalenDuplicateOf":"203","FuncName":"main","IRPosInFunc":[35],"SrcLoc":"src/expr.c:312","Type":"ASSIGN$V1$@2$!EQ$V1$@2$"},"674":{"EquivalenDuplicateOf":"202","FuncName":"main","IRPosInFunc":[35],"SrcLoc":"src/expr.c:312","Type":"ASSIGN$V1$@2$!CONSTVAL$0$"},"675":{"EquivalenDuplicateOf":"202","FuncName":"main","IRPosInFunc":[35],"SrcLoc":"src/expr.c:312","Type":"ASSIGN$V1$@2$!NEG$V1$"},"676":{"EquivalenDuplicateOf":"203","FuncName":"main","IRPosInFunc":[35],"SrcLoc":"src/expr.c:312","Type":"ASSIGN$V1$@2$!BITXOR$V1$@2$"},"677":{"EquivalenDuplicateOf":"202","FuncName":"main","IRPosInFunc":[35],"SrcLoc":"src/expr.c:312","Type":"ASSIGN$V1$@2$!CONSTVAL$1$"},"678":{"EquivalenDuplicateOf":"203","FuncName":"main","IRPosInFunc":[35],"SrcLoc":"src/expr.c:312","Type":"ASSIGN$V1$@2$!NEQ$V1$@2$"},"679":{"EquivalenDuplicateOf":"203","FuncName":"main","IRPosInFunc":[35],"SrcLoc":"src/expr.c:312","Type":"ASSIGN$V1$@2$!BITSHL$V1$@2$"},"680":{"EquivalenDuplicateOf":"203","FuncName":"main","IRPosInFunc":[35],"SrcLoc":"src/expr.c:312","Type":"ASSIGN$V1$@2$!BITSHL$@2$V1$"},"681":{"EquivalenDuplicateOf":"203","FuncName":"main","IRPosInFunc":[35],"SrcLoc":"src/expr.c:312","Type":"ASSIGN$V1$@2$!BITAND$V1$@2$"},"682":{"EquivalenDuplicateOf":"203","FuncName":"main","IRPosInFunc":[35],"SrcLoc":"src/expr.c:312","Type":"ASSIGN$V1$@2$!NEG$@2$"},"683":{"EquivalenDuplicateOf":"202","FuncName":"main","IRPosInFunc":[35],"SrcLoc":"src/expr.c:312","Type":"ASSIGN$V1$@2$!BITNOT$V1$"},"684":{"EquivalenDuplicateOf":"203","FuncName":"main","IRPosInFunc":[35],"SrcLoc":"src/expr.c:312","Type":"ASSIGN$V1$@2$!ADD$V1$@2$"},"685":{"EquivalenDuplicateOf":"202","FuncName":"main","IRPosInFunc":[35],"SrcLoc":"src/expr.c:312","Type":"ASSIGN$V1$@2$!OPERAND$V1$"},"686":{"EquivalenDuplicateOf":"203","FuncName":"main","IRPosInFunc":[35],"SrcLoc":"src/expr.c:312","Type":"ASSIGN$V1$@2$!MOD$@2$V1$"},"687":{"EquivalenDuplicateOf":"196","FuncName":"main","IRPosInFunc":[31],"SrcLoc":"src/expr.c:310","Type":"EQ$@1$@2$!GE$@1$@2$"},"688":{"EquivalenDuplicateOf":"177","FuncName":"main","IRPosInFunc":[31],"SrcLoc":"src/expr.c:310","Type":"EQ$@1$@2$!BITSHR$@1$@2$"},"689":{"EquivalenDuplicateOf":"179","FuncName":"main","IRPosInFunc":[31],"SrcLoc":"src/expr.c:310","Type":"EQ$@1$@2$!LT$@1$@2$"},"690":{"EquivalenDuplicateOf":"179","FuncName":"main","IRPosInFunc":[31],"SrcLoc":"src/expr.c:310","Type":"EQ$@1$@2$!DIV$@2$@1$"},"691":{"EquivalenDuplicateOf":"183","FuncName":"main","IRPosInFunc":[31],"SrcLoc":"src/expr.c:310","Type":"EQ$@1$@2$!MOD$@1$@2$"},"692":{"EquivalenDuplicateOf":"179","FuncName":"main","IRPosInFunc":[31],"SrcLoc":"src/expr.c:310","Type":"EQ$@1$@2$!BITSHR$@2$@1$"},"693":{"EquivalenDuplicateOf":"179","FuncName":"main","IRPosInFunc":[31],"SrcLoc":"src/expr.c:310","Type":"EQ$@1$@2$!GT$@2$@1$"},"694":{"EquivalenDuplicateOf":"179","FuncName":"main","IRPosInFunc":[31],"SrcLoc":"src/expr.c:310","Type":"EQ$@1$@2$!MOD$@2$@1$"},"695":{"EquivalenDuplicateOf":"177","FuncName":"main","IRPosInFunc":[31],"SrcLoc":"src/expr.c:310","Type":"EQ$@1$@2$!BITSHR$@1$@2$"},"696":{"EquivalenDuplicateOf":"185","FuncName":"main","IRPosInFunc":[31],"SrcLoc":"src/expr.c:310","Type":"EQ$@1$@2$!CONSTVAL$0$"},"697":{"EquivalenDuplicateOf":"189","FuncName":"main","IRPosInFunc":[31],"SrcLoc":"src/expr.c:310","Type":"EQ$@1$@2$!SUB$@2$@1$"},"698":{"EquivalenDuplicateOf":"179","FuncName":"main","IRPosInFunc":[31],"SrcLoc":"src/expr.c:310","Type":"EQ$@1$@2$!BITSHL$@2$@1$"},"699":{"EquivalenDuplicateOf":"177","FuncName":"main","IRPosInFunc":[31],"SrcLoc":"src/expr.c:310","Type":"EQ$@1$@2$!BITXOR$@1$@2$"},"700":{"EquivalenDuplicateOf":"180","FuncName":"main","IRPosInFunc":[31],"SrcLoc":"src/expr.c:310","Type":"EQ$@1$@2$!BITNOT$@2$"},"701":{"EquivalenDuplicateOf":"185","FuncName":"main","IRPosInFunc":[31],"SrcLoc":"src/expr.c:310","Type":"EQ$@1$@2$!OPERAND$@2$"},"702":{"EquivalenDuplicateOf":"185","FuncName":"main","IRPosInFunc":[31],"SrcLoc":"src/expr.c:310","Type":"EQ$@1$@2$!NEG$@2$"},"703":{"EquivalenDuplicateOf":"177","FuncName":"main","IRPosInFunc":[31],"SrcLoc":"src/expr.c:310","Type":"EQ$@1$@2$!OPERAND$@1$"},"704":{"EquivalenDuplicateOf":"177","FuncName":"main","IRPosInFunc":[31],"SrcLoc":"src/expr.c:310","Type":"EQ$@1$@2$!SUB$@1$@2$"},"705":{"EquivalenDuplicateOf":"177","FuncName":"main","IRPosInFunc":[31],"SrcLoc":"src/expr.c:310","Type":"EQ$@1$@2$!ADD$@1$@2$"},"706":{"EquivalenDuplicateOf":"179","FuncName":"main","IRPosInFunc":[31],"SrcLoc":"src/expr.c:310","Type":"EQ$@1$@2$!DIV$@2$@1$"},"707":{"EquivalenDuplicateOf":"177","FuncName":"main","IRPosInFunc":[31],"SrcLoc":"src/expr.c:310","Type":"EQ$@1$@2$!NEQ$@1$@2$"},"708":{"EquivalenDuplicateOf":"179","FuncName":"main","IRPosInFunc":[31],"SrcLoc":"src/expr.c:310","Type":"EQ$@1$@2$!BITSHR$@2$@1$"},"709":{"EquivalenDuplicateOf":"177","FuncName":"main","IRPosInFunc":[31],"SrcLoc":"src/expr.c:310","Type":"EQ$@1$@2$!BITSHL$@1$@2$"},"710":{"EquivalenDuplicateOf":"179","FuncName":"main","IRPosInFunc":[31],"SrcLoc":"src/expr.c:310","Type":"EQ$@1$@2$!MOD$@2$@1$"},"711":{"EquivalenDuplicateOf":"179","FuncName":"main","IRPosInFunc":[31],"SrcLoc":"src/expr.c:310","Type":"EQ$@1$@2$!BITAND$@1$@2$"},"712":{"EquivalenDuplicateOf":"170","FuncName":"main","IRPosInFunc":[27],"SrcLoc":"src/expr.c:310","Type":"P!PRIGHTINC$P$"},"713":{"EquivalenDuplicateOf":"164","FuncName":"main","IRPosInFunc":[28],"SrcLoc":"src/expr.c:310","Type":"PADD$A1$@2$!OPERAND$A1$"},"714":{"EquivalenDuplicateOf":"164","FuncName":"main","IRPosInFunc":[28],"SrcLoc":"src/expr.c:310","Type":"C!ADD$C$-1$"},"715":{"EquivalenDuplicateOf":"134","FuncName":"main","IRPosInFunc":[25],"SrcLoc":"src/expr.c:310","Type":"LT$@1$@2$!BITNOT$@1$"},"716":{"EquivalenDuplicateOf":"127","FuncName":"main","IRPosInFunc":[25],"SrcLoc":"src/expr.c:310","Type":"LT$@1$@2$!CONSTVAL$0$"},"717":{"EquivalenDuplicateOf":"130","FuncName":"main","IRPosInFunc":[25],"SrcLoc":"src/expr.c:310","Type":"LT$@1$@2$!OPERAND$@2$"},"718":{"EquivalenDuplicateOf":"130","FuncName":"main","IRPosInFunc":[25],"SrcLoc":"src/expr.c:310","Type":"LT$@1$@2$!MUL$@1$@2$"},"719":{"EquivalenDuplicateOf":"119","FuncName":"main","IRPosInFunc":[25],"SrcLoc":"src/expr.c:310","Type":"C!ADD$C$-1$"},"720":{"EquivalenDuplicateOf":"94","FuncName":"main","IRPosInFunc":[23],"SrcLoc":"src/expr.c:309","Type":"ASSIGN$V1$@2$!DIV$@2$V1$"},"721":{"EquivalenDuplicateOf":"94","FuncName":"main","IRPosInFunc":[23],"SrcLoc":"src/expr.c:309","Type":"ASSIGN$V1$@2$!MOD$V1$@2$"},"722":{"EquivalenDuplicateOf":"94","FuncName":"main","IRPosInFunc":[23],"SrcLoc":"src/expr.c:309","Type":"ASSIGN$V1$@2$!BITSHR$@2$V1$"},"723":{"EquivalenDuplicateOf":"94","FuncName":"main","IRPosInFunc":[23],"SrcLoc":"src/expr.c:309","Type":"ASSIGN$V1$@2$!DIV$V1$@2$"},"724":{"EquivalenDuplicateOf":"94","FuncName":"main","IRPosInFunc":[23],"SrcLoc":"src/expr.c:309","Type":"ASSIGN$V1$@2$!BITSHR$V1$@2$"},"725":{"EquivalenDuplicateOf":"94","FuncName":"main","IRPosInFunc":[23],"SrcLoc":"src/expr.c:309","Type":"ASSIGN$V1$@2$!MOD$@2$V1$"},"726":{"EquivalenDuplicateOf":"94","FuncName":"main","IRPosInFunc":[23],"SrcLoc":"src/expr.c:309","Type":"ASSIGN$V1$@2$!DIV$@2$V1$"},"727":{"EquivalenDuplicateOf":"94","FuncName":"main","IRPosInFunc":[23],"SrcLoc":"src/expr.c:309","Type":"ASSIGN$V1$@2$!BITNOT$@2$"},"728":{"EquivalenDuplicateOf":"93","FuncName":"main","IRPosInFunc":[23],"SrcLoc":"src/expr.c:309","Type":"ASSIGN$V1$@2$!OPERAND$@2$"},"729":{"EquivalenDuplicateOf":"94","FuncName":"main","IRPosInFunc":[23],"SrcLoc":"src/expr.c:309","Type":"ASSIGN$V1$@2$!MOD$V1$@2$"},"730":{"EquivalenDuplicateOf":"94","FuncName":"main","IRPosInFunc":[23],"SrcLoc":"src/expr.c:309","Type":"ASSIGN$V1$@2$!BITSHR$@2$V1$"},"731":{"EquivalenDuplicateOf":"94","FuncName":"main","IRPosInFunc":[23],"SrcLoc":"src/expr.c:309","Type":"ASSIGN$V1$@2$!SUB$V1$@2$"},"732":{"EquivalenDuplicateOf":"94","FuncName":"main","IRPosInFunc":[23],"SrcLoc":"src/expr.c:309","Type":"ASSIGN$V1$@2$!SUB$@2$V1$"},"733":{"EquivalenDuplicateOf":"94","FuncName":"main","IRPosInFunc":[23],"SrcLoc":"src/expr.c:309","Type":"ASSIGN$V1$@2$!DIV$V1$@2$"},"734":{"EquivalenDuplicateOf":"94","FuncName":"main","IRPosInFunc":[23],"SrcLoc":"src/expr.c:309","Type":"ASSIGN$V1$@2$!MUL$V1$@2$"},"735":{"EquivalenDuplicateOf":"94","FuncName":"main","IRPosInFunc":[23],"SrcLoc":"src/expr.c:309","Type":"ASSIGN$V1$@2$!BITSHR$V1$@2$"},"736":{"EquivalenDuplicateOf":"93","FuncName":"main","IRPosInFunc":[23],"SrcLoc":"src/expr.c:309","Type":"ASSIGN$V1$@2$!CONSTVAL$0$"},"737":{"EquivalenDuplicateOf":"93","FuncName":"main","IRPosInFunc":[23],"SrcLoc":"src/expr.c:309","Type":"ASSIGN$V1$@2$!NEG$V1$"},"738":{"EquivalenDuplicateOf":"94","FuncName":"main","IRPosInFunc":[23],"SrcLoc":"src/expr.c:309","Type":"ASSIGN$V1$@2$!BITXOR$V1$@2$"},"739":{"EquivalenDuplicateOf":"93","FuncName":"main","IRPosInFunc":[23],"SrcLoc":"src/expr.c:309","Type":"ASSIGN$V1$@2$!CONSTVAL$1$"},"740":{"EquivalenDuplicateOf":"94","FuncName":"main","IRPosInFunc":[23],"SrcLoc":"src/expr.c:309","Type":"ASSIGN$V1$@2$!BITSHL$V1$@2$"},"741":{"EquivalenDuplicateOf":"94","FuncName":"main","IRPosInFunc":[23],"SrcLoc":"src/expr.c:309","Type":"ASSIGN$V1$@2$!BITSHL$@2$V1$"},"742":{"EquivalenDuplicateOf":"94","FuncName":"main","IRPosInFunc":[23],"SrcLoc":"src/expr.c:309","Type":"ASSIGN$V1$@2$!BITAND$V1$@2$"},"743":{"EquivalenDuplicateOf":"94","FuncName":"main","IRPosInFunc":[23],"SrcLoc":"src/expr.c:309","Type":"ASSIGN$V1$@2$!NEG$@2$"},"744":{"EquivalenDuplicateOf":"93","FuncName":"main","IRPosInFunc":[23],"SrcLoc":"src/expr.c:309","Type":"ASSIGN$V1$@2$!BITNOT$V1$"},"745":{"EquivalenDuplicateOf":"94","FuncName":"main","IRPosInFunc":[23],"SrcLoc":"src/expr.c:309","Type":"ASSIGN$V1$@2$!ADD$V1$@2$"},"746":{"EquivalenDuplicateOf":"93","FuncName":"main","IRPosInFunc":[23],"SrcLoc":"src/expr.c:309","Type":"ASSIGN$V1$@2$!OPERAND$V1$"},"747":{"EquivalenDuplicateOf":"94","FuncName":"main","IRPosInFunc":[23],"SrcLoc":"src/expr.c:309","Type":"ASSIGN$V1$@2$!MOD$@2$V1$"},"748":{"EquivalenDuplicateOf":"71","FuncName":"main","IRPosInFunc":[20],"SrcLoc":"src/expr.c:304","Type":"CALL!SHUFFLEARGS$2$"},"749":{"EquivalenDuplicateOf":"72","FuncName":"main","IRPosInFunc":[20],"SrcLoc":"src/expr.c:304","Type":"CALL!SHUFFLEARGS$2$"},"750":{"EquivalenDuplicateOf":"73","FuncName":"main","IRPosInFunc":[20],"SrcLoc":"src/expr.c:304","Type":"CALL!SHUFFLEARGS$2$"},"751":{"EquivalenDuplicateOf":"72","FuncName":"main","IRPosInFunc":[20],"SrcLoc":"src/expr.c:304","Type":"CALL!SHUFFLEARGS$2$"},"752":{"EquivalenDuplicateOf":"74","FuncName":"main","IRPosInFunc":[20],"SrcLoc":"src/expr.c:304","Type":"CALL!SHUFFLEARGS$2$"},"753":{"EquivalenDuplicateOf":"75","FuncName":"main","IRPosInFunc":[20],"SrcLoc":"src/expr.c:304","Type":"CALL!SHUFFLEARGS$2$"},"754":{"EquivalenDuplicateOf":"76","FuncName":"main","IRPosInFunc":[20],"SrcLoc":"src/expr.c:304","Type":"CALL!SHUFFLEARGS$2$"},"755":{"EquivalenDuplicateOf":"74","FuncName":"main","IRPosInFunc":[20],"SrcLoc":"src/expr.c:304","Type":"CALL!SHUFFLEARGS$2$"},"756":{"EquivalenDuplicateOf":"75","FuncName":"main","IRPosInFunc":[20],"SrcLoc":"src/expr.c:304","Type":"CALL!SHUFFLEARGS$2$"},"757":{"EquivalenDuplicateOf":"74","FuncName":"main","IRPosInFunc":[20],"SrcLoc":"src/expr.c:304","Type":"CALL!SHUFFLEARGS$2$"},"758":{"EquivalenDuplicateOf":"77","FuncName":"main","IRPosInFunc":[20],"SrcLoc":"src/expr.c:304","Type":"CALL!SHUFFLEARGS$2$"},"759":{"EquivalenDuplicateOf":"78","FuncName":"main","IRPosInFunc":[20],"SrcLoc":"src/expr.c:304","Type":"CALL!SHUFFLEARGS$2$"},"760":{"EquivalenDuplicateOf":"79","FuncName":"main","IRPosInFunc":[20],"SrcLoc":"src/expr.c:304","Type":"CALL!SHUFFLEARGS$2$"},"761":{"EquivalenDuplicateOf":"80","FuncName":"main","IRPosInFunc":[20],"SrcLoc":"src/expr.c:304","Type":"CALL!SHUFFLEARGS$2$"},"762":{"EquivalenDuplicateOf":"77","FuncName":"main","IRPosInFunc":[20],"SrcLoc":"src/expr.c:304","Type":"CALL!SHUFFLEARGS$2$"},"763":{"EquivalenDuplicateOf":"78","FuncName":"main","IRPosInFunc":[20],"SrcLoc":"src/expr.c:304","Type":"CALL!SHUFFLEARGS$2$"},"764":{"EquivalenDuplicateOf":"79","FuncName":"main","IRPosInFunc":[20],"SrcLoc":"src/expr.c:304","Type":"CALL!SHUFFLEARGS$2$"},"765":{"EquivalenDuplicateOf":"77","FuncName":"main","IRPosInFunc":[20],"SrcLoc":"src/expr.c:304","Type":"CALL!SHUFFLEARGS$2$"},"766":{"EquivalenDuplicateOf":"78","FuncName":"main","IRPosInFunc":[20],"SrcLoc":"src/expr.c:304","Type":"CALL!SHUFFLEARGS$2$"},"767":{"EquivalenDuplicateOf":"77","FuncName":"main","IRPosInFunc":[20],"SrcLoc":"src/expr.c:304","Type":"CALL!SHUFFLEARGS$2$"},"768":{"EquivalenDuplicateOf":"81","FuncName":"main","IRPosInFunc":[20],"SrcLoc":"src/expr.c:304","Type":"CALL!SHUFFLEARGS$2$"},"769":{"EquivalenDuplicateOf":"82","FuncName":"main","IRPosInFunc":[20],"SrcLoc":"src/expr.c:304","Type":"CALL!SHUFFLEARGS$2$"},"770":{"EquivalenDuplicateOf":"83","FuncName":"main","IRPosInFunc":[20],"SrcLoc":"src/expr.c:304","Type":"CALL!SHUFFLEARGS$2$"},"771":{"EquivalenDuplicateOf":"84","FuncName":"main","IRPosInFunc":[20],"SrcLoc":"src/expr.c:304","Type":"CALL!SHUFFLEARGS$2$"},"772":{"EquivalenDuplicateOf":"85","FuncName":"main","IRPosInFunc":[20],"SrcLoc":"src/expr.c:304","Type":"CALL!SHUFFLEARGS$2$"},"773":{"EquivalenDuplicateOf":"81","FuncName":"main","IRPosInFunc":[20],"SrcLoc":"src/expr.c:304","Type":"CALL!SHUFFLEARGS$2$"},"774":{"EquivalenDuplicateOf":"82","FuncName":"main","IRPosInFunc":[20],"SrcLoc":"src/expr.c:304","Type":"CALL!SHUFFLEARGS$2$"},"775":{"EquivalenDuplicateOf":"83","FuncName":"main","IRPosInFunc":[20],"SrcLoc":"src/expr.c:304","Type":"CALL!SHUFFLEARGS$2$"},"776":{"EquivalenDuplicateOf":"84","FuncName":"main","IRPosInFunc":[20],"SrcLoc":"src/expr.c:304","Type":"CALL!SHUFFLEARGS$2$"},"777":{"EquivalenDuplicateOf":"81","FuncName":"main","IRPosInFunc":[20],"SrcLoc":"src/expr.c:304","Type":"CALL!SHUFFLEARGS$2$"},"778":{"EquivalenDuplicateOf":"82","FuncName":"main","IRPosInFunc":[20],"SrcLoc":"src/expr.c:304","Type":"CALL!SHUFFLEARGS$2$"},"779":{"EquivalenDuplicateOf":"83","FuncName":"main","IRPosInFunc":[20],"SrcLoc":"src/expr.c:304","Type":"CALL!SHUFFLEARGS$2$"},"780":{"EquivalenDuplicateOf":"81","FuncName":"main","IRPosInFunc":[20],"SrcLoc":"src/expr.c:304","Type":"CALL!SHUFFLEARGS$2$"},"781":{"EquivalenDuplicateOf":"82","FuncName":"main","IRPosInFunc":[20],"SrcLoc":"src/expr.c:304","Type":"CALL!SHUFFLEARGS$2$"},"782":{"EquivalenDuplicateOf":"81","FuncName":"main","IRPosInFunc":[20],"SrcLoc":"src/expr.c:304","Type":"CALL!SHUFFLEARGS$2$"},"783":{"EquivalenDuplicateOf":"86","FuncName":"main","IRPosInFunc":[20],"SrcLoc":"src/expr.c:304","Type":"CALL!SHUFFLEARGS$2$"},"784":{"EquivalenDuplicateOf":"87","FuncName":"main","IRPosInFunc":[20],"SrcLoc":"src/expr.c:304","Type":"CALL!SHUFFLEARGS$2$"},"785":{"EquivalenDuplicateOf":"88","FuncName":"main","IRPosInFunc":[20],"SrcLoc":"src/expr.c:304","Type":"CALL!SHUFFLEARGS$2$"},"786":{"EquivalenDuplicateOf":"89","FuncName":"main","IRPosInFunc":[20],"SrcLoc":"src/expr.c:304","Type":"CALL!SHUFFLEARGS$2$"},"787":{"EquivalenDuplicateOf":"90","FuncName":"main","IRPosInFunc":[20],"SrcLoc":"src/expr.c:304","Type":"CALL!SHUFFLEARGS$2$"},"788":{"EquivalenDuplicateOf":"86","FuncName":"main","IRPosInFunc":[20],"SrcLoc":"src/expr.c:304","Type":"CALL!SHUFFLEARGS$2$"},"789":{"EquivalenDuplicateOf":"87","FuncName":"main","IRPosInFunc":[20],"SrcLoc":"src/expr.c:304","Type":"CALL!SHUFFLEARGS$2$"},"790":{"EquivalenDuplicateOf":"88","FuncName":"main","IRPosInFunc":[20],"SrcLoc":"src/expr.c:304","Type":"CALL!SHUFFLEARGS$2$"},"791":{"EquivalenDuplicateOf":"89","FuncName":"main","IRPosInFunc":[20],"SrcLoc":"src/expr.c:304","Type":"CALL!SHUFFLEARGS$2$"},"792":{"EquivalenDuplicateOf":"86","FuncName":"main","IRPosInFunc":[20],"SrcLoc":"src/expr.c:304","Type":"CALL!SHUFFLEARGS$2$"},"793":{"EquivalenDuplicateOf":"87","FuncName":"main","IRPosInFunc":[20],"SrcLoc":"src/expr.c:304","Type":"CALL!SHUFFLEARGS$2$"},"794":{"EquivalenDuplicateOf":"88","FuncName":"main","IRPosInFunc":[20],"SrcLoc":"src/expr.c:304","Type":"CALL!SHUFFLEARGS$2$"},"795":{"EquivalenDuplicateOf":"86","FuncName":"main","IRPosInFunc":[20],"SrcLoc":"src/expr.c:304","Type":"CALL!SHUFFLEARGS$2$"},"796":{"EquivalenDuplicateOf":"87","FuncName":"main","IRPosInFunc":[20],"SrcLoc":"src/expr.c:304","Type":"CALL!SHUFFLEARGS$2$"},"797":{"EquivalenDuplicateOf":"86","FuncName":"main","IRPosInFunc":[20],"SrcLoc":"src/expr.c:304","Type":"CALL!SHUFFLEARGS$2$"},"798":{"EquivalenDuplicateOf":"71","FuncName":"main","IRPosInFunc":[20],"SrcLoc":"src/expr.c:304","Type":"CALL!SHUFFLEARGS$2$"},"799":{"EquivalenDuplicateOf":"72","FuncName":"main","IRPosInFunc":[20],"SrcLoc":"src/expr.c:304","Type":"CALL!SHUFFLEARGS$2$"},"800":{"EquivalenDuplicateOf":"73","FuncName":"main","IRPosInFunc":[20],"SrcLoc":"src/expr.c:304","Type":"CALL!SHUFFLEARGS$2$"},"801":{"EquivalenDuplicateOf":"72","FuncName":"main","IRPosInFunc":[20],"SrcLoc":"src/expr.c:304","Type":"CALL!SHUFFLEARGS$2$"},"802":{"EquivalenDuplicateOf":"74","FuncName":"main","IRPosInFunc":[20],"SrcLoc":"src/expr.c:304","Type":"CALL!SHUFFLEARGS$2$"},"803":{"EquivalenDuplicateOf":"75","FuncName":"main","IRPosInFunc":[20],"SrcLoc":"src/expr.c:304","Type":"CALL!SHUFFLEARGS$2$"},"804":{"EquivalenDuplicateOf":"76","FuncName":"main","IRPosInFunc":[20],"SrcLoc":"src/expr.c:304","Type":"CALL!SHUFFLEARGS$2$"},"805":{"EquivalenDuplicateOf":"74","FuncName":"main","IRPosInFunc":[20],"SrcLoc":"src/expr.c:304","Type":"CALL!SHUFFLEARGS$2$"},"806":{"EquivalenDuplicateOf":"75","FuncName":"main","IRPosInFunc":[20],"SrcLoc":"src/expr.c:304","Type":"CALL!SHUFFLEARGS$2$"},"807":{"EquivalenDuplicateOf":"74","FuncName":"main","IRPosInFunc":[20],"SrcLoc":"src/expr.c:304","Type":"CALL!SHUFFLEARGS$2$"},"808":{"EquivalenDuplicateOf":"77","FuncName":"main","IRPosInFunc":[20],"SrcLoc":"src/expr.c:304","Type":"CALL!SHUFFLEARGS$2$"},"809":{"EquivalenDuplicateOf":"78","FuncName":"main","IRPosInFunc":[20],"SrcLoc":"src/expr.c:304","Type":"CALL!SHUFFLEARGS$2$"},"810":{"EquivalenDuplicateOf":"79","FuncName":"main","IRPosInFunc":[20],"SrcLoc":"src/expr.c:304","Type":"CALL!SHUFFLEARGS$2$"},"811":{"EquivalenDuplicateOf":"80","FuncName":"main","IRPosInFunc":[20],"SrcLoc":"src/expr.c:304","Type":"CALL!SHUFFLEARGS$2$"},"812":{"EquivalenDuplicateOf":"77","FuncName":"main","IRPosInFunc":[20],"SrcLoc":"src/expr.c:304","Type":"CALL!SHUFFLEARGS$2$"},"813":{"EquivalenDuplicateOf":"78","FuncName":"main","IRPosInFunc":[20],"SrcLoc":"src/expr.c:304","Type":"CALL!SHUFFLEARGS$2$"},"814":{"EquivalenDuplicateOf":"79","FuncName":"main","IRPosInFunc":[20],"SrcLoc":"src/expr.c:304","Type":"CALL!SHUFFLEARGS$2$"},"815":{"EquivalenDuplicateOf":"77","FuncName":"main","IRPosInFunc":[20],"SrcLoc":"src/expr.c:304","Type":"CALL!SHUFFLEARGS$2$"},"816":{"EquivalenDuplicateOf":"78","FuncName":"main","IRPosInFunc":[20],"SrcLoc":"src/expr.c:304","Type":"CALL!SHUFFLEARGS$2$"},"817":{"EquivalenDuplicateOf":"77","FuncName":"main","IRPosInFunc":[20],"SrcLoc":"src/expr.c:304","Type":"CALL!SHUFFLEARGS$2$"},"818":{"EquivalenDuplicateOf":"81","FuncName":"main","IRPosInFunc":[20],"SrcLoc":"src/expr.c:304","Type":"CALL!SHUFFLEARGS$2$"},"819":{"EquivalenDuplicateOf":"82","FuncName":"main","IRPosInFunc":[20],"SrcLoc":"src/expr.c:304","Type":"CALL!SHUFFLEARGS$2$"},"820":{"EquivalenDuplicateOf":"83","FuncName":"main","IRPosInFunc":[20],"SrcLoc":"src/expr.c:304","Type":"CALL!SHUFFLEARGS$2$"},"821":{"EquivalenDuplicateOf":"84","FuncName":"main","IRPosInFunc":[20],"SrcLoc":"src/expr.c:304","Type":"CALL!SHUFFLEARGS$2$"},"822":{"EquivalenDuplicateOf":"81","FuncName":"main","IRPosInFunc":[20],"SrcLoc":"src/expr.c:304","Type":"CALL!SHUFFLEARGS$2$"},"823":{"EquivalenDuplicateOf":"82","FuncName":"main","IRPosInFunc":[20],"SrcLoc":"src/expr.c:304","Type":"CALL!SHUFFLEARGS$2$"},"824":{"EquivalenDuplicateOf":"83","FuncName":"main","IRPosInFunc":[20],"SrcLoc":"src/expr.c:304","Type":"CALL!SHUFFLEARGS$2$"},"825":{"EquivalenDuplicateOf":"81","FuncName":"main","IRPosInFunc":[20],"SrcLoc":"src/expr.c:304","Type":"CALL!SHUFFLEARGS$2$"},"826":{"EquivalenDuplicateOf":"82","FuncName":"main","IRPosInFunc":[20],"SrcLoc":"src/expr.c:304","Type":"CALL!SHUFFLEARGS$2$"},"827":{"EquivalenDuplicateOf":"81","FuncName":"main","IRPosInFunc":[20],"SrcLoc":"src/expr.c:304","Type":"CALL!SHUFFLEARGS$2$"},"828":{"EquivalenDuplicateOf":"71","FuncName":"main","IRPosInFunc":[20],"SrcLoc":"src/expr.c:304","Type":"CALL!SHUFFLEARGS$2$"},"829":{"EquivalenDuplicateOf":"72","FuncName":"main","IRPosInFunc":[20],"SrcLoc":"src/expr.c:304","Type":"CALL!SHUFFLEARGS$2$"},"830":{"EquivalenDuplicateOf":"73","FuncName":"main","IRPosInFunc":[20],"SrcLoc":"src/expr.c:304","Type":"CALL!SHUFFLEARGS$2$"},"831":{"EquivalenDuplicateOf":"72","FuncName":"main","IRPosInFunc":[20],"SrcLoc":"src/expr.c:304","Type":"CALL!SHUFFLEARGS$2$"},"832":{"EquivalenDuplicateOf":"74","FuncName":"main","IRPosInFunc":[20],"SrcLoc":"src/expr.c:304","Type":"CALL!SHUFFLEARGS$2$"},"833":{"EquivalenDuplicateOf":"75","FuncName":"main","IRPosInFunc":[20],"SrcLoc":"src/expr.c:304","Type":"CALL!SHUFFLEARGS$2$"},"834":{"EquivalenDuplicateOf":"76","FuncName":"main","IRPosInFunc":[20],"SrcLoc":"src/expr.c:304","Type":"CALL!SHUFFLEARGS$2$"},"835":{"EquivalenDuplicateOf":"74","FuncName":"main","IRPosInFunc":[20],"SrcLoc":"src/expr.c:304","Type":"CALL!SHUFFLEARGS$2$"},"836":{"EquivalenDuplicateOf":"75","FuncName":"main","IRPosInFunc":[20],"SrcLoc":"src/expr.c:304","Type":"CALL!SHUFFLEARGS$2$"},"837":{"EquivalenDuplicateOf":"74","FuncName":"main","IRPosInFunc":[20],"SrcLoc":"src/expr.c:304","Type":"CALL!SHUFFLEARGS$2$"},"838":{"EquivalenDuplicateOf":"77","FuncName":"main","IRPosInFunc":[20],"SrcLoc":"src/expr.c:304","Type":"CALL!SHUFFLEARGS$2$"},"839":{"EquivalenDuplicateOf":"78","FuncName":"main","IRPosInFunc":[20],"SrcLoc":"src/expr.c:304","Type":"CALL!SHUFFLEARGS$2$"},"840":{"EquivalenDuplicateOf":"79","FuncName":"main","IRPosInFunc":[20],"SrcLoc":"src/expr.c:304","Type":"CALL!SHUFFLEARGS$2$"},"841":{"EquivalenDuplicateOf":"77","FuncName":"main","IRPosInFunc":[20],"SrcLoc":"src/expr.c:304","Type":"CALL!SHUFFLEARGS$2$"},"842":{"EquivalenDuplicateOf":"78","FuncName":"main","IRPosInFunc":[20],"SrcLoc":"src/expr.c:304","Type":"CALL!SHUFFLEARGS$2$"},"843":{"EquivalenDuplicateOf":"77","FuncName":"main","IRPosInFunc":[20],"SrcLoc":"src/expr.c:304","Type":"CALL!SHUFFLEARGS$2$"},"844":{"EquivalenDuplicateOf":"71","FuncName":"main","IRPosInFunc":[20],"SrcLoc":"src/expr.c:304","Type":"CALL!SHUFFLEARGS$2$"},"845":{"EquivalenDuplicateOf":"72","FuncName":"main","IRPosInFunc":[20],"SrcLoc":"src/expr.c:304","Type":"CALL!SHUFFLEARGS$2$"},"846":{"EquivalenDuplicateOf":"73","FuncName":"main","IRPosInFunc":[20],"SrcLoc":"src/expr.c:304","Type":"CALL!SHUFFLEARGS$2$"},"847":{"EquivalenDuplicateOf":"72","FuncName":"main","IRPosInFunc":[20],"SrcLoc":"src/expr.c:304","Type":"CALL!SHUFFLEARGS$2$"},"848":{"EquivalenDuplicateOf":"74","FuncName":"main","IRPosInFunc":[20],"SrcLoc":"src/expr.c:304","Type":"CALL!SHUFFLEARGS$2$"},"849":{"EquivalenDuplicateOf":"75","FuncName":"main","IRPosInFunc":[20],"SrcLoc":"src/expr.c:304","Type":"CALL!SHUFFLEARGS$2$"},"850":{"EquivalenDuplicateOf":"74","FuncName":"main","IRPosInFunc":[20],"SrcLoc":"src/expr.c:304","Type":"CALL!SHUFFLEARGS$2$"},"851":{"EquivalenDuplicateOf":"71","FuncName":"main","IRPosInFunc":[20],"SrcLoc":"src/expr.c:304","Type":"CALL!SHUFFLEARGS$2$"},"852":{"EquivalenDuplicateOf":"72","FuncName":"main","IRPosInFunc":[20],"SrcLoc":"src/expr.c:304","Type":"CALL!SHUFFLEARGS$2$"},"853":{"EquivalenDuplicateOf":"49","FuncName":"main","IRPosInFunc":[12],"SrcLoc":"src/expr.c:296","Type":"A!CONSTVAL$0$"},"854":{"EquivalenDuplicateOf":"24","FuncName":"main","IRPosInFunc":[6],"SrcLoc":"","Type":"ASSIGN$V1$@2$!DIV$@2$V1$"},"855":{"EquivalenDuplicateOf":"24","FuncName":"main","IRPosInFunc":[6],"SrcLoc":"","Type":"ASSIGN$V1$@2$!MOD$V1$@2$"},"856":{"EquivalenDuplicateOf":"24","FuncName":"main","IRPosInFunc":[6],"SrcLoc":"","Type":"ASSIGN$V1$@2$!BITSHR$@2$V1$"},"857":{"EquivalenDuplicateOf":"24","FuncName":"main","IRPosInFunc":[6],"SrcLoc":"","Type":"ASSIGN$V1$@2$!DIV$V1$@2$"},"858":{"EquivalenDuplicateOf":"24","FuncName":"main","IRPosInFunc":[6],"SrcLoc":"","Type":"ASSIGN$V1$@2$!BITSHR$V1$@2$"},"859":{"EquivalenDuplicateOf":"24","FuncName":"main","IRPosInFunc":[6],"SrcLoc":"","Type":"ASSIGN$V1$@2$!MOD$@2$V1$"},"860":{"EquivalenDuplicateOf":"24","FuncName":"main","IRPosInFunc":[6],"SrcLoc":"","Type":"ASSIGN$V1$@2$!DIV$@2$V1$"},"861":{"EquivalenDuplicateOf":"23","FuncName":"main","IRPosInFunc":[6],"SrcLoc":"","Type":"ASSIGN$V1$@2$!BITNOT$@2$"},"862":{"EquivalenDuplicateOf":"23","FuncName":"main","IRPosInFunc":[6],"SrcLoc":"","Type":"ASSIGN$V1$@2$!OPERAND$@2$"},"863":{"EquivalenDuplicateOf":"24","FuncName":"main","IRPosInFunc":[6],"SrcLoc":"","Type":"ASSIGN$V1$@2$!MOD$V1$@2$"},"864":{"EquivalenDuplicateOf":"24","FuncName":"main","IRPosInFunc":[6],"SrcLoc":"","Type":"ASSIGN$V1$@2$!BITSHR$@2$V1$"},"865":{"EquivalenDuplicateOf":"24","FuncName":"main","IRPosInFunc":[6],"SrcLoc":"","Type":"ASSIGN$V1$@2$!SUB$V1$@2$"},"866":{"EquivalenDuplicateOf":"24","FuncName":"main","IRPosInFunc":[6],"SrcLoc":"","Type":"ASSIGN$V1$@2$!SUB$@2$V1$"},"867":{"EquivalenDuplicateOf":"24","FuncName":"main","IRPosInFunc":[6],"SrcLoc":"","Type":"ASSIGN$V1$@2$!DIV$V1$@2$"},"868":{"EquivalenDuplicateOf":"24","FuncName":"main","IRPosInFunc":[6],"SrcLoc":"","Type":"ASSIGN$V1$@2$!MUL$V1$@2$"},"869":{"EquivalenDuplicateOf":"24","FuncName":"main","IRPosInFunc":[6],"SrcLoc":"","Type":"ASSIGN$V1$@2$!BITSHR$V1$@2$"},"870":{"EquivalenDuplicateOf":"23","FuncName":"main","IRPosInFunc":[6],"SrcLoc":"","Type":"ASSIGN$V1$@2$!CONSTVAL$0$"},"871":{"EquivalenDuplicateOf":"24","FuncName":"main","IRPosInFunc":[6],"SrcLoc":"","Type":"ASSIGN$V1$@2$!NEG$V1$"},"872":{"EquivalenDuplicateOf":"24","FuncName":"main","IRPosInFunc":[6],"SrcLoc":"","Type":"ASSIGN$V1$@2$!BITXOR$V1$@2$"},"873":{"EquivalenDuplicateOf":"23","FuncName":"main","IRPosInFunc":[6],"SrcLoc":"","Type":"ASSIGN$V1$@2$!CONSTVAL$1$"},"874":{"EquivalenDuplicateOf":"24","FuncName":"main","IRPosInFunc":[6],"SrcLoc":"","Type":"ASSIGN$V1$@2$!BITSHL$V1$@2$"},"875":{"EquivalenDuplicateOf":"24","FuncName":"main","IRPosInFunc":[6],"SrcLoc":"","Type":"ASSIGN$V1$@2$!BITSHL$@2$V1$"},"876":{"EquivalenDuplicateOf":"24","FuncName":"main","IRPosInFunc":[6],"SrcLoc":"","Type":"ASSIGN$V1$@2$!BITAND$V1$@2$"},"877":{"EquivalenDuplicateOf":"23","FuncName":"main","IRPosInFunc":[6],"SrcLoc":"","Type":"ASSIGN$V1$@2$!NEG$@2$"},"878":{"EquivalenDuplicateOf":"24","FuncName":"main","IRPosInFunc":[6],"SrcLoc":"","Type":"ASSIGN$V1$@2$!BITNOT$V1$"},"879":{"EquivalenDuplicateOf":"24","FuncName":"main","IRPosInFunc":[6],"SrcLoc":"","Type":"ASSIGN$V1$@2$!ADD$V1$@2$"},"880":{"EquivalenDuplicateOf":"23","FuncName":"main","IRPosInFunc":[6],"SrcLoc":"","Type":"ASSIGN$V1$@2$!OPERAND$V1$"},"881":{"EquivalenDuplicateOf":"24","FuncName":"main","IRPosInFunc":[6],"SrcLoc":"","Type":"ASSIGN$V1$@2$!MOD$@2$V1$"},"882":{"EquivalenDuplicateOf":"4","FuncName":"main","IRPosInFunc":[5],"SrcLoc":"","Type":"ASSIGN$V1$@2$!DIV$@2$V1$"},"883":{"EquivalenDuplicateOf":"4","FuncName":"main","IRPosInFunc":[5],"SrcLoc":"","Type":"ASSIGN$V1$@2$!GT$@2$V1$"},"884":{"EquivalenDuplicateOf":"4","FuncName":"main","IRPosInFunc":[5],"SrcLoc":"","Type":"ASSIGN$V1$@2$!MOD$V1$@2$"},"885":{"EquivalenDuplicateOf":"4","FuncName":"main","IRPosInFunc":[5],"SrcLoc":"","Type":"ASSIGN$V1$@2$!BITSHR$@2$V1$"},"886":{"EquivalenDuplicateOf":"4","FuncName":"main","IRPosInFunc":[5],"SrcLoc":"","Type":"ASSIGN$V1$@2$!GE$V1$@2$"},"887":{"EquivalenDuplicateOf":"4","FuncName":"main","IRPosInFunc":[5],"SrcLoc":"","Type":"ASSIGN$V1$@2$!DIV$V1$@2$"},"888":{"EquivalenDuplicateOf":"4","FuncName":"main","IRPosInFunc":[5],"SrcLoc":"","Type":"ASSIGN$V1$@2$!BITSHR$V1$@2$"},"889":{"EquivalenDuplicateOf":"4","FuncName":"main","IRPosInFunc":[5],"SrcLoc":"","Type":"ASSIGN$V1$@2$!LT$V1$@2$"},"890":{"EquivalenDuplicateOf":"4","FuncName":"main","IRPosInFunc":[5],"SrcLoc":"","Type":"ASSIGN$V1$@2$!LE$@2$V1$"},"891":{"EquivalenDuplicateOf":"4","FuncName":"main","IRPosInFunc":[5],"SrcLoc":"","Type":"ASSIGN$V1$@2$!MOD$@2$V1$"},"892":{"EquivalenDuplicateOf":"4","FuncName":"main","IRPosInFunc":[5],"SrcLoc":"","Type":"ASSIGN$V1$@2$!DIV$@2$V1$"},"893":{"EquivalenDuplicateOf":"2","FuncName":"main","IRPosInFunc":[5],"SrcLoc":"","Type":"ASSIGN$V1$@2$!BITNOT$@2$"},"894":{"EquivalenDuplicateOf":"2","FuncName":"main","IRPosInFunc":[5],"SrcLoc":"","Type":"ASSIGN$V1$@2$!OPERAND$@2$"},"895":{"EquivalenDuplicateOf":"4","FuncName":"main","IRPosInFunc":[5],"SrcLoc":"","Type":"ASSIGN$V1$@2$!MOD$V1$@2$"},"896":{"EquivalenDuplicateOf":"4","FuncName":"main","IRPosInFunc":[5],"SrcLoc":"","Type":"ASSIGN$V1$@2$!BITSHR$@2$V1$"},"897":{"EquivalenDuplicateOf":"4","FuncName":"main","IRPosInFunc":[5],"SrcLoc":"","Type":"ASSIGN$V1$@2$!SUB$V1$@2$"},"898":{"EquivalenDuplicateOf":"4","FuncName":"main","IRPosInFunc":[5],"SrcLoc":"","Type":"ASSIGN$V1$@2$!SUB$@2$V1$"},"899":{"EquivalenDuplicateOf":"2","FuncName":"main","IRPosInFunc":[5],"SrcLoc":"","Type":"ASSIGN$V1$@2$!ABS$@2$"},"900":{"EquivalenDuplicateOf":"4","FuncName":"main","IRPosInFunc":[5],"SrcLoc":"","Type":"ASSIGN$V1$@2$!DIV$V1$@2$"},"901":{"EquivalenDuplicateOf":"4","FuncName":"main","IRPosInFunc":[5],"SrcLoc":"","Type":"ASSIGN$V1$@2$!MUL$V1$@2$"},"902":{"EquivalenDuplicateOf":"4","FuncName":"main","IRPosInFunc":[5],"SrcLoc":"","Type":"ASSIGN$V1$@2$!BITSHR$V1$@2$"},"903":{"EquivalenDuplicateOf":"2","FuncName":"main","IRPosInFunc":[5],"SrcLoc":"","Type":"ASSIGN$V1$@2$!CONSTVAL$0$"},"904":{"EquivalenDuplicateOf":"4","FuncName":"main","IRPosInFunc":[5],"SrcLoc":"","Type":"ASSIGN$V1$@2$!NEG$V1$"},"905":{"EquivalenDuplicateOf":"4","FuncName":"main","IRPosInFunc":[5],"SrcLoc":"","Type":"ASSIGN$V1$@2$!BITXOR$V1$@2$"},"906":{"EquivalenDuplicateOf":"2","FuncName":"main","IRPosInFunc":[5],"SrcLoc":"","Type":"ASSIGN$V1$@2$!CONSTVAL$1$"},"907":{"EquivalenDuplicateOf":"4","FuncName":"main","IRPosInFunc":[5],"SrcLoc":"","Type":"ASSIGN$V1$@2$!BITSHL$V1$@2$"},"908":{"EquivalenDuplicateOf":"4","FuncName":"main","IRPosInFunc":[5],"SrcLoc":"","Type":"ASSIGN$V1$@2$!BITSHL$@2$V1$"},"909":{"EquivalenDuplicateOf":"4","FuncName":"main","IRPosInFunc":[5],"SrcLoc":"","Type":"ASSIGN$V1$@2$!BITAND$V1$@2$"},"910":{"EquivalenDuplicateOf":"2","FuncName":"main","IRPosInFunc":[5],"SrcLoc":"","Type":"ASSIGN$V1$@2$!NEG$@2$"},"911":{"EquivalenDuplicateOf":"4","FuncName":"main","IRPosInFunc":[5],"SrcLoc":"","Type":"ASSIGN$V1$@2$!BITNOT$V1$"},"912":{"EquivalenDuplicateOf":"4","FuncName":"main","IRPosInFunc":[5],"SrcLoc":"","Type":"ASSIGN$V1$@2$!ADD$V1$@2$"},"913":{"EquivalenDuplicateOf":"3","FuncName":"main","IRPosInFunc":[5],"SrcLoc":"","Type":"ASSIGN$V1$@2$!OPERAND$V1$"}}