{"1000":{"EquivalenDuplicateOf":"913","FuncName":"apply_suffix","IRPosInFunc":[27],"SrcLoc":"src/sleep.c:92","Type":"ASSIGN$V1$@2$!OPERAND$@2$"},"1001":{"EquivalenDuplicateOf":"912","FuncName":"apply_suffix","IRPosInFunc":[27],"SrcLoc":"src/sleep.c:92","Type":"ASSIGN$V1$@2$!MOD$V1$@2$"},"1002":{"EquivalenDuplicateOf":"912","FuncName":"apply_suffix","IRPosInFunc":[27],"SrcLoc":"src/sleep.c:92","Type":"ASSIGN$V1$@2$!SUB$V1$@2$"},"1003":{"EquivalenDuplicateOf":"912","FuncName":"apply_suffix","IRPosInFunc":[27],"SrcLoc":"src/sleep.c:92","Type":"ASSIGN$V1$@2$!SUB$@2$V1$"},"1004":{"EquivalenDuplicateOf":"912","FuncName":"apply_suffix","IRPosInFunc":[27],"SrcLoc":"src/sleep.c:92","Type":"ASSIGN$V1$@2$!DIV$V1$@2$"},"1005":{"EquivalenDuplicateOf":"912","FuncName":"apply_suffix","IRPosInFunc":[27],"SrcLoc":"src/sleep.c:92","Type":"ASSIGN$V1$@2$!MUL$V1$@2$"},"1006":{"EquivalenDuplicateOf":"913","FuncName":"apply_suffix","IRPosInFunc":[27],"SrcLoc":"src/sleep.c:92","Type":"ASSIGN$V1$@2$!CONSTVAL$0$"},"1007":{"EquivalenDuplicateOf":"913","FuncName":"apply_suffix","IRPosInFunc":[27],"SrcLoc":"src/sleep.c:92","Type":"ASSIGN$V1$@2$!NEG$V1$"},"1008":{"EquivalenDuplicateOf":"913","FuncName":"apply_suffix","IRPosInFunc":[27],"SrcLoc":"src/sleep.c:92","Type":"ASSIGN$V1$@2$!CONSTVAL$1$"},"1009":{"EquivalenDuplicateOf":"912","FuncName":"apply_suffix","IRPosInFunc":[27],"SrcLoc":"src/sleep.c:92","Type":"ASSIGN$V1$@2$!NEG$@2$"},"1010":{"EquivalenDuplicateOf":"912","FuncName":"apply_suffix","IRPosInFunc":[27],"SrcLoc":"src/sleep.c:92","Type":"ASSIGN$V1$@2$!ADD$V1$@2$"},"1011":{"EquivalenDuplicateOf":"882","FuncName":"apply_suffix","IRPosInFunc":[26],"SrcLoc":"src/sleep.c:92","Type":"MUL$V1$@2$!ASSIGN$V1$@2$"},"1012":{"EquivalenDuplicateOf":"873","FuncName":"apply_suffix","IRPosInFunc":[21],"SrcLoc":"src/sleep.c:89","Type":"RETURN_BREAK_CONTINUE!DELSTMT"},"1013":{"EquivalenDuplicateOf":"871","FuncName":"apply_suffix","IRPosInFunc":[20],"SrcLoc":"src/sleep.c:89","Type":"C!ADD$C$1$"},"1014":{"EquivalenDuplicateOf":"869","FuncName":"apply_suffix","IRPosInFunc":[20],"SrcLoc":"src/sleep.c:89","Type":"ASSIGN$V1$@2$!DIV$@2$V1$"},"1015":{"EquivalenDuplicateOf":"869","FuncName":"apply_suffix","IRPosInFunc":[20],"SrcLoc":"src/sleep.c:89","Type":"ASSIGN$V1$@2$!GT$V1$@2$"},"1016":{"EquivalenDuplicateOf":"869","FuncName":"apply_suffix","IRPosInFunc":[20],"SrcLoc":"src/sleep.c:89","Type":"ASSIGN$V1$@2$!GT$@2$V1$"},"1017":{"EquivalenDuplicateOf":"869","FuncName":"apply_suffix","IRPosInFunc":[20],"SrcLoc":"src/sleep.c:89","Type":"ASSIGN$V1$@2$!MOD$V1$@2$"},"1018":{"EquivalenDuplicateOf":"869","FuncName":"apply_suffix","IRPosInFunc":[20],"SrcLoc":"src/sleep.c:89","Type":"ASSIGN$V1$@2$!LE$V1$@2$"},"1019":{"EquivalenDuplicateOf":"869","FuncName":"apply_suffix","IRPosInFunc":[20],"SrcLoc":"src/sleep.c:89","Type":"ASSIGN$V1$@2$!BITSHR$@2$V1$"},"1020":{"EquivalenDuplicateOf":"869","FuncName":"apply_suffix","IRPosInFunc":[20],"SrcLoc":"src/sleep.c:89","Type":"ASSIGN$V1$@2$!GE$V1$@2$"},"1021":{"EquivalenDuplicateOf":"869","FuncName":"apply_suffix","IRPosInFunc":[20],"SrcLoc":"src/sleep.c:89","Type":"ASSIGN$V1$@2$!GE$@2$V1$"},"1022":{"EquivalenDuplicateOf":"869","FuncName":"apply_suffix","IRPosInFunc":[20],"SrcLoc":"src/sleep.c:89","Type":"ASSIGN$V1$@2$!DIV$V1$@2$"},"1023":{"EquivalenDuplicateOf":"869","FuncName":"apply_suffix","IRPosInFunc":[20],"SrcLoc":"src/sleep.c:89","Type":"ASSIGN$V1$@2$!BITSHR$V1$@2$"},"1024":{"EquivalenDuplicateOf":"869","FuncName":"apply_suffix","IRPosInFunc":[20],"SrcLoc":"src/sleep.c:89","Type":"ASSIGN$V1$@2$!LT$V1$@2$"},"1025":{"EquivalenDuplicateOf":"869","FuncName":"apply_suffix","IRPosInFunc":[20],"SrcLoc":"src/sleep.c:89","Type":"ASSIGN$V1$@2$!LT$@2$V1$"},"1026":{"EquivalenDuplicateOf":"869","FuncName":"apply_suffix","IRPosInFunc":[20],"SrcLoc":"src/sleep.c:89","Type":"ASSIGN$V1$@2$!LE$@2$V1$"},"1027":{"EquivalenDuplicateOf":"869","FuncName":"apply_suffix","IRPosInFunc":[20],"SrcLoc":"src/sleep.c:89","Type":"ASSIGN$V1$@2$!MOD$@2$V1$"},"1028":{"EquivalenDuplicateOf":"869","FuncName":"apply_suffix","IRPosInFunc":[20],"SrcLoc":"src/sleep.c:89","Type":"ASSIGN$V1$@2$!DIV$@2$V1$"},"1029":{"EquivalenDuplicateOf":"867","FuncName":"apply_suffix","IRPosInFunc":[20],"SrcLoc":"src/sleep.c:89","Type":"ASSIGN$V1$@2$!BITNOT$@2$"},"1030":{"EquivalenDuplicateOf":"869","FuncName":"apply_suffix","IRPosInFunc":[20],"SrcLoc":"src/sleep.c:89","Type":"ASSIGN$V1$@2$!GT$V1$@2$"},"1031":{"EquivalenDuplicateOf":"869","FuncName":"apply_suffix","IRPosInFunc":[20],"SrcLoc":"src/sleep.c:89","Type":"ASSIGN$V1$@2$!GT$@2$V1$"},"1032":{"EquivalenDuplicateOf":"867","FuncName":"apply_suffix","IRPosInFunc":[20],"SrcLoc":"src/sleep.c:89","Type":"ASSIGN$V1$@2$!OPERAND$@2$"},"1033":{"EquivalenDuplicateOf":"869","FuncName":"apply_suffix","IRPosInFunc":[20],"SrcLoc":"src/sleep.c:89","Type":"ASSIGN$V1$@2$!MOD$V1$@2$"},"1034":{"EquivalenDuplicateOf":"869","FuncName":"apply_suffix","IRPosInFunc":[20],"SrcLoc":"src/sleep.c:89","Type":"ASSIGN$V1$@2$!LE$V1$@2$"},"1035":{"EquivalenDuplicateOf":"869","FuncName":"apply_suffix","IRPosInFunc":[20],"SrcLoc":"src/sleep.c:89","Type":"ASSIGN$V1$@2$!BITSHR$@2$V1$"},"1036":{"EquivalenDuplicateOf":"869","FuncName":"apply_suffix","IRPosInFunc":[20],"SrcLoc":"src/sleep.c:89","Type":"ASSIGN$V1$@2$!SUB$V1$@2$"},"1037":{"EquivalenDuplicateOf":"869","FuncName":"apply_suffix","IRPosInFunc":[20],"SrcLoc":"src/sleep.c:89","Type":"ASSIGN$V1$@2$!SUB$@2$V1$"},"1038":{"EquivalenDuplicateOf":"869","FuncName":"apply_suffix","IRPosInFunc":[20],"SrcLoc":"src/sleep.c:89","Type":"ASSIGN$V1$@2$!GE$V1$@2$"},"1039":{"EquivalenDuplicateOf":"867","FuncName":"apply_suffix","IRPosInFunc":[20],"SrcLoc":"src/sleep.c:89","Type":"ASSIGN$V1$@2$!ABS$@2$"},"1040":{"EquivalenDuplicateOf":"869","FuncName":"apply_suffix","IRPosInFunc":[20],"SrcLoc":"src/sleep.c:89","Type":"ASSIGN$V1$@2$!GE$@2$V1$"},"1041":{"EquivalenDuplicateOf":"869","FuncName":"apply_suffix","IRPosInFunc":[20],"SrcLoc":"src/sleep.c:89","Type":"ASSIGN$V1$@2$!DIV$V1$@2$"},"1042":{"EquivalenDuplicateOf":"869","FuncName":"apply_suffix","IRPosInFunc":[20],"SrcLoc":"src/sleep.c:89","Type":"ASSIGN$V1$@2$!MUL$V1$@2$"},"1043":{"EquivalenDuplicateOf":"869","FuncName":"apply_suffix","IRPosInFunc":[20],"SrcLoc":"src/sleep.c:89","Type":"ASSIGN$V1$@2$!BITSHR$V1$@2$"},"1044":{"EquivalenDuplicateOf":"869","FuncName":"apply_suffix","IRPosInFunc":[20],"SrcLoc":"src/sleep.c:89","Type":"ASSIGN$V1$@2$!EQ$V1$@2$"},"1045":{"EquivalenDuplicateOf":"867","FuncName":"apply_suffix","IRPosInFunc":[20],"SrcLoc":"src/sleep.c:89","Type":"ASSIGN$V1$@2$!CONSTVAL$0$"},"1046":{"EquivalenDuplicateOf":"869","FuncName":"apply_suffix","IRPosInFunc":[20],"SrcLoc":"src/sleep.c:89","Type":"ASSIGN$V1$@2$!NEG$V1$"},"1047":{"EquivalenDuplicateOf":"869","FuncName":"apply_suffix","IRPosInFunc":[20],"SrcLoc":"src/sleep.c:89","Type":"ASSIGN$V1$@2$!BITXOR$V1$@2$"},"1048":{"EquivalenDuplicateOf":"867","FuncName":"apply_suffix","IRPosInFunc":[20],"SrcLoc":"src/sleep.c:89","Type":"ASSIGN$V1$@2$!CONSTVAL$1$"},"1049":{"EquivalenDuplicateOf":"869","FuncName":"apply_suffix","IRPosInFunc":[20],"SrcLoc":"src/sleep.c:89","Type":"ASSIGN$V1$@2$!LT$V1$@2$"},"1050":{"EquivalenDuplicateOf":"869","FuncName":"apply_suffix","IRPosInFunc":[20],"SrcLoc":"src/sleep.c:89","Type":"ASSIGN$V1$@2$!NEQ$V1$@2$"},"1051":{"EquivalenDuplicateOf":"869","FuncName":"apply_suffix","IRPosInFunc":[20],"SrcLoc":"src/sleep.c:89","Type":"ASSIGN$V1$@2$!LT$@2$V1$"},"1052":{"EquivalenDuplicateOf":"869","FuncName":"apply_suffix","IRPosInFunc":[20],"SrcLoc":"src/sleep.c:89","Type":"ASSIGN$V1$@2$!BITSHL$V1$@2$"},"1053":{"EquivalenDuplicateOf":"869","FuncName":"apply_suffix","IRPosInFunc":[20],"SrcLoc":"src/sleep.c:89","Type":"ASSIGN$V1$@2$!BITSHL$@2$V1$"},"1054":{"EquivalenDuplicateOf":"869","FuncName":"apply_suffix","IRPosInFunc":[20],"SrcLoc":"src/sleep.c:89","Type":"ASSIGN$V1$@2$!BITAND$V1$@2$"},"1055":{"EquivalenDuplicateOf":"869","FuncName":"apply_suffix","IRPosInFunc":[20],"SrcLoc":"src/sleep.c:89","Type":"ASSIGN$V1$@2$!LE$@2$V1$"},"1056":{"EquivalenDuplicateOf":"867","FuncName":"apply_suffix","IRPosInFunc":[20],"SrcLoc":"src/sleep.c:89","Type":"ASSIGN$V1$@2$!NEG$@2$"},"1057":{"EquivalenDuplicateOf":"869","FuncName":"apply_suffix","IRPosInFunc":[20],"SrcLoc":"src/sleep.c:89","Type":"ASSIGN$V1$@2$!BITNOT$V1$"},"1058":{"EquivalenDuplicateOf":"869","FuncName":"apply_suffix","IRPosInFunc":[20],"SrcLoc":"src/sleep.c:89","Type":"ASSIGN$V1$@2$!ADD$V1$@2$"},"1059":{"EquivalenDuplicateOf":"868","FuncName":"apply_suffix","IRPosInFunc":[20],"SrcLoc":"src/sleep.c:89","Type":"ASSIGN$V1$@2$!OPERAND$V1$"},"1060":{"EquivalenDuplicateOf":"865","FuncName":"apply_suffix","IRPosInFunc":[19],"SrcLoc":"src/sleep.c:87","Type":"RETURN_BREAK_CONTINUE!DELSTMT"},"1061":{"EquivalenDuplicateOf":"840","FuncName":"apply_suffix","IRPosInFunc":[18],"SrcLoc":"src/sleep.c:86","Type":"ASSIGN$V1$@2$!DIV$@2$V1$"},"1062":{"EquivalenDuplicateOf":"840","FuncName":"apply_suffix","IRPosInFunc":[18],"SrcLoc":"src/sleep.c:86","Type":"ASSIGN$V1$@2$!MOD$V1$@2$"},"1063":{"EquivalenDuplicateOf":"840","FuncName":"apply_suffix","IRPosInFunc":[18],"SrcLoc":"src/sleep.c:86","Type":"ASSIGN$V1$@2$!BITSHR$@2$V1$"},"1064":{"EquivalenDuplicateOf":"840","FuncName":"apply_suffix","IRPosInFunc":[18],"SrcLoc":"src/sleep.c:86","Type":"ASSIGN$V1$@2$!DIV$V1$@2$"},"1065":{"EquivalenDuplicateOf":"840","FuncName":"apply_suffix","IRPosInFunc":[18],"SrcLoc":"src/sleep.c:86","Type":"ASSIGN$V1$@2$!BITSHR$V1$@2$"},"1066":{"EquivalenDuplicateOf":"840","FuncName":"apply_suffix","IRPosInFunc":[18],"SrcLoc":"src/sleep.c:86","Type":"ASSIGN$V1$@2$!MOD$@2$V1$"},"1067":{"EquivalenDuplicateOf":"840","FuncName":"apply_suffix","IRPosInFunc":[18],"SrcLoc":"src/sleep.c:86","Type":"ASSIGN$V1$@2$!DIV$@2$V1$"},"1068":{"EquivalenDuplicateOf":"839","FuncName":"apply_suffix","IRPosInFunc":[18],"SrcLoc":"src/sleep.c:86","Type":"ASSIGN$V1$@2$!BITNOT$@2$"},"1069":{"EquivalenDuplicateOf":"839","FuncName":"apply_suffix","IRPosInFunc":[18],"SrcLoc":"src/sleep.c:86","Type":"ASSIGN$V1$@2$!OPERAND$@2$"},"1070":{"EquivalenDuplicateOf":"840","FuncName":"apply_suffix","IRPosInFunc":[18],"SrcLoc":"src/sleep.c:86","Type":"ASSIGN$V1$@2$!MOD$V1$@2$"},"1071":{"EquivalenDuplicateOf":"840","FuncName":"apply_suffix","IRPosInFunc":[18],"SrcLoc":"src/sleep.c:86","Type":"ASSIGN$V1$@2$!BITSHR$@2$V1$"},"1072":{"EquivalenDuplicateOf":"840","FuncName":"apply_suffix","IRPosInFunc":[18],"SrcLoc":"src/sleep.c:86","Type":"ASSIGN$V1$@2$!SUB$V1$@2$"},"1073":{"EquivalenDuplicateOf":"840","FuncName":"apply_suffix","IRPosInFunc":[18],"SrcLoc":"src/sleep.c:86","Type":"ASSIGN$V1$@2$!SUB$@2$V1$"},"1074":{"EquivalenDuplicateOf":"839","FuncName":"apply_suffix","IRPosInFunc":[18],"SrcLoc":"src/sleep.c:86","Type":"ASSIGN$V1$@2$!ABS$@2$"},"1075":{"EquivalenDuplicateOf":"840","FuncName":"apply_suffix","IRPosInFunc":[18],"SrcLoc":"src/sleep.c:86","Type":"ASSIGN$V1$@2$!DIV$V1$@2$"},"1076":{"EquivalenDuplicateOf":"840","FuncName":"apply_suffix","IRPosInFunc":[18],"SrcLoc":"src/sleep.c:86","Type":"ASSIGN$V1$@2$!MUL$V1$@2$"},"1077":{"EquivalenDuplicateOf":"840","FuncName":"apply_suffix","IRPosInFunc":[18],"SrcLoc":"src/sleep.c:86","Type":"ASSIGN$V1$@2$!BITSHR$V1$@2$"},"1078":{"EquivalenDuplicateOf":"839","FuncName":"apply_suffix","IRPosInFunc":[18],"SrcLoc":"src/sleep.c:86","Type":"ASSIGN$V1$@2$!CONSTVAL$0$"},"1079":{"EquivalenDuplicateOf":"840","FuncName":"apply_suffix","IRPosInFunc":[18],"SrcLoc":"src/sleep.c:86","Type":"ASSIGN$V1$@2$!NEG$V1$"},"1080":{"EquivalenDuplicateOf":"840","FuncName":"apply_suffix","IRPosInFunc":[18],"SrcLoc":"src/sleep.c:86","Type":"ASSIGN$V1$@2$!BITXOR$V1$@2$"},"1081":{"EquivalenDuplicateOf":"839","FuncName":"apply_suffix","IRPosInFunc":[18],"SrcLoc":"src/sleep.c:86","Type":"ASSIGN$V1$@2$!CONSTVAL$1$"},"1082":{"EquivalenDuplicateOf":"840","FuncName":"apply_suffix","IRPosInFunc":[18],"SrcLoc":"src/sleep.c:86","Type":"ASSIGN$V1$@2$!BITSHL$V1$@2$"},"1083":{"EquivalenDuplicateOf":"840","FuncName":"apply_suffix","IRPosInFunc":[18],"SrcLoc":"src/sleep.c:86","Type":"ASSIGN$V1$@2$!BITSHL$@2$V1$"},"1084":{"EquivalenDuplicateOf":"840","FuncName":"apply_suffix","IRPosInFunc":[18],"SrcLoc":"src/sleep.c:86","Type":"ASSIGN$V1$@2$!BITAND$V1$@2$"},"1085":{"EquivalenDuplicateOf":"839","FuncName":"apply_suffix","IRPosInFunc":[18],"SrcLoc":"src/sleep.c:86","Type":"ASSIGN$V1$@2$!NEG$@2$"},"1086":{"EquivalenDuplicateOf":"840","FuncName":"apply_suffix","IRPosInFunc":[18],"SrcLoc":"src/sleep.c:86","Type":"ASSIGN$V1$@2$!BITNOT$V1$"},"1087":{"EquivalenDuplicateOf":"840","FuncName":"apply_suffix","IRPosInFunc":[18],"SrcLoc":"src/sleep.c:86","Type":"ASSIGN$V1$@2$!ADD$V1$@2$"},"1088":{"EquivalenDuplicateOf":"840","FuncName":"apply_suffix","IRPosInFunc":[18],"SrcLoc":"src/sleep.c:86","Type":"ASSIGN$V1$@2$!MOD$@2$V1$"},"1089":{"EquivalenDuplicateOf":"837","FuncName":"apply_suffix","IRPosInFunc":[17],"SrcLoc":"src/sleep.c:84","Type":"RETURN_BREAK_CONTINUE!DELSTMT"},"1090":{"EquivalenDuplicateOf":"812","FuncName":"apply_suffix","IRPosInFunc":[16],"SrcLoc":"src/sleep.c:83","Type":"ASSIGN$V1$@2$!DIV$@2$V1$"},"1091":{"EquivalenDuplicateOf":"812","FuncName":"apply_suffix","IRPosInFunc":[16],"SrcLoc":"src/sleep.c:83","Type":"ASSIGN$V1$@2$!MOD$V1$@2$"},"1092":{"EquivalenDuplicateOf":"812","FuncName":"apply_suffix","IRPosInFunc":[16],"SrcLoc":"src/sleep.c:83","Type":"ASSIGN$V1$@2$!BITSHR$@2$V1$"},"1093":{"EquivalenDuplicateOf":"812","FuncName":"apply_suffix","IRPosInFunc":[16],"SrcLoc":"src/sleep.c:83","Type":"ASSIGN$V1$@2$!DIV$V1$@2$"},"1094":{"EquivalenDuplicateOf":"812","FuncName":"apply_suffix","IRPosInFunc":[16],"SrcLoc":"src/sleep.c:83","Type":"ASSIGN$V1$@2$!BITSHR$V1$@2$"},"1095":{"EquivalenDuplicateOf":"812","FuncName":"apply_suffix","IRPosInFunc":[16],"SrcLoc":"src/sleep.c:83","Type":"ASSIGN$V1$@2$!MOD$@2$V1$"},"1096":{"EquivalenDuplicateOf":"812","FuncName":"apply_suffix","IRPosInFunc":[16],"SrcLoc":"src/sleep.c:83","Type":"ASSIGN$V1$@2$!DIV$@2$V1$"},"1097":{"EquivalenDuplicateOf":"811","FuncName":"apply_suffix","IRPosInFunc":[16],"SrcLoc":"src/sleep.c:83","Type":"ASSIGN$V1$@2$!BITNOT$@2$"},"1098":{"EquivalenDuplicateOf":"811","FuncName":"apply_suffix","IRPosInFunc":[16],"SrcLoc":"src/sleep.c:83","Type":"ASSIGN$V1$@2$!OPERAND$@2$"},"1099":{"EquivalenDuplicateOf":"812","FuncName":"apply_suffix","IRPosInFunc":[16],"SrcLoc":"src/sleep.c:83","Type":"ASSIGN$V1$@2$!MOD$V1$@2$"},"1100":{"EquivalenDuplicateOf":"812","FuncName":"apply_suffix","IRPosInFunc":[16],"SrcLoc":"src/sleep.c:83","Type":"ASSIGN$V1$@2$!BITSHR$@2$V1$"},"1101":{"EquivalenDuplicateOf":"812","FuncName":"apply_suffix","IRPosInFunc":[16],"SrcLoc":"src/sleep.c:83","Type":"ASSIGN$V1$@2$!SUB$V1$@2$"},"1102":{"EquivalenDuplicateOf":"812","FuncName":"apply_suffix","IRPosInFunc":[16],"SrcLoc":"src/sleep.c:83","Type":"ASSIGN$V1$@2$!SUB$@2$V1$"},"1103":{"EquivalenDuplicateOf":"811","FuncName":"apply_suffix","IRPosInFunc":[16],"SrcLoc":"src/sleep.c:83","Type":"ASSIGN$V1$@2$!ABS$@2$"},"1104":{"EquivalenDuplicateOf":"812","FuncName":"apply_suffix","IRPosInFunc":[16],"SrcLoc":"src/sleep.c:83","Type":"ASSIGN$V1$@2$!DIV$V1$@2$"},"1105":{"EquivalenDuplicateOf":"812","FuncName":"apply_suffix","IRPosInFunc":[16],"SrcLoc":"src/sleep.c:83","Type":"ASSIGN$V1$@2$!MUL$V1$@2$"},"1106":{"EquivalenDuplicateOf":"812","FuncName":"apply_suffix","IRPosInFunc":[16],"SrcLoc":"src/sleep.c:83","Type":"ASSIGN$V1$@2$!BITSHR$V1$@2$"},"1107":{"EquivalenDuplicateOf":"811","FuncName":"apply_suffix","IRPosInFunc":[16],"SrcLoc":"src/sleep.c:83","Type":"ASSIGN$V1$@2$!CONSTVAL$0$"},"1108":{"EquivalenDuplicateOf":"812","FuncName":"apply_suffix","IRPosInFunc":[16],"SrcLoc":"src/sleep.c:83","Type":"ASSIGN$V1$@2$!NEG$V1$"},"1109":{"EquivalenDuplicateOf":"812","FuncName":"apply_suffix","IRPosInFunc":[16],"SrcLoc":"src/sleep.c:83","Type":"ASSIGN$V1$@2$!BITXOR$V1$@2$"},"1110":{"EquivalenDuplicateOf":"811","FuncName":"apply_suffix","IRPosInFunc":[16],"SrcLoc":"src/sleep.c:83","Type":"ASSIGN$V1$@2$!CONSTVAL$1$"},"1111":{"EquivalenDuplicateOf":"812","FuncName":"apply_suffix","IRPosInFunc":[16],"SrcLoc":"src/sleep.c:83","Type":"ASSIGN$V1$@2$!BITSHL$V1$@2$"},"1112":{"EquivalenDuplicateOf":"812","FuncName":"apply_suffix","IRPosInFunc":[16],"SrcLoc":"src/sleep.c:83","Type":"ASSIGN$V1$@2$!BITSHL$@2$V1$"},"1113":{"EquivalenDuplicateOf":"812","FuncName":"apply_suffix","IRPosInFunc":[16],"SrcLoc":"src/sleep.c:83","Type":"ASSIGN$V1$@2$!BITAND$V1$@2$"},"1114":{"EquivalenDuplicateOf":"811","FuncName":"apply_suffix","IRPosInFunc":[16],"SrcLoc":"src/sleep.c:83","Type":"ASSIGN$V1$@2$!NEG$@2$"},"1115":{"EquivalenDuplicateOf":"812","FuncName":"apply_suffix","IRPosInFunc":[16],"SrcLoc":"src/sleep.c:83","Type":"ASSIGN$V1$@2$!BITNOT$V1$"},"1116":{"EquivalenDuplicateOf":"812","FuncName":"apply_suffix","IRPosInFunc":[16],"SrcLoc":"src/sleep.c:83","Type":"ASSIGN$V1$@2$!ADD$V1$@2$"},"1117":{"EquivalenDuplicateOf":"812","FuncName":"apply_suffix","IRPosInFunc":[16],"SrcLoc":"src/sleep.c:83","Type":"ASSIGN$V1$@2$!MOD$@2$V1$"},"1118":{"EquivalenDuplicateOf":"809","FuncName":"apply_suffix","IRPosInFunc":[15],"SrcLoc":"src/sleep.c:81","Type":"RETURN_BREAK_CONTINUE!DELSTMT"},"1119":{"EquivalenDuplicateOf":"784","FuncName":"apply_suffix","IRPosInFunc":[14],"SrcLoc":"src/sleep.c:80","Type":"ASSIGN$V1$@2$!DIV$@2$V1$"},"1120":{"EquivalenDuplicateOf":"784","FuncName":"apply_suffix","IRPosInFunc":[14],"SrcLoc":"src/sleep.c:80","Type":"ASSIGN$V1$@2$!MOD$V1$@2$"},"1121":{"EquivalenDuplicateOf":"784","FuncName":"apply_suffix","IRPosInFunc":[14],"SrcLoc":"src/sleep.c:80","Type":"ASSIGN$V1$@2$!BITSHR$@2$V1$"},"1122":{"EquivalenDuplicateOf":"784","FuncName":"apply_suffix","IRPosInFunc":[14],"SrcLoc":"src/sleep.c:80","Type":"ASSIGN$V1$@2$!DIV$V1$@2$"},"1123":{"EquivalenDuplicateOf":"784","FuncName":"apply_suffix","IRPosInFunc":[14],"SrcLoc":"src/sleep.c:80","Type":"ASSIGN$V1$@2$!BITSHR$V1$@2$"},"1124":{"EquivalenDuplicateOf":"784","FuncName":"apply_suffix","IRPosInFunc":[14],"SrcLoc":"src/sleep.c:80","Type":"ASSIGN$V1$@2$!MOD$@2$V1$"},"1125":{"EquivalenDuplicateOf":"784","FuncName":"apply_suffix","IRPosInFunc":[14],"SrcLoc":"src/sleep.c:80","Type":"ASSIGN$V1$@2$!DIV$@2$V1$"},"1126":{"EquivalenDuplicateOf":"783","FuncName":"apply_suffix","IRPosInFunc":[14],"SrcLoc":"src/sleep.c:80","Type":"ASSIGN$V1$@2$!BITNOT$@2$"},"1127":{"EquivalenDuplicateOf":"783","FuncName":"apply_suffix","IRPosInFunc":[14],"SrcLoc":"src/sleep.c:80","Type":"ASSIGN$V1$@2$!OPERAND$@2$"},"1128":{"EquivalenDuplicateOf":"784","FuncName":"apply_suffix","IRPosInFunc":[14],"SrcLoc":"src/sleep.c:80","Type":"ASSIGN$V1$@2$!MOD$V1$@2$"},"1129":{"EquivalenDuplicateOf":"784","FuncName":"apply_suffix","IRPosInFunc":[14],"SrcLoc":"src/sleep.c:80","Type":"ASSIGN$V1$@2$!BITSHR$@2$V1$"},"1130":{"EquivalenDuplicateOf":"784","FuncName":"apply_suffix","IRPosInFunc":[14],"SrcLoc":"src/sleep.c:80","Type":"ASSIGN$V1$@2$!SUB$V1$@2$"},"1131":{"EquivalenDuplicateOf":"784","FuncName":"apply_suffix","IRPosInFunc":[14],"SrcLoc":"src/sleep.c:80","Type":"ASSIGN$V1$@2$!SUB$@2$V1$"},"1132":{"EquivalenDuplicateOf":"783","FuncName":"apply_suffix","IRPosInFunc":[14],"SrcLoc":"src/sleep.c:80","Type":"ASSIGN$V1$@2$!ABS$@2$"},"1133":{"EquivalenDuplicateOf":"784","FuncName":"apply_suffix","IRPosInFunc":[14],"SrcLoc":"src/sleep.c:80","Type":"ASSIGN$V1$@2$!DIV$V1$@2$"},"1134":{"EquivalenDuplicateOf":"784","FuncName":"apply_suffix","IRPosInFunc":[14],"SrcLoc":"src/sleep.c:80","Type":"ASSIGN$V1$@2$!MUL$V1$@2$"},"1135":{"EquivalenDuplicateOf":"784","FuncName":"apply_suffix","IRPosInFunc":[14],"SrcLoc":"src/sleep.c:80","Type":"ASSIGN$V1$@2$!BITSHR$V1$@2$"},"1136":{"EquivalenDuplicateOf":"783","FuncName":"apply_suffix","IRPosInFunc":[14],"SrcLoc":"src/sleep.c:80","Type":"ASSIGN$V1$@2$!CONSTVAL$0$"},"1137":{"EquivalenDuplicateOf":"784","FuncName":"apply_suffix","IRPosInFunc":[14],"SrcLoc":"src/sleep.c:80","Type":"ASSIGN$V1$@2$!NEG$V1$"},"1138":{"EquivalenDuplicateOf":"784","FuncName":"apply_suffix","IRPosInFunc":[14],"SrcLoc":"src/sleep.c:80","Type":"ASSIGN$V1$@2$!BITXOR$V1$@2$"},"1139":{"EquivalenDuplicateOf":"783","FuncName":"apply_suffix","IRPosInFunc":[14],"SrcLoc":"src/sleep.c:80","Type":"ASSIGN$V1$@2$!CONSTVAL$1$"},"1140":{"EquivalenDuplicateOf":"784","FuncName":"apply_suffix","IRPosInFunc":[14],"SrcLoc":"src/sleep.c:80","Type":"ASSIGN$V1$@2$!BITSHL$V1$@2$"},"1141":{"EquivalenDuplicateOf":"784","FuncName":"apply_suffix","IRPosInFunc":[14],"SrcLoc":"src/sleep.c:80","Type":"ASSIGN$V1$@2$!BITSHL$@2$V1$"},"1142":{"EquivalenDuplicateOf":"784","FuncName":"apply_suffix","IRPosInFunc":[14],"SrcLoc":"src/sleep.c:80","Type":"ASSIGN$V1$@2$!BITAND$V1$@2$"},"1143":{"EquivalenDuplicateOf":"783","FuncName":"apply_suffix","IRPosInFunc":[14],"SrcLoc":"src/sleep.c:80","Type":"ASSIGN$V1$@2$!NEG$@2$"},"1144":{"EquivalenDuplicateOf":"784","FuncName":"apply_suffix","IRPosInFunc":[14],"SrcLoc":"src/sleep.c:80","Type":"ASSIGN$V1$@2$!BITNOT$V1$"},"1145":{"EquivalenDuplicateOf":"784","FuncName":"apply_suffix","IRPosInFunc":[14],"SrcLoc":"src/sleep.c:80","Type":"ASSIGN$V1$@2$!ADD$V1$@2$"},"1146":{"EquivalenDuplicateOf":"784","FuncName":"apply_suffix","IRPosInFunc":[14],"SrcLoc":"src/sleep.c:80","Type":"ASSIGN$V1$@2$!MOD$@2$V1$"},"1147":{"EquivalenDuplicateOf":"781","FuncName":"apply_suffix","IRPosInFunc":[13],"SrcLoc":"src/sleep.c:78","Type":"RETURN_BREAK_CONTINUE!DELSTMT"},"1148":{"EquivalenDuplicateOf":"778","FuncName":"apply_suffix","IRPosInFunc":[12],"SrcLoc":"src/sleep.c:77","Type":"C!ADD$C$-1$"},"1149":{"EquivalenDuplicateOf":"757","FuncName":"apply_suffix","IRPosInFunc":[12],"SrcLoc":"src/sleep.c:77","Type":"ASSIGN$V1$@2$!DIV$@2$V1$"},"1150":{"EquivalenDuplicateOf":"757","FuncName":"apply_suffix","IRPosInFunc":[12],"SrcLoc":"src/sleep.c:77","Type":"ASSIGN$V1$@2$!MOD$V1$@2$"},"1151":{"EquivalenDuplicateOf":"757","FuncName":"apply_suffix","IRPosInFunc":[12],"SrcLoc":"src/sleep.c:77","Type":"ASSIGN$V1$@2$!BITSHR$@2$V1$"},"1152":{"EquivalenDuplicateOf":"757","FuncName":"apply_suffix","IRPosInFunc":[12],"SrcLoc":"src/sleep.c:77","Type":"ASSIGN$V1$@2$!DIV$V1$@2$"},"1153":{"EquivalenDuplicateOf":"757","FuncName":"apply_suffix","IRPosInFunc":[12],"SrcLoc":"src/sleep.c:77","Type":"ASSIGN$V1$@2$!BITSHR$V1$@2$"},"1154":{"EquivalenDuplicateOf":"757","FuncName":"apply_suffix","IRPosInFunc":[12],"SrcLoc":"src/sleep.c:77","Type":"ASSIGN$V1$@2$!MOD$@2$V1$"},"1155":{"EquivalenDuplicateOf":"757","FuncName":"apply_suffix","IRPosInFunc":[12],"SrcLoc":"src/sleep.c:77","Type":"ASSIGN$V1$@2$!DIV$@2$V1$"},"1156":{"EquivalenDuplicateOf":"756","FuncName":"apply_suffix","IRPosInFunc":[12],"SrcLoc":"src/sleep.c:77","Type":"ASSIGN$V1$@2$!BITNOT$@2$"},"1157":{"EquivalenDuplicateOf":"756","FuncName":"apply_suffix","IRPosInFunc":[12],"SrcLoc":"src/sleep.c:77","Type":"ASSIGN$V1$@2$!OPERAND$@2$"},"1158":{"EquivalenDuplicateOf":"757","FuncName":"apply_suffix","IRPosInFunc":[12],"SrcLoc":"src/sleep.c:77","Type":"ASSIGN$V1$@2$!MOD$V1$@2$"},"1159":{"EquivalenDuplicateOf":"757","FuncName":"apply_suffix","IRPosInFunc":[12],"SrcLoc":"src/sleep.c:77","Type":"ASSIGN$V1$@2$!BITSHR$@2$V1$"},"1160":{"EquivalenDuplicateOf":"757","FuncName":"apply_suffix","IRPosInFunc":[12],"SrcLoc":"src/sleep.c:77","Type":"ASSIGN$V1$@2$!SUB$V1$@2$"},"1161":{"EquivalenDuplicateOf":"757","FuncName":"apply_suffix","IRPosInFunc":[12],"SrcLoc":"src/sleep.c:77","Type":"ASSIGN$V1$@2$!SUB$@2$V1$"},"1162":{"EquivalenDuplicateOf":"756","FuncName":"apply_suffix","IRPosInFunc":[12],"SrcLoc":"src/sleep.c:77","Type":"ASSIGN$V1$@2$!ABS$@2$"},"1163":{"EquivalenDuplicateOf":"757","FuncName":"apply_suffix","IRPosInFunc":[12],"SrcLoc":"src/sleep.c:77","Type":"ASSIGN$V1$@2$!DIV$V1$@2$"},"1164":{"EquivalenDuplicateOf":"757","FuncName":"apply_suffix","IRPosInFunc":[12],"SrcLoc":"src/sleep.c:77","Type":"ASSIGN$V1$@2$!MUL$V1$@2$"},"1165":{"EquivalenDuplicateOf":"757","FuncName":"apply_suffix","IRPosInFunc":[12],"SrcLoc":"src/sleep.c:77","Type":"ASSIGN$V1$@2$!BITSHR$V1$@2$"},"1166":{"EquivalenDuplicateOf":"756","FuncName":"apply_suffix","IRPosInFunc":[12],"SrcLoc":"src/sleep.c:77","Type":"ASSIGN$V1$@2$!CONSTVAL$0$"},"1167":{"EquivalenDuplicateOf":"757","FuncName":"apply_suffix","IRPosInFunc":[12],"SrcLoc":"src/sleep.c:77","Type":"ASSIGN$V1$@2$!NEG$V1$"},"1168":{"EquivalenDuplicateOf":"757","FuncName":"apply_suffix","IRPosInFunc":[12],"SrcLoc":"src/sleep.c:77","Type":"ASSIGN$V1$@2$!BITXOR$V1$@2$"},"1169":{"EquivalenDuplicateOf":"756","FuncName":"apply_suffix","IRPosInFunc":[12],"SrcLoc":"src/sleep.c:77","Type":"ASSIGN$V1$@2$!CONSTVAL$1$"},"1170":{"EquivalenDuplicateOf":"757","FuncName":"apply_suffix","IRPosInFunc":[12],"SrcLoc":"src/sleep.c:77","Type":"ASSIGN$V1$@2$!BITSHL$V1$@2$"},"1171":{"EquivalenDuplicateOf":"757","FuncName":"apply_suffix","IRPosInFunc":[12],"SrcLoc":"src/sleep.c:77","Type":"ASSIGN$V1$@2$!BITSHL$@2$V1$"},"1172":{"EquivalenDuplicateOf":"757","FuncName":"apply_suffix","IRPosInFunc":[12],"SrcLoc":"src/sleep.c:77","Type":"ASSIGN$V1$@2$!BITAND$V1$@2$"},"1173":{"EquivalenDuplicateOf":"756","FuncName":"apply_suffix","IRPosInFunc":[12],"SrcLoc":"src/sleep.c:77","Type":"ASSIGN$V1$@2$!NEG$@2$"},"1174":{"EquivalenDuplicateOf":"757","FuncName":"apply_suffix","IRPosInFunc":[12],"SrcLoc":"src/sleep.c:77","Type":"ASSIGN$V1$@2$!BITNOT$V1$"},"1175":{"EquivalenDuplicateOf":"757","FuncName":"apply_suffix","IRPosInFunc":[12],"SrcLoc":"src/sleep.c:77","Type":"ASSIGN$V1$@2$!ADD$V1$@2$"},"1176":{"EquivalenDuplicateOf":"757","FuncName":"apply_suffix","IRPosInFunc":[12],"SrcLoc":"src/sleep.c:77","Type":"ASSIGN$V1$@2$!MOD$@2$V1$"},"1177":{"EquivalenDuplicateOf":"712","FuncName":"apply_suffix","IRPosInFunc":[6],"SrcLoc":"","Type":"ASSIGN$V1$@2$!DIV$@2$V1$"},"1178":{"EquivalenDuplicateOf":"712","FuncName":"apply_suffix","IRPosInFunc":[6],"SrcLoc":"","Type":"ASSIGN$V1$@2$!MOD$V1$@2$"},"1179":{"EquivalenDuplicateOf":"712","FuncName":"apply_suffix","IRPosInFunc":[6],"SrcLoc":"","Type":"ASSIGN$V1$@2$!BITSHR$@2$V1$"},"1180":{"EquivalenDuplicateOf":"712","FuncName":"apply_suffix","IRPosInFunc":[6],"SrcLoc":"","Type":"ASSIGN$V1$@2$!DIV$V1$@2$"},"1181":{"EquivalenDuplicateOf":"712","FuncName":"apply_suffix","IRPosInFunc":[6],"SrcLoc":"","Type":"ASSIGN$V1$@2$!BITSHR$V1$@2$"},"1182":{"EquivalenDuplicateOf":"712","FuncName":"apply_suffix","IRPosInFunc":[6],"SrcLoc":"","Type":"ASSIGN$V1$@2$!MOD$@2$V1$"},"1183":{"EquivalenDuplicateOf":"712","FuncName":"apply_suffix","IRPosInFunc":[6],"SrcLoc":"","Type":"ASSIGN$V1$@2$!DIV$@2$V1$"},"1184":{"EquivalenDuplicateOf":"712","FuncName":"apply_suffix","IRPosInFunc":[6],"SrcLoc":"","Type":"ASSIGN$V1$@2$!BITNOT$@2$"},"1185":{"EquivalenDuplicateOf":"712","FuncName":"apply_suffix","IRPosInFunc":[6],"SrcLoc":"","Type":"ASSIGN$V1$@2$!OPERAND$@2$"},"1186":{"EquivalenDuplicateOf":"712","FuncName":"apply_suffix","IRPosInFunc":[6],"SrcLoc":"","Type":"ASSIGN$V1$@2$!MOD$V1$@2$"},"1187":{"EquivalenDuplicateOf":"712","FuncName":"apply_suffix","IRPosInFunc":[6],"SrcLoc":"","Type":"ASSIGN$V1$@2$!BITSHR$@2$V1$"},"1188":{"EquivalenDuplicateOf":"712","FuncName":"apply_suffix","IRPosInFunc":[6],"SrcLoc":"","Type":"ASSIGN$V1$@2$!SUB$V1$@2$"},"1189":{"EquivalenDuplicateOf":"712","FuncName":"apply_suffix","IRPosInFunc":[6],"SrcLoc":"","Type":"ASSIGN$V1$@2$!SUB$@2$V1$"},"1190":{"EquivalenDuplicateOf":"712","FuncName":"apply_suffix","IRPosInFunc":[6],"SrcLoc":"","Type":"ASSIGN$V1$@2$!DIV$V1$@2$"},"1191":{"EquivalenDuplicateOf":"712","FuncName":"apply_suffix","IRPosInFunc":[6],"SrcLoc":"","Type":"ASSIGN$V1$@2$!MUL$V1$@2$"},"1192":{"EquivalenDuplicateOf":"712","FuncName":"apply_suffix","IRPosInFunc":[6],"SrcLoc":"","Type":"ASSIGN$V1$@2$!BITSHR$V1$@2$"},"1193":{"EquivalenDuplicateOf":"712","FuncName":"apply_suffix","IRPosInFunc":[6],"SrcLoc":"","Type":"ASSIGN$V1$@2$!CONSTVAL$0$"},"1194":{"EquivalenDuplicateOf":"712","FuncName":"apply_suffix","IRPosInFunc":[6],"SrcLoc":"","Type":"ASSIGN$V1$@2$!NEG$V1$"},"1195":{"EquivalenDuplicateOf":"712","FuncName":"apply_suffix","IRPosInFunc":[6],"SrcLoc":"","Type":"ASSIGN$V1$@2$!BITXOR$V1$@2$"},"1196":{"EquivalenDuplicateOf":"712","FuncName":"apply_suffix","IRPosInFunc":[6],"SrcLoc":"","Type":"ASSIGN$V1$@2$!CONSTVAL$1$"},"1197":{"EquivalenDuplicateOf":"712","FuncName":"apply_suffix","IRPosInFunc":[6],"SrcLoc":"","Type":"ASSIGN$V1$@2$!BITSHL$V1$@2$"},"1198":{"EquivalenDuplicateOf":"712","FuncName":"apply_suffix","IRPosInFunc":[6],"SrcLoc":"","Type":"ASSIGN$V1$@2$!BITSHL$@2$V1$"},"1199":{"EquivalenDuplicateOf":"712","FuncName":"apply_suffix","IRPosInFunc":[6],"SrcLoc":"","Type":"ASSIGN$V1$@2$!BITAND$V1$@2$"},"1200":{"EquivalenDuplicateOf":"712","FuncName":"apply_suffix","IRPosInFunc":[6],"SrcLoc":"","Type":"ASSIGN$V1$@2$!NEG$@2$"},"1201":{"EquivalenDuplicateOf":"712","FuncName":"apply_suffix","IRPosInFunc":[6],"SrcLoc":"","Type":"ASSIGN$V1$@2$!BITNOT$V1$"},"1202":{"EquivalenDuplicateOf":"712","FuncName":"apply_suffix","IRPosInFunc":[6],"SrcLoc":"","Type":"ASSIGN$V1$@2$!ADD$V1$@2$"},"1203":{"EquivalenDuplicateOf":"712","FuncName":"apply_suffix","IRPosInFunc":[6],"SrcLoc":"","Type":"ASSIGN$V1$@2$!OPERAND$V1$"},"1204":{"EquivalenDuplicateOf":"712","FuncName":"apply_suffix","IRPosInFunc":[6],"SrcLoc":"","Type":"ASSIGN$V1$@2$!MOD$@2$V1$"},"1205":{"EquivalenDuplicateOf":"712","FuncName":"apply_suffix","IRPosInFunc":[6],"SrcLoc":"","Type":"ASSIGN$V1$@2$!BITOR$V1$@2$"},"1206":{"EquivalenDuplicateOf":"0","FuncName":"main","IRPosInFunc":[108],"SrcLoc":"src/sleep.c:149","Type":"@!ABS$@$"},"1207":{"EquivalenDuplicateOf":"0","FuncName":"main","IRPosInFunc":[109],"SrcLoc":"src/sleep.c:149","Type":"RETURN_BREAK_CONTINUE!DELSTMT"},"1208":{"EquivalenDuplicateOf":"0","FuncName":"main","IRPosInFunc":[109],"SrcLoc":"src/sleep.c:149","Type":"STMT!DELSTMT"},"1209":{"EquivalenDuplicateOf":"0","FuncName":"main","IRPosInFunc":[108,109],"SrcLoc":"src/sleep.c:149","Type":"STMT!TRAPSTMT"},"1210":{"EquivalenDuplicateOf":"0","FuncName":"main","IRPosInFunc":[107],"SrcLoc":"src/sleep.c:148","Type":"STMT!TRAPSTMT"},"1211":{"EquivalenDuplicateOf":"677","FuncName":"main","IRPosInFunc":[99],"SrcLoc":"src/sleep.c:145","Type":"@!ABS$@$"},"1212":{"EquivalenDuplicateOf":"679","FuncName":"main","IRPosInFunc":[100],"SrcLoc":"src/sleep.c:145","Type":"NEQ$@1$@2$!BITSHR$@2$@1$"},"1213":{"EquivalenDuplicateOf":"679","FuncName":"main","IRPosInFunc":[100],"SrcLoc":"src/sleep.c:145","Type":"NEQ$@1$@2$!LT$@1$@2$"},"1214":{"EquivalenDuplicateOf":"0","FuncName":"main","IRPosInFunc":[100],"SrcLoc":"src/sleep.c:145","Type":"NEQ$@1$@2$!BITSHR$@1$@2$"},"1215":{"EquivalenDuplicateOf":"678","FuncName":"main","IRPosInFunc":[100],"SrcLoc":"src/sleep.c:145","Type":"NEQ$@1$@2$!GE$@1$@2$"},"1216":{"EquivalenDuplicateOf":"679","FuncName":"main","IRPosInFunc":[100],"SrcLoc":"src/sleep.c:145","Type":"NEQ$@1$@2$!GT$@2$@1$"},"1217":{"EquivalenDuplicateOf":"685","FuncName":"main","IRPosInFunc":[100],"SrcLoc":"src/sleep.c:145","Type":"NEQ$@1$@2$!MOD$@1$@2$"},"1218":{"EquivalenDuplicateOf":"679","FuncName":"main","IRPosInFunc":[100],"SrcLoc":"src/sleep.c:145","Type":"NEQ$@1$@2$!MOD$@2$@1$"},"1219":{"EquivalenDuplicateOf":"679","FuncName":"main","IRPosInFunc":[100],"SrcLoc":"src/sleep.c:145","Type":"NEQ$@1$@2$!DIV$@2$@1$"},"1220":{"EquivalenDuplicateOf":"678","FuncName":"main","IRPosInFunc":[100],"SrcLoc":"src/sleep.c:145","Type":"NEQ$@1$@2$!LE$@2$@1$"},"1221":{"EquivalenDuplicateOf":"679","FuncName":"main","IRPosInFunc":[100],"SrcLoc":"src/sleep.c:145","Type":"NEQ$@1$@2$!BITSHR$@2$@1$"},"1222":{"EquivalenDuplicateOf":"679","FuncName":"main","IRPosInFunc":[100],"SrcLoc":"src/sleep.c:145","Type":"NEQ$@1$@2$!NEG$@2$"},"1223":{"EquivalenDuplicateOf":"679","FuncName":"main","IRPosInFunc":[100],"SrcLoc":"src/sleep.c:145","Type":"NEQ$@1$@2$!MUL$@1$@2$"},"1224":{"EquivalenDuplicateOf":"0","FuncName":"main","IRPosInFunc":[100],"SrcLoc":"src/sleep.c:145","Type":"NEQ$@1$@2$!SUB$@1$@2$"},"1225":{"EquivalenDuplicateOf":"0","FuncName":"main","IRPosInFunc":[100],"SrcLoc":"src/sleep.c:145","Type":"NEQ$@1$@2$!BITSHR$@1$@2$"},"1226":{"EquivalenDuplicateOf":"679","FuncName":"main","IRPosInFunc":[100],"SrcLoc":"src/sleep.c:145","Type":"NEQ$@1$@2$!BITSHL$@2$@1$"},"1227":{"EquivalenDuplicateOf":"0","FuncName":"main","IRPosInFunc":[100],"SrcLoc":"src/sleep.c:145","Type":"NEQ$@1$@2$!BITOR$@1$@2$"},"1228":{"EquivalenDuplicateOf":"678","FuncName":"main","IRPosInFunc":[100],"SrcLoc":"src/sleep.c:145","Type":"NEQ$@1$@2$!CONSTVAL$1$"},"1229":{"EquivalenDuplicateOf":"679","FuncName":"main","IRPosInFunc":[100],"SrcLoc":"src/sleep.c:145","Type":"NEQ$@1$@2$!ABS$@2$"},"1230":{"EquivalenDuplicateOf":"0","FuncName":"main","IRPosInFunc":[100],"SrcLoc":"src/sleep.c:145","Type":"NEQ$@1$@2$!OPERAND$@1$"},"1231":{"EquivalenDuplicateOf":"683","FuncName":"main","IRPosInFunc":[100],"SrcLoc":"src/sleep.c:145","Type":"NEQ$@1$@2$!NEG$@1$"},"1232":{"EquivalenDuplicateOf":"679","FuncName":"main","IRPosInFunc":[100],"SrcLoc":"src/sleep.c:145","Type":"NEQ$@1$@2$!MOD$@2$@1$"},"1233":{"EquivalenDuplicateOf":"679","FuncName":"main","IRPosInFunc":[100],"SrcLoc":"src/sleep.c:145","Type":"NEQ$@1$@2$!OPERAND$@2$"},"1234":{"EquivalenDuplicateOf":"0","FuncName":"main","IRPosInFunc":[100],"SrcLoc":"src/sleep.c:145","Type":"NEQ$@1$@2$!BITSHL$@1$@2$"},"1235":{"EquivalenDuplicateOf":"679","FuncName":"main","IRPosInFunc":[100],"SrcLoc":"src/sleep.c:145","Type":"NEQ$@1$@2$!DIV$@2$@1$"},"1236":{"EquivalenDuplicateOf":"0","FuncName":"main","IRPosInFunc":[100],"SrcLoc":"src/sleep.c:145","Type":"NEQ$@1$@2$!ADD$@1$@2$"},"1237":{"EquivalenDuplicateOf":"679","FuncName":"main","IRPosInFunc":[100],"SrcLoc":"src/sleep.c:145","Type":"NEQ$@1$@2$!BITAND$@1$@2$"},"1238":{"EquivalenDuplicateOf":"0","FuncName":"main","IRPosInFunc":[100],"SrcLoc":"src/sleep.c:145","Type":"NEQ$@1$@2$!BITXOR$@1$@2$"},"1239":{"EquivalenDuplicateOf":"0","FuncName":"main","IRPosInFunc":[97],"SrcLoc":"src/sleep.c:143","Type":"STMT!TRAPSTMT"},"1240":{"EquivalenDuplicateOf":"670","FuncName":"main","IRPosInFunc":[92],"SrcLoc":"src/sleep.c:123","Type":"RETURN_BREAK_CONTINUE!DELSTMT"},"1241":{"EquivalenDuplicateOf":"639","FuncName":"main","IRPosInFunc":[90],"SrcLoc":"src/sleep.c:123","Type":"ADD$@1$@2$!MOD$@1$@2$"},"1242":{"EquivalenDuplicateOf":"626","FuncName":"main","IRPosInFunc":[90],"SrcLoc":"src/sleep.c:123","Type":"ADD$@1$@2$!DIV$@1$@2$"},"1243":{"EquivalenDuplicateOf":"628","FuncName":"main","IRPosInFunc":[90],"SrcLoc":"src/sleep.c:123","Type":"ADD$@1$@2$!CONSTVAL$1$"},"1244":{"EquivalenDuplicateOf":"628","FuncName":"main","IRPosInFunc":[90],"SrcLoc":"src/sleep.c:123","Type":"ADD$@1$@2$!ABS$@2$"},"1245":{"EquivalenDuplicateOf":"626","FuncName":"main","IRPosInFunc":[90],"SrcLoc":"src/sleep.c:123","Type":"ADD$@1$@2$!MUL$@1$@2$"},"1246":{"EquivalenDuplicateOf":"626","FuncName":"main","IRPosInFunc":[90],"SrcLoc":"src/sleep.c:123","Type":"ADD$@1$@2$!DIV$@1$@2$"},"1247":{"EquivalenDuplicateOf":"626","FuncName":"main","IRPosInFunc":[90],"SrcLoc":"src/sleep.c:123","Type":"ADD$@1$@2$!OPERAND$@1$"},"1248":{"EquivalenDuplicateOf":"628","FuncName":"main","IRPosInFunc":[90],"SrcLoc":"src/sleep.c:123","Type":"ADD$@1$@2$!OPERAND$@2$"},"1249":{"EquivalenDuplicateOf":"626","FuncName":"main","IRPosInFunc":[90],"SrcLoc":"src/sleep.c:123","Type":"C!ADD$C$-1$"},"1250":{"EquivalenDuplicateOf":"612","FuncName":"main","IRPosInFunc":[91],"SrcLoc":"src/sleep.c:123","Type":"ASSIGN$V1$@2$!DIV$@2$V1$"},"1251":{"EquivalenDuplicateOf":"612","FuncName":"main","IRPosInFunc":[91],"SrcLoc":"src/sleep.c:123","Type":"ASSIGN$V1$@2$!MOD$V1$@2$"},"1252":{"EquivalenDuplicateOf":"612","FuncName":"main","IRPosInFunc":[91],"SrcLoc":"src/sleep.c:123","Type":"ASSIGN$V1$@2$!BITSHR$@2$V1$"},"1253":{"EquivalenDuplicateOf":"612","FuncName":"main","IRPosInFunc":[91],"SrcLoc":"src/sleep.c:123","Type":"ASSIGN$V1$@2$!DIV$V1$@2$"},"1254":{"EquivalenDuplicateOf":"612","FuncName":"main","IRPosInFunc":[91],"SrcLoc":"src/sleep.c:123","Type":"ASSIGN$V1$@2$!BITSHR$V1$@2$"},"1255":{"EquivalenDuplicateOf":"612","FuncName":"main","IRPosInFunc":[91],"SrcLoc":"src/sleep.c:123","Type":"ASSIGN$V1$@2$!MOD$@2$V1$"},"1256":{"EquivalenDuplicateOf":"612","FuncName":"main","IRPosInFunc":[91],"SrcLoc":"src/sleep.c:123","Type":"ASSIGN$V1$@2$!DIV$@2$V1$"},"1257":{"EquivalenDuplicateOf":"612","FuncName":"main","IRPosInFunc":[91],"SrcLoc":"src/sleep.c:123","Type":"ASSIGN$V1$@2$!BITNOT$@2$"},"1258":{"EquivalenDuplicateOf":"612","FuncName":"main","IRPosInFunc":[91],"SrcLoc":"src/sleep.c:123","Type":"ASSIGN$V1$@2$!GT$V1$@2$"},"1259":{"EquivalenDuplicateOf":"612","FuncName":"main","IRPosInFunc":[91],"SrcLoc":"src/sleep.c:123","Type":"ASSIGN$V1$@2$!GT$@2$V1$"},"1260":{"EquivalenDuplicateOf":"613","FuncName":"main","IRPosInFunc":[91],"SrcLoc":"src/sleep.c:123","Type":"ASSIGN$V1$@2$!OPERAND$@2$"},"1261":{"EquivalenDuplicateOf":"612","FuncName":"main","IRPosInFunc":[91],"SrcLoc":"src/sleep.c:123","Type":"ASSIGN$V1$@2$!MOD$V1$@2$"},"1262":{"EquivalenDuplicateOf":"612","FuncName":"main","IRPosInFunc":[91],"SrcLoc":"src/sleep.c:123","Type":"ASSIGN$V1$@2$!LE$V1$@2$"},"1263":{"EquivalenDuplicateOf":"612","FuncName":"main","IRPosInFunc":[91],"SrcLoc":"src/sleep.c:123","Type":"ASSIGN$V1$@2$!BITSHR$@2$V1$"},"1264":{"EquivalenDuplicateOf":"612","FuncName":"main","IRPosInFunc":[91],"SrcLoc":"src/sleep.c:123","Type":"ASSIGN$V1$@2$!SUB$V1$@2$"},"1265":{"EquivalenDuplicateOf":"612","FuncName":"main","IRPosInFunc":[91],"SrcLoc":"src/sleep.c:123","Type":"ASSIGN$V1$@2$!SUB$@2$V1$"},"1266":{"EquivalenDuplicateOf":"612","FuncName":"main","IRPosInFunc":[91],"SrcLoc":"src/sleep.c:123","Type":"ASSIGN$V1$@2$!GE$V1$@2$"},"1267":{"EquivalenDuplicateOf":"612","FuncName":"main","IRPosInFunc":[91],"SrcLoc":"src/sleep.c:123","Type":"ASSIGN$V1$@2$!GE$@2$V1$"},"1268":{"EquivalenDuplicateOf":"612","FuncName":"main","IRPosInFunc":[91],"SrcLoc":"src/sleep.c:123","Type":"ASSIGN$V1$@2$!DIV$V1$@2$"},"1269":{"EquivalenDuplicateOf":"612","FuncName":"main","IRPosInFunc":[91],"SrcLoc":"src/sleep.c:123","Type":"ASSIGN$V1$@2$!MUL$V1$@2$"},"1270":{"EquivalenDuplicateOf":"612","FuncName":"main","IRPosInFunc":[91],"SrcLoc":"src/sleep.c:123","Type":"ASSIGN$V1$@2$!BITSHR$V1$@2$"},"1271":{"EquivalenDuplicateOf":"612","FuncName":"main","IRPosInFunc":[91],"SrcLoc":"src/sleep.c:123","Type":"ASSIGN$V1$@2$!EQ$V1$@2$"},"1272":{"EquivalenDuplicateOf":"613","FuncName":"main","IRPosInFunc":[91],"SrcLoc":"src/sleep.c:123","Type":"ASSIGN$V1$@2$!CONSTVAL$0$"},"1273":{"EquivalenDuplicateOf":"613","FuncName":"main","IRPosInFunc":[91],"SrcLoc":"src/sleep.c:123","Type":"ASSIGN$V1$@2$!NEG$V1$"},"1274":{"EquivalenDuplicateOf":"612","FuncName":"main","IRPosInFunc":[91],"SrcLoc":"src/sleep.c:123","Type":"ASSIGN$V1$@2$!BITXOR$V1$@2$"},"1275":{"EquivalenDuplicateOf":"613","FuncName":"main","IRPosInFunc":[91],"SrcLoc":"src/sleep.c:123","Type":"ASSIGN$V1$@2$!CONSTVAL$1$"},"1276":{"EquivalenDuplicateOf":"612","FuncName":"main","IRPosInFunc":[91],"SrcLoc":"src/sleep.c:123","Type":"ASSIGN$V1$@2$!LT$V1$@2$"},"1277":{"EquivalenDuplicateOf":"612","FuncName":"main","IRPosInFunc":[91],"SrcLoc":"src/sleep.c:123","Type":"ASSIGN$V1$@2$!NEQ$V1$@2$"},"1278":{"EquivalenDuplicateOf":"612","FuncName":"main","IRPosInFunc":[91],"SrcLoc":"src/sleep.c:123","Type":"ASSIGN$V1$@2$!LT$@2$V1$"},"1279":{"EquivalenDuplicateOf":"612","FuncName":"main","IRPosInFunc":[91],"SrcLoc":"src/sleep.c:123","Type":"ASSIGN$V1$@2$!BITSHL$V1$@2$"},"1280":{"EquivalenDuplicateOf":"612","FuncName":"main","IRPosInFunc":[91],"SrcLoc":"src/sleep.c:123","Type":"ASSIGN$V1$@2$!BITSHL$@2$V1$"},"1281":{"EquivalenDuplicateOf":"612","FuncName":"main","IRPosInFunc":[91],"SrcLoc":"src/sleep.c:123","Type":"ASSIGN$V1$@2$!BITAND$V1$@2$"},"1282":{"EquivalenDuplicateOf":"612","FuncName":"main","IRPosInFunc":[91],"SrcLoc":"src/sleep.c:123","Type":"ASSIGN$V1$@2$!LE$@2$V1$"},"1283":{"EquivalenDuplicateOf":"612","FuncName":"main","IRPosInFunc":[91],"SrcLoc":"src/sleep.c:123","Type":"ASSIGN$V1$@2$!NEG$@2$"},"1284":{"EquivalenDuplicateOf":"613","FuncName":"main","IRPosInFunc":[91],"SrcLoc":"src/sleep.c:123","Type":"ASSIGN$V1$@2$!BITNOT$V1$"},"1285":{"EquivalenDuplicateOf":"612","FuncName":"main","IRPosInFunc":[91],"SrcLoc":"src/sleep.c:123","Type":"ASSIGN$V1$@2$!ADD$V1$@2$"},"1286":{"EquivalenDuplicateOf":"612","FuncName":"main","IRPosInFunc":[91],"SrcLoc":"src/sleep.c:123","Type":"ASSIGN$V1$@2$!MOD$@2$V1$"},"1287":{"EquivalenDuplicateOf":"610","FuncName":"main","IRPosInFunc":[89,90,91],"SrcLoc":"src/sleep.c:123","Type":"STMT!TRAPSTMT"},"1288":{"EquivalenDuplicateOf":"575","FuncName":"main","IRPosInFunc":[86],"SrcLoc":"src/sleep.c:139","Type":"ADD$@1$@2$!OPERAND$@2$"},"1289":{"EquivalenDuplicateOf":"547","FuncName":"main","IRPosInFunc":[87],"SrcLoc":"src/sleep.c:139","Type":"ASSIGN$V1$@2$!DIV$@2$V1$"},"1290":{"EquivalenDuplicateOf":"548","FuncName":"main","IRPosInFunc":[87],"SrcLoc":"src/sleep.c:139","Type":"ASSIGN$V1$@2$!OPERAND$@2$"},"1291":{"EquivalenDuplicateOf":"547","FuncName":"main","IRPosInFunc":[87],"SrcLoc":"src/sleep.c:139","Type":"ASSIGN$V1$@2$!MOD$V1$@2$"},"1292":{"EquivalenDuplicateOf":"547","FuncName":"main","IRPosInFunc":[87],"SrcLoc":"src/sleep.c:139","Type":"ASSIGN$V1$@2$!SUB$V1$@2$"},"1293":{"EquivalenDuplicateOf":"547","FuncName":"main","IRPosInFunc":[87],"SrcLoc":"src/sleep.c:139","Type":"ASSIGN$V1$@2$!SUB$@2$V1$"},"1294":{"EquivalenDuplicateOf":"547","FuncName":"main","IRPosInFunc":[87],"SrcLoc":"src/sleep.c:139","Type":"ASSIGN$V1$@2$!DIV$V1$@2$"},"1295":{"EquivalenDuplicateOf":"547","FuncName":"main","IRPosInFunc":[87],"SrcLoc":"src/sleep.c:139","Type":"ASSIGN$V1$@2$!MUL$V1$@2$"},"1296":{"EquivalenDuplicateOf":"548","FuncName":"main","IRPosInFunc":[87],"SrcLoc":"src/sleep.c:139","Type":"ASSIGN$V1$@2$!CONSTVAL$0$"},"1297":{"EquivalenDuplicateOf":"548","FuncName":"main","IRPosInFunc":[87],"SrcLoc":"src/sleep.c:139","Type":"ASSIGN$V1$@2$!NEG$V1$"},"1298":{"EquivalenDuplicateOf":"548","FuncName":"main","IRPosInFunc":[87],"SrcLoc":"src/sleep.c:139","Type":"ASSIGN$V1$@2$!CONSTVAL$1$"},"1299":{"EquivalenDuplicateOf":"547","FuncName":"main","IRPosInFunc":[87],"SrcLoc":"src/sleep.c:139","Type":"ASSIGN$V1$@2$!NEG$@2$"},"1300":{"EquivalenDuplicateOf":"547","FuncName":"main","IRPosInFunc":[87],"SrcLoc":"src/sleep.c:139","Type":"ASSIGN$V1$@2$!ADD$V1$@2$"},"1301":{"EquivalenDuplicateOf":"526","FuncName":"main","IRPosInFunc":[82],"SrcLoc":"src/sleep.c:136","Type":"ASSIGN$V1$@2$!DIV$@2$V1$"},"1302":{"EquivalenDuplicateOf":"526","FuncName":"main","IRPosInFunc":[82],"SrcLoc":"src/sleep.c:136","Type":"ASSIGN$V1$@2$!GT$@2$V1$"},"1303":{"EquivalenDuplicateOf":"526","FuncName":"main","IRPosInFunc":[82],"SrcLoc":"src/sleep.c:136","Type":"ASSIGN$V1$@2$!MOD$V1$@2$"},"1304":{"EquivalenDuplicateOf":"526","FuncName":"main","IRPosInFunc":[82],"SrcLoc":"src/sleep.c:136","Type":"ASSIGN$V1$@2$!BITSHR$@2$V1$"},"1305":{"EquivalenDuplicateOf":"526","FuncName":"main","IRPosInFunc":[82],"SrcLoc":"src/sleep.c:136","Type":"ASSIGN$V1$@2$!GE$V1$@2$"},"1306":{"EquivalenDuplicateOf":"526","FuncName":"main","IRPosInFunc":[82],"SrcLoc":"src/sleep.c:136","Type":"ASSIGN$V1$@2$!DIV$V1$@2$"},"1307":{"EquivalenDuplicateOf":"526","FuncName":"main","IRPosInFunc":[82],"SrcLoc":"src/sleep.c:136","Type":"ASSIGN$V1$@2$!BITSHR$V1$@2$"},"1308":{"EquivalenDuplicateOf":"526","FuncName":"main","IRPosInFunc":[82],"SrcLoc":"src/sleep.c:136","Type":"ASSIGN$V1$@2$!LT$V1$@2$"},"1309":{"EquivalenDuplicateOf":"526","FuncName":"main","IRPosInFunc":[82],"SrcLoc":"src/sleep.c:136","Type":"ASSIGN$V1$@2$!LE$@2$V1$"},"1310":{"EquivalenDuplicateOf":"526","FuncName":"main","IRPosInFunc":[82],"SrcLoc":"src/sleep.c:136","Type":"ASSIGN$V1$@2$!MOD$@2$V1$"},"1311":{"EquivalenDuplicateOf":"526","FuncName":"main","IRPosInFunc":[82],"SrcLoc":"src/sleep.c:136","Type":"ASSIGN$V1$@2$!DIV$@2$V1$"},"1312":{"EquivalenDuplicateOf":"525","FuncName":"main","IRPosInFunc":[82],"SrcLoc":"src/sleep.c:136","Type":"ASSIGN$V1$@2$!BITNOT$@2$"},"1313":{"EquivalenDuplicateOf":"525","FuncName":"main","IRPosInFunc":[82],"SrcLoc":"src/sleep.c:136","Type":"ASSIGN$V1$@2$!OPERAND$@2$"},"1314":{"EquivalenDuplicateOf":"526","FuncName":"main","IRPosInFunc":[82],"SrcLoc":"src/sleep.c:136","Type":"ASSIGN$V1$@2$!MOD$V1$@2$"},"1315":{"EquivalenDuplicateOf":"526","FuncName":"main","IRPosInFunc":[82],"SrcLoc":"src/sleep.c:136","Type":"ASSIGN$V1$@2$!BITSHR$@2$V1$"},"1316":{"EquivalenDuplicateOf":"526","FuncName":"main","IRPosInFunc":[82],"SrcLoc":"src/sleep.c:136","Type":"ASSIGN$V1$@2$!SUB$V1$@2$"},"1317":{"EquivalenDuplicateOf":"526","FuncName":"main","IRPosInFunc":[82],"SrcLoc":"src/sleep.c:136","Type":"ASSIGN$V1$@2$!SUB$@2$V1$"},"1318":{"EquivalenDuplicateOf":"525","FuncName":"main","IRPosInFunc":[82],"SrcLoc":"src/sleep.c:136","Type":"ASSIGN$V1$@2$!ABS$@2$"},"1319":{"EquivalenDuplicateOf":"526","FuncName":"main","IRPosInFunc":[82],"SrcLoc":"src/sleep.c:136","Type":"ASSIGN$V1$@2$!DIV$V1$@2$"},"1320":{"EquivalenDuplicateOf":"526","FuncName":"main","IRPosInFunc":[82],"SrcLoc":"src/sleep.c:136","Type":"ASSIGN$V1$@2$!MUL$V1$@2$"},"1321":{"EquivalenDuplicateOf":"526","FuncName":"main","IRPosInFunc":[82],"SrcLoc":"src/sleep.c:136","Type":"ASSIGN$V1$@2$!BITSHR$V1$@2$"},"1322":{"EquivalenDuplicateOf":"525","FuncName":"main","IRPosInFunc":[82],"SrcLoc":"src/sleep.c:136","Type":"ASSIGN$V1$@2$!CONSTVAL$0$"},"1323":{"EquivalenDuplicateOf":"526","FuncName":"main","IRPosInFunc":[82],"SrcLoc":"src/sleep.c:136","Type":"ASSIGN$V1$@2$!NEG$V1$"},"1324":{"EquivalenDuplicateOf":"526","FuncName":"main","IRPosInFunc":[82],"SrcLoc":"src/sleep.c:136","Type":"ASSIGN$V1$@2$!BITXOR$V1$@2$"},"1325":{"EquivalenDuplicateOf":"525","FuncName":"main","IRPosInFunc":[82],"SrcLoc":"src/sleep.c:136","Type":"ASSIGN$V1$@2$!CONSTVAL$1$"},"1326":{"EquivalenDuplicateOf":"526","FuncName":"main","IRPosInFunc":[82],"SrcLoc":"src/sleep.c:136","Type":"ASSIGN$V1$@2$!BITSHL$V1$@2$"},"1327":{"EquivalenDuplicateOf":"526","FuncName":"main","IRPosInFunc":[82],"SrcLoc":"src/sleep.c:136","Type":"ASSIGN$V1$@2$!BITSHL$@2$V1$"},"1328":{"EquivalenDuplicateOf":"526","FuncName":"main","IRPosInFunc":[82],"SrcLoc":"src/sleep.c:136","Type":"ASSIGN$V1$@2$!BITAND$V1$@2$"},"1329":{"EquivalenDuplicateOf":"525","FuncName":"main","IRPosInFunc":[82],"SrcLoc":"src/sleep.c:136","Type":"ASSIGN$V1$@2$!NEG$@2$"},"1330":{"EquivalenDuplicateOf":"526","FuncName":"main","IRPosInFunc":[82],"SrcLoc":"src/sleep.c:136","Type":"ASSIGN$V1$@2$!BITNOT$V1$"},"1331":{"EquivalenDuplicateOf":"526","FuncName":"main","IRPosInFunc":[82],"SrcLoc":"src/sleep.c:136","Type":"ASSIGN$V1$@2$!ADD$V1$@2$"},"1332":{"EquivalenDuplicateOf":"525","FuncName":"main","IRPosInFunc":[82],"SrcLoc":"src/sleep.c:136","Type":"ASSIGN$V1$@2$!OPERAND$V1$"},"1333":{"EquivalenDuplicateOf":"525","FuncName":"main","IRPosInFunc":[82],"SrcLoc":"src/sleep.c:136","Type":"ASSIGN$V1$@2$!BITOR$V1$@2$"},"1334":{"EquivalenDuplicateOf":"0","FuncName":"main","IRPosInFunc":[81],"SrcLoc":"src/sleep.c:135","Type":"CALL!SHUFFLEARGS$2$"},"1335":{"EquivalenDuplicateOf":"487","FuncName":"main","IRPosInFunc":[66],"SrcLoc":"src/sleep.c:127","Type":"PADD$A1$@2$!OPERAND$A1$"},"1336":{"EquivalenDuplicateOf":"487","FuncName":"main","IRPosInFunc":[66],"SrcLoc":"src/sleep.c:127","Type":"C!ADD$C$-1$"},"1337":{"EquivalenDuplicateOf":"456","FuncName":"main","IRPosInFunc":[68],"SrcLoc":"src/sleep.c:127","Type":"@!ABS$@$"},"1338":{"EquivalenDuplicateOf":"460","FuncName":"main","IRPosInFunc":[69],"SrcLoc":"src/sleep.c:127","Type":"NEQ$@1$@2$!BITSHR$@2$@1$"},"1339":{"EquivalenDuplicateOf":"460","FuncName":"main","IRPosInFunc":[69],"SrcLoc":"src/sleep.c:127","Type":"NEQ$@1$@2$!LT$@1$@2$"},"1340":{"EquivalenDuplicateOf":"0","FuncName":"main","IRPosInFunc":[69],"SrcLoc":"src/sleep.c:127","Type":"NEQ$@1$@2$!BITSHR$@1$@2$"},"1341":{"EquivalenDuplicateOf":"473","FuncName":"main","IRPosInFunc":[69],"SrcLoc":"src/sleep.c:127","Type":"NEQ$@1$@2$!GE$@1$@2$"},"1342":{"EquivalenDuplicateOf":"460","FuncName":"main","IRPosInFunc":[69],"SrcLoc":"src/sleep.c:127","Type":"NEQ$@1$@2$!GT$@2$@1$"},"1343":{"EquivalenDuplicateOf":"465","FuncName":"main","IRPosInFunc":[69],"SrcLoc":"src/sleep.c:127","Type":"NEQ$@1$@2$!MOD$@1$@2$"},"1344":{"EquivalenDuplicateOf":"460","FuncName":"main","IRPosInFunc":[69],"SrcLoc":"src/sleep.c:127","Type":"NEQ$@1$@2$!MOD$@2$@1$"},"1345":{"EquivalenDuplicateOf":"460","FuncName":"main","IRPosInFunc":[69],"SrcLoc":"src/sleep.c:127","Type":"NEQ$@1$@2$!DIV$@2$@1$"},"1346":{"EquivalenDuplicateOf":"460","FuncName":"main","IRPosInFunc":[69],"SrcLoc":"src/sleep.c:127","Type":"NEQ$@1$@2$!BITSHR$@2$@1$"},"1347":{"EquivalenDuplicateOf":"458","FuncName":"main","IRPosInFunc":[69],"SrcLoc":"src/sleep.c:127","Type":"NEQ$@1$@2$!NEG$@2$"},"1348":{"EquivalenDuplicateOf":"460","FuncName":"main","IRPosInFunc":[69],"SrcLoc":"src/sleep.c:127","Type":"NEQ$@1$@2$!MUL$@1$@2$"},"1349":{"EquivalenDuplicateOf":"0","FuncName":"main","IRPosInFunc":[69],"SrcLoc":"src/sleep.c:127","Type":"NEQ$@1$@2$!SUB$@1$@2$"},"1350":{"EquivalenDuplicateOf":"0","FuncName":"main","IRPosInFunc":[69],"SrcLoc":"src/sleep.c:127","Type":"NEQ$@1$@2$!BITSHR$@1$@2$"},"1351":{"EquivalenDuplicateOf":"460","FuncName":"main","IRPosInFunc":[69],"SrcLoc":"src/sleep.c:127","Type":"NEQ$@1$@2$!BITSHL$@2$@1$"},"1352":{"EquivalenDuplicateOf":"0","FuncName":"main","IRPosInFunc":[69],"SrcLoc":"src/sleep.c:127","Type":"NEQ$@1$@2$!BITOR$@1$@2$"},"1353":{"EquivalenDuplicateOf":"457","FuncName":"main","IRPosInFunc":[69],"SrcLoc":"src/sleep.c:127","Type":"NEQ$@1$@2$!CONSTVAL$1$"},"1354":{"EquivalenDuplicateOf":"458","FuncName":"main","IRPosInFunc":[69],"SrcLoc":"src/sleep.c:127","Type":"NEQ$@1$@2$!ABS$@2$"},"1355":{"EquivalenDuplicateOf":"0","FuncName":"main","IRPosInFunc":[69],"SrcLoc":"src/sleep.c:127","Type":"NEQ$@1$@2$!OPERAND$@1$"},"1356":{"EquivalenDuplicateOf":"463","FuncName":"main","IRPosInFunc":[69],"SrcLoc":"src/sleep.c:127","Type":"NEQ$@1$@2$!NEG$@1$"},"1357":{"EquivalenDuplicateOf":"460","FuncName":"main","IRPosInFunc":[69],"SrcLoc":"src/sleep.c:127","Type":"NEQ$@1$@2$!MOD$@2$@1$"},"1358":{"EquivalenDuplicateOf":"458","FuncName":"main","IRPosInFunc":[69],"SrcLoc":"src/sleep.c:127","Type":"NEQ$@1$@2$!OPERAND$@2$"},"1359":{"EquivalenDuplicateOf":"0","FuncName":"main","IRPosInFunc":[69],"SrcLoc":"src/sleep.c:127","Type":"NEQ$@1$@2$!BITSHL$@1$@2$"},"1360":{"EquivalenDuplicateOf":"460","FuncName":"main","IRPosInFunc":[69],"SrcLoc":"src/sleep.c:127","Type":"NEQ$@1$@2$!DIV$@2$@1$"},"1361":{"EquivalenDuplicateOf":"0","FuncName":"main","IRPosInFunc":[69],"SrcLoc":"src/sleep.c:127","Type":"NEQ$@1$@2$!ADD$@1$@2$"},"1362":{"EquivalenDuplicateOf":"0","FuncName":"main","IRPosInFunc":[69],"SrcLoc":"src/sleep.c:127","Type":"NEQ$@1$@2$!BITXOR$@1$@2$"},"1363":{"EquivalenDuplicateOf":"422","FuncName":"main","IRPosInFunc":[62],"SrcLoc":"src/sleep.c:127","Type":"@!ABS$@$"},"1364":{"EquivalenDuplicateOf":"426","FuncName":"main","IRPosInFunc":[63],"SrcLoc":"src/sleep.c:127","Type":"NEQ$@1$@2$!BITSHR$@2$@1$"},"1365":{"EquivalenDuplicateOf":"426","FuncName":"main","IRPosInFunc":[63],"SrcLoc":"src/sleep.c:127","Type":"NEQ$@1$@2$!LT$@1$@2$"},"1366":{"EquivalenDuplicateOf":"0","FuncName":"main","IRPosInFunc":[63],"SrcLoc":"src/sleep.c:127","Type":"NEQ$@1$@2$!BITSHR$@1$@2$"},"1367":{"EquivalenDuplicateOf":"439","FuncName":"main","IRPosInFunc":[63],"SrcLoc":"src/sleep.c:127","Type":"NEQ$@1$@2$!GE$@1$@2$"},"1368":{"EquivalenDuplicateOf":"426","FuncName":"main","IRPosInFunc":[63],"SrcLoc":"src/sleep.c:127","Type":"NEQ$@1$@2$!GT$@2$@1$"},"1369":{"EquivalenDuplicateOf":"431","FuncName":"main","IRPosInFunc":[63],"SrcLoc":"src/sleep.c:127","Type":"NEQ$@1$@2$!MOD$@1$@2$"},"1370":{"EquivalenDuplicateOf":"426","FuncName":"main","IRPosInFunc":[63],"SrcLoc":"src/sleep.c:127","Type":"NEQ$@1$@2$!MOD$@2$@1$"},"1371":{"EquivalenDuplicateOf":"426","FuncName":"main","IRPosInFunc":[63],"SrcLoc":"src/sleep.c:127","Type":"NEQ$@1$@2$!DIV$@2$@1$"},"1372":{"EquivalenDuplicateOf":"426","FuncName":"main","IRPosInFunc":[63],"SrcLoc":"src/sleep.c:127","Type":"NEQ$@1$@2$!BITSHR$@2$@1$"},"1373":{"EquivalenDuplicateOf":"424","FuncName":"main","IRPosInFunc":[63],"SrcLoc":"src/sleep.c:127","Type":"NEQ$@1$@2$!NEG$@2$"},"1374":{"EquivalenDuplicateOf":"426","FuncName":"main","IRPosInFunc":[63],"SrcLoc":"src/sleep.c:127","Type":"NEQ$@1$@2$!MUL$@1$@2$"},"1375":{"EquivalenDuplicateOf":"0","FuncName":"main","IRPosInFunc":[63],"SrcLoc":"src/sleep.c:127","Type":"NEQ$@1$@2$!SUB$@1$@2$"},"1376":{"EquivalenDuplicateOf":"0","FuncName":"main","IRPosInFunc":[63],"SrcLoc":"src/sleep.c:127","Type":"NEQ$@1$@2$!BITSHR$@1$@2$"},"1377":{"EquivalenDuplicateOf":"426","FuncName":"main","IRPosInFunc":[63],"SrcLoc":"src/sleep.c:127","Type":"NEQ$@1$@2$!BITSHL$@2$@1$"},"1378":{"EquivalenDuplicateOf":"0","FuncName":"main","IRPosInFunc":[63],"SrcLoc":"src/sleep.c:127","Type":"NEQ$@1$@2$!BITOR$@1$@2$"},"1379":{"EquivalenDuplicateOf":"423","FuncName":"main","IRPosInFunc":[63],"SrcLoc":"src/sleep.c:127","Type":"NEQ$@1$@2$!CONSTVAL$1$"},"1380":{"EquivalenDuplicateOf":"424","FuncName":"main","IRPosInFunc":[63],"SrcLoc":"src/sleep.c:127","Type":"NEQ$@1$@2$!ABS$@2$"},"1381":{"EquivalenDuplicateOf":"0","FuncName":"main","IRPosInFunc":[63],"SrcLoc":"src/sleep.c:127","Type":"NEQ$@1$@2$!OPERAND$@1$"},"1382":{"EquivalenDuplicateOf":"429","FuncName":"main","IRPosInFunc":[63],"SrcLoc":"src/sleep.c:127","Type":"NEQ$@1$@2$!NEG$@1$"},"1383":{"EquivalenDuplicateOf":"426","FuncName":"main","IRPosInFunc":[63],"SrcLoc":"src/sleep.c:127","Type":"NEQ$@1$@2$!MOD$@2$@1$"},"1384":{"EquivalenDuplicateOf":"424","FuncName":"main","IRPosInFunc":[63],"SrcLoc":"src/sleep.c:127","Type":"NEQ$@1$@2$!OPERAND$@2$"},"1385":{"EquivalenDuplicateOf":"0","FuncName":"main","IRPosInFunc":[63],"SrcLoc":"src/sleep.c:127","Type":"NEQ$@1$@2$!BITSHL$@1$@2$"},"1386":{"EquivalenDuplicateOf":"426","FuncName":"main","IRPosInFunc":[63],"SrcLoc":"src/sleep.c:127","Type":"NEQ$@1$@2$!DIV$@2$@1$"},"1387":{"EquivalenDuplicateOf":"0","FuncName":"main","IRPosInFunc":[63],"SrcLoc":"src/sleep.c:127","Type":"NEQ$@1$@2$!ADD$@1$@2$"},"1388":{"EquivalenDuplicateOf":"0","FuncName":"main","IRPosInFunc":[63],"SrcLoc":"src/sleep.c:127","Type":"NEQ$@1$@2$!BITXOR$@1$@2$"},"1389":{"EquivalenDuplicateOf":"408","FuncName":"main","IRPosInFunc":[58],"SrcLoc":"src/sleep.c:127","Type":"LE$@1$@2$!NEG$@2$"},"1390":{"EquivalenDuplicateOf":"328","FuncName":"main","IRPosInFunc":[44,45,46,47],"SrcLoc":"src/sleep.c:123","Type":"STMT!TRAPSTMT"},"1391":{"EquivalenDuplicateOf":"303","FuncName":"main","IRPosInFunc":[42],"SrcLoc":"src/sleep.c:123","Type":"ASSIGN$V1$@2$!DIV$@2$V1$"},"1392":{"EquivalenDuplicateOf":"303","FuncName":"main","IRPosInFunc":[42],"SrcLoc":"src/sleep.c:123","Type":"ASSIGN$V1$@2$!MOD$V1$@2$"},"1393":{"EquivalenDuplicateOf":"303","FuncName":"main","IRPosInFunc":[42],"SrcLoc":"src/sleep.c:123","Type":"ASSIGN$V1$@2$!BITSHR$@2$V1$"},"1394":{"EquivalenDuplicateOf":"303","FuncName":"main","IRPosInFunc":[42],"SrcLoc":"src/sleep.c:123","Type":"ASSIGN$V1$@2$!DIV$V1$@2$"},"1395":{"EquivalenDuplicateOf":"303","FuncName":"main","IRPosInFunc":[42],"SrcLoc":"src/sleep.c:123","Type":"ASSIGN$V1$@2$!BITSHR$V1$@2$"},"1396":{"EquivalenDuplicateOf":"303","FuncName":"main","IRPosInFunc":[42],"SrcLoc":"src/sleep.c:123","Type":"ASSIGN$V1$@2$!MOD$@2$V1$"},"1397":{"EquivalenDuplicateOf":"303","FuncName":"main","IRPosInFunc":[42],"SrcLoc":"src/sleep.c:123","Type":"ASSIGN$V1$@2$!DIV$@2$V1$"},"1398":{"EquivalenDuplicateOf":"306","FuncName":"main","IRPosInFunc":[42],"SrcLoc":"src/sleep.c:123","Type":"ASSIGN$V1$@2$!BITNOT$@2$"},"1399":{"EquivalenDuplicateOf":"304","FuncName":"main","IRPosInFunc":[42],"SrcLoc":"src/sleep.c:123","Type":"ASSIGN$V1$@2$!OPERAND$@2$"},"1400":{"EquivalenDuplicateOf":"303","FuncName":"main","IRPosInFunc":[42],"SrcLoc":"src/sleep.c:123","Type":"ASSIGN$V1$@2$!MOD$V1$@2$"},"1401":{"EquivalenDuplicateOf":"303","FuncName":"main","IRPosInFunc":[42],"SrcLoc":"src/sleep.c:123","Type":"ASSIGN$V1$@2$!BITSHR$@2$V1$"},"1402":{"EquivalenDuplicateOf":"303","FuncName":"main","IRPosInFunc":[42],"SrcLoc":"src/sleep.c:123","Type":"ASSIGN$V1$@2$!SUB$V1$@2$"},"1403":{"EquivalenDuplicateOf":"303","FuncName":"main","IRPosInFunc":[42],"SrcLoc":"src/sleep.c:123","Type":"ASSIGN$V1$@2$!SUB$@2$V1$"},"1404":{"EquivalenDuplicateOf":"303","FuncName":"main","IRPosInFunc":[42],"SrcLoc":"src/sleep.c:123","Type":"ASSIGN$V1$@2$!DIV$V1$@2$"},"1405":{"EquivalenDuplicateOf":"303","FuncName":"main","IRPosInFunc":[42],"SrcLoc":"src/sleep.c:123","Type":"ASSIGN$V1$@2$!MUL$V1$@2$"},"1406":{"EquivalenDuplicateOf":"303","FuncName":"main","IRPosInFunc":[42],"SrcLoc":"src/sleep.c:123","Type":"ASSIGN$V1$@2$!BITSHR$V1$@2$"},"1407":{"EquivalenDuplicateOf":"304","FuncName":"main","IRPosInFunc":[42],"SrcLoc":"src/sleep.c:123","Type":"ASSIGN$V1$@2$!CONSTVAL$0$"},"1408":{"EquivalenDuplicateOf":"305","FuncName":"main","IRPosInFunc":[42],"SrcLoc":"src/sleep.c:123","Type":"ASSIGN$V1$@2$!NEG$V1$"},"1409":{"EquivalenDuplicateOf":"303","FuncName":"main","IRPosInFunc":[42],"SrcLoc":"src/sleep.c:123","Type":"ASSIGN$V1$@2$!BITXOR$V1$@2$"},"1410":{"EquivalenDuplicateOf":"304","FuncName":"main","IRPosInFunc":[42],"SrcLoc":"src/sleep.c:123","Type":"ASSIGN$V1$@2$!CONSTVAL$1$"},"1411":{"EquivalenDuplicateOf":"303","FuncName":"main","IRPosInFunc":[42],"SrcLoc":"src/sleep.c:123","Type":"ASSIGN$V1$@2$!BITSHL$V1$@2$"},"1412":{"EquivalenDuplicateOf":"303","FuncName":"main","IRPosInFunc":[42],"SrcLoc":"src/sleep.c:123","Type":"ASSIGN$V1$@2$!BITSHL$@2$V1$"},"1413":{"EquivalenDuplicateOf":"303","FuncName":"main","IRPosInFunc":[42],"SrcLoc":"src/sleep.c:123","Type":"ASSIGN$V1$@2$!BITAND$V1$@2$"},"1414":{"EquivalenDuplicateOf":"303","FuncName":"main","IRPosInFunc":[42],"SrcLoc":"src/sleep.c:123","Type":"ASSIGN$V1$@2$!ADD$V1$@2$"},"1415":{"EquivalenDuplicateOf":"303","FuncName":"main","IRPosInFunc":[42],"SrcLoc":"src/sleep.c:123","Type":"ASSIGN$V1$@2$!MOD$@2$V1$"},"1416":{"EquivalenDuplicateOf":"0","FuncName":"main","IRPosInFunc":[40],"SrcLoc":"src/sleep.c:120","Type":"STMT!TRAPSTMT"},"1417":{"EquivalenDuplicateOf":"0","FuncName":"main","IRPosInFunc":[38],"SrcLoc":"src/sleep.c:119","Type":"CALL!SHUFFLEARGS$2$"},"1418":{"EquivalenDuplicateOf":"258","FuncName":"main","IRPosInFunc":[36],"SrcLoc":"src/sleep.c:117","Type":"EQ$@1$@2$!DIV$@1$@2$"},"1419":{"EquivalenDuplicateOf":"267","FuncName":"main","IRPosInFunc":[36],"SrcLoc":"src/sleep.c:117","Type":"EQ$@1$@2$!MOD$@1$@2$"},"1420":{"EquivalenDuplicateOf":"260","FuncName":"main","IRPosInFunc":[36],"SrcLoc":"src/sleep.c:117","Type":"EQ$@1$@2$!BITNOT$@2$"},"1421":{"EquivalenDuplicateOf":"260","FuncName":"main","IRPosInFunc":[36],"SrcLoc":"src/sleep.c:117","Type":"EQ$@1$@2$!OPERAND$@2$"},"1422":{"EquivalenDuplicateOf":"260","FuncName":"main","IRPosInFunc":[36],"SrcLoc":"src/sleep.c:117","Type":"EQ$@1$@2$!NEG$@2$"},"1423":{"EquivalenDuplicateOf":"258","FuncName":"main","IRPosInFunc":[36],"SrcLoc":"src/sleep.c:117","Type":"EQ$@1$@2$!DIV$@1$@2$"},"1424":{"EquivalenDuplicateOf":"258","FuncName":"main","IRPosInFunc":[36],"SrcLoc":"src/sleep.c:117","Type":"EQ$@1$@2$!OPERAND$@1$"},"1425":{"EquivalenDuplicateOf":"260","FuncName":"main","IRPosInFunc":[36],"SrcLoc":"src/sleep.c:117","Type":"EQ$@1$@2$!ABS$@2$"},"1426":{"EquivalenDuplicateOf":"254","FuncName":"main","IRPosInFunc":[36],"SrcLoc":"src/sleep.c:117","Type":"C!ADD$C$-1$"},"1427":{"EquivalenDuplicateOf":"0","FuncName":"main","IRPosInFunc":[34],"SrcLoc":"src/sleep.c:115","Type":"STMT!TRAPSTMT"},"1428":{"EquivalenDuplicateOf":"209","FuncName":"main","IRPosInFunc":[31],"SrcLoc":"src/sleep.c:114","Type":"C!ADD$C$1$"},"1429":{"EquivalenDuplicateOf":"209","FuncName":"main","IRPosInFunc":[31],"SrcLoc":"src/sleep.c:114","Type":"C!CONSTVAL$0$"},"1430":{"EquivalenDuplicateOf":"213","FuncName":"main","IRPosInFunc":[31],"SrcLoc":"src/sleep.c:114","Type":"NEQ$@1$@2$!GE$@2$@1$"},"1431":{"EquivalenDuplicateOf":"213","FuncName":"main","IRPosInFunc":[31],"SrcLoc":"src/sleep.c:114","Type":"NEQ$@1$@2$!LE$@1$@2$"},"1432":{"EquivalenDuplicateOf":"206","FuncName":"main","IRPosInFunc":[31],"SrcLoc":"src/sleep.c:114","Type":"NEQ$@1$@2$!LT$@2$@1$"},"1433":{"EquivalenDuplicateOf":"206","FuncName":"main","IRPosInFunc":[31],"SrcLoc":"src/sleep.c:114","Type":"NEQ$@1$@2$!GT$@1$@2$"},"1434":{"EquivalenDuplicateOf":"212","FuncName":"main","IRPosInFunc":[31],"SrcLoc":"src/sleep.c:114","Type":"NEQ$@1$@2$!BITSHR$@1$@2$"},"1435":{"EquivalenDuplicateOf":"213","FuncName":"main","IRPosInFunc":[31],"SrcLoc":"src/sleep.c:114","Type":"NEQ$@1$@2$!BITSHR$@2$@1$"},"1436":{"EquivalenDuplicateOf":"213","FuncName":"main","IRPosInFunc":[31],"SrcLoc":"src/sleep.c:114","Type":"NEQ$@1$@2$!NEG$@2$"},"1437":{"EquivalenDuplicateOf":"212","FuncName":"main","IRPosInFunc":[31],"SrcLoc":"src/sleep.c:114","Type":"NEQ$@1$@2$!BITSHR$@1$@2$"},"1438":{"EquivalenDuplicateOf":"213","FuncName":"main","IRPosInFunc":[31],"SrcLoc":"src/sleep.c:114","Type":"NEQ$@1$@2$!BITOR$@1$@2$"},"1439":{"EquivalenDuplicateOf":"213","FuncName":"main","IRPosInFunc":[31],"SrcLoc":"src/sleep.c:114","Type":"NEQ$@1$@2$!CONSTVAL$1$"},"1440":{"EquivalenDuplicateOf":"213","FuncName":"main","IRPosInFunc":[31],"SrcLoc":"src/sleep.c:114","Type":"NEQ$@1$@2$!ABS$@2$"},"1441":{"EquivalenDuplicateOf":"209","FuncName":"main","IRPosInFunc":[31],"SrcLoc":"src/sleep.c:114","Type":"NEQ$@1$@2$!OPERAND$@1$"},"1442":{"EquivalenDuplicateOf":"207","FuncName":"main","IRPosInFunc":[31],"SrcLoc":"src/sleep.c:114","Type":"NEQ$@1$@2$!BITNOT$@1$"},"1443":{"EquivalenDuplicateOf":"206","FuncName":"main","IRPosInFunc":[31],"SrcLoc":"src/sleep.c:114","Type":"NEQ$@1$@2$!CONSTVAL$0$"},"1444":{"EquivalenDuplicateOf":"189","FuncName":"main","IRPosInFunc":[27],"SrcLoc":"src/sleep.c:112","Type":"CALL!SHUFFLEARGS$2$"},"1445":{"EquivalenDuplicateOf":"190","FuncName":"main","IRPosInFunc":[27],"SrcLoc":"src/sleep.c:112","Type":"CALL!SHUFFLEARGS$2$"},"1446":{"EquivalenDuplicateOf":"191","FuncName":"main","IRPosInFunc":[27],"SrcLoc":"src/sleep.c:112","Type":"CALL!SHUFFLEARGS$2$"},"1447":{"EquivalenDuplicateOf":"190","FuncName":"main","IRPosInFunc":[27],"SrcLoc":"src/sleep.c:112","Type":"CALL!SHUFFLEARGS$2$"},"1448":{"EquivalenDuplicateOf":"192","FuncName":"main","IRPosInFunc":[27],"SrcLoc":"src/sleep.c:112","Type":"CALL!SHUFFLEARGS$2$"},"1449":{"EquivalenDuplicateOf":"193","FuncName":"main","IRPosInFunc":[27],"SrcLoc":"src/sleep.c:112","Type":"CALL!SHUFFLEARGS$2$"},"1450":{"EquivalenDuplicateOf":"194","FuncName":"main","IRPosInFunc":[27],"SrcLoc":"src/sleep.c:112","Type":"CALL!SHUFFLEARGS$2$"},"1451":{"EquivalenDuplicateOf":"192","FuncName":"main","IRPosInFunc":[27],"SrcLoc":"src/sleep.c:112","Type":"CALL!SHUFFLEARGS$2$"},"1452":{"EquivalenDuplicateOf":"193","FuncName":"main","IRPosInFunc":[27],"SrcLoc":"src/sleep.c:112","Type":"CALL!SHUFFLEARGS$2$"},"1453":{"EquivalenDuplicateOf":"192","FuncName":"main","IRPosInFunc":[27],"SrcLoc":"src/sleep.c:112","Type":"CALL!SHUFFLEARGS$2$"},"1454":{"EquivalenDuplicateOf":"195","FuncName":"main","IRPosInFunc":[27],"SrcLoc":"src/sleep.c:112","Type":"CALL!SHUFFLEARGS$2$"},"1455":{"EquivalenDuplicateOf":"196","FuncName":"main","IRPosInFunc":[27],"SrcLoc":"src/sleep.c:112","Type":"CALL!SHUFFLEARGS$2$"},"1456":{"EquivalenDuplicateOf":"197","FuncName":"main","IRPosInFunc":[27],"SrcLoc":"src/sleep.c:112","Type":"CALL!SHUFFLEARGS$2$"},"1457":{"EquivalenDuplicateOf":"198","FuncName":"main","IRPosInFunc":[27],"SrcLoc":"src/sleep.c:112","Type":"CALL!SHUFFLEARGS$2$"},"1458":{"EquivalenDuplicateOf":"195","FuncName":"main","IRPosInFunc":[27],"SrcLoc":"src/sleep.c:112","Type":"CALL!SHUFFLEARGS$2$"},"1459":{"EquivalenDuplicateOf":"196","FuncName":"main","IRPosInFunc":[27],"SrcLoc":"src/sleep.c:112","Type":"CALL!SHUFFLEARGS$2$"},"1460":{"EquivalenDuplicateOf":"197","FuncName":"main","IRPosInFunc":[27],"SrcLoc":"src/sleep.c:112","Type":"CALL!SHUFFLEARGS$2$"},"1461":{"EquivalenDuplicateOf":"195","FuncName":"main","IRPosInFunc":[27],"SrcLoc":"src/sleep.c:112","Type":"CALL!SHUFFLEARGS$2$"},"1462":{"EquivalenDuplicateOf":"196","FuncName":"main","IRPosInFunc":[27],"SrcLoc":"src/sleep.c:112","Type":"CALL!SHUFFLEARGS$2$"},"1463":{"EquivalenDuplicateOf":"195","FuncName":"main","IRPosInFunc":[27],"SrcLoc":"src/sleep.c:112","Type":"CALL!SHUFFLEARGS$2$"},"1464":{"EquivalenDuplicateOf":"199","FuncName":"main","IRPosInFunc":[27],"SrcLoc":"src/sleep.c:112","Type":"CALL!SHUFFLEARGS$2$"},"1465":{"EquivalenDuplicateOf":"200","FuncName":"main","IRPosInFunc":[27],"SrcLoc":"src/sleep.c:112","Type":"CALL!SHUFFLEARGS$2$"},"1466":{"EquivalenDuplicateOf":"201","FuncName":"main","IRPosInFunc":[27],"SrcLoc":"src/sleep.c:112","Type":"CALL!SHUFFLEARGS$2$"},"1467":{"EquivalenDuplicateOf":"202","FuncName":"main","IRPosInFunc":[27],"SrcLoc":"src/sleep.c:112","Type":"CALL!SHUFFLEARGS$2$"},"1468":{"EquivalenDuplicateOf":"199","FuncName":"main","IRPosInFunc":[27],"SrcLoc":"src/sleep.c:112","Type":"CALL!SHUFFLEARGS$2$"},"1469":{"EquivalenDuplicateOf":"200","FuncName":"main","IRPosInFunc":[27],"SrcLoc":"src/sleep.c:112","Type":"CALL!SHUFFLEARGS$2$"},"1470":{"EquivalenDuplicateOf":"201","FuncName":"main","IRPosInFunc":[27],"SrcLoc":"src/sleep.c:112","Type":"CALL!SHUFFLEARGS$2$"},"1471":{"EquivalenDuplicateOf":"199","FuncName":"main","IRPosInFunc":[27],"SrcLoc":"src/sleep.c:112","Type":"CALL!SHUFFLEARGS$2$"},"1472":{"EquivalenDuplicateOf":"200","FuncName":"main","IRPosInFunc":[27],"SrcLoc":"src/sleep.c:112","Type":"CALL!SHUFFLEARGS$2$"},"1473":{"EquivalenDuplicateOf":"199","FuncName":"main","IRPosInFunc":[27],"SrcLoc":"src/sleep.c:112","Type":"CALL!SHUFFLEARGS$2$"},"1474":{"EquivalenDuplicateOf":"189","FuncName":"main","IRPosInFunc":[27],"SrcLoc":"src/sleep.c:112","Type":"CALL!SHUFFLEARGS$2$"},"1475":{"EquivalenDuplicateOf":"190","FuncName":"main","IRPosInFunc":[27],"SrcLoc":"src/sleep.c:112","Type":"CALL!SHUFFLEARGS$2$"},"1476":{"EquivalenDuplicateOf":"191","FuncName":"main","IRPosInFunc":[27],"SrcLoc":"src/sleep.c:112","Type":"CALL!SHUFFLEARGS$2$"},"1477":{"EquivalenDuplicateOf":"190","FuncName":"main","IRPosInFunc":[27],"SrcLoc":"src/sleep.c:112","Type":"CALL!SHUFFLEARGS$2$"},"1478":{"EquivalenDuplicateOf":"192","FuncName":"main","IRPosInFunc":[27],"SrcLoc":"src/sleep.c:112","Type":"CALL!SHUFFLEARGS$2$"},"1479":{"EquivalenDuplicateOf":"193","FuncName":"main","IRPosInFunc":[27],"SrcLoc":"src/sleep.c:112","Type":"CALL!SHUFFLEARGS$2$"},"1480":{"EquivalenDuplicateOf":"194","FuncName":"main","IRPosInFunc":[27],"SrcLoc":"src/sleep.c:112","Type":"CALL!SHUFFLEARGS$2$"},"1481":{"EquivalenDuplicateOf":"192","FuncName":"main","IRPosInFunc":[27],"SrcLoc":"src/sleep.c:112","Type":"CALL!SHUFFLEARGS$2$"},"1482":{"EquivalenDuplicateOf":"193","FuncName":"main","IRPosInFunc":[27],"SrcLoc":"src/sleep.c:112","Type":"CALL!SHUFFLEARGS$2$"},"1483":{"EquivalenDuplicateOf":"192","FuncName":"main","IRPosInFunc":[27],"SrcLoc":"src/sleep.c:112","Type":"CALL!SHUFFLEARGS$2$"},"1484":{"EquivalenDuplicateOf":"195","FuncName":"main","IRPosInFunc":[27],"SrcLoc":"src/sleep.c:112","Type":"CALL!SHUFFLEARGS$2$"},"1485":{"EquivalenDuplicateOf":"196","FuncName":"main","IRPosInFunc":[27],"SrcLoc":"src/sleep.c:112","Type":"CALL!SHUFFLEARGS$2$"},"1486":{"EquivalenDuplicateOf":"197","FuncName":"main","IRPosInFunc":[27],"SrcLoc":"src/sleep.c:112","Type":"CALL!SHUFFLEARGS$2$"},"1487":{"EquivalenDuplicateOf":"195","FuncName":"main","IRPosInFunc":[27],"SrcLoc":"src/sleep.c:112","Type":"CALL!SHUFFLEARGS$2$"},"1488":{"EquivalenDuplicateOf":"196","FuncName":"main","IRPosInFunc":[27],"SrcLoc":"src/sleep.c:112","Type":"CALL!SHUFFLEARGS$2$"},"1489":{"EquivalenDuplicateOf":"195","FuncName":"main","IRPosInFunc":[27],"SrcLoc":"src/sleep.c:112","Type":"CALL!SHUFFLEARGS$2$"},"1490":{"EquivalenDuplicateOf":"189","FuncName":"main","IRPosInFunc":[27],"SrcLoc":"src/sleep.c:112","Type":"CALL!SHUFFLEARGS$2$"},"1491":{"EquivalenDuplicateOf":"190","FuncName":"main","IRPosInFunc":[27],"SrcLoc":"src/sleep.c:112","Type":"CALL!SHUFFLEARGS$2$"},"1492":{"EquivalenDuplicateOf":"191","FuncName":"main","IRPosInFunc":[27],"SrcLoc":"src/sleep.c:112","Type":"CALL!SHUFFLEARGS$2$"},"1493":{"EquivalenDuplicateOf":"190","FuncName":"main","IRPosInFunc":[27],"SrcLoc":"src/sleep.c:112","Type":"CALL!SHUFFLEARGS$2$"},"1494":{"EquivalenDuplicateOf":"192","FuncName":"main","IRPosInFunc":[27],"SrcLoc":"src/sleep.c:112","Type":"CALL!SHUFFLEARGS$2$"},"1495":{"EquivalenDuplicateOf":"193","FuncName":"main","IRPosInFunc":[27],"SrcLoc":"src/sleep.c:112","Type":"CALL!SHUFFLEARGS$2$"},"1496":{"EquivalenDuplicateOf":"192","FuncName":"main","IRPosInFunc":[27],"SrcLoc":"src/sleep.c:112","Type":"CALL!SHUFFLEARGS$2$"},"1497":{"EquivalenDuplicateOf":"189","FuncName":"main","IRPosInFunc":[27],"SrcLoc":"src/sleep.c:112","Type":"CALL!SHUFFLEARGS$2$"},"1498":{"EquivalenDuplicateOf":"190","FuncName":"main","IRPosInFunc":[27],"SrcLoc":"src/sleep.c:112","Type":"CALL!SHUFFLEARGS$2$"},"1499":{"EquivalenDuplicateOf":"164","FuncName":"main","IRPosInFunc":[17],"SrcLoc":"src/sleep.c:102","Type":"C!ADD$C$-1$"},"1500":{"EquivalenDuplicateOf":"144","FuncName":"main","IRPosInFunc":[17],"SrcLoc":"src/sleep.c:102","Type":"ASSIGN$V1$@2$!DIV$@2$V1$"},"1501":{"EquivalenDuplicateOf":"144","FuncName":"main","IRPosInFunc":[17],"SrcLoc":"src/sleep.c:102","Type":"ASSIGN$V1$@2$!MOD$V1$@2$"},"1502":{"EquivalenDuplicateOf":"144","FuncName":"main","IRPosInFunc":[17],"SrcLoc":"src/sleep.c:102","Type":"ASSIGN$V1$@2$!BITSHR$@2$V1$"},"1503":{"EquivalenDuplicateOf":"144","FuncName":"main","IRPosInFunc":[17],"SrcLoc":"src/sleep.c:102","Type":"ASSIGN$V1$@2$!DIV$V1$@2$"},"1504":{"EquivalenDuplicateOf":"144","FuncName":"main","IRPosInFunc":[17],"SrcLoc":"src/sleep.c:102","Type":"ASSIGN$V1$@2$!BITSHR$V1$@2$"},"1505":{"EquivalenDuplicateOf":"144","FuncName":"main","IRPosInFunc":[17],"SrcLoc":"src/sleep.c:102","Type":"ASSIGN$V1$@2$!MOD$@2$V1$"},"1506":{"EquivalenDuplicateOf":"144","FuncName":"main","IRPosInFunc":[17],"SrcLoc":"src/sleep.c:102","Type":"ASSIGN$V1$@2$!DIV$@2$V1$"},"1507":{"EquivalenDuplicateOf":"143","FuncName":"main","IRPosInFunc":[17],"SrcLoc":"src/sleep.c:102","Type":"ASSIGN$V1$@2$!BITNOT$@2$"},"1508":{"EquivalenDuplicateOf":"143","FuncName":"main","IRPosInFunc":[17],"SrcLoc":"src/sleep.c:102","Type":"ASSIGN$V1$@2$!OPERAND$@2$"},"1509":{"EquivalenDuplicateOf":"144","FuncName":"main","IRPosInFunc":[17],"SrcLoc":"src/sleep.c:102","Type":"ASSIGN$V1$@2$!MOD$V1$@2$"},"1510":{"EquivalenDuplicateOf":"144","FuncName":"main","IRPosInFunc":[17],"SrcLoc":"src/sleep.c:102","Type":"ASSIGN$V1$@2$!BITSHR$@2$V1$"},"1511":{"EquivalenDuplicateOf":"144","FuncName":"main","IRPosInFunc":[17],"SrcLoc":"src/sleep.c:102","Type":"ASSIGN$V1$@2$!SUB$V1$@2$"},"1512":{"EquivalenDuplicateOf":"144","FuncName":"main","IRPosInFunc":[17],"SrcLoc":"src/sleep.c:102","Type":"ASSIGN$V1$@2$!SUB$@2$V1$"},"1513":{"EquivalenDuplicateOf":"143","FuncName":"main","IRPosInFunc":[17],"SrcLoc":"src/sleep.c:102","Type":"ASSIGN$V1$@2$!ABS$@2$"},"1514":{"EquivalenDuplicateOf":"144","FuncName":"main","IRPosInFunc":[17],"SrcLoc":"src/sleep.c:102","Type":"ASSIGN$V1$@2$!DIV$V1$@2$"},"1515":{"EquivalenDuplicateOf":"144","FuncName":"main","IRPosInFunc":[17],"SrcLoc":"src/sleep.c:102","Type":"ASSIGN$V1$@2$!MUL$V1$@2$"},"1516":{"EquivalenDuplicateOf":"144","FuncName":"main","IRPosInFunc":[17],"SrcLoc":"src/sleep.c:102","Type":"ASSIGN$V1$@2$!BITSHR$V1$@2$"},"1517":{"EquivalenDuplicateOf":"143","FuncName":"main","IRPosInFunc":[17],"SrcLoc":"src/sleep.c:102","Type":"ASSIGN$V1$@2$!CONSTVAL$0$"},"1518":{"EquivalenDuplicateOf":"144","FuncName":"main","IRPosInFunc":[17],"SrcLoc":"src/sleep.c:102","Type":"ASSIGN$V1$@2$!NEG$V1$"},"1519":{"EquivalenDuplicateOf":"144","FuncName":"main","IRPosInFunc":[17],"SrcLoc":"src/sleep.c:102","Type":"ASSIGN$V1$@2$!BITXOR$V1$@2$"},"1520":{"EquivalenDuplicateOf":"143","FuncName":"main","IRPosInFunc":[17],"SrcLoc":"src/sleep.c:102","Type":"ASSIGN$V1$@2$!CONSTVAL$1$"},"1521":{"EquivalenDuplicateOf":"144","FuncName":"main","IRPosInFunc":[17],"SrcLoc":"src/sleep.c:102","Type":"ASSIGN$V1$@2$!BITSHL$V1$@2$"},"1522":{"EquivalenDuplicateOf":"144","FuncName":"main","IRPosInFunc":[17],"SrcLoc":"src/sleep.c:102","Type":"ASSIGN$V1$@2$!BITSHL$@2$V1$"},"1523":{"EquivalenDuplicateOf":"144","FuncName":"main","IRPosInFunc":[17],"SrcLoc":"src/sleep.c:102","Type":"ASSIGN$V1$@2$!BITAND$V1$@2$"},"1524":{"EquivalenDuplicateOf":"143","FuncName":"main","IRPosInFunc":[17],"SrcLoc":"src/sleep.c:102","Type":"ASSIGN$V1$@2$!NEG$@2$"},"1525":{"EquivalenDuplicateOf":"144","FuncName":"main","IRPosInFunc":[17],"SrcLoc":"src/sleep.c:102","Type":"ASSIGN$V1$@2$!BITNOT$V1$"},"1526":{"EquivalenDuplicateOf":"144","FuncName":"main","IRPosInFunc":[17],"SrcLoc":"src/sleep.c:102","Type":"ASSIGN$V1$@2$!ADD$V1$@2$"},"1527":{"EquivalenDuplicateOf":"143","FuncName":"main","IRPosInFunc":[17],"SrcLoc":"src/sleep.c:102","Type":"ASSIGN$V1$@2$!OPERAND$V1$"},"1528":{"EquivalenDuplicateOf":"144","FuncName":"main","IRPosInFunc":[17],"SrcLoc":"src/sleep.c:102","Type":"ASSIGN$V1$@2$!MOD$@2$V1$"},"1529":{"EquivalenDuplicateOf":"118","FuncName":"main","IRPosInFunc":[15],"SrcLoc":"src/sleep.c:101","Type":"ASSIGN$V1$@2$!DIV$@2$V1$"},"1530":{"EquivalenDuplicateOf":"117","FuncName":"main","IRPosInFunc":[15],"SrcLoc":"src/sleep.c:101","Type":"ASSIGN$V1$@2$!OPERAND$@2$"},"1531":{"EquivalenDuplicateOf":"118","FuncName":"main","IRPosInFunc":[15],"SrcLoc":"src/sleep.c:101","Type":"ASSIGN$V1$@2$!MOD$V1$@2$"},"1532":{"EquivalenDuplicateOf":"118","FuncName":"main","IRPosInFunc":[15],"SrcLoc":"src/sleep.c:101","Type":"ASSIGN$V1$@2$!SUB$V1$@2$"},"1533":{"EquivalenDuplicateOf":"118","FuncName":"main","IRPosInFunc":[15],"SrcLoc":"src/sleep.c:101","Type":"ASSIGN$V1$@2$!SUB$@2$V1$"},"1534":{"EquivalenDuplicateOf":"117","FuncName":"main","IRPosInFunc":[15],"SrcLoc":"src/sleep.c:101","Type":"ASSIGN$V1$@2$!ABS$@2$"},"1535":{"EquivalenDuplicateOf":"118","FuncName":"main","IRPosInFunc":[15],"SrcLoc":"src/sleep.c:101","Type":"ASSIGN$V1$@2$!DIV$V1$@2$"},"1536":{"EquivalenDuplicateOf":"118","FuncName":"main","IRPosInFunc":[15],"SrcLoc":"src/sleep.c:101","Type":"ASSIGN$V1$@2$!MUL$V1$@2$"},"1537":{"EquivalenDuplicateOf":"117","FuncName":"main","IRPosInFunc":[15],"SrcLoc":"src/sleep.c:101","Type":"ASSIGN$V1$@2$!CONSTVAL$0$"},"1538":{"EquivalenDuplicateOf":"118","FuncName":"main","IRPosInFunc":[15],"SrcLoc":"src/sleep.c:101","Type":"ASSIGN$V1$@2$!NEG$V1$"},"1539":{"EquivalenDuplicateOf":"117","FuncName":"main","IRPosInFunc":[15],"SrcLoc":"src/sleep.c:101","Type":"ASSIGN$V1$@2$!CONSTVAL$1$"},"1540":{"EquivalenDuplicateOf":"117","FuncName":"main","IRPosInFunc":[15],"SrcLoc":"src/sleep.c:101","Type":"ASSIGN$V1$@2$!NEG$@2$"},"1541":{"EquivalenDuplicateOf":"118","FuncName":"main","IRPosInFunc":[15],"SrcLoc":"src/sleep.c:101","Type":"ASSIGN$V1$@2$!ADD$V1$@2$"},"1542":{"EquivalenDuplicateOf":"117","FuncName":"main","IRPosInFunc":[15],"SrcLoc":"src/sleep.c:101","Type":"ASSIGN$V1$@2$!OPERAND$V1$"},"1543":{"EquivalenDuplicateOf":"93","FuncName":"main","IRPosInFunc":[9],"SrcLoc":"","Type":"ASSIGN$V1$@2$!DIV$@2$V1$"},"1544":{"EquivalenDuplicateOf":"93","FuncName":"main","IRPosInFunc":[9],"SrcLoc":"","Type":"ASSIGN$V1$@2$!MOD$V1$@2$"},"1545":{"EquivalenDuplicateOf":"93","FuncName":"main","IRPosInFunc":[9],"SrcLoc":"","Type":"ASSIGN$V1$@2$!BITSHR$@2$V1$"},"1546":{"EquivalenDuplicateOf":"93","FuncName":"main","IRPosInFunc":[9],"SrcLoc":"","Type":"ASSIGN$V1$@2$!DIV$V1$@2$"},"1547":{"EquivalenDuplicateOf":"93","FuncName":"main","IRPosInFunc":[9],"SrcLoc":"","Type":"ASSIGN$V1$@2$!BITSHR$V1$@2$"},"1548":{"EquivalenDuplicateOf":"93","FuncName":"main","IRPosInFunc":[9],"SrcLoc":"","Type":"ASSIGN$V1$@2$!MOD$@2$V1$"},"1549":{"EquivalenDuplicateOf":"93","FuncName":"main","IRPosInFunc":[9],"SrcLoc":"","Type":"ASSIGN$V1$@2$!DIV$@2$V1$"},"1550":{"EquivalenDuplicateOf":"92","FuncName":"main","IRPosInFunc":[9],"SrcLoc":"","Type":"ASSIGN$V1$@2$!BITNOT$@2$"},"1551":{"EquivalenDuplicateOf":"92","FuncName":"main","IRPosInFunc":[9],"SrcLoc":"","Type":"ASSIGN$V1$@2$!OPERAND$@2$"},"1552":{"EquivalenDuplicateOf":"93","FuncName":"main","IRPosInFunc":[9],"SrcLoc":"","Type":"ASSIGN$V1$@2$!MOD$V1$@2$"},"1553":{"EquivalenDuplicateOf":"93","FuncName":"main","IRPosInFunc":[9],"SrcLoc":"","Type":"ASSIGN$V1$@2$!BITSHR$@2$V1$"},"1554":{"EquivalenDuplicateOf":"93","FuncName":"main","IRPosInFunc":[9],"SrcLoc":"","Type":"ASSIGN$V1$@2$!SUB$V1$@2$"},"1555":{"EquivalenDuplicateOf":"93","FuncName":"main","IRPosInFunc":[9],"SrcLoc":"","Type":"ASSIGN$V1$@2$!SUB$@2$V1$"},"1556":{"EquivalenDuplicateOf":"93","FuncName":"main","IRPosInFunc":[9],"SrcLoc":"","Type":"ASSIGN$V1$@2$!DIV$V1$@2$"},"1557":{"EquivalenDuplicateOf":"93","FuncName":"main","IRPosInFunc":[9],"SrcLoc":"","Type":"ASSIGN$V1$@2$!MUL$V1$@2$"},"1558":{"EquivalenDuplicateOf":"93","FuncName":"main","IRPosInFunc":[9],"SrcLoc":"","Type":"ASSIGN$V1$@2$!BITSHR$V1$@2$"},"1559":{"EquivalenDuplicateOf":"92","FuncName":"main","IRPosInFunc":[9],"SrcLoc":"","Type":"ASSIGN$V1$@2$!CONSTVAL$0$"},"1560":{"EquivalenDuplicateOf":"93","FuncName":"main","IRPosInFunc":[9],"SrcLoc":"","Type":"ASSIGN$V1$@2$!NEG$V1$"},"1561":{"EquivalenDuplicateOf":"93","FuncName":"main","IRPosInFunc":[9],"SrcLoc":"","Type":"ASSIGN$V1$@2$!BITXOR$V1$@2$"},"1562":{"EquivalenDuplicateOf":"92","FuncName":"main","IRPosInFunc":[9],"SrcLoc":"","Type":"ASSIGN$V1$@2$!CONSTVAL$1$"},"1563":{"EquivalenDuplicateOf":"93","FuncName":"main","IRPosInFunc":[9],"SrcLoc":"","Type":"ASSIGN$V1$@2$!BITSHL$V1$@2$"},"1564":{"EquivalenDuplicateOf":"93","FuncName":"main","IRPosInFunc":[9],"SrcLoc":"","Type":"ASSIGN$V1$@2$!BITSHL$@2$V1$"},"1565":{"EquivalenDuplicateOf":"93","FuncName":"main","IRPosInFunc":[9],"SrcLoc":"","Type":"ASSIGN$V1$@2$!BITAND$V1$@2$"},"1566":{"EquivalenDuplicateOf":"92","FuncName":"main","IRPosInFunc":[9],"SrcLoc":"","Type":"ASSIGN$V1$@2$!NEG$@2$"},"1567":{"EquivalenDuplicateOf":"93","FuncName":"main","IRPosInFunc":[9],"SrcLoc":"","Type":"ASSIGN$V1$@2$!BITNOT$V1$"},"1568":{"EquivalenDuplicateOf":"93","FuncName":"main","IRPosInFunc":[9],"SrcLoc":"","Type":"ASSIGN$V1$@2$!ADD$V1$@2$"},"1569":{"EquivalenDuplicateOf":"92","FuncName":"main","IRPosInFunc":[9],"SrcLoc":"","Type":"ASSIGN$V1$@2$!OPERAND$V1$"},"1570":{"EquivalenDuplicateOf":"93","FuncName":"main","IRPosInFunc":[9],"SrcLoc":"","Type":"ASSIGN$V1$@2$!MOD$@2$V1$"},"1571":{"EquivalenDuplicateOf":"73","FuncName":"main","IRPosInFunc":[8],"SrcLoc":"","Type":"ASSIGN$V1$@2$!DIV$@2$V1$"},"1572":{"EquivalenDuplicateOf":"73","FuncName":"main","IRPosInFunc":[8],"SrcLoc":"","Type":"ASSIGN$V1$@2$!GT$@2$V1$"},"1573":{"EquivalenDuplicateOf":"73","FuncName":"main","IRPosInFunc":[8],"SrcLoc":"","Type":"ASSIGN$V1$@2$!MOD$V1$@2$"},"1574":{"EquivalenDuplicateOf":"73","FuncName":"main","IRPosInFunc":[8],"SrcLoc":"","Type":"ASSIGN$V1$@2$!BITSHR$@2$V1$"},"1575":{"EquivalenDuplicateOf":"73","FuncName":"main","IRPosInFunc":[8],"SrcLoc":"","Type":"ASSIGN$V1$@2$!GE$V1$@2$"},"1576":{"EquivalenDuplicateOf":"73","FuncName":"main","IRPosInFunc":[8],"SrcLoc":"","Type":"ASSIGN$V1$@2$!DIV$V1$@2$"},"1577":{"EquivalenDuplicateOf":"73","FuncName":"main","IRPosInFunc":[8],"SrcLoc":"","Type":"ASSIGN$V1$@2$!BITSHR$V1$@2$"},"1578":{"EquivalenDuplicateOf":"73","FuncName":"main","IRPosInFunc":[8],"SrcLoc":"","Type":"ASSIGN$V1$@2$!LT$V1$@2$"},"1579":{"EquivalenDuplicateOf":"73","FuncName":"main","IRPosInFunc":[8],"SrcLoc":"","Type":"ASSIGN$V1$@2$!LE$@2$V1$"},"1580":{"EquivalenDuplicateOf":"73","FuncName":"main","IRPosInFunc":[8],"SrcLoc":"","Type":"ASSIGN$V1$@2$!MOD$@2$V1$"},"1581":{"EquivalenDuplicateOf":"73","FuncName":"main","IRPosInFunc":[8],"SrcLoc":"","Type":"ASSIGN$V1$@2$!DIV$@2$V1$"},"1582":{"EquivalenDuplicateOf":"71","FuncName":"main","IRPosInFunc":[8],"SrcLoc":"","Type":"ASSIGN$V1$@2$!BITNOT$@2$"},"1583":{"EquivalenDuplicateOf":"71","FuncName":"main","IRPosInFunc":[8],"SrcLoc":"","Type":"ASSIGN$V1$@2$!OPERAND$@2$"},"1584":{"EquivalenDuplicateOf":"73","FuncName":"main","IRPosInFunc":[8],"SrcLoc":"","Type":"ASSIGN$V1$@2$!MOD$V1$@2$"},"1585":{"EquivalenDuplicateOf":"73","FuncName":"main","IRPosInFunc":[8],"SrcLoc":"","Type":"ASSIGN$V1$@2$!BITSHR$@2$V1$"},"1586":{"EquivalenDuplicateOf":"73","FuncName":"main","IRPosInFunc":[8],"SrcLoc":"","Type":"ASSIGN$V1$@2$!SUB$V1$@2$"},"1587":{"EquivalenDuplicateOf":"73","FuncName":"main","IRPosInFunc":[8],"SrcLoc":"","Type":"ASSIGN$V1$@2$!SUB$@2$V1$"},"1588":{"EquivalenDuplicateOf":"71","FuncName":"main","IRPosInFunc":[8],"SrcLoc":"","Type":"ASSIGN$V1$@2$!ABS$@2$"},"1589":{"EquivalenDuplicateOf":"73","FuncName":"main","IRPosInFunc":[8],"SrcLoc":"","Type":"ASSIGN$V1$@2$!DIV$V1$@2$"},"1590":{"EquivalenDuplicateOf":"73","FuncName":"main","IRPosInFunc":[8],"SrcLoc":"","Type":"ASSIGN$V1$@2$!MUL$V1$@2$"},"1591":{"EquivalenDuplicateOf":"73","FuncName":"main","IRPosInFunc":[8],"SrcLoc":"","Type":"ASSIGN$V1$@2$!BITSHR$V1$@2$"},"1592":{"EquivalenDuplicateOf":"71","FuncName":"main","IRPosInFunc":[8],"SrcLoc":"","Type":"ASSIGN$V1$@2$!CONSTVAL$0$"},"1593":{"EquivalenDuplicateOf":"73","FuncName":"main","IRPosInFunc":[8],"SrcLoc":"","Type":"ASSIGN$V1$@2$!NEG$V1$"},"1594":{"EquivalenDuplicateOf":"73","FuncName":"main","IRPosInFunc":[8],"SrcLoc":"","Type":"ASSIGN$V1$@2$!BITXOR$V1$@2$"},"1595":{"EquivalenDuplicateOf":"71","FuncName":"main","IRPosInFunc":[8],"SrcLoc":"","Type":"ASSIGN$V1$@2$!CONSTVAL$1$"},"1596":{"EquivalenDuplicateOf":"73","FuncName":"main","IRPosInFunc":[8],"SrcLoc":"","Type":"ASSIGN$V1$@2$!BITSHL$V1$@2$"},"1597":{"EquivalenDuplicateOf":"73","FuncName":"main","IRPosInFunc":[8],"SrcLoc":"","Type":"ASSIGN$V1$@2$!BITSHL$@2$V1$"},"1598":{"EquivalenDuplicateOf":"73","FuncName":"main","IRPosInFunc":[8],"SrcLoc":"","Type":"ASSIGN$V1$@2$!BITAND$V1$@2$"},"1599":{"EquivalenDuplicateOf":"71","FuncName":"main","IRPosInFunc":[8],"SrcLoc":"","Type":"ASSIGN$V1$@2$!NEG$@2$"},"1600":{"EquivalenDuplicateOf":"73","FuncName":"main","IRPosInFunc":[8],"SrcLoc":"","Type":"ASSIGN$V1$@2$!BITNOT$V1$"},"1601":{"EquivalenDuplicateOf":"73","FuncName":"main","IRPosInFunc":[8],"SrcLoc":"","Type":"ASSIGN$V1$@2$!ADD$V1$@2$"},"1602":{"EquivalenDuplicateOf":"72","FuncName":"main","IRPosInFunc":[8],"SrcLoc":"","Type":"ASSIGN$V1$@2$!OPERAND$V1$"},"1603":{"EquivalenDuplicateOf":"0","FuncName":"usage","IRPosInFunc":[20],"SrcLoc":"src/sleep.c:60","Type":"STMT!TRAPSTMT"},"1604":{"EquivalenDuplicateOf":"0","FuncName":"usage","IRPosInFunc":[19],"SrcLoc":"src/sleep.c:59","Type":"STMT!TRAPSTMT"},"1605":{"EquivalenDuplicateOf":"0","FuncName":"usage","IRPosInFunc":[10],"SrcLoc":"src/sleep.c:44","Type":"CALL!SHUFFLEARGS$2$"},"1606":{"EquivalenDuplicateOf":"56","FuncName":"usage","IRPosInFunc":[10],"SrcLoc":"src/sleep.c:44","Type":"CALL!SHUFFLEARGS$2$"},"1607":{"EquivalenDuplicateOf":"0","FuncName":"usage","IRPosInFunc":[10],"SrcLoc":"src/sleep.c:44","Type":"CALL!SHUFFLEARGS$2$"},"1608":{"EquivalenDuplicateOf":"52","FuncName":"usage","IRPosInFunc":[7],"SrcLoc":"src/sleep.c:41","Type":"RETURN_BREAK_CONTINUE!DELSTMT"},"1609":{"EquivalenDuplicateOf":"25","FuncName":"usage","IRPosInFunc":[3],"SrcLoc":"src/sleep.c:40","Type":"@!ABS$@$"},"1610":{"EquivalenDuplicateOf":"27","FuncName":"usage","IRPosInFunc":[4],"SrcLoc":"src/sleep.c:40","Type":"NEQ$@1$@2$!BITSHR$@2$@1$"},"1611":{"EquivalenDuplicateOf":"27","FuncName":"usage","IRPosInFunc":[4],"SrcLoc":"src/sleep.c:40","Type":"NEQ$@1$@2$!LT$@1$@2$"},"1612":{"EquivalenDuplicateOf":"0","FuncName":"usage","IRPosInFunc":[4],"SrcLoc":"src/sleep.c:40","Type":"NEQ$@1$@2$!BITSHR$@1$@2$"},"1613":{"EquivalenDuplicateOf":"26","FuncName":"usage","IRPosInFunc":[4],"SrcLoc":"src/sleep.c:40","Type":"NEQ$@1$@2$!GE$@1$@2$"},"1614":{"EquivalenDuplicateOf":"27","FuncName":"usage","IRPosInFunc":[4],"SrcLoc":"src/sleep.c:40","Type":"NEQ$@1$@2$!GT$@2$@1$"},"1615":{"EquivalenDuplicateOf":"33","FuncName":"usage","IRPosInFunc":[4],"SrcLoc":"src/sleep.c:40","Type":"NEQ$@1$@2$!MOD$@1$@2$"},"1616":{"EquivalenDuplicateOf":"27","FuncName":"usage","IRPosInFunc":[4],"SrcLoc":"src/sleep.c:40","Type":"NEQ$@1$@2$!MOD$@2$@1$"},"1617":{"EquivalenDuplicateOf":"27","FuncName":"usage","IRPosInFunc":[4],"SrcLoc":"src/sleep.c:40","Type":"NEQ$@1$@2$!DIV$@2$@1$"},"1618":{"EquivalenDuplicateOf":"26","FuncName":"usage","IRPosInFunc":[4],"SrcLoc":"src/sleep.c:40","Type":"NEQ$@1$@2$!LE$@2$@1$"},"1619":{"EquivalenDuplicateOf":"27","FuncName":"usage","IRPosInFunc":[4],"SrcLoc":"src/sleep.c:40","Type":"NEQ$@1$@2$!BITSHR$@2$@1$"},"1620":{"EquivalenDuplicateOf":"27","FuncName":"usage","IRPosInFunc":[4],"SrcLoc":"src/sleep.c:40","Type":"NEQ$@1$@2$!NEG$@2$"},"1621":{"EquivalenDuplicateOf":"27","FuncName":"usage","IRPosInFunc":[4],"SrcLoc":"src/sleep.c:40","Type":"NEQ$@1$@2$!MUL$@1$@2$"},"1622":{"EquivalenDuplicateOf":"0","FuncName":"usage","IRPosInFunc":[4],"SrcLoc":"src/sleep.c:40","Type":"NEQ$@1$@2$!SUB$@1$@2$"},"1623":{"EquivalenDuplicateOf":"0","FuncName":"usage","IRPosInFunc":[4],"SrcLoc":"src/sleep.c:40","Type":"NEQ$@1$@2$!BITSHR$@1$@2$"},"1624":{"EquivalenDuplicateOf":"27","FuncName":"usage","IRPosInFunc":[4],"SrcLoc":"src/sleep.c:40","Type":"NEQ$@1$@2$!BITSHL$@2$@1$"},"1625":{"EquivalenDuplicateOf":"0","FuncName":"usage","IRPosInFunc":[4],"SrcLoc":"src/sleep.c:40","Type":"NEQ$@1$@2$!BITOR$@1$@2$"},"1626":{"EquivalenDuplicateOf":"26","FuncName":"usage","IRPosInFunc":[4],"SrcLoc":"src/sleep.c:40","Type":"NEQ$@1$@2$!CONSTVAL$1$"},"1627":{"EquivalenDuplicateOf":"27","FuncName":"usage","IRPosInFunc":[4],"SrcLoc":"src/sleep.c:40","Type":"NEQ$@1$@2$!ABS$@2$"},"1628":{"EquivalenDuplicateOf":"0","FuncName":"usage","IRPosInFunc":[4],"SrcLoc":"src/sleep.c:40","Type":"NEQ$@1$@2$!OPERAND$@1$"},"1629":{"EquivalenDuplicateOf":"31","FuncName":"usage","IRPosInFunc":[4],"SrcLoc":"src/sleep.c:40","Type":"NEQ$@1$@2$!NEG$@1$"},"1630":{"EquivalenDuplicateOf":"27","FuncName":"usage","IRPosInFunc":[4],"SrcLoc":"src/sleep.c:40","Type":"NEQ$@1$@2$!MOD$@2$@1$"},"1631":{"EquivalenDuplicateOf":"27","FuncName":"usage","IRPosInFunc":[4],"SrcLoc":"src/sleep.c:40","Type":"NEQ$@1$@2$!OPERAND$@2$"},"1632":{"EquivalenDuplicateOf":"0","FuncName":"usage","IRPosInFunc":[4],"SrcLoc":"src/sleep.c:40","Type":"NEQ$@1$@2$!BITSHL$@1$@2$"},"1633":{"EquivalenDuplicateOf":"27","FuncName":"usage","IRPosInFunc":[4],"SrcLoc":"src/sleep.c:40","Type":"NEQ$@1$@2$!DIV$@2$@1$"},"1634":{"EquivalenDuplicateOf":"0","FuncName":"usage","IRPosInFunc":[4],"SrcLoc":"src/sleep.c:40","Type":"NEQ$@1$@2$!ADD$@1$@2$"},"1635":{"EquivalenDuplicateOf":"27","FuncName":"usage","IRPosInFunc":[4],"SrcLoc":"src/sleep.c:40","Type":"NEQ$@1$@2$!BITAND$@1$@2$"},"1636":{"EquivalenDuplicateOf":"0","FuncName":"usage","IRPosInFunc":[4],"SrcLoc":"src/sleep.c:40","Type":"NEQ$@1$@2$!BITXOR$@1$@2$"},"1637":{"EquivalenDuplicateOf":"2","FuncName":"usage","IRPosInFunc":[1],"SrcLoc":"","Type":"ASSIGN$V1$@2$!DIV$@2$V1$"},"1638":{"EquivalenDuplicateOf":"2","FuncName":"usage","IRPosInFunc":[1],"SrcLoc":"","Type":"ASSIGN$V1$@2$!MOD$V1$@2$"},"1639":{"EquivalenDuplicateOf":"2","FuncName":"usage","IRPosInFunc":[1],"SrcLoc":"","Type":"ASSIGN$V1$@2$!BITSHR$@2$V1$"},"1640":{"EquivalenDuplicateOf":"2","FuncName":"usage","IRPosInFunc":[1],"SrcLoc":"","Type":"ASSIGN$V1$@2$!DIV$V1$@2$"},"1641":{"EquivalenDuplicateOf":"2","FuncName":"usage","IRPosInFunc":[1],"SrcLoc":"","Type":"ASSIGN$V1$@2$!BITSHR$V1$@2$"},"1642":{"EquivalenDuplicateOf":"2","FuncName":"usage","IRPosInFunc":[1],"SrcLoc":"","Type":"ASSIGN$V1$@2$!MOD$@2$V1$"},"1643":{"EquivalenDuplicateOf":"2","FuncName":"usage","IRPosInFunc":[1],"SrcLoc":"","Type":"ASSIGN$V1$@2$!DIV$@2$V1$"},"1644":{"EquivalenDuplicateOf":"2","FuncName":"usage","IRPosInFunc":[1],"SrcLoc":"","Type":"ASSIGN$V1$@2$!BITNOT$@2$"},"1645":{"EquivalenDuplicateOf":"2","FuncName":"usage","IRPosInFunc":[1],"SrcLoc":"","Type":"ASSIGN$V1$@2$!OPERAND$@2$"},"1646":{"EquivalenDuplicateOf":"2","FuncName":"usage","IRPosInFunc":[1],"SrcLoc":"","Type":"ASSIGN$V1$@2$!MOD$V1$@2$"},"1647":{"EquivalenDuplicateOf":"2","FuncName":"usage","IRPosInFunc":[1],"SrcLoc":"","Type":"ASSIGN$V1$@2$!BITSHR$@2$V1$"},"1648":{"EquivalenDuplicateOf":"2","FuncName":"usage","IRPosInFunc":[1],"SrcLoc":"","Type":"ASSIGN$V1$@2$!SUB$V1$@2$"},"1649":{"EquivalenDuplicateOf":"2","FuncName":"usage","IRPosInFunc":[1],"SrcLoc":"","Type":"ASSIGN$V1$@2$!SUB$@2$V1$"},"1650":{"EquivalenDuplicateOf":"2","FuncName":"usage","IRPosInFunc":[1],"SrcLoc":"","Type":"ASSIGN$V1$@2$!DIV$V1$@2$"},"1651":{"EquivalenDuplicateOf":"2","FuncName":"usage","IRPosInFunc":[1],"SrcLoc":"","Type":"ASSIGN$V1$@2$!MUL$V1$@2$"},"1652":{"EquivalenDuplicateOf":"2","FuncName":"usage","IRPosInFunc":[1],"SrcLoc":"","Type":"ASSIGN$V1$@2$!BITSHR$V1$@2$"},"1653":{"EquivalenDuplicateOf":"2","FuncName":"usage","IRPosInFunc":[1],"SrcLoc":"","Type":"ASSIGN$V1$@2$!CONSTVAL$0$"},"1654":{"EquivalenDuplicateOf":"2","FuncName":"usage","IRPosInFunc":[1],"SrcLoc":"","Type":"ASSIGN$V1$@2$!NEG$V1$"},"1655":{"EquivalenDuplicateOf":"2","FuncName":"usage","IRPosInFunc":[1],"SrcLoc":"","Type":"ASSIGN$V1$@2$!BITXOR$V1$@2$"},"1656":{"EquivalenDuplicateOf":"2","FuncName":"usage","IRPosInFunc":[1],"SrcLoc":"","Type":"ASSIGN$V1$@2$!CONSTVAL$1$"},"1657":{"EquivalenDuplicateOf":"2","FuncName":"usage","IRPosInFunc":[1],"SrcLoc":"","Type":"ASSIGN$V1$@2$!BITSHL$V1$@2$"},"1658":{"EquivalenDuplicateOf":"2","FuncName":"usage","IRPosInFunc":[1],"SrcLoc":"","Type":"ASSIGN$V1$@2$!BITSHL$@2$V1$"},"1659":{"EquivalenDuplicateOf":"2","FuncName":"usage","IRPosInFunc":[1],"SrcLoc":"","Type":"ASSIGN$V1$@2$!BITAND$V1$@2$"},"1660":{"EquivalenDuplicateOf":"2","FuncName":"usage","IRPosInFunc":[1],"SrcLoc":"","Type":"ASSIGN$V1$@2$!NEG$@2$"},"1661":{"EquivalenDuplicateOf":"2","FuncName":"usage","IRPosInFunc":[1],"SrcLoc":"","Type":"ASSIGN$V1$@2$!BITNOT$V1$"},"1662":{"EquivalenDuplicateOf":"2","FuncName":"usage","IRPosInFunc":[1],"SrcLoc":"","Type":"ASSIGN$V1$@2$!ADD$V1$@2$"},"1663":{"EquivalenDuplicateOf":"2","FuncName":"usage","IRPosInFunc":[1],"SrcLoc":"","Type":"ASSIGN$V1$@2$!OPERAND$V1$"},"1664":{"EquivalenDuplicateOf":"2","FuncName":"usage","IRPosInFunc":[1],"SrcLoc":"","Type":"ASSIGN$V1$@2$!MOD$@2$V1$"},"1665":{"EquivalenDuplicateOf":"2","FuncName":"usage","IRPosInFunc":[1],"SrcLoc":"","Type":"ASSIGN$V1$@2$!BITOR$V1$@2$"},"949":{"EquivalenDuplicateOf":"947","FuncName":"apply_suffix","IRPosInFunc":[31],"SrcLoc":"src/sleep.c:95","Type":"RETURN_BREAK_CONTINUE!DELSTMT"},"950":{"EquivalenDuplicateOf":"944","FuncName":"apply_suffix","IRPosInFunc":[28],"SrcLoc":"src/sleep.c:94","Type":"C!ADD$C$1$"},"951":{"EquivalenDuplicateOf":"944","FuncName":"apply_suffix","IRPosInFunc":[28],"SrcLoc":"src/sleep.c:94","Type":"C!ADD$C$-1$"},"952":{"EquivalenDuplicateOf":"942","FuncName":"apply_suffix","IRPosInFunc":[28],"SrcLoc":"src/sleep.c:94","Type":"ASSIGN$V1$@2$!DIV$@2$V1$"},"953":{"EquivalenDuplicateOf":"942","FuncName":"apply_suffix","IRPosInFunc":[28],"SrcLoc":"src/sleep.c:94","Type":"ASSIGN$V1$@2$!GT$V1$@2$"},"954":{"EquivalenDuplicateOf":"942","FuncName":"apply_suffix","IRPosInFunc":[28],"SrcLoc":"src/sleep.c:94","Type":"ASSIGN$V1$@2$!GT$@2$V1$"},"955":{"EquivalenDuplicateOf":"942","FuncName":"apply_suffix","IRPosInFunc":[28],"SrcLoc":"src/sleep.c:94","Type":"ASSIGN$V1$@2$!MOD$V1$@2$"},"956":{"EquivalenDuplicateOf":"942","FuncName":"apply_suffix","IRPosInFunc":[28],"SrcLoc":"src/sleep.c:94","Type":"ASSIGN$V1$@2$!LE$V1$@2$"},"957":{"EquivalenDuplicateOf":"942","FuncName":"apply_suffix","IRPosInFunc":[28],"SrcLoc":"src/sleep.c:94","Type":"ASSIGN$V1$@2$!BITSHR$@2$V1$"},"958":{"EquivalenDuplicateOf":"942","FuncName":"apply_suffix","IRPosInFunc":[28],"SrcLoc":"src/sleep.c:94","Type":"ASSIGN$V1$@2$!GE$V1$@2$"},"959":{"EquivalenDuplicateOf":"942","FuncName":"apply_suffix","IRPosInFunc":[28],"SrcLoc":"src/sleep.c:94","Type":"ASSIGN$V1$@2$!GE$@2$V1$"},"960":{"EquivalenDuplicateOf":"942","FuncName":"apply_suffix","IRPosInFunc":[28],"SrcLoc":"src/sleep.c:94","Type":"ASSIGN$V1$@2$!DIV$V1$@2$"},"961":{"EquivalenDuplicateOf":"942","FuncName":"apply_suffix","IRPosInFunc":[28],"SrcLoc":"src/sleep.c:94","Type":"ASSIGN$V1$@2$!BITSHR$V1$@2$"},"962":{"EquivalenDuplicateOf":"942","FuncName":"apply_suffix","IRPosInFunc":[28],"SrcLoc":"src/sleep.c:94","Type":"ASSIGN$V1$@2$!LT$V1$@2$"},"963":{"EquivalenDuplicateOf":"942","FuncName":"apply_suffix","IRPosInFunc":[28],"SrcLoc":"src/sleep.c:94","Type":"ASSIGN$V1$@2$!LT$@2$V1$"},"964":{"EquivalenDuplicateOf":"942","FuncName":"apply_suffix","IRPosInFunc":[28],"SrcLoc":"src/sleep.c:94","Type":"ASSIGN$V1$@2$!LE$@2$V1$"},"965":{"EquivalenDuplicateOf":"942","FuncName":"apply_suffix","IRPosInFunc":[28],"SrcLoc":"src/sleep.c:94","Type":"ASSIGN$V1$@2$!MOD$@2$V1$"},"966":{"EquivalenDuplicateOf":"942","FuncName":"apply_suffix","IRPosInFunc":[28],"SrcLoc":"src/sleep.c:94","Type":"ASSIGN$V1$@2$!DIV$@2$V1$"},"967":{"EquivalenDuplicateOf":"941","FuncName":"apply_suffix","IRPosInFunc":[28],"SrcLoc":"src/sleep.c:94","Type":"ASSIGN$V1$@2$!BITNOT$@2$"},"968":{"EquivalenDuplicateOf":"942","FuncName":"apply_suffix","IRPosInFunc":[28],"SrcLoc":"src/sleep.c:94","Type":"ASSIGN$V1$@2$!GT$V1$@2$"},"969":{"EquivalenDuplicateOf":"942","FuncName":"apply_suffix","IRPosInFunc":[28],"SrcLoc":"src/sleep.c:94","Type":"ASSIGN$V1$@2$!GT$@2$V1$"},"970":{"EquivalenDuplicateOf":"941","FuncName":"apply_suffix","IRPosInFunc":[28],"SrcLoc":"src/sleep.c:94","Type":"ASSIGN$V1$@2$!OPERAND$@2$"},"971":{"EquivalenDuplicateOf":"942","FuncName":"apply_suffix","IRPosInFunc":[28],"SrcLoc":"src/sleep.c:94","Type":"ASSIGN$V1$@2$!MOD$V1$@2$"},"972":{"EquivalenDuplicateOf":"942","FuncName":"apply_suffix","IRPosInFunc":[28],"SrcLoc":"src/sleep.c:94","Type":"ASSIGN$V1$@2$!LE$V1$@2$"},"973":{"EquivalenDuplicateOf":"942","FuncName":"apply_suffix","IRPosInFunc":[28],"SrcLoc":"src/sleep.c:94","Type":"ASSIGN$V1$@2$!BITSHR$@2$V1$"},"974":{"EquivalenDuplicateOf":"942","FuncName":"apply_suffix","IRPosInFunc":[28],"SrcLoc":"src/sleep.c:94","Type":"ASSIGN$V1$@2$!SUB$V1$@2$"},"975":{"EquivalenDuplicateOf":"942","FuncName":"apply_suffix","IRPosInFunc":[28],"SrcLoc":"src/sleep.c:94","Type":"ASSIGN$V1$@2$!SUB$@2$V1$"},"976":{"EquivalenDuplicateOf":"942","FuncName":"apply_suffix","IRPosInFunc":[28],"SrcLoc":"src/sleep.c:94","Type":"ASSIGN$V1$@2$!GE$V1$@2$"},"977":{"EquivalenDuplicateOf":"941","FuncName":"apply_suffix","IRPosInFunc":[28],"SrcLoc":"src/sleep.c:94","Type":"ASSIGN$V1$@2$!ABS$@2$"},"978":{"EquivalenDuplicateOf":"942","FuncName":"apply_suffix","IRPosInFunc":[28],"SrcLoc":"src/sleep.c:94","Type":"ASSIGN$V1$@2$!GE$@2$V1$"},"979":{"EquivalenDuplicateOf":"942","FuncName":"apply_suffix","IRPosInFunc":[28],"SrcLoc":"src/sleep.c:94","Type":"ASSIGN$V1$@2$!DIV$V1$@2$"},"980":{"EquivalenDuplicateOf":"942","FuncName":"apply_suffix","IRPosInFunc":[28],"SrcLoc":"src/sleep.c:94","Type":"ASSIGN$V1$@2$!MUL$V1$@2$"},"981":{"EquivalenDuplicateOf":"942","FuncName":"apply_suffix","IRPosInFunc":[28],"SrcLoc":"src/sleep.c:94","Type":"ASSIGN$V1$@2$!BITSHR$V1$@2$"},"982":{"EquivalenDuplicateOf":"942","FuncName":"apply_suffix","IRPosInFunc":[28],"SrcLoc":"src/sleep.c:94","Type":"ASSIGN$V1$@2$!EQ$V1$@2$"},"983":{"EquivalenDuplicateOf":"941","FuncName":"apply_suffix","IRPosInFunc":[28],"SrcLoc":"src/sleep.c:94","Type":"ASSIGN$V1$@2$!CONSTVAL$0$"},"984":{"EquivalenDuplicateOf":"942","FuncName":"apply_suffix","IRPosInFunc":[28],"SrcLoc":"src/sleep.c:94","Type":"ASSIGN$V1$@2$!NEG$V1$"},"985":{"EquivalenDuplicateOf":"942","FuncName":"apply_suffix","IRPosInFunc":[28],"SrcLoc":"src/sleep.c:94","Type":"ASSIGN$V1$@2$!BITXOR$V1$@2$"},"986":{"EquivalenDuplicateOf":"941","FuncName":"apply_suffix","IRPosInFunc":[28],"SrcLoc":"src/sleep.c:94","Type":"ASSIGN$V1$@2$!CONSTVAL$1$"},"987":{"EquivalenDuplicateOf":"942","FuncName":"apply_suffix","IRPosInFunc":[28],"SrcLoc":"src/sleep.c:94","Type":"ASSIGN$V1$@2$!LT$V1$@2$"},"988":{"EquivalenDuplicateOf":"942","FuncName":"apply_suffix","IRPosInFunc":[28],"SrcLoc":"src/sleep.c:94","Type":"ASSIGN$V1$@2$!NEQ$V1$@2$"},"989":{"EquivalenDuplicateOf":"942","FuncName":"apply_suffix","IRPosInFunc":[28],"SrcLoc":"src/sleep.c:94","Type":"ASSIGN$V1$@2$!LT$@2$V1$"},"990":{"EquivalenDuplicateOf":"942","FuncName":"apply_suffix","IRPosInFunc":[28],"SrcLoc":"src/sleep.c:94","Type":"ASSIGN$V1$@2$!BITSHL$V1$@2$"},"991":{"EquivalenDuplicateOf":"942","FuncName":"apply_suffix","IRPosInFunc":[28],"SrcLoc":"src/sleep.c:94","Type":"ASSIGN$V1$@2$!BITSHL$@2$V1$"},"992":{"EquivalenDuplicateOf":"941","FuncName":"apply_suffix","IRPosInFunc":[28],"SrcLoc":"src/sleep.c:94","Type":"ASSIGN$V1$@2$!BITAND$V1$@2$"},"993":{"EquivalenDuplicateOf":"942","FuncName":"apply_suffix","IRPosInFunc":[28],"SrcLoc":"src/sleep.c:94","Type":"ASSIGN$V1$@2$!LE$@2$V1$"},"994":{"EquivalenDuplicateOf":"941","FuncName":"apply_suffix","IRPosInFunc":[28],"SrcLoc":"src/sleep.c:94","Type":"ASSIGN$V1$@2$!NEG$@2$"},"995":{"EquivalenDuplicateOf":"942","FuncName":"apply_suffix","IRPosInFunc":[28],"SrcLoc":"src/sleep.c:94","Type":"ASSIGN$V1$@2$!BITNOT$V1$"},"996":{"EquivalenDuplicateOf":"942","FuncName":"apply_suffix","IRPosInFunc":[28],"SrcLoc":"src/sleep.c:94","Type":"ASSIGN$V1$@2$!ADD$V1$@2$"},"997":{"EquivalenDuplicateOf":"941","FuncName":"apply_suffix","IRPosInFunc":[28],"SrcLoc":"src/sleep.c:94","Type":"ASSIGN$V1$@2$!OPERAND$V1$"},"998":{"EquivalenDuplicateOf":"942","FuncName":"apply_suffix","IRPosInFunc":[28],"SrcLoc":"src/sleep.c:94","Type":"ASSIGN$V1$@2$!MOD$@2$V1$"},"999":{"EquivalenDuplicateOf":"912","FuncName":"apply_suffix","IRPosInFunc":[27],"SrcLoc":"src/sleep.c:92","Type":"ASSIGN$V1$@2$!DIV$@2$V1$"}}