{"1000":{"EquivalenDuplicateOf":"773","FuncName":"logical_getcwd","IRPosInFunc":[66],"SrcLoc":"src/pwd.c:317","Type":"EQ$@1$@2$!SUB$@1$@2$"},"1001":{"EquivalenDuplicateOf":"773","FuncName":"logical_getcwd","IRPosInFunc":[66],"SrcLoc":"src/pwd.c:317","Type":"EQ$@1$@2$!ADD$@1$@2$"},"1002":{"EquivalenDuplicateOf":"775","FuncName":"logical_getcwd","IRPosInFunc":[66],"SrcLoc":"src/pwd.c:317","Type":"EQ$@1$@2$!DIV$@2$@1$"},"1003":{"EquivalenDuplicateOf":"773","FuncName":"logical_getcwd","IRPosInFunc":[66],"SrcLoc":"src/pwd.c:317","Type":"EQ$@1$@2$!NEQ$@1$@2$"},"1004":{"EquivalenDuplicateOf":"775","FuncName":"logical_getcwd","IRPosInFunc":[66],"SrcLoc":"src/pwd.c:317","Type":"EQ$@1$@2$!BITSHR$@2$@1$"},"1005":{"EquivalenDuplicateOf":"773","FuncName":"logical_getcwd","IRPosInFunc":[66],"SrcLoc":"src/pwd.c:317","Type":"EQ$@1$@2$!BITSHL$@1$@2$"},"1006":{"EquivalenDuplicateOf":"775","FuncName":"logical_getcwd","IRPosInFunc":[66],"SrcLoc":"src/pwd.c:317","Type":"EQ$@1$@2$!MOD$@2$@1$"},"1007":{"EquivalenDuplicateOf":"775","FuncName":"logical_getcwd","IRPosInFunc":[66],"SrcLoc":"src/pwd.c:317","Type":"EQ$@1$@2$!BITAND$@1$@2$"},"1008":{"EquivalenDuplicateOf":"767","FuncName":"logical_getcwd","IRPosInFunc":[63],"SrcLoc":"src/pwd.c:314","Type":"RETURN_BREAK_CONTINUE!DELSTMT"},"1009":{"EquivalenDuplicateOf":"757","FuncName":"logical_getcwd","IRPosInFunc":[61,62],"SrcLoc":"src/pwd.c:313","Type":"PRIGHTINC$P1$!PRIGHTDEC$P1$"},"1010":{"EquivalenDuplicateOf":"759","FuncName":"logical_getcwd","IRPosInFunc":[61,62],"SrcLoc":"src/pwd.c:313","Type":"PRIGHTINC$P1$!OPERAND$P1$"},"1011":{"EquivalenDuplicateOf":"757","FuncName":"logical_getcwd","IRPosInFunc":[61,62],"SrcLoc":"src/pwd.c:313","Type":"PRIGHTINC$P1$!PLEFTDEC$P1$"},"1012":{"EquivalenDuplicateOf":"758","FuncName":"logical_getcwd","IRPosInFunc":[61,62],"SrcLoc":"src/pwd.c:313","Type":"PRIGHTINC$P1$!PLEFTINC$P1$"},"1013":{"EquivalenDuplicateOf":"757","FuncName":"logical_getcwd","IRPosInFunc":[61],"SrcLoc":"src/pwd.c:313","Type":"PADD$P1$@2$!PLEFTDEC$P1$"},"1014":{"EquivalenDuplicateOf":"758","FuncName":"logical_getcwd","IRPosInFunc":[61],"SrcLoc":"src/pwd.c:313","Type":"PADD$P1$@2$!PLEFTINC$P1$"},"1015":{"EquivalenDuplicateOf":"760","FuncName":"logical_getcwd","IRPosInFunc":[61],"SrcLoc":"src/pwd.c:313","Type":"PADD$A1$@2$!OPERAND$A1$"},"1016":{"EquivalenDuplicateOf":"760","FuncName":"logical_getcwd","IRPosInFunc":[61],"SrcLoc":"src/pwd.c:313","Type":"C!ADD$C$-1$"},"1017":{"EquivalenDuplicateOf":"757","FuncName":"logical_getcwd","IRPosInFunc":[61,62],"SrcLoc":"src/pwd.c:313","Type":"PLEFTINC$P1$!PRIGHTDEC$P1$"},"1018":{"EquivalenDuplicateOf":"754","FuncName":"logical_getcwd","IRPosInFunc":[59],"SrcLoc":"src/pwd.c:312","Type":"RETURN_BREAK_CONTINUE!DELSTMT"},"1019":{"EquivalenDuplicateOf":"714","FuncName":"logical_getcwd","IRPosInFunc":[56],"SrcLoc":"src/pwd.c:310","Type":"EQ$@1$@2$!BITSHR$@1$@2$"},"1020":{"EquivalenDuplicateOf":"714","FuncName":"logical_getcwd","IRPosInFunc":[56],"SrcLoc":"src/pwd.c:310","Type":"EQ$@1$@2$!BITSHR$@1$@2$"},"1021":{"EquivalenDuplicateOf":"712","FuncName":"logical_getcwd","IRPosInFunc":[56],"SrcLoc":"src/pwd.c:310","Type":"EQ$@1$@2$!BITNOT$@2$"},"1022":{"EquivalenDuplicateOf":"712","FuncName":"logical_getcwd","IRPosInFunc":[56],"SrcLoc":"src/pwd.c:310","Type":"EQ$@1$@2$!OPERAND$@2$"},"1023":{"EquivalenDuplicateOf":"712","FuncName":"logical_getcwd","IRPosInFunc":[56],"SrcLoc":"src/pwd.c:310","Type":"EQ$@1$@2$!NEG$@2$"},"1024":{"EquivalenDuplicateOf":"712","FuncName":"logical_getcwd","IRPosInFunc":[56],"SrcLoc":"src/pwd.c:310","Type":"EQ$@1$@2$!ABS$@2$"},"1025":{"EquivalenDuplicateOf":"696","FuncName":"logical_getcwd","IRPosInFunc":[53],"SrcLoc":"src/pwd.c:310","Type":"PADD$A1$@2$!OPERAND$A1$"},"1026":{"EquivalenDuplicateOf":"675","FuncName":"logical_getcwd","IRPosInFunc":[48],"SrcLoc":"src/pwd.c:310","Type":"PADD$A1$@2$!OPERAND$A1$"},"1027":{"EquivalenDuplicateOf":"645","FuncName":"logical_getcwd","IRPosInFunc":[49],"SrcLoc":"src/pwd.c:310","Type":"@!ABS$@$"},"1028":{"EquivalenDuplicateOf":"649","FuncName":"logical_getcwd","IRPosInFunc":[50],"SrcLoc":"src/pwd.c:310","Type":"NEQ$@1$@2$!BITSHR$@2$@1$"},"1029":{"EquivalenDuplicateOf":"649","FuncName":"logical_getcwd","IRPosInFunc":[50],"SrcLoc":"src/pwd.c:310","Type":"NEQ$@1$@2$!LT$@1$@2$"},"1030":{"EquivalenDuplicateOf":"0","FuncName":"logical_getcwd","IRPosInFunc":[50],"SrcLoc":"src/pwd.c:310","Type":"NEQ$@1$@2$!BITSHR$@1$@2$"},"1031":{"EquivalenDuplicateOf":"662","FuncName":"logical_getcwd","IRPosInFunc":[50],"SrcLoc":"src/pwd.c:310","Type":"NEQ$@1$@2$!GE$@1$@2$"},"1032":{"EquivalenDuplicateOf":"649","FuncName":"logical_getcwd","IRPosInFunc":[50],"SrcLoc":"src/pwd.c:310","Type":"NEQ$@1$@2$!GT$@2$@1$"},"1033":{"EquivalenDuplicateOf":"654","FuncName":"logical_getcwd","IRPosInFunc":[50],"SrcLoc":"src/pwd.c:310","Type":"NEQ$@1$@2$!MOD$@1$@2$"},"1034":{"EquivalenDuplicateOf":"649","FuncName":"logical_getcwd","IRPosInFunc":[50],"SrcLoc":"src/pwd.c:310","Type":"NEQ$@1$@2$!MOD$@2$@1$"},"1035":{"EquivalenDuplicateOf":"649","FuncName":"logical_getcwd","IRPosInFunc":[50],"SrcLoc":"src/pwd.c:310","Type":"NEQ$@1$@2$!DIV$@2$@1$"},"1036":{"EquivalenDuplicateOf":"649","FuncName":"logical_getcwd","IRPosInFunc":[50],"SrcLoc":"src/pwd.c:310","Type":"NEQ$@1$@2$!BITSHR$@2$@1$"},"1037":{"EquivalenDuplicateOf":"647","FuncName":"logical_getcwd","IRPosInFunc":[50],"SrcLoc":"src/pwd.c:310","Type":"NEQ$@1$@2$!NEG$@2$"},"1038":{"EquivalenDuplicateOf":"649","FuncName":"logical_getcwd","IRPosInFunc":[50],"SrcLoc":"src/pwd.c:310","Type":"NEQ$@1$@2$!MUL$@1$@2$"},"1039":{"EquivalenDuplicateOf":"0","FuncName":"logical_getcwd","IRPosInFunc":[50],"SrcLoc":"src/pwd.c:310","Type":"NEQ$@1$@2$!SUB$@1$@2$"},"1040":{"EquivalenDuplicateOf":"0","FuncName":"logical_getcwd","IRPosInFunc":[50],"SrcLoc":"src/pwd.c:310","Type":"NEQ$@1$@2$!BITSHR$@1$@2$"},"1041":{"EquivalenDuplicateOf":"649","FuncName":"logical_getcwd","IRPosInFunc":[50],"SrcLoc":"src/pwd.c:310","Type":"NEQ$@1$@2$!BITSHL$@2$@1$"},"1042":{"EquivalenDuplicateOf":"0","FuncName":"logical_getcwd","IRPosInFunc":[50],"SrcLoc":"src/pwd.c:310","Type":"NEQ$@1$@2$!BITOR$@1$@2$"},"1043":{"EquivalenDuplicateOf":"646","FuncName":"logical_getcwd","IRPosInFunc":[50],"SrcLoc":"src/pwd.c:310","Type":"NEQ$@1$@2$!CONSTVAL$1$"},"1044":{"EquivalenDuplicateOf":"647","FuncName":"logical_getcwd","IRPosInFunc":[50],"SrcLoc":"src/pwd.c:310","Type":"NEQ$@1$@2$!ABS$@2$"},"1045":{"EquivalenDuplicateOf":"0","FuncName":"logical_getcwd","IRPosInFunc":[50],"SrcLoc":"src/pwd.c:310","Type":"NEQ$@1$@2$!OPERAND$@1$"},"1046":{"EquivalenDuplicateOf":"652","FuncName":"logical_getcwd","IRPosInFunc":[50],"SrcLoc":"src/pwd.c:310","Type":"NEQ$@1$@2$!NEG$@1$"},"1047":{"EquivalenDuplicateOf":"649","FuncName":"logical_getcwd","IRPosInFunc":[50],"SrcLoc":"src/pwd.c:310","Type":"NEQ$@1$@2$!MOD$@2$@1$"},"1048":{"EquivalenDuplicateOf":"647","FuncName":"logical_getcwd","IRPosInFunc":[50],"SrcLoc":"src/pwd.c:310","Type":"NEQ$@1$@2$!OPERAND$@2$"},"1049":{"EquivalenDuplicateOf":"0","FuncName":"logical_getcwd","IRPosInFunc":[50],"SrcLoc":"src/pwd.c:310","Type":"NEQ$@1$@2$!BITSHL$@1$@2$"},"1050":{"EquivalenDuplicateOf":"649","FuncName":"logical_getcwd","IRPosInFunc":[50],"SrcLoc":"src/pwd.c:310","Type":"NEQ$@1$@2$!DIV$@2$@1$"},"1051":{"EquivalenDuplicateOf":"0","FuncName":"logical_getcwd","IRPosInFunc":[50],"SrcLoc":"src/pwd.c:310","Type":"NEQ$@1$@2$!ADD$@1$@2$"},"1052":{"EquivalenDuplicateOf":"0","FuncName":"logical_getcwd","IRPosInFunc":[50],"SrcLoc":"src/pwd.c:310","Type":"NEQ$@1$@2$!BITXOR$@1$@2$"},"1053":{"EquivalenDuplicateOf":"606","FuncName":"logical_getcwd","IRPosInFunc":[45],"SrcLoc":"src/pwd.c:310","Type":"EQ$@1$@2$!BITSHR$@1$@2$"},"1054":{"EquivalenDuplicateOf":"606","FuncName":"logical_getcwd","IRPosInFunc":[45],"SrcLoc":"src/pwd.c:310","Type":"EQ$@1$@2$!BITSHR$@1$@2$"},"1055":{"EquivalenDuplicateOf":"604","FuncName":"logical_getcwd","IRPosInFunc":[45],"SrcLoc":"src/pwd.c:310","Type":"EQ$@1$@2$!BITNOT$@2$"},"1056":{"EquivalenDuplicateOf":"604","FuncName":"logical_getcwd","IRPosInFunc":[45],"SrcLoc":"src/pwd.c:310","Type":"EQ$@1$@2$!OPERAND$@2$"},"1057":{"EquivalenDuplicateOf":"604","FuncName":"logical_getcwd","IRPosInFunc":[45],"SrcLoc":"src/pwd.c:310","Type":"EQ$@1$@2$!NEG$@2$"},"1058":{"EquivalenDuplicateOf":"604","FuncName":"logical_getcwd","IRPosInFunc":[45],"SrcLoc":"src/pwd.c:310","Type":"EQ$@1$@2$!ABS$@2$"},"1059":{"EquivalenDuplicateOf":"588","FuncName":"logical_getcwd","IRPosInFunc":[42],"SrcLoc":"src/pwd.c:310","Type":"PADD$A1$@2$!OPERAND$A1$"},"1060":{"EquivalenDuplicateOf":"541","FuncName":"logical_getcwd","IRPosInFunc":[39],"SrcLoc":"src/pwd.c:310","Type":"EQ$@1$@2$!BITSHR$@1$@2$"},"1061":{"EquivalenDuplicateOf":"541","FuncName":"logical_getcwd","IRPosInFunc":[39],"SrcLoc":"src/pwd.c:310","Type":"EQ$@1$@2$!BITSHR$@1$@2$"},"1062":{"EquivalenDuplicateOf":"539","FuncName":"logical_getcwd","IRPosInFunc":[39],"SrcLoc":"src/pwd.c:310","Type":"EQ$@1$@2$!BITNOT$@2$"},"1063":{"EquivalenDuplicateOf":"539","FuncName":"logical_getcwd","IRPosInFunc":[39],"SrcLoc":"src/pwd.c:310","Type":"EQ$@1$@2$!OPERAND$@2$"},"1064":{"EquivalenDuplicateOf":"539","FuncName":"logical_getcwd","IRPosInFunc":[39],"SrcLoc":"src/pwd.c:310","Type":"EQ$@1$@2$!NEG$@2$"},"1065":{"EquivalenDuplicateOf":"539","FuncName":"logical_getcwd","IRPosInFunc":[39],"SrcLoc":"src/pwd.c:310","Type":"EQ$@1$@2$!ABS$@2$"},"1066":{"EquivalenDuplicateOf":"523","FuncName":"logical_getcwd","IRPosInFunc":[36],"SrcLoc":"src/pwd.c:310","Type":"PADD$A1$@2$!OPERAND$A1$"},"1067":{"EquivalenDuplicateOf":"502","FuncName":"logical_getcwd","IRPosInFunc":[31],"SrcLoc":"src/pwd.c:310","Type":"PADD$A1$@2$!OPERAND$A1$"},"1068":{"EquivalenDuplicateOf":"472","FuncName":"logical_getcwd","IRPosInFunc":[32],"SrcLoc":"src/pwd.c:310","Type":"@!ABS$@$"},"1069":{"EquivalenDuplicateOf":"476","FuncName":"logical_getcwd","IRPosInFunc":[33],"SrcLoc":"src/pwd.c:310","Type":"NEQ$@1$@2$!BITSHR$@2$@1$"},"1070":{"EquivalenDuplicateOf":"476","FuncName":"logical_getcwd","IRPosInFunc":[33],"SrcLoc":"src/pwd.c:310","Type":"NEQ$@1$@2$!LT$@1$@2$"},"1071":{"EquivalenDuplicateOf":"0","FuncName":"logical_getcwd","IRPosInFunc":[33],"SrcLoc":"src/pwd.c:310","Type":"NEQ$@1$@2$!BITSHR$@1$@2$"},"1072":{"EquivalenDuplicateOf":"489","FuncName":"logical_getcwd","IRPosInFunc":[33],"SrcLoc":"src/pwd.c:310","Type":"NEQ$@1$@2$!GE$@1$@2$"},"1073":{"EquivalenDuplicateOf":"476","FuncName":"logical_getcwd","IRPosInFunc":[33],"SrcLoc":"src/pwd.c:310","Type":"NEQ$@1$@2$!GT$@2$@1$"},"1074":{"EquivalenDuplicateOf":"481","FuncName":"logical_getcwd","IRPosInFunc":[33],"SrcLoc":"src/pwd.c:310","Type":"NEQ$@1$@2$!MOD$@1$@2$"},"1075":{"EquivalenDuplicateOf":"476","FuncName":"logical_getcwd","IRPosInFunc":[33],"SrcLoc":"src/pwd.c:310","Type":"NEQ$@1$@2$!MOD$@2$@1$"},"1076":{"EquivalenDuplicateOf":"476","FuncName":"logical_getcwd","IRPosInFunc":[33],"SrcLoc":"src/pwd.c:310","Type":"NEQ$@1$@2$!DIV$@2$@1$"},"1077":{"EquivalenDuplicateOf":"476","FuncName":"logical_getcwd","IRPosInFunc":[33],"SrcLoc":"src/pwd.c:310","Type":"NEQ$@1$@2$!BITSHR$@2$@1$"},"1078":{"EquivalenDuplicateOf":"474","FuncName":"logical_getcwd","IRPosInFunc":[33],"SrcLoc":"src/pwd.c:310","Type":"NEQ$@1$@2$!NEG$@2$"},"1079":{"EquivalenDuplicateOf":"476","FuncName":"logical_getcwd","IRPosInFunc":[33],"SrcLoc":"src/pwd.c:310","Type":"NEQ$@1$@2$!MUL$@1$@2$"},"1080":{"EquivalenDuplicateOf":"0","FuncName":"logical_getcwd","IRPosInFunc":[33],"SrcLoc":"src/pwd.c:310","Type":"NEQ$@1$@2$!SUB$@1$@2$"},"1081":{"EquivalenDuplicateOf":"0","FuncName":"logical_getcwd","IRPosInFunc":[33],"SrcLoc":"src/pwd.c:310","Type":"NEQ$@1$@2$!BITSHR$@1$@2$"},"1082":{"EquivalenDuplicateOf":"476","FuncName":"logical_getcwd","IRPosInFunc":[33],"SrcLoc":"src/pwd.c:310","Type":"NEQ$@1$@2$!BITSHL$@2$@1$"},"1083":{"EquivalenDuplicateOf":"0","FuncName":"logical_getcwd","IRPosInFunc":[33],"SrcLoc":"src/pwd.c:310","Type":"NEQ$@1$@2$!BITOR$@1$@2$"},"1084":{"EquivalenDuplicateOf":"473","FuncName":"logical_getcwd","IRPosInFunc":[33],"SrcLoc":"src/pwd.c:310","Type":"NEQ$@1$@2$!CONSTVAL$1$"},"1085":{"EquivalenDuplicateOf":"474","FuncName":"logical_getcwd","IRPosInFunc":[33],"SrcLoc":"src/pwd.c:310","Type":"NEQ$@1$@2$!ABS$@2$"},"1086":{"EquivalenDuplicateOf":"0","FuncName":"logical_getcwd","IRPosInFunc":[33],"SrcLoc":"src/pwd.c:310","Type":"NEQ$@1$@2$!OPERAND$@1$"},"1087":{"EquivalenDuplicateOf":"479","FuncName":"logical_getcwd","IRPosInFunc":[33],"SrcLoc":"src/pwd.c:310","Type":"NEQ$@1$@2$!NEG$@1$"},"1088":{"EquivalenDuplicateOf":"476","FuncName":"logical_getcwd","IRPosInFunc":[33],"SrcLoc":"src/pwd.c:310","Type":"NEQ$@1$@2$!MOD$@2$@1$"},"1089":{"EquivalenDuplicateOf":"474","FuncName":"logical_getcwd","IRPosInFunc":[33],"SrcLoc":"src/pwd.c:310","Type":"NEQ$@1$@2$!OPERAND$@2$"},"1090":{"EquivalenDuplicateOf":"0","FuncName":"logical_getcwd","IRPosInFunc":[33],"SrcLoc":"src/pwd.c:310","Type":"NEQ$@1$@2$!BITSHL$@1$@2$"},"1091":{"EquivalenDuplicateOf":"476","FuncName":"logical_getcwd","IRPosInFunc":[33],"SrcLoc":"src/pwd.c:310","Type":"NEQ$@1$@2$!DIV$@2$@1$"},"1092":{"EquivalenDuplicateOf":"0","FuncName":"logical_getcwd","IRPosInFunc":[33],"SrcLoc":"src/pwd.c:310","Type":"NEQ$@1$@2$!ADD$@1$@2$"},"1093":{"EquivalenDuplicateOf":"0","FuncName":"logical_getcwd","IRPosInFunc":[33],"SrcLoc":"src/pwd.c:310","Type":"NEQ$@1$@2$!BITXOR$@1$@2$"},"1094":{"EquivalenDuplicateOf":"467","FuncName":"logical_getcwd","IRPosInFunc":[25,26,27,28,29],"SrcLoc":"src/pwd.c:308","Type":"STMT!TRAPSTMT"},"1095":{"EquivalenDuplicateOf":"464","FuncName":"logical_getcwd","IRPosInFunc":[21],"SrcLoc":"src/pwd.c:306","Type":"RETURN_BREAK_CONTINUE!DELSTMT"},"1096":{"EquivalenDuplicateOf":"426","FuncName":"logical_getcwd","IRPosInFunc":[18],"SrcLoc":"src/pwd.c:305","Type":"C!CONSTVAL$0$"},"1097":{"EquivalenDuplicateOf":"421","FuncName":"logical_getcwd","IRPosInFunc":[18],"SrcLoc":"src/pwd.c:305","Type":"NEQ$@1$@2$!BITSHR$@1$@2$"},"1098":{"EquivalenDuplicateOf":"413","FuncName":"logical_getcwd","IRPosInFunc":[18],"SrcLoc":"src/pwd.c:305","Type":"NEQ$@1$@2$!NEG$@2$"},"1099":{"EquivalenDuplicateOf":"421","FuncName":"logical_getcwd","IRPosInFunc":[18],"SrcLoc":"src/pwd.c:305","Type":"NEQ$@1$@2$!BITSHR$@1$@2$"},"1100":{"EquivalenDuplicateOf":"413","FuncName":"logical_getcwd","IRPosInFunc":[18],"SrcLoc":"src/pwd.c:305","Type":"NEQ$@1$@2$!CONSTVAL$1$"},"1101":{"EquivalenDuplicateOf":"413","FuncName":"logical_getcwd","IRPosInFunc":[18],"SrcLoc":"src/pwd.c:305","Type":"NEQ$@1$@2$!ABS$@2$"},"1102":{"EquivalenDuplicateOf":"413","FuncName":"logical_getcwd","IRPosInFunc":[18],"SrcLoc":"src/pwd.c:305","Type":"NEQ$@1$@2$!OPERAND$@2$"},"1103":{"EquivalenDuplicateOf":"0","FuncName":"main","IRPosInFunc":[93],"SrcLoc":"src/pwd.c:389","Type":"@!ABS$@$"},"1104":{"EquivalenDuplicateOf":"0","FuncName":"main","IRPosInFunc":[94],"SrcLoc":"src/pwd.c:389","Type":"RETURN_BREAK_CONTINUE!DELSTMT"},"1105":{"EquivalenDuplicateOf":"0","FuncName":"main","IRPosInFunc":[94],"SrcLoc":"src/pwd.c:389","Type":"STMT!DELSTMT"},"1106":{"EquivalenDuplicateOf":"0","FuncName":"main","IRPosInFunc":[93,94],"SrcLoc":"src/pwd.c:389","Type":"STMT!TRAPSTMT"},"1107":{"EquivalenDuplicateOf":"0","FuncName":"main","IRPosInFunc":[92],"SrcLoc":"src/pwd.c:388","Type":"STMT!TRAPSTMT"},"1108":{"EquivalenDuplicateOf":"390","FuncName":"main","IRPosInFunc":[78],"SrcLoc":"src/pwd.c:379","Type":"RETURN_BREAK_CONTINUE!DELSTMT"},"1109":{"EquivalenDuplicateOf":"0","FuncName":"main","IRPosInFunc":[67],"SrcLoc":"src/pwd.c:370","Type":"STMT!TRAPSTMT"},"1110":{"EquivalenDuplicateOf":"0","FuncName":"main","IRPosInFunc":[54],"SrcLoc":"src/pwd.c:362","Type":"CALL!SHUFFLEARGS$2$"},"1111":{"EquivalenDuplicateOf":"239","FuncName":"main","IRPosInFunc":[50,51,52,53],"SrcLoc":"src/pwd.c:361","Type":"STMT!TRAPSTMT"},"1112":{"EquivalenDuplicateOf":"325","FuncName":"main","IRPosInFunc":[49],"SrcLoc":"src/pwd.c:359","Type":"RETURN_BREAK_CONTINUE!DELSTMT"},"1113":{"EquivalenDuplicateOf":"0","FuncName":"main","IRPosInFunc":[48],"SrcLoc":"src/pwd.c:357","Type":"STMT!TRAPSTMT"},"1114":{"EquivalenDuplicateOf":"0","FuncName":"main","IRPosInFunc":[46],"SrcLoc":"src/pwd.c:354","Type":"STMT!TRAPSTMT"},"1115":{"EquivalenDuplicateOf":"310","FuncName":"main","IRPosInFunc":[44],"SrcLoc":"src/pwd.c:354","Type":"CALL!SHUFFLEARGS$2$"},"1116":{"EquivalenDuplicateOf":"311","FuncName":"main","IRPosInFunc":[44],"SrcLoc":"src/pwd.c:354","Type":"CALL!SHUFFLEARGS$2$"},"1117":{"EquivalenDuplicateOf":"312","FuncName":"main","IRPosInFunc":[44],"SrcLoc":"src/pwd.c:354","Type":"CALL!SHUFFLEARGS$2$"},"1118":{"EquivalenDuplicateOf":"311","FuncName":"main","IRPosInFunc":[44],"SrcLoc":"src/pwd.c:354","Type":"CALL!SHUFFLEARGS$2$"},"1119":{"EquivalenDuplicateOf":"313","FuncName":"main","IRPosInFunc":[44],"SrcLoc":"src/pwd.c:354","Type":"CALL!SHUFFLEARGS$2$"},"1120":{"EquivalenDuplicateOf":"314","FuncName":"main","IRPosInFunc":[44],"SrcLoc":"src/pwd.c:354","Type":"CALL!SHUFFLEARGS$2$"},"1121":{"EquivalenDuplicateOf":"315","FuncName":"main","IRPosInFunc":[44],"SrcLoc":"src/pwd.c:354","Type":"CALL!SHUFFLEARGS$2$"},"1122":{"EquivalenDuplicateOf":"313","FuncName":"main","IRPosInFunc":[44],"SrcLoc":"src/pwd.c:354","Type":"CALL!SHUFFLEARGS$2$"},"1123":{"EquivalenDuplicateOf":"314","FuncName":"main","IRPosInFunc":[44],"SrcLoc":"src/pwd.c:354","Type":"CALL!SHUFFLEARGS$2$"},"1124":{"EquivalenDuplicateOf":"313","FuncName":"main","IRPosInFunc":[44],"SrcLoc":"src/pwd.c:354","Type":"CALL!SHUFFLEARGS$2$"},"1125":{"EquivalenDuplicateOf":"316","FuncName":"main","IRPosInFunc":[44],"SrcLoc":"src/pwd.c:354","Type":"CALL!SHUFFLEARGS$2$"},"1126":{"EquivalenDuplicateOf":"317","FuncName":"main","IRPosInFunc":[44],"SrcLoc":"src/pwd.c:354","Type":"CALL!SHUFFLEARGS$2$"},"1127":{"EquivalenDuplicateOf":"318","FuncName":"main","IRPosInFunc":[44],"SrcLoc":"src/pwd.c:354","Type":"CALL!SHUFFLEARGS$2$"},"1128":{"EquivalenDuplicateOf":"316","FuncName":"main","IRPosInFunc":[44],"SrcLoc":"src/pwd.c:354","Type":"CALL!SHUFFLEARGS$2$"},"1129":{"EquivalenDuplicateOf":"317","FuncName":"main","IRPosInFunc":[44],"SrcLoc":"src/pwd.c:354","Type":"CALL!SHUFFLEARGS$2$"},"1130":{"EquivalenDuplicateOf":"316","FuncName":"main","IRPosInFunc":[44],"SrcLoc":"src/pwd.c:354","Type":"CALL!SHUFFLEARGS$2$"},"1131":{"EquivalenDuplicateOf":"310","FuncName":"main","IRPosInFunc":[44],"SrcLoc":"src/pwd.c:354","Type":"CALL!SHUFFLEARGS$2$"},"1132":{"EquivalenDuplicateOf":"311","FuncName":"main","IRPosInFunc":[44],"SrcLoc":"src/pwd.c:354","Type":"CALL!SHUFFLEARGS$2$"},"1133":{"EquivalenDuplicateOf":"312","FuncName":"main","IRPosInFunc":[44],"SrcLoc":"src/pwd.c:354","Type":"CALL!SHUFFLEARGS$2$"},"1134":{"EquivalenDuplicateOf":"311","FuncName":"main","IRPosInFunc":[44],"SrcLoc":"src/pwd.c:354","Type":"CALL!SHUFFLEARGS$2$"},"1135":{"EquivalenDuplicateOf":"313","FuncName":"main","IRPosInFunc":[44],"SrcLoc":"src/pwd.c:354","Type":"CALL!SHUFFLEARGS$2$"},"1136":{"EquivalenDuplicateOf":"314","FuncName":"main","IRPosInFunc":[44],"SrcLoc":"src/pwd.c:354","Type":"CALL!SHUFFLEARGS$2$"},"1137":{"EquivalenDuplicateOf":"313","FuncName":"main","IRPosInFunc":[44],"SrcLoc":"src/pwd.c:354","Type":"CALL!SHUFFLEARGS$2$"},"1138":{"EquivalenDuplicateOf":"310","FuncName":"main","IRPosInFunc":[44],"SrcLoc":"src/pwd.c:354","Type":"CALL!SHUFFLEARGS$2$"},"1139":{"EquivalenDuplicateOf":"311","FuncName":"main","IRPosInFunc":[44],"SrcLoc":"src/pwd.c:354","Type":"CALL!SHUFFLEARGS$2$"},"1140":{"EquivalenDuplicateOf":"0","FuncName":"main","IRPosInFunc":[41],"SrcLoc":"src/pwd.c:352","Type":"STMT!TRAPSTMT"},"1141":{"EquivalenDuplicateOf":"254","FuncName":"main","IRPosInFunc":[40],"SrcLoc":"src/pwd.c:352","Type":"STMT!DELSTMT"},"1142":{"EquivalenDuplicateOf":"306","FuncName":"main","IRPosInFunc":[39],"SrcLoc":"src/pwd.c:350","Type":"RETURN_BREAK_CONTINUE!DELSTMT"},"1143":{"EquivalenDuplicateOf":"287","FuncName":"main","IRPosInFunc":[38],"SrcLoc":"src/pwd.c:349","Type":"ASSIGN$V1$@2$!DIV$@2$V1$"},"1144":{"EquivalenDuplicateOf":"287","FuncName":"main","IRPosInFunc":[38],"SrcLoc":"src/pwd.c:349","Type":"ASSIGN$V1$@2$!GT$@2$V1$"},"1145":{"EquivalenDuplicateOf":"287","FuncName":"main","IRPosInFunc":[38],"SrcLoc":"src/pwd.c:349","Type":"ASSIGN$V1$@2$!MOD$V1$@2$"},"1146":{"EquivalenDuplicateOf":"287","FuncName":"main","IRPosInFunc":[38],"SrcLoc":"src/pwd.c:349","Type":"ASSIGN$V1$@2$!BITSHR$@2$V1$"},"1147":{"EquivalenDuplicateOf":"287","FuncName":"main","IRPosInFunc":[38],"SrcLoc":"src/pwd.c:349","Type":"ASSIGN$V1$@2$!GE$V1$@2$"},"1148":{"EquivalenDuplicateOf":"287","FuncName":"main","IRPosInFunc":[38],"SrcLoc":"src/pwd.c:349","Type":"ASSIGN$V1$@2$!DIV$V1$@2$"},"1149":{"EquivalenDuplicateOf":"287","FuncName":"main","IRPosInFunc":[38],"SrcLoc":"src/pwd.c:349","Type":"ASSIGN$V1$@2$!BITSHR$V1$@2$"},"1150":{"EquivalenDuplicateOf":"287","FuncName":"main","IRPosInFunc":[38],"SrcLoc":"src/pwd.c:349","Type":"ASSIGN$V1$@2$!LT$V1$@2$"},"1151":{"EquivalenDuplicateOf":"287","FuncName":"main","IRPosInFunc":[38],"SrcLoc":"src/pwd.c:349","Type":"ASSIGN$V1$@2$!LE$@2$V1$"},"1152":{"EquivalenDuplicateOf":"287","FuncName":"main","IRPosInFunc":[38],"SrcLoc":"src/pwd.c:349","Type":"ASSIGN$V1$@2$!MOD$@2$V1$"},"1153":{"EquivalenDuplicateOf":"287","FuncName":"main","IRPosInFunc":[38],"SrcLoc":"src/pwd.c:349","Type":"ASSIGN$V1$@2$!DIV$@2$V1$"},"1154":{"EquivalenDuplicateOf":"285","FuncName":"main","IRPosInFunc":[38],"SrcLoc":"src/pwd.c:349","Type":"ASSIGN$V1$@2$!BITNOT$@2$"},"1155":{"EquivalenDuplicateOf":"285","FuncName":"main","IRPosInFunc":[38],"SrcLoc":"src/pwd.c:349","Type":"ASSIGN$V1$@2$!OPERAND$@2$"},"1156":{"EquivalenDuplicateOf":"287","FuncName":"main","IRPosInFunc":[38],"SrcLoc":"src/pwd.c:349","Type":"ASSIGN$V1$@2$!MOD$V1$@2$"},"1157":{"EquivalenDuplicateOf":"287","FuncName":"main","IRPosInFunc":[38],"SrcLoc":"src/pwd.c:349","Type":"ASSIGN$V1$@2$!BITSHR$@2$V1$"},"1158":{"EquivalenDuplicateOf":"287","FuncName":"main","IRPosInFunc":[38],"SrcLoc":"src/pwd.c:349","Type":"ASSIGN$V1$@2$!SUB$V1$@2$"},"1159":{"EquivalenDuplicateOf":"287","FuncName":"main","IRPosInFunc":[38],"SrcLoc":"src/pwd.c:349","Type":"ASSIGN$V1$@2$!SUB$@2$V1$"},"1160":{"EquivalenDuplicateOf":"285","FuncName":"main","IRPosInFunc":[38],"SrcLoc":"src/pwd.c:349","Type":"ASSIGN$V1$@2$!ABS$@2$"},"1161":{"EquivalenDuplicateOf":"287","FuncName":"main","IRPosInFunc":[38],"SrcLoc":"src/pwd.c:349","Type":"ASSIGN$V1$@2$!DIV$V1$@2$"},"1162":{"EquivalenDuplicateOf":"287","FuncName":"main","IRPosInFunc":[38],"SrcLoc":"src/pwd.c:349","Type":"ASSIGN$V1$@2$!MUL$V1$@2$"},"1163":{"EquivalenDuplicateOf":"287","FuncName":"main","IRPosInFunc":[38],"SrcLoc":"src/pwd.c:349","Type":"ASSIGN$V1$@2$!BITSHR$V1$@2$"},"1164":{"EquivalenDuplicateOf":"285","FuncName":"main","IRPosInFunc":[38],"SrcLoc":"src/pwd.c:349","Type":"ASSIGN$V1$@2$!CONSTVAL$0$"},"1165":{"EquivalenDuplicateOf":"287","FuncName":"main","IRPosInFunc":[38],"SrcLoc":"src/pwd.c:349","Type":"ASSIGN$V1$@2$!NEG$V1$"},"1166":{"EquivalenDuplicateOf":"287","FuncName":"main","IRPosInFunc":[38],"SrcLoc":"src/pwd.c:349","Type":"ASSIGN$V1$@2$!BITXOR$V1$@2$"},"1167":{"EquivalenDuplicateOf":"285","FuncName":"main","IRPosInFunc":[38],"SrcLoc":"src/pwd.c:349","Type":"ASSIGN$V1$@2$!CONSTVAL$1$"},"1168":{"EquivalenDuplicateOf":"287","FuncName":"main","IRPosInFunc":[38],"SrcLoc":"src/pwd.c:349","Type":"ASSIGN$V1$@2$!BITSHL$V1$@2$"},"1169":{"EquivalenDuplicateOf":"287","FuncName":"main","IRPosInFunc":[38],"SrcLoc":"src/pwd.c:349","Type":"ASSIGN$V1$@2$!BITSHL$@2$V1$"},"1170":{"EquivalenDuplicateOf":"287","FuncName":"main","IRPosInFunc":[38],"SrcLoc":"src/pwd.c:349","Type":"ASSIGN$V1$@2$!BITAND$V1$@2$"},"1171":{"EquivalenDuplicateOf":"285","FuncName":"main","IRPosInFunc":[38],"SrcLoc":"src/pwd.c:349","Type":"ASSIGN$V1$@2$!NEG$@2$"},"1172":{"EquivalenDuplicateOf":"287","FuncName":"main","IRPosInFunc":[38],"SrcLoc":"src/pwd.c:349","Type":"ASSIGN$V1$@2$!BITNOT$V1$"},"1173":{"EquivalenDuplicateOf":"287","FuncName":"main","IRPosInFunc":[38],"SrcLoc":"src/pwd.c:349","Type":"ASSIGN$V1$@2$!ADD$V1$@2$"},"1174":{"EquivalenDuplicateOf":"286","FuncName":"main","IRPosInFunc":[38],"SrcLoc":"src/pwd.c:349","Type":"ASSIGN$V1$@2$!OPERAND$V1$"},"1175":{"EquivalenDuplicateOf":"283","FuncName":"main","IRPosInFunc":[37],"SrcLoc":"src/pwd.c:347","Type":"RETURN_BREAK_CONTINUE!DELSTMT"},"1176":{"EquivalenDuplicateOf":"280","FuncName":"main","IRPosInFunc":[36],"SrcLoc":"src/pwd.c:346","Type":"C!ADD$C$-1$"},"1177":{"EquivalenDuplicateOf":"259","FuncName":"main","IRPosInFunc":[36],"SrcLoc":"src/pwd.c:346","Type":"ASSIGN$V1$@2$!DIV$@2$V1$"},"1178":{"EquivalenDuplicateOf":"259","FuncName":"main","IRPosInFunc":[36],"SrcLoc":"src/pwd.c:346","Type":"ASSIGN$V1$@2$!MOD$V1$@2$"},"1179":{"EquivalenDuplicateOf":"259","FuncName":"main","IRPosInFunc":[36],"SrcLoc":"src/pwd.c:346","Type":"ASSIGN$V1$@2$!BITSHR$@2$V1$"},"1180":{"EquivalenDuplicateOf":"259","FuncName":"main","IRPosInFunc":[36],"SrcLoc":"src/pwd.c:346","Type":"ASSIGN$V1$@2$!DIV$V1$@2$"},"1181":{"EquivalenDuplicateOf":"259","FuncName":"main","IRPosInFunc":[36],"SrcLoc":"src/pwd.c:346","Type":"ASSIGN$V1$@2$!BITSHR$V1$@2$"},"1182":{"EquivalenDuplicateOf":"259","FuncName":"main","IRPosInFunc":[36],"SrcLoc":"src/pwd.c:346","Type":"ASSIGN$V1$@2$!MOD$@2$V1$"},"1183":{"EquivalenDuplicateOf":"259","FuncName":"main","IRPosInFunc":[36],"SrcLoc":"src/pwd.c:346","Type":"ASSIGN$V1$@2$!DIV$@2$V1$"},"1184":{"EquivalenDuplicateOf":"258","FuncName":"main","IRPosInFunc":[36],"SrcLoc":"src/pwd.c:346","Type":"ASSIGN$V1$@2$!BITNOT$@2$"},"1185":{"EquivalenDuplicateOf":"258","FuncName":"main","IRPosInFunc":[36],"SrcLoc":"src/pwd.c:346","Type":"ASSIGN$V1$@2$!OPERAND$@2$"},"1186":{"EquivalenDuplicateOf":"259","FuncName":"main","IRPosInFunc":[36],"SrcLoc":"src/pwd.c:346","Type":"ASSIGN$V1$@2$!MOD$V1$@2$"},"1187":{"EquivalenDuplicateOf":"259","FuncName":"main","IRPosInFunc":[36],"SrcLoc":"src/pwd.c:346","Type":"ASSIGN$V1$@2$!BITSHR$@2$V1$"},"1188":{"EquivalenDuplicateOf":"259","FuncName":"main","IRPosInFunc":[36],"SrcLoc":"src/pwd.c:346","Type":"ASSIGN$V1$@2$!SUB$V1$@2$"},"1189":{"EquivalenDuplicateOf":"259","FuncName":"main","IRPosInFunc":[36],"SrcLoc":"src/pwd.c:346","Type":"ASSIGN$V1$@2$!SUB$@2$V1$"},"1190":{"EquivalenDuplicateOf":"258","FuncName":"main","IRPosInFunc":[36],"SrcLoc":"src/pwd.c:346","Type":"ASSIGN$V1$@2$!ABS$@2$"},"1191":{"EquivalenDuplicateOf":"259","FuncName":"main","IRPosInFunc":[36],"SrcLoc":"src/pwd.c:346","Type":"ASSIGN$V1$@2$!DIV$V1$@2$"},"1192":{"EquivalenDuplicateOf":"259","FuncName":"main","IRPosInFunc":[36],"SrcLoc":"src/pwd.c:346","Type":"ASSIGN$V1$@2$!MUL$V1$@2$"},"1193":{"EquivalenDuplicateOf":"259","FuncName":"main","IRPosInFunc":[36],"SrcLoc":"src/pwd.c:346","Type":"ASSIGN$V1$@2$!BITSHR$V1$@2$"},"1194":{"EquivalenDuplicateOf":"258","FuncName":"main","IRPosInFunc":[36],"SrcLoc":"src/pwd.c:346","Type":"ASSIGN$V1$@2$!CONSTVAL$0$"},"1195":{"EquivalenDuplicateOf":"259","FuncName":"main","IRPosInFunc":[36],"SrcLoc":"src/pwd.c:346","Type":"ASSIGN$V1$@2$!NEG$V1$"},"1196":{"EquivalenDuplicateOf":"259","FuncName":"main","IRPosInFunc":[36],"SrcLoc":"src/pwd.c:346","Type":"ASSIGN$V1$@2$!BITXOR$V1$@2$"},"1197":{"EquivalenDuplicateOf":"258","FuncName":"main","IRPosInFunc":[36],"SrcLoc":"src/pwd.c:346","Type":"ASSIGN$V1$@2$!CONSTVAL$1$"},"1198":{"EquivalenDuplicateOf":"259","FuncName":"main","IRPosInFunc":[36],"SrcLoc":"src/pwd.c:346","Type":"ASSIGN$V1$@2$!BITSHL$V1$@2$"},"1199":{"EquivalenDuplicateOf":"259","FuncName":"main","IRPosInFunc":[36],"SrcLoc":"src/pwd.c:346","Type":"ASSIGN$V1$@2$!BITSHL$@2$V1$"},"1200":{"EquivalenDuplicateOf":"259","FuncName":"main","IRPosInFunc":[36],"SrcLoc":"src/pwd.c:346","Type":"ASSIGN$V1$@2$!BITAND$V1$@2$"},"1201":{"EquivalenDuplicateOf":"258","FuncName":"main","IRPosInFunc":[36],"SrcLoc":"src/pwd.c:346","Type":"ASSIGN$V1$@2$!NEG$@2$"},"1202":{"EquivalenDuplicateOf":"259","FuncName":"main","IRPosInFunc":[36],"SrcLoc":"src/pwd.c:346","Type":"ASSIGN$V1$@2$!BITNOT$V1$"},"1203":{"EquivalenDuplicateOf":"259","FuncName":"main","IRPosInFunc":[36],"SrcLoc":"src/pwd.c:346","Type":"ASSIGN$V1$@2$!ADD$V1$@2$"},"1204":{"EquivalenDuplicateOf":"259","FuncName":"main","IRPosInFunc":[36],"SrcLoc":"src/pwd.c:346","Type":"ASSIGN$V1$@2$!MOD$@2$V1$"},"1205":{"EquivalenDuplicateOf":"240","FuncName":"main","IRPosInFunc":[33],"SrcLoc":"src/pwd.c:342","Type":"RETURN_BREAK_CONTINUE!DELSTMT"},"1206":{"EquivalenDuplicateOf":"209","FuncName":"main","IRPosInFunc":[31],"SrcLoc":"src/pwd.c:341","Type":"EQ$@1$@2$!BITSHR$@1$@2$"},"1207":{"EquivalenDuplicateOf":"221","FuncName":"main","IRPosInFunc":[31],"SrcLoc":"src/pwd.c:341","Type":"EQ$@1$@2$!LT$@2$@1$"},"1208":{"EquivalenDuplicateOf":"204","FuncName":"main","IRPosInFunc":[31],"SrcLoc":"src/pwd.c:341","Type":"EQ$@1$@2$!GE$@2$@1$"},"1209":{"EquivalenDuplicateOf":"221","FuncName":"main","IRPosInFunc":[31],"SrcLoc":"src/pwd.c:341","Type":"EQ$@1$@2$!GT$@1$@2$"},"1210":{"EquivalenDuplicateOf":"204","FuncName":"main","IRPosInFunc":[31],"SrcLoc":"src/pwd.c:341","Type":"EQ$@1$@2$!LE$@1$@2$"},"1211":{"EquivalenDuplicateOf":"209","FuncName":"main","IRPosInFunc":[31],"SrcLoc":"src/pwd.c:341","Type":"EQ$@1$@2$!BITSHR$@1$@2$"},"1212":{"EquivalenDuplicateOf":"221","FuncName":"main","IRPosInFunc":[31],"SrcLoc":"src/pwd.c:341","Type":"EQ$@1$@2$!CONSTVAL$0$"},"1213":{"EquivalenDuplicateOf":"205","FuncName":"main","IRPosInFunc":[31],"SrcLoc":"src/pwd.c:341","Type":"EQ$@1$@2$!BITXOR$@1$@2$"},"1214":{"EquivalenDuplicateOf":"204","FuncName":"main","IRPosInFunc":[31],"SrcLoc":"src/pwd.c:341","Type":"EQ$@1$@2$!OPERAND$@2$"},"1215":{"EquivalenDuplicateOf":"204","FuncName":"main","IRPosInFunc":[31],"SrcLoc":"src/pwd.c:341","Type":"EQ$@1$@2$!NEG$@2$"},"1216":{"EquivalenDuplicateOf":"207","FuncName":"main","IRPosInFunc":[31],"SrcLoc":"src/pwd.c:341","Type":"EQ$@1$@2$!OPERAND$@1$"},"1217":{"EquivalenDuplicateOf":"204","FuncName":"main","IRPosInFunc":[31],"SrcLoc":"src/pwd.c:341","Type":"EQ$@1$@2$!ABS$@2$"},"1218":{"EquivalenDuplicateOf":"204","FuncName":"main","IRPosInFunc":[31],"SrcLoc":"src/pwd.c:341","Type":"EQ$@1$@2$!BITSHR$@2$@1$"},"1219":{"EquivalenDuplicateOf":"204","FuncName":"main","IRPosInFunc":[31],"SrcLoc":"src/pwd.c:341","Type":"EQ$@1$@2$!CONSTVAL$1$"},"1220":{"EquivalenDuplicateOf":"202","FuncName":"main","IRPosInFunc":[31],"SrcLoc":"src/pwd.c:341","Type":"C!ADD$C$1$"},"1221":{"EquivalenDuplicateOf":"170","FuncName":"main","IRPosInFunc":[29],"SrcLoc":"src/pwd.c:340","Type":"ASSIGN$V1$@2$!DIV$@2$V1$"},"1222":{"EquivalenDuplicateOf":"170","FuncName":"main","IRPosInFunc":[29],"SrcLoc":"src/pwd.c:340","Type":"ASSIGN$V1$@2$!MOD$V1$@2$"},"1223":{"EquivalenDuplicateOf":"170","FuncName":"main","IRPosInFunc":[29],"SrcLoc":"src/pwd.c:340","Type":"ASSIGN$V1$@2$!BITSHR$@2$V1$"},"1224":{"EquivalenDuplicateOf":"170","FuncName":"main","IRPosInFunc":[29],"SrcLoc":"src/pwd.c:340","Type":"ASSIGN$V1$@2$!DIV$V1$@2$"},"1225":{"EquivalenDuplicateOf":"170","FuncName":"main","IRPosInFunc":[29],"SrcLoc":"src/pwd.c:340","Type":"ASSIGN$V1$@2$!BITSHR$V1$@2$"},"1226":{"EquivalenDuplicateOf":"170","FuncName":"main","IRPosInFunc":[29],"SrcLoc":"src/pwd.c:340","Type":"ASSIGN$V1$@2$!MOD$@2$V1$"},"1227":{"EquivalenDuplicateOf":"170","FuncName":"main","IRPosInFunc":[29],"SrcLoc":"src/pwd.c:340","Type":"ASSIGN$V1$@2$!DIV$@2$V1$"},"1228":{"EquivalenDuplicateOf":"170","FuncName":"main","IRPosInFunc":[29],"SrcLoc":"src/pwd.c:340","Type":"ASSIGN$V1$@2$!BITNOT$@2$"},"1229":{"EquivalenDuplicateOf":"170","FuncName":"main","IRPosInFunc":[29],"SrcLoc":"src/pwd.c:340","Type":"ASSIGN$V1$@2$!OPERAND$@2$"},"1230":{"EquivalenDuplicateOf":"170","FuncName":"main","IRPosInFunc":[29],"SrcLoc":"src/pwd.c:340","Type":"ASSIGN$V1$@2$!MOD$V1$@2$"},"1231":{"EquivalenDuplicateOf":"170","FuncName":"main","IRPosInFunc":[29],"SrcLoc":"src/pwd.c:340","Type":"ASSIGN$V1$@2$!BITSHR$@2$V1$"},"1232":{"EquivalenDuplicateOf":"170","FuncName":"main","IRPosInFunc":[29],"SrcLoc":"src/pwd.c:340","Type":"ASSIGN$V1$@2$!SUB$V1$@2$"},"1233":{"EquivalenDuplicateOf":"170","FuncName":"main","IRPosInFunc":[29],"SrcLoc":"src/pwd.c:340","Type":"ASSIGN$V1$@2$!SUB$@2$V1$"},"1234":{"EquivalenDuplicateOf":"170","FuncName":"main","IRPosInFunc":[29],"SrcLoc":"src/pwd.c:340","Type":"ASSIGN$V1$@2$!DIV$V1$@2$"},"1235":{"EquivalenDuplicateOf":"170","FuncName":"main","IRPosInFunc":[29],"SrcLoc":"src/pwd.c:340","Type":"ASSIGN$V1$@2$!MUL$V1$@2$"},"1236":{"EquivalenDuplicateOf":"170","FuncName":"main","IRPosInFunc":[29],"SrcLoc":"src/pwd.c:340","Type":"ASSIGN$V1$@2$!BITSHR$V1$@2$"},"1237":{"EquivalenDuplicateOf":"170","FuncName":"main","IRPosInFunc":[29],"SrcLoc":"src/pwd.c:340","Type":"ASSIGN$V1$@2$!CONSTVAL$0$"},"1238":{"EquivalenDuplicateOf":"170","FuncName":"main","IRPosInFunc":[29],"SrcLoc":"src/pwd.c:340","Type":"ASSIGN$V1$@2$!NEG$V1$"},"1239":{"EquivalenDuplicateOf":"170","FuncName":"main","IRPosInFunc":[29],"SrcLoc":"src/pwd.c:340","Type":"ASSIGN$V1$@2$!BITXOR$V1$@2$"},"1240":{"EquivalenDuplicateOf":"170","FuncName":"main","IRPosInFunc":[29],"SrcLoc":"src/pwd.c:340","Type":"ASSIGN$V1$@2$!CONSTVAL$1$"},"1241":{"EquivalenDuplicateOf":"170","FuncName":"main","IRPosInFunc":[29],"SrcLoc":"src/pwd.c:340","Type":"ASSIGN$V1$@2$!BITSHL$V1$@2$"},"1242":{"EquivalenDuplicateOf":"170","FuncName":"main","IRPosInFunc":[29],"SrcLoc":"src/pwd.c:340","Type":"ASSIGN$V1$@2$!BITSHL$@2$V1$"},"1243":{"EquivalenDuplicateOf":"170","FuncName":"main","IRPosInFunc":[29],"SrcLoc":"src/pwd.c:340","Type":"ASSIGN$V1$@2$!BITAND$V1$@2$"},"1244":{"EquivalenDuplicateOf":"170","FuncName":"main","IRPosInFunc":[29],"SrcLoc":"src/pwd.c:340","Type":"ASSIGN$V1$@2$!NEG$@2$"},"1245":{"EquivalenDuplicateOf":"170","FuncName":"main","IRPosInFunc":[29],"SrcLoc":"src/pwd.c:340","Type":"ASSIGN$V1$@2$!BITNOT$V1$"},"1246":{"EquivalenDuplicateOf":"170","FuncName":"main","IRPosInFunc":[29],"SrcLoc":"src/pwd.c:340","Type":"ASSIGN$V1$@2$!ADD$V1$@2$"},"1247":{"EquivalenDuplicateOf":"170","FuncName":"main","IRPosInFunc":[29],"SrcLoc":"src/pwd.c:340","Type":"ASSIGN$V1$@2$!OPERAND$V1$"},"1248":{"EquivalenDuplicateOf":"170","FuncName":"main","IRPosInFunc":[29],"SrcLoc":"src/pwd.c:340","Type":"ASSIGN$V1$@2$!MOD$@2$V1$"},"1249":{"EquivalenDuplicateOf":"168","FuncName":"main","IRPosInFunc":[26,27,28,29],"SrcLoc":"src/pwd.c:340","Type":"STMT!TRAPSTMT"},"1250":{"EquivalenDuplicateOf":"127","FuncName":"main","IRPosInFunc":[17],"SrcLoc":"src/pwd.c:328","Type":"ASSIGN$V1$@2$!DIV$@2$V1$"},"1251":{"EquivalenDuplicateOf":"127","FuncName":"main","IRPosInFunc":[17],"SrcLoc":"src/pwd.c:328","Type":"ASSIGN$V1$@2$!MOD$V1$@2$"},"1252":{"EquivalenDuplicateOf":"127","FuncName":"main","IRPosInFunc":[17],"SrcLoc":"src/pwd.c:328","Type":"ASSIGN$V1$@2$!BITSHR$@2$V1$"},"1253":{"EquivalenDuplicateOf":"127","FuncName":"main","IRPosInFunc":[17],"SrcLoc":"src/pwd.c:328","Type":"ASSIGN$V1$@2$!DIV$V1$@2$"},"1254":{"EquivalenDuplicateOf":"127","FuncName":"main","IRPosInFunc":[17],"SrcLoc":"src/pwd.c:328","Type":"ASSIGN$V1$@2$!BITSHR$V1$@2$"},"1255":{"EquivalenDuplicateOf":"127","FuncName":"main","IRPosInFunc":[17],"SrcLoc":"src/pwd.c:328","Type":"ASSIGN$V1$@2$!MOD$@2$V1$"},"1256":{"EquivalenDuplicateOf":"127","FuncName":"main","IRPosInFunc":[17],"SrcLoc":"src/pwd.c:328","Type":"ASSIGN$V1$@2$!DIV$@2$V1$"},"1257":{"EquivalenDuplicateOf":"130","FuncName":"main","IRPosInFunc":[17],"SrcLoc":"src/pwd.c:328","Type":"ASSIGN$V1$@2$!BITNOT$@2$"},"1258":{"EquivalenDuplicateOf":"128","FuncName":"main","IRPosInFunc":[17],"SrcLoc":"src/pwd.c:328","Type":"ASSIGN$V1$@2$!OPERAND$@2$"},"1259":{"EquivalenDuplicateOf":"127","FuncName":"main","IRPosInFunc":[17],"SrcLoc":"src/pwd.c:328","Type":"ASSIGN$V1$@2$!MOD$V1$@2$"},"1260":{"EquivalenDuplicateOf":"127","FuncName":"main","IRPosInFunc":[17],"SrcLoc":"src/pwd.c:328","Type":"ASSIGN$V1$@2$!BITSHR$@2$V1$"},"1261":{"EquivalenDuplicateOf":"127","FuncName":"main","IRPosInFunc":[17],"SrcLoc":"src/pwd.c:328","Type":"ASSIGN$V1$@2$!SUB$V1$@2$"},"1262":{"EquivalenDuplicateOf":"127","FuncName":"main","IRPosInFunc":[17],"SrcLoc":"src/pwd.c:328","Type":"ASSIGN$V1$@2$!SUB$@2$V1$"},"1263":{"EquivalenDuplicateOf":"127","FuncName":"main","IRPosInFunc":[17],"SrcLoc":"src/pwd.c:328","Type":"ASSIGN$V1$@2$!DIV$V1$@2$"},"1264":{"EquivalenDuplicateOf":"127","FuncName":"main","IRPosInFunc":[17],"SrcLoc":"src/pwd.c:328","Type":"ASSIGN$V1$@2$!MUL$V1$@2$"},"1265":{"EquivalenDuplicateOf":"127","FuncName":"main","IRPosInFunc":[17],"SrcLoc":"src/pwd.c:328","Type":"ASSIGN$V1$@2$!BITSHR$V1$@2$"},"1266":{"EquivalenDuplicateOf":"128","FuncName":"main","IRPosInFunc":[17],"SrcLoc":"src/pwd.c:328","Type":"ASSIGN$V1$@2$!CONSTVAL$0$"},"1267":{"EquivalenDuplicateOf":"129","FuncName":"main","IRPosInFunc":[17],"SrcLoc":"src/pwd.c:328","Type":"ASSIGN$V1$@2$!NEG$V1$"},"1268":{"EquivalenDuplicateOf":"127","FuncName":"main","IRPosInFunc":[17],"SrcLoc":"src/pwd.c:328","Type":"ASSIGN$V1$@2$!BITXOR$V1$@2$"},"1269":{"EquivalenDuplicateOf":"128","FuncName":"main","IRPosInFunc":[17],"SrcLoc":"src/pwd.c:328","Type":"ASSIGN$V1$@2$!CONSTVAL$1$"},"1270":{"EquivalenDuplicateOf":"127","FuncName":"main","IRPosInFunc":[17],"SrcLoc":"src/pwd.c:328","Type":"ASSIGN$V1$@2$!BITSHL$V1$@2$"},"1271":{"EquivalenDuplicateOf":"127","FuncName":"main","IRPosInFunc":[17],"SrcLoc":"src/pwd.c:328","Type":"ASSIGN$V1$@2$!BITSHL$@2$V1$"},"1272":{"EquivalenDuplicateOf":"127","FuncName":"main","IRPosInFunc":[17],"SrcLoc":"src/pwd.c:328","Type":"ASSIGN$V1$@2$!BITAND$V1$@2$"},"1273":{"EquivalenDuplicateOf":"127","FuncName":"main","IRPosInFunc":[17],"SrcLoc":"src/pwd.c:328","Type":"ASSIGN$V1$@2$!ADD$V1$@2$"},"1274":{"EquivalenDuplicateOf":"127","FuncName":"main","IRPosInFunc":[17],"SrcLoc":"src/pwd.c:328","Type":"ASSIGN$V1$@2$!MOD$@2$V1$"},"1275":{"EquivalenDuplicateOf":"102","FuncName":"main","IRPosInFunc":[8],"SrcLoc":"","Type":"ASSIGN$V1$@2$!DIV$@2$V1$"},"1276":{"EquivalenDuplicateOf":"102","FuncName":"main","IRPosInFunc":[8],"SrcLoc":"","Type":"ASSIGN$V1$@2$!MOD$V1$@2$"},"1277":{"EquivalenDuplicateOf":"102","FuncName":"main","IRPosInFunc":[8],"SrcLoc":"","Type":"ASSIGN$V1$@2$!BITSHR$@2$V1$"},"1278":{"EquivalenDuplicateOf":"102","FuncName":"main","IRPosInFunc":[8],"SrcLoc":"","Type":"ASSIGN$V1$@2$!DIV$V1$@2$"},"1279":{"EquivalenDuplicateOf":"102","FuncName":"main","IRPosInFunc":[8],"SrcLoc":"","Type":"ASSIGN$V1$@2$!BITSHR$V1$@2$"},"1280":{"EquivalenDuplicateOf":"102","FuncName":"main","IRPosInFunc":[8],"SrcLoc":"","Type":"ASSIGN$V1$@2$!MOD$@2$V1$"},"1281":{"EquivalenDuplicateOf":"102","FuncName":"main","IRPosInFunc":[8],"SrcLoc":"","Type":"ASSIGN$V1$@2$!DIV$@2$V1$"},"1282":{"EquivalenDuplicateOf":"101","FuncName":"main","IRPosInFunc":[8],"SrcLoc":"","Type":"ASSIGN$V1$@2$!BITNOT$@2$"},"1283":{"EquivalenDuplicateOf":"101","FuncName":"main","IRPosInFunc":[8],"SrcLoc":"","Type":"ASSIGN$V1$@2$!OPERAND$@2$"},"1284":{"EquivalenDuplicateOf":"102","FuncName":"main","IRPosInFunc":[8],"SrcLoc":"","Type":"ASSIGN$V1$@2$!MOD$V1$@2$"},"1285":{"EquivalenDuplicateOf":"102","FuncName":"main","IRPosInFunc":[8],"SrcLoc":"","Type":"ASSIGN$V1$@2$!BITSHR$@2$V1$"},"1286":{"EquivalenDuplicateOf":"102","FuncName":"main","IRPosInFunc":[8],"SrcLoc":"","Type":"ASSIGN$V1$@2$!SUB$V1$@2$"},"1287":{"EquivalenDuplicateOf":"102","FuncName":"main","IRPosInFunc":[8],"SrcLoc":"","Type":"ASSIGN$V1$@2$!SUB$@2$V1$"},"1288":{"EquivalenDuplicateOf":"102","FuncName":"main","IRPosInFunc":[8],"SrcLoc":"","Type":"ASSIGN$V1$@2$!DIV$V1$@2$"},"1289":{"EquivalenDuplicateOf":"102","FuncName":"main","IRPosInFunc":[8],"SrcLoc":"","Type":"ASSIGN$V1$@2$!MUL$V1$@2$"},"1290":{"EquivalenDuplicateOf":"102","FuncName":"main","IRPosInFunc":[8],"SrcLoc":"","Type":"ASSIGN$V1$@2$!BITSHR$V1$@2$"},"1291":{"EquivalenDuplicateOf":"101","FuncName":"main","IRPosInFunc":[8],"SrcLoc":"","Type":"ASSIGN$V1$@2$!CONSTVAL$0$"},"1292":{"EquivalenDuplicateOf":"102","FuncName":"main","IRPosInFunc":[8],"SrcLoc":"","Type":"ASSIGN$V1$@2$!NEG$V1$"},"1293":{"EquivalenDuplicateOf":"102","FuncName":"main","IRPosInFunc":[8],"SrcLoc":"","Type":"ASSIGN$V1$@2$!BITXOR$V1$@2$"},"1294":{"EquivalenDuplicateOf":"101","FuncName":"main","IRPosInFunc":[8],"SrcLoc":"","Type":"ASSIGN$V1$@2$!CONSTVAL$1$"},"1295":{"EquivalenDuplicateOf":"102","FuncName":"main","IRPosInFunc":[8],"SrcLoc":"","Type":"ASSIGN$V1$@2$!BITSHL$V1$@2$"},"1296":{"EquivalenDuplicateOf":"102","FuncName":"main","IRPosInFunc":[8],"SrcLoc":"","Type":"ASSIGN$V1$@2$!BITSHL$@2$V1$"},"1297":{"EquivalenDuplicateOf":"102","FuncName":"main","IRPosInFunc":[8],"SrcLoc":"","Type":"ASSIGN$V1$@2$!BITAND$V1$@2$"},"1298":{"EquivalenDuplicateOf":"101","FuncName":"main","IRPosInFunc":[8],"SrcLoc":"","Type":"ASSIGN$V1$@2$!NEG$@2$"},"1299":{"EquivalenDuplicateOf":"102","FuncName":"main","IRPosInFunc":[8],"SrcLoc":"","Type":"ASSIGN$V1$@2$!BITNOT$V1$"},"1300":{"EquivalenDuplicateOf":"102","FuncName":"main","IRPosInFunc":[8],"SrcLoc":"","Type":"ASSIGN$V1$@2$!ADD$V1$@2$"},"1301":{"EquivalenDuplicateOf":"101","FuncName":"main","IRPosInFunc":[8],"SrcLoc":"","Type":"ASSIGN$V1$@2$!OPERAND$V1$"},"1302":{"EquivalenDuplicateOf":"102","FuncName":"main","IRPosInFunc":[8],"SrcLoc":"","Type":"ASSIGN$V1$@2$!MOD$@2$V1$"},"1303":{"EquivalenDuplicateOf":"82","FuncName":"main","IRPosInFunc":[7],"SrcLoc":"","Type":"ASSIGN$V1$@2$!DIV$@2$V1$"},"1304":{"EquivalenDuplicateOf":"82","FuncName":"main","IRPosInFunc":[7],"SrcLoc":"","Type":"ASSIGN$V1$@2$!GT$@2$V1$"},"1305":{"EquivalenDuplicateOf":"82","FuncName":"main","IRPosInFunc":[7],"SrcLoc":"","Type":"ASSIGN$V1$@2$!MOD$V1$@2$"},"1306":{"EquivalenDuplicateOf":"82","FuncName":"main","IRPosInFunc":[7],"SrcLoc":"","Type":"ASSIGN$V1$@2$!BITSHR$@2$V1$"},"1307":{"EquivalenDuplicateOf":"82","FuncName":"main","IRPosInFunc":[7],"SrcLoc":"","Type":"ASSIGN$V1$@2$!GE$V1$@2$"},"1308":{"EquivalenDuplicateOf":"82","FuncName":"main","IRPosInFunc":[7],"SrcLoc":"","Type":"ASSIGN$V1$@2$!DIV$V1$@2$"},"1309":{"EquivalenDuplicateOf":"82","FuncName":"main","IRPosInFunc":[7],"SrcLoc":"","Type":"ASSIGN$V1$@2$!BITSHR$V1$@2$"},"1310":{"EquivalenDuplicateOf":"82","FuncName":"main","IRPosInFunc":[7],"SrcLoc":"","Type":"ASSIGN$V1$@2$!LT$V1$@2$"},"1311":{"EquivalenDuplicateOf":"82","FuncName":"main","IRPosInFunc":[7],"SrcLoc":"","Type":"ASSIGN$V1$@2$!LE$@2$V1$"},"1312":{"EquivalenDuplicateOf":"82","FuncName":"main","IRPosInFunc":[7],"SrcLoc":"","Type":"ASSIGN$V1$@2$!MOD$@2$V1$"},"1313":{"EquivalenDuplicateOf":"82","FuncName":"main","IRPosInFunc":[7],"SrcLoc":"","Type":"ASSIGN$V1$@2$!DIV$@2$V1$"},"1314":{"EquivalenDuplicateOf":"80","FuncName":"main","IRPosInFunc":[7],"SrcLoc":"","Type":"ASSIGN$V1$@2$!BITNOT$@2$"},"1315":{"EquivalenDuplicateOf":"80","FuncName":"main","IRPosInFunc":[7],"SrcLoc":"","Type":"ASSIGN$V1$@2$!OPERAND$@2$"},"1316":{"EquivalenDuplicateOf":"82","FuncName":"main","IRPosInFunc":[7],"SrcLoc":"","Type":"ASSIGN$V1$@2$!MOD$V1$@2$"},"1317":{"EquivalenDuplicateOf":"82","FuncName":"main","IRPosInFunc":[7],"SrcLoc":"","Type":"ASSIGN$V1$@2$!BITSHR$@2$V1$"},"1318":{"EquivalenDuplicateOf":"82","FuncName":"main","IRPosInFunc":[7],"SrcLoc":"","Type":"ASSIGN$V1$@2$!SUB$V1$@2$"},"1319":{"EquivalenDuplicateOf":"82","FuncName":"main","IRPosInFunc":[7],"SrcLoc":"","Type":"ASSIGN$V1$@2$!SUB$@2$V1$"},"1320":{"EquivalenDuplicateOf":"80","FuncName":"main","IRPosInFunc":[7],"SrcLoc":"","Type":"ASSIGN$V1$@2$!ABS$@2$"},"1321":{"EquivalenDuplicateOf":"82","FuncName":"main","IRPosInFunc":[7],"SrcLoc":"","Type":"ASSIGN$V1$@2$!DIV$V1$@2$"},"1322":{"EquivalenDuplicateOf":"82","FuncName":"main","IRPosInFunc":[7],"SrcLoc":"","Type":"ASSIGN$V1$@2$!MUL$V1$@2$"},"1323":{"EquivalenDuplicateOf":"82","FuncName":"main","IRPosInFunc":[7],"SrcLoc":"","Type":"ASSIGN$V1$@2$!BITSHR$V1$@2$"},"1324":{"EquivalenDuplicateOf":"80","FuncName":"main","IRPosInFunc":[7],"SrcLoc":"","Type":"ASSIGN$V1$@2$!CONSTVAL$0$"},"1325":{"EquivalenDuplicateOf":"82","FuncName":"main","IRPosInFunc":[7],"SrcLoc":"","Type":"ASSIGN$V1$@2$!NEG$V1$"},"1326":{"EquivalenDuplicateOf":"82","FuncName":"main","IRPosInFunc":[7],"SrcLoc":"","Type":"ASSIGN$V1$@2$!BITXOR$V1$@2$"},"1327":{"EquivalenDuplicateOf":"80","FuncName":"main","IRPosInFunc":[7],"SrcLoc":"","Type":"ASSIGN$V1$@2$!CONSTVAL$1$"},"1328":{"EquivalenDuplicateOf":"82","FuncName":"main","IRPosInFunc":[7],"SrcLoc":"","Type":"ASSIGN$V1$@2$!BITSHL$V1$@2$"},"1329":{"EquivalenDuplicateOf":"82","FuncName":"main","IRPosInFunc":[7],"SrcLoc":"","Type":"ASSIGN$V1$@2$!BITSHL$@2$V1$"},"1330":{"EquivalenDuplicateOf":"82","FuncName":"main","IRPosInFunc":[7],"SrcLoc":"","Type":"ASSIGN$V1$@2$!BITAND$V1$@2$"},"1331":{"EquivalenDuplicateOf":"80","FuncName":"main","IRPosInFunc":[7],"SrcLoc":"","Type":"ASSIGN$V1$@2$!NEG$@2$"},"1332":{"EquivalenDuplicateOf":"82","FuncName":"main","IRPosInFunc":[7],"SrcLoc":"","Type":"ASSIGN$V1$@2$!BITNOT$V1$"},"1333":{"EquivalenDuplicateOf":"82","FuncName":"main","IRPosInFunc":[7],"SrcLoc":"","Type":"ASSIGN$V1$@2$!ADD$V1$@2$"},"1334":{"EquivalenDuplicateOf":"81","FuncName":"main","IRPosInFunc":[7],"SrcLoc":"","Type":"ASSIGN$V1$@2$!OPERAND$V1$"},"1335":{"EquivalenDuplicateOf":"0","FuncName":"usage","IRPosInFunc":[24],"SrcLoc":"src/pwd.c:71","Type":"STMT!TRAPSTMT"},"1336":{"EquivalenDuplicateOf":"0","FuncName":"usage","IRPosInFunc":[23],"SrcLoc":"src/pwd.c:70","Type":"STMT!TRAPSTMT"},"1337":{"EquivalenDuplicateOf":"52","FuncName":"usage","IRPosInFunc":[7],"SrcLoc":"src/pwd.c:53","Type":"RETURN_BREAK_CONTINUE!DELSTMT"},"1338":{"EquivalenDuplicateOf":"25","FuncName":"usage","IRPosInFunc":[3],"SrcLoc":"src/pwd.c:52","Type":"@!ABS$@$"},"1339":{"EquivalenDuplicateOf":"27","FuncName":"usage","IRPosInFunc":[4],"SrcLoc":"src/pwd.c:52","Type":"NEQ$@1$@2$!BITSHR$@2$@1$"},"1340":{"EquivalenDuplicateOf":"27","FuncName":"usage","IRPosInFunc":[4],"SrcLoc":"src/pwd.c:52","Type":"NEQ$@1$@2$!LT$@1$@2$"},"1341":{"EquivalenDuplicateOf":"0","FuncName":"usage","IRPosInFunc":[4],"SrcLoc":"src/pwd.c:52","Type":"NEQ$@1$@2$!BITSHR$@1$@2$"},"1342":{"EquivalenDuplicateOf":"26","FuncName":"usage","IRPosInFunc":[4],"SrcLoc":"src/pwd.c:52","Type":"NEQ$@1$@2$!GE$@1$@2$"},"1343":{"EquivalenDuplicateOf":"27","FuncName":"usage","IRPosInFunc":[4],"SrcLoc":"src/pwd.c:52","Type":"NEQ$@1$@2$!GT$@2$@1$"},"1344":{"EquivalenDuplicateOf":"33","FuncName":"usage","IRPosInFunc":[4],"SrcLoc":"src/pwd.c:52","Type":"NEQ$@1$@2$!MOD$@1$@2$"},"1345":{"EquivalenDuplicateOf":"27","FuncName":"usage","IRPosInFunc":[4],"SrcLoc":"src/pwd.c:52","Type":"NEQ$@1$@2$!MOD$@2$@1$"},"1346":{"EquivalenDuplicateOf":"27","FuncName":"usage","IRPosInFunc":[4],"SrcLoc":"src/pwd.c:52","Type":"NEQ$@1$@2$!DIV$@2$@1$"},"1347":{"EquivalenDuplicateOf":"26","FuncName":"usage","IRPosInFunc":[4],"SrcLoc":"src/pwd.c:52","Type":"NEQ$@1$@2$!LE$@2$@1$"},"1348":{"EquivalenDuplicateOf":"27","FuncName":"usage","IRPosInFunc":[4],"SrcLoc":"src/pwd.c:52","Type":"NEQ$@1$@2$!BITSHR$@2$@1$"},"1349":{"EquivalenDuplicateOf":"27","FuncName":"usage","IRPosInFunc":[4],"SrcLoc":"src/pwd.c:52","Type":"NEQ$@1$@2$!NEG$@2$"},"1350":{"EquivalenDuplicateOf":"27","FuncName":"usage","IRPosInFunc":[4],"SrcLoc":"src/pwd.c:52","Type":"NEQ$@1$@2$!MUL$@1$@2$"},"1351":{"EquivalenDuplicateOf":"0","FuncName":"usage","IRPosInFunc":[4],"SrcLoc":"src/pwd.c:52","Type":"NEQ$@1$@2$!SUB$@1$@2$"},"1352":{"EquivalenDuplicateOf":"0","FuncName":"usage","IRPosInFunc":[4],"SrcLoc":"src/pwd.c:52","Type":"NEQ$@1$@2$!BITSHR$@1$@2$"},"1353":{"EquivalenDuplicateOf":"27","FuncName":"usage","IRPosInFunc":[4],"SrcLoc":"src/pwd.c:52","Type":"NEQ$@1$@2$!BITSHL$@2$@1$"},"1354":{"EquivalenDuplicateOf":"0","FuncName":"usage","IRPosInFunc":[4],"SrcLoc":"src/pwd.c:52","Type":"NEQ$@1$@2$!BITOR$@1$@2$"},"1355":{"EquivalenDuplicateOf":"26","FuncName":"usage","IRPosInFunc":[4],"SrcLoc":"src/pwd.c:52","Type":"NEQ$@1$@2$!CONSTVAL$1$"},"1356":{"EquivalenDuplicateOf":"27","FuncName":"usage","IRPosInFunc":[4],"SrcLoc":"src/pwd.c:52","Type":"NEQ$@1$@2$!ABS$@2$"},"1357":{"EquivalenDuplicateOf":"0","FuncName":"usage","IRPosInFunc":[4],"SrcLoc":"src/pwd.c:52","Type":"NEQ$@1$@2$!OPERAND$@1$"},"1358":{"EquivalenDuplicateOf":"31","FuncName":"usage","IRPosInFunc":[4],"SrcLoc":"src/pwd.c:52","Type":"NEQ$@1$@2$!NEG$@1$"},"1359":{"EquivalenDuplicateOf":"27","FuncName":"usage","IRPosInFunc":[4],"SrcLoc":"src/pwd.c:52","Type":"NEQ$@1$@2$!MOD$@2$@1$"},"1360":{"EquivalenDuplicateOf":"27","FuncName":"usage","IRPosInFunc":[4],"SrcLoc":"src/pwd.c:52","Type":"NEQ$@1$@2$!OPERAND$@2$"},"1361":{"EquivalenDuplicateOf":"0","FuncName":"usage","IRPosInFunc":[4],"SrcLoc":"src/pwd.c:52","Type":"NEQ$@1$@2$!BITSHL$@1$@2$"},"1362":{"EquivalenDuplicateOf":"27","FuncName":"usage","IRPosInFunc":[4],"SrcLoc":"src/pwd.c:52","Type":"NEQ$@1$@2$!DIV$@2$@1$"},"1363":{"EquivalenDuplicateOf":"0","FuncName":"usage","IRPosInFunc":[4],"SrcLoc":"src/pwd.c:52","Type":"NEQ$@1$@2$!ADD$@1$@2$"},"1364":{"EquivalenDuplicateOf":"27","FuncName":"usage","IRPosInFunc":[4],"SrcLoc":"src/pwd.c:52","Type":"NEQ$@1$@2$!BITAND$@1$@2$"},"1365":{"EquivalenDuplicateOf":"0","FuncName":"usage","IRPosInFunc":[4],"SrcLoc":"src/pwd.c:52","Type":"NEQ$@1$@2$!BITXOR$@1$@2$"},"1366":{"EquivalenDuplicateOf":"2","FuncName":"usage","IRPosInFunc":[1],"SrcLoc":"","Type":"ASSIGN$V1$@2$!DIV$@2$V1$"},"1367":{"EquivalenDuplicateOf":"2","FuncName":"usage","IRPosInFunc":[1],"SrcLoc":"","Type":"ASSIGN$V1$@2$!MOD$V1$@2$"},"1368":{"EquivalenDuplicateOf":"2","FuncName":"usage","IRPosInFunc":[1],"SrcLoc":"","Type":"ASSIGN$V1$@2$!BITSHR$@2$V1$"},"1369":{"EquivalenDuplicateOf":"2","FuncName":"usage","IRPosInFunc":[1],"SrcLoc":"","Type":"ASSIGN$V1$@2$!DIV$V1$@2$"},"1370":{"EquivalenDuplicateOf":"2","FuncName":"usage","IRPosInFunc":[1],"SrcLoc":"","Type":"ASSIGN$V1$@2$!BITSHR$V1$@2$"},"1371":{"EquivalenDuplicateOf":"2","FuncName":"usage","IRPosInFunc":[1],"SrcLoc":"","Type":"ASSIGN$V1$@2$!MOD$@2$V1$"},"1372":{"EquivalenDuplicateOf":"2","FuncName":"usage","IRPosInFunc":[1],"SrcLoc":"","Type":"ASSIGN$V1$@2$!DIV$@2$V1$"},"1373":{"EquivalenDuplicateOf":"2","FuncName":"usage","IRPosInFunc":[1],"SrcLoc":"","Type":"ASSIGN$V1$@2$!BITNOT$@2$"},"1374":{"EquivalenDuplicateOf":"2","FuncName":"usage","IRPosInFunc":[1],"SrcLoc":"","Type":"ASSIGN$V1$@2$!OPERAND$@2$"},"1375":{"EquivalenDuplicateOf":"2","FuncName":"usage","IRPosInFunc":[1],"SrcLoc":"","Type":"ASSIGN$V1$@2$!MOD$V1$@2$"},"1376":{"EquivalenDuplicateOf":"2","FuncName":"usage","IRPosInFunc":[1],"SrcLoc":"","Type":"ASSIGN$V1$@2$!BITSHR$@2$V1$"},"1377":{"EquivalenDuplicateOf":"2","FuncName":"usage","IRPosInFunc":[1],"SrcLoc":"","Type":"ASSIGN$V1$@2$!SUB$V1$@2$"},"1378":{"EquivalenDuplicateOf":"2","FuncName":"usage","IRPosInFunc":[1],"SrcLoc":"","Type":"ASSIGN$V1$@2$!SUB$@2$V1$"},"1379":{"EquivalenDuplicateOf":"2","FuncName":"usage","IRPosInFunc":[1],"SrcLoc":"","Type":"ASSIGN$V1$@2$!DIV$V1$@2$"},"1380":{"EquivalenDuplicateOf":"2","FuncName":"usage","IRPosInFunc":[1],"SrcLoc":"","Type":"ASSIGN$V1$@2$!MUL$V1$@2$"},"1381":{"EquivalenDuplicateOf":"2","FuncName":"usage","IRPosInFunc":[1],"SrcLoc":"","Type":"ASSIGN$V1$@2$!BITSHR$V1$@2$"},"1382":{"EquivalenDuplicateOf":"2","FuncName":"usage","IRPosInFunc":[1],"SrcLoc":"","Type":"ASSIGN$V1$@2$!CONSTVAL$0$"},"1383":{"EquivalenDuplicateOf":"2","FuncName":"usage","IRPosInFunc":[1],"SrcLoc":"","Type":"ASSIGN$V1$@2$!NEG$V1$"},"1384":{"EquivalenDuplicateOf":"2","FuncName":"usage","IRPosInFunc":[1],"SrcLoc":"","Type":"ASSIGN$V1$@2$!BITXOR$V1$@2$"},"1385":{"EquivalenDuplicateOf":"2","FuncName":"usage","IRPosInFunc":[1],"SrcLoc":"","Type":"ASSIGN$V1$@2$!CONSTVAL$1$"},"1386":{"EquivalenDuplicateOf":"2","FuncName":"usage","IRPosInFunc":[1],"SrcLoc":"","Type":"ASSIGN$V1$@2$!BITSHL$V1$@2$"},"1387":{"EquivalenDuplicateOf":"2","FuncName":"usage","IRPosInFunc":[1],"SrcLoc":"","Type":"ASSIGN$V1$@2$!BITSHL$@2$V1$"},"1388":{"EquivalenDuplicateOf":"2","FuncName":"usage","IRPosInFunc":[1],"SrcLoc":"","Type":"ASSIGN$V1$@2$!BITAND$V1$@2$"},"1389":{"EquivalenDuplicateOf":"2","FuncName":"usage","IRPosInFunc":[1],"SrcLoc":"","Type":"ASSIGN$V1$@2$!NEG$@2$"},"1390":{"EquivalenDuplicateOf":"2","FuncName":"usage","IRPosInFunc":[1],"SrcLoc":"","Type":"ASSIGN$V1$@2$!BITNOT$V1$"},"1391":{"EquivalenDuplicateOf":"2","FuncName":"usage","IRPosInFunc":[1],"SrcLoc":"","Type":"ASSIGN$V1$@2$!ADD$V1$@2$"},"1392":{"EquivalenDuplicateOf":"2","FuncName":"usage","IRPosInFunc":[1],"SrcLoc":"","Type":"ASSIGN$V1$@2$!OPERAND$V1$"},"1393":{"EquivalenDuplicateOf":"2","FuncName":"usage","IRPosInFunc":[1],"SrcLoc":"","Type":"ASSIGN$V1$@2$!MOD$@2$V1$"},"1394":{"EquivalenDuplicateOf":"2","FuncName":"usage","IRPosInFunc":[1],"SrcLoc":"","Type":"ASSIGN$V1$@2$!BITOR$V1$@2$"},"950":{"EquivalenDuplicateOf":"949","FuncName":"logical_getcwd","IRPosInFunc":[89],"SrcLoc":"src/pwd.c:320","Type":"RETURN_BREAK_CONTINUE!DELSTMT"},"951":{"EquivalenDuplicateOf":"944","FuncName":"logical_getcwd","IRPosInFunc":[85],"SrcLoc":"src/pwd.c:318","Type":"RETURN_BREAK_CONTINUE!DELSTMT"},"952":{"EquivalenDuplicateOf":"827","FuncName":"logical_getcwd","IRPosInFunc":[76],"SrcLoc":"src/pwd.c:317","Type":"AND$@1$@2$!OPERAND$@2$"},"953":{"EquivalenDuplicateOf":"825","FuncName":"logical_getcwd","IRPosInFunc":[76],"SrcLoc":"src/pwd.c:317","Type":"AND$@1$@2$!CONSTVAL$0$"},"954":{"EquivalenDuplicateOf":"807","FuncName":"logical_getcwd","IRPosInFunc":[69],"SrcLoc":"src/pwd.c:317","Type":"EQ$@1$@2$!GE$@1$@2$"},"955":{"EquivalenDuplicateOf":"804","FuncName":"logical_getcwd","IRPosInFunc":[69],"SrcLoc":"src/pwd.c:317","Type":"EQ$@1$@2$!BITSHR$@1$@2$"},"956":{"EquivalenDuplicateOf":"806","FuncName":"logical_getcwd","IRPosInFunc":[69],"SrcLoc":"src/pwd.c:317","Type":"EQ$@1$@2$!LT$@1$@2$"},"957":{"EquivalenDuplicateOf":"807","FuncName":"logical_getcwd","IRPosInFunc":[69],"SrcLoc":"src/pwd.c:317","Type":"EQ$@1$@2$!LE$@2$@1$"},"958":{"EquivalenDuplicateOf":"806","FuncName":"logical_getcwd","IRPosInFunc":[69],"SrcLoc":"src/pwd.c:317","Type":"EQ$@1$@2$!DIV$@2$@1$"},"959":{"EquivalenDuplicateOf":"810","FuncName":"logical_getcwd","IRPosInFunc":[69],"SrcLoc":"src/pwd.c:317","Type":"EQ$@1$@2$!MOD$@1$@2$"},"960":{"EquivalenDuplicateOf":"806","FuncName":"logical_getcwd","IRPosInFunc":[69],"SrcLoc":"src/pwd.c:317","Type":"EQ$@1$@2$!BITSHR$@2$@1$"},"961":{"EquivalenDuplicateOf":"806","FuncName":"logical_getcwd","IRPosInFunc":[69],"SrcLoc":"src/pwd.c:317","Type":"EQ$@1$@2$!GT$@2$@1$"},"962":{"EquivalenDuplicateOf":"806","FuncName":"logical_getcwd","IRPosInFunc":[69],"SrcLoc":"src/pwd.c:317","Type":"EQ$@1$@2$!MOD$@2$@1$"},"963":{"EquivalenDuplicateOf":"804","FuncName":"logical_getcwd","IRPosInFunc":[69],"SrcLoc":"src/pwd.c:317","Type":"EQ$@1$@2$!BITSHR$@1$@2$"},"964":{"EquivalenDuplicateOf":"806","FuncName":"logical_getcwd","IRPosInFunc":[69],"SrcLoc":"src/pwd.c:317","Type":"EQ$@1$@2$!CONSTVAL$0$"},"965":{"EquivalenDuplicateOf":"815","FuncName":"logical_getcwd","IRPosInFunc":[69],"SrcLoc":"src/pwd.c:317","Type":"EQ$@1$@2$!SUB$@2$@1$"},"966":{"EquivalenDuplicateOf":"806","FuncName":"logical_getcwd","IRPosInFunc":[69],"SrcLoc":"src/pwd.c:317","Type":"EQ$@1$@2$!BITSHL$@2$@1$"},"967":{"EquivalenDuplicateOf":"804","FuncName":"logical_getcwd","IRPosInFunc":[69],"SrcLoc":"src/pwd.c:317","Type":"EQ$@1$@2$!BITXOR$@1$@2$"},"968":{"EquivalenDuplicateOf":"807","FuncName":"logical_getcwd","IRPosInFunc":[69],"SrcLoc":"src/pwd.c:317","Type":"EQ$@1$@2$!BITNOT$@2$"},"969":{"EquivalenDuplicateOf":"806","FuncName":"logical_getcwd","IRPosInFunc":[69],"SrcLoc":"src/pwd.c:317","Type":"EQ$@1$@2$!OPERAND$@2$"},"970":{"EquivalenDuplicateOf":"806","FuncName":"logical_getcwd","IRPosInFunc":[69],"SrcLoc":"src/pwd.c:317","Type":"EQ$@1$@2$!NEG$@2$"},"971":{"EquivalenDuplicateOf":"804","FuncName":"logical_getcwd","IRPosInFunc":[69],"SrcLoc":"src/pwd.c:317","Type":"EQ$@1$@2$!OPERAND$@1$"},"972":{"EquivalenDuplicateOf":"806","FuncName":"logical_getcwd","IRPosInFunc":[69],"SrcLoc":"src/pwd.c:317","Type":"EQ$@1$@2$!ABS$@2$"},"973":{"EquivalenDuplicateOf":"804","FuncName":"logical_getcwd","IRPosInFunc":[69],"SrcLoc":"src/pwd.c:317","Type":"EQ$@1$@2$!SUB$@1$@2$"},"974":{"EquivalenDuplicateOf":"804","FuncName":"logical_getcwd","IRPosInFunc":[69],"SrcLoc":"src/pwd.c:317","Type":"EQ$@1$@2$!ADD$@1$@2$"},"975":{"EquivalenDuplicateOf":"806","FuncName":"logical_getcwd","IRPosInFunc":[69],"SrcLoc":"src/pwd.c:317","Type":"EQ$@1$@2$!DIV$@2$@1$"},"976":{"EquivalenDuplicateOf":"804","FuncName":"logical_getcwd","IRPosInFunc":[69],"SrcLoc":"src/pwd.c:317","Type":"EQ$@1$@2$!NEQ$@1$@2$"},"977":{"EquivalenDuplicateOf":"806","FuncName":"logical_getcwd","IRPosInFunc":[69],"SrcLoc":"src/pwd.c:317","Type":"EQ$@1$@2$!BITSHR$@2$@1$"},"978":{"EquivalenDuplicateOf":"804","FuncName":"logical_getcwd","IRPosInFunc":[69],"SrcLoc":"src/pwd.c:317","Type":"EQ$@1$@2$!BITSHL$@1$@2$"},"979":{"EquivalenDuplicateOf":"806","FuncName":"logical_getcwd","IRPosInFunc":[69],"SrcLoc":"src/pwd.c:317","Type":"EQ$@1$@2$!MOD$@2$@1$"},"980":{"EquivalenDuplicateOf":"806","FuncName":"logical_getcwd","IRPosInFunc":[69],"SrcLoc":"src/pwd.c:317","Type":"EQ$@1$@2$!BITAND$@1$@2$"},"981":{"EquivalenDuplicateOf":"776","FuncName":"logical_getcwd","IRPosInFunc":[66],"SrcLoc":"src/pwd.c:317","Type":"EQ$@1$@2$!GE$@1$@2$"},"982":{"EquivalenDuplicateOf":"773","FuncName":"logical_getcwd","IRPosInFunc":[66],"SrcLoc":"src/pwd.c:317","Type":"EQ$@1$@2$!BITSHR$@1$@2$"},"983":{"EquivalenDuplicateOf":"775","FuncName":"logical_getcwd","IRPosInFunc":[66],"SrcLoc":"src/pwd.c:317","Type":"EQ$@1$@2$!LT$@1$@2$"},"984":{"EquivalenDuplicateOf":"776","FuncName":"logical_getcwd","IRPosInFunc":[66],"SrcLoc":"src/pwd.c:317","Type":"EQ$@1$@2$!LE$@2$@1$"},"985":{"EquivalenDuplicateOf":"775","FuncName":"logical_getcwd","IRPosInFunc":[66],"SrcLoc":"src/pwd.c:317","Type":"EQ$@1$@2$!DIV$@2$@1$"},"986":{"EquivalenDuplicateOf":"779","FuncName":"logical_getcwd","IRPosInFunc":[66],"SrcLoc":"src/pwd.c:317","Type":"EQ$@1$@2$!MOD$@1$@2$"},"987":{"EquivalenDuplicateOf":"775","FuncName":"logical_getcwd","IRPosInFunc":[66],"SrcLoc":"src/pwd.c:317","Type":"EQ$@1$@2$!BITSHR$@2$@1$"},"988":{"EquivalenDuplicateOf":"775","FuncName":"logical_getcwd","IRPosInFunc":[66],"SrcLoc":"src/pwd.c:317","Type":"EQ$@1$@2$!GT$@2$@1$"},"989":{"EquivalenDuplicateOf":"775","FuncName":"logical_getcwd","IRPosInFunc":[66],"SrcLoc":"src/pwd.c:317","Type":"EQ$@1$@2$!MOD$@2$@1$"},"990":{"EquivalenDuplicateOf":"773","FuncName":"logical_getcwd","IRPosInFunc":[66],"SrcLoc":"src/pwd.c:317","Type":"EQ$@1$@2$!BITSHR$@1$@2$"},"991":{"EquivalenDuplicateOf":"775","FuncName":"logical_getcwd","IRPosInFunc":[66],"SrcLoc":"src/pwd.c:317","Type":"EQ$@1$@2$!CONSTVAL$0$"},"992":{"EquivalenDuplicateOf":"784","FuncName":"logical_getcwd","IRPosInFunc":[66],"SrcLoc":"src/pwd.c:317","Type":"EQ$@1$@2$!SUB$@2$@1$"},"993":{"EquivalenDuplicateOf":"775","FuncName":"logical_getcwd","IRPosInFunc":[66],"SrcLoc":"src/pwd.c:317","Type":"EQ$@1$@2$!BITSHL$@2$@1$"},"994":{"EquivalenDuplicateOf":"773","FuncName":"logical_getcwd","IRPosInFunc":[66],"SrcLoc":"src/pwd.c:317","Type":"EQ$@1$@2$!BITXOR$@1$@2$"},"995":{"EquivalenDuplicateOf":"776","FuncName":"logical_getcwd","IRPosInFunc":[66],"SrcLoc":"src/pwd.c:317","Type":"EQ$@1$@2$!BITNOT$@2$"},"996":{"EquivalenDuplicateOf":"775","FuncName":"logical_getcwd","IRPosInFunc":[66],"SrcLoc":"src/pwd.c:317","Type":"EQ$@1$@2$!OPERAND$@2$"},"997":{"EquivalenDuplicateOf":"775","FuncName":"logical_getcwd","IRPosInFunc":[66],"SrcLoc":"src/pwd.c:317","Type":"EQ$@1$@2$!NEG$@2$"},"998":{"EquivalenDuplicateOf":"773","FuncName":"logical_getcwd","IRPosInFunc":[66],"SrcLoc":"src/pwd.c:317","Type":"EQ$@1$@2$!OPERAND$@1$"},"999":{"EquivalenDuplicateOf":"775","FuncName":"logical_getcwd","IRPosInFunc":[66],"SrcLoc":"src/pwd.c:317","Type":"EQ$@1$@2$!ABS$@2$"}}