{"1000":{"EquivalenDuplicateOf":"2","FuncName":"usage","IRPosInFunc":[1],"SrcLoc":"","Type":"ASSIGN$V1$@2$!NEG$V1$"},"1001":{"EquivalenDuplicateOf":"2","FuncName":"usage","IRPosInFunc":[1],"SrcLoc":"","Type":"ASSIGN$V1$@2$!BITXOR$V1$@2$"},"1002":{"EquivalenDuplicateOf":"2","FuncName":"usage","IRPosInFunc":[1],"SrcLoc":"","Type":"ASSIGN$V1$@2$!CONSTVAL$1$"},"1003":{"EquivalenDuplicateOf":"2","FuncName":"usage","IRPosInFunc":[1],"SrcLoc":"","Type":"ASSIGN$V1$@2$!BITSHL$V1$@2$"},"1004":{"EquivalenDuplicateOf":"2","FuncName":"usage","IRPosInFunc":[1],"SrcLoc":"","Type":"ASSIGN$V1$@2$!BITSHL$@2$V1$"},"1005":{"EquivalenDuplicateOf":"2","FuncName":"usage","IRPosInFunc":[1],"SrcLoc":"","Type":"ASSIGN$V1$@2$!BITAND$V1$@2$"},"1006":{"EquivalenDuplicateOf":"2","FuncName":"usage","IRPosInFunc":[1],"SrcLoc":"","Type":"ASSIGN$V1$@2$!NEG$@2$"},"1007":{"EquivalenDuplicateOf":"2","FuncName":"usage","IRPosInFunc":[1],"SrcLoc":"","Type":"ASSIGN$V1$@2$!BITNOT$V1$"},"1008":{"EquivalenDuplicateOf":"2","FuncName":"usage","IRPosInFunc":[1],"SrcLoc":"","Type":"ASSIGN$V1$@2$!ADD$V1$@2$"},"1009":{"EquivalenDuplicateOf":"2","FuncName":"usage","IRPosInFunc":[1],"SrcLoc":"","Type":"ASSIGN$V1$@2$!OPERAND$V1$"},"1010":{"EquivalenDuplicateOf":"2","FuncName":"usage","IRPosInFunc":[1],"SrcLoc":"","Type":"ASSIGN$V1$@2$!MOD$@2$V1$"},"1011":{"EquivalenDuplicateOf":"2","FuncName":"usage","IRPosInFunc":[1],"SrcLoc":"","Type":"ASSIGN$V1$@2$!BITOR$V1$@2$"},"596":{"EquivalenDuplicateOf":"0","FuncName":"main","IRPosInFunc":[87],"SrcLoc":"src/nproc.c:133","Type":"@!ABS$@$"},"597":{"EquivalenDuplicateOf":"0","FuncName":"main","IRPosInFunc":[88],"SrcLoc":"src/nproc.c:133","Type":"RETURN_BREAK_CONTINUE!DELSTMT"},"598":{"EquivalenDuplicateOf":"0","FuncName":"main","IRPosInFunc":[88],"SrcLoc":"src/nproc.c:133","Type":"STMT!DELSTMT"},"599":{"EquivalenDuplicateOf":"0","FuncName":"main","IRPosInFunc":[87,88],"SrcLoc":"src/nproc.c:133","Type":"STMT!TRAPSTMT"},"600":{"EquivalenDuplicateOf":"0","FuncName":"main","IRPosInFunc":[86],"SrcLoc":"src/nproc.c:132","Type":"STMT!TRAPSTMT"},"601":{"EquivalenDuplicateOf":"587","FuncName":"main","IRPosInFunc":[81],"SrcLoc":"src/nproc.c:128","Type":"C!ADD$C$-1$"},"602":{"EquivalenDuplicateOf":"567","FuncName":"main","IRPosInFunc":[81],"SrcLoc":"src/nproc.c:128","Type":"ASSIGN$V1$@2$!DIV$@2$V1$"},"603":{"EquivalenDuplicateOf":"567","FuncName":"main","IRPosInFunc":[81],"SrcLoc":"src/nproc.c:128","Type":"ASSIGN$V1$@2$!MOD$V1$@2$"},"604":{"EquivalenDuplicateOf":"567","FuncName":"main","IRPosInFunc":[81],"SrcLoc":"src/nproc.c:128","Type":"ASSIGN$V1$@2$!BITSHR$@2$V1$"},"605":{"EquivalenDuplicateOf":"567","FuncName":"main","IRPosInFunc":[81],"SrcLoc":"src/nproc.c:128","Type":"ASSIGN$V1$@2$!DIV$V1$@2$"},"606":{"EquivalenDuplicateOf":"567","FuncName":"main","IRPosInFunc":[81],"SrcLoc":"src/nproc.c:128","Type":"ASSIGN$V1$@2$!BITSHR$V1$@2$"},"607":{"EquivalenDuplicateOf":"567","FuncName":"main","IRPosInFunc":[81],"SrcLoc":"src/nproc.c:128","Type":"ASSIGN$V1$@2$!MOD$@2$V1$"},"608":{"EquivalenDuplicateOf":"567","FuncName":"main","IRPosInFunc":[81],"SrcLoc":"src/nproc.c:128","Type":"ASSIGN$V1$@2$!DIV$@2$V1$"},"609":{"EquivalenDuplicateOf":"566","FuncName":"main","IRPosInFunc":[81],"SrcLoc":"src/nproc.c:128","Type":"ASSIGN$V1$@2$!BITNOT$@2$"},"610":{"EquivalenDuplicateOf":"566","FuncName":"main","IRPosInFunc":[81],"SrcLoc":"src/nproc.c:128","Type":"ASSIGN$V1$@2$!OPERAND$@2$"},"611":{"EquivalenDuplicateOf":"567","FuncName":"main","IRPosInFunc":[81],"SrcLoc":"src/nproc.c:128","Type":"ASSIGN$V1$@2$!MOD$V1$@2$"},"612":{"EquivalenDuplicateOf":"567","FuncName":"main","IRPosInFunc":[81],"SrcLoc":"src/nproc.c:128","Type":"ASSIGN$V1$@2$!BITSHR$@2$V1$"},"613":{"EquivalenDuplicateOf":"567","FuncName":"main","IRPosInFunc":[81],"SrcLoc":"src/nproc.c:128","Type":"ASSIGN$V1$@2$!SUB$V1$@2$"},"614":{"EquivalenDuplicateOf":"567","FuncName":"main","IRPosInFunc":[81],"SrcLoc":"src/nproc.c:128","Type":"ASSIGN$V1$@2$!SUB$@2$V1$"},"615":{"EquivalenDuplicateOf":"566","FuncName":"main","IRPosInFunc":[81],"SrcLoc":"src/nproc.c:128","Type":"ASSIGN$V1$@2$!ABS$@2$"},"616":{"EquivalenDuplicateOf":"567","FuncName":"main","IRPosInFunc":[81],"SrcLoc":"src/nproc.c:128","Type":"ASSIGN$V1$@2$!DIV$V1$@2$"},"617":{"EquivalenDuplicateOf":"567","FuncName":"main","IRPosInFunc":[81],"SrcLoc":"src/nproc.c:128","Type":"ASSIGN$V1$@2$!MUL$V1$@2$"},"618":{"EquivalenDuplicateOf":"567","FuncName":"main","IRPosInFunc":[81],"SrcLoc":"src/nproc.c:128","Type":"ASSIGN$V1$@2$!BITSHR$V1$@2$"},"619":{"EquivalenDuplicateOf":"566","FuncName":"main","IRPosInFunc":[81],"SrcLoc":"src/nproc.c:128","Type":"ASSIGN$V1$@2$!CONSTVAL$0$"},"620":{"EquivalenDuplicateOf":"567","FuncName":"main","IRPosInFunc":[81],"SrcLoc":"src/nproc.c:128","Type":"ASSIGN$V1$@2$!NEG$V1$"},"621":{"EquivalenDuplicateOf":"567","FuncName":"main","IRPosInFunc":[81],"SrcLoc":"src/nproc.c:128","Type":"ASSIGN$V1$@2$!BITXOR$V1$@2$"},"622":{"EquivalenDuplicateOf":"566","FuncName":"main","IRPosInFunc":[81],"SrcLoc":"src/nproc.c:128","Type":"ASSIGN$V1$@2$!CONSTVAL$1$"},"623":{"EquivalenDuplicateOf":"567","FuncName":"main","IRPosInFunc":[81],"SrcLoc":"src/nproc.c:128","Type":"ASSIGN$V1$@2$!BITSHL$V1$@2$"},"624":{"EquivalenDuplicateOf":"567","FuncName":"main","IRPosInFunc":[81],"SrcLoc":"src/nproc.c:128","Type":"ASSIGN$V1$@2$!BITSHL$@2$V1$"},"625":{"EquivalenDuplicateOf":"567","FuncName":"main","IRPosInFunc":[81],"SrcLoc":"src/nproc.c:128","Type":"ASSIGN$V1$@2$!BITAND$V1$@2$"},"626":{"EquivalenDuplicateOf":"566","FuncName":"main","IRPosInFunc":[81],"SrcLoc":"src/nproc.c:128","Type":"ASSIGN$V1$@2$!NEG$@2$"},"627":{"EquivalenDuplicateOf":"567","FuncName":"main","IRPosInFunc":[81],"SrcLoc":"src/nproc.c:128","Type":"ASSIGN$V1$@2$!BITNOT$V1$"},"628":{"EquivalenDuplicateOf":"567","FuncName":"main","IRPosInFunc":[81],"SrcLoc":"src/nproc.c:128","Type":"ASSIGN$V1$@2$!ADD$V1$@2$"},"629":{"EquivalenDuplicateOf":"567","FuncName":"main","IRPosInFunc":[81],"SrcLoc":"src/nproc.c:128","Type":"ASSIGN$V1$@2$!OPERAND$V1$"},"630":{"EquivalenDuplicateOf":"567","FuncName":"main","IRPosInFunc":[81],"SrcLoc":"src/nproc.c:128","Type":"ASSIGN$V1$@2$!MOD$@2$V1$"},"631":{"EquivalenDuplicateOf":"564","FuncName":"main","IRPosInFunc":[80],"SrcLoc":"src/nproc.c:126","Type":"RETURN_BREAK_CONTINUE!DELSTMT"},"632":{"EquivalenDuplicateOf":"538","FuncName":"main","IRPosInFunc":[79],"SrcLoc":"src/nproc.c:126","Type":"ASSIGN$V1$@2$!DIV$@2$V1$"},"633":{"EquivalenDuplicateOf":"538","FuncName":"main","IRPosInFunc":[79],"SrcLoc":"src/nproc.c:126","Type":"ASSIGN$V1$@2$!MOD$V1$@2$"},"634":{"EquivalenDuplicateOf":"538","FuncName":"main","IRPosInFunc":[79],"SrcLoc":"src/nproc.c:126","Type":"ASSIGN$V1$@2$!BITSHR$@2$V1$"},"635":{"EquivalenDuplicateOf":"538","FuncName":"main","IRPosInFunc":[79],"SrcLoc":"src/nproc.c:126","Type":"ASSIGN$V1$@2$!DIV$V1$@2$"},"636":{"EquivalenDuplicateOf":"538","FuncName":"main","IRPosInFunc":[79],"SrcLoc":"src/nproc.c:126","Type":"ASSIGN$V1$@2$!BITSHR$V1$@2$"},"637":{"EquivalenDuplicateOf":"538","FuncName":"main","IRPosInFunc":[79],"SrcLoc":"src/nproc.c:126","Type":"ASSIGN$V1$@2$!MOD$@2$V1$"},"638":{"EquivalenDuplicateOf":"538","FuncName":"main","IRPosInFunc":[79],"SrcLoc":"src/nproc.c:126","Type":"ASSIGN$V1$@2$!DIV$@2$V1$"},"639":{"EquivalenDuplicateOf":"538","FuncName":"main","IRPosInFunc":[79],"SrcLoc":"src/nproc.c:126","Type":"ASSIGN$V1$@2$!BITNOT$@2$"},"640":{"EquivalenDuplicateOf":"539","FuncName":"main","IRPosInFunc":[79],"SrcLoc":"src/nproc.c:126","Type":"ASSIGN$V1$@2$!OPERAND$@2$"},"641":{"EquivalenDuplicateOf":"538","FuncName":"main","IRPosInFunc":[79],"SrcLoc":"src/nproc.c:126","Type":"ASSIGN$V1$@2$!MOD$V1$@2$"},"642":{"EquivalenDuplicateOf":"538","FuncName":"main","IRPosInFunc":[79],"SrcLoc":"src/nproc.c:126","Type":"ASSIGN$V1$@2$!BITSHR$@2$V1$"},"643":{"EquivalenDuplicateOf":"538","FuncName":"main","IRPosInFunc":[79],"SrcLoc":"src/nproc.c:126","Type":"ASSIGN$V1$@2$!SUB$V1$@2$"},"644":{"EquivalenDuplicateOf":"538","FuncName":"main","IRPosInFunc":[79],"SrcLoc":"src/nproc.c:126","Type":"ASSIGN$V1$@2$!SUB$@2$V1$"},"645":{"EquivalenDuplicateOf":"538","FuncName":"main","IRPosInFunc":[79],"SrcLoc":"src/nproc.c:126","Type":"ASSIGN$V1$@2$!DIV$V1$@2$"},"646":{"EquivalenDuplicateOf":"538","FuncName":"main","IRPosInFunc":[79],"SrcLoc":"src/nproc.c:126","Type":"ASSIGN$V1$@2$!MUL$V1$@2$"},"647":{"EquivalenDuplicateOf":"538","FuncName":"main","IRPosInFunc":[79],"SrcLoc":"src/nproc.c:126","Type":"ASSIGN$V1$@2$!BITSHR$V1$@2$"},"648":{"EquivalenDuplicateOf":"539","FuncName":"main","IRPosInFunc":[79],"SrcLoc":"src/nproc.c:126","Type":"ASSIGN$V1$@2$!CONSTVAL$0$"},"649":{"EquivalenDuplicateOf":"539","FuncName":"main","IRPosInFunc":[79],"SrcLoc":"src/nproc.c:126","Type":"ASSIGN$V1$@2$!NEG$V1$"},"650":{"EquivalenDuplicateOf":"538","FuncName":"main","IRPosInFunc":[79],"SrcLoc":"src/nproc.c:126","Type":"ASSIGN$V1$@2$!BITXOR$V1$@2$"},"651":{"EquivalenDuplicateOf":"539","FuncName":"main","IRPosInFunc":[79],"SrcLoc":"src/nproc.c:126","Type":"ASSIGN$V1$@2$!CONSTVAL$1$"},"652":{"EquivalenDuplicateOf":"538","FuncName":"main","IRPosInFunc":[79],"SrcLoc":"src/nproc.c:126","Type":"ASSIGN$V1$@2$!BITSHL$V1$@2$"},"653":{"EquivalenDuplicateOf":"538","FuncName":"main","IRPosInFunc":[79],"SrcLoc":"src/nproc.c:126","Type":"ASSIGN$V1$@2$!BITSHL$@2$V1$"},"654":{"EquivalenDuplicateOf":"538","FuncName":"main","IRPosInFunc":[79],"SrcLoc":"src/nproc.c:126","Type":"ASSIGN$V1$@2$!BITAND$V1$@2$"},"655":{"EquivalenDuplicateOf":"538","FuncName":"main","IRPosInFunc":[79],"SrcLoc":"src/nproc.c:126","Type":"ASSIGN$V1$@2$!NEG$@2$"},"656":{"EquivalenDuplicateOf":"539","FuncName":"main","IRPosInFunc":[79],"SrcLoc":"src/nproc.c:126","Type":"ASSIGN$V1$@2$!BITNOT$V1$"},"657":{"EquivalenDuplicateOf":"538","FuncName":"main","IRPosInFunc":[79],"SrcLoc":"src/nproc.c:126","Type":"ASSIGN$V1$@2$!ADD$V1$@2$"},"658":{"EquivalenDuplicateOf":"538","FuncName":"main","IRPosInFunc":[79],"SrcLoc":"src/nproc.c:126","Type":"ASSIGN$V1$@2$!MOD$@2$V1$"},"659":{"EquivalenDuplicateOf":"501","FuncName":"main","IRPosInFunc":[78],"SrcLoc":"src/nproc.c:126","Type":"SUB$V1$@2$!ASSIGN$V1$@2$"},"660":{"EquivalenDuplicateOf":"528","FuncName":"main","IRPosInFunc":[78],"SrcLoc":"src/nproc.c:126","Type":"SUB$@1$@2$!GT$@1$@2$"},"661":{"EquivalenDuplicateOf":"426","FuncName":"main","IRPosInFunc":[71],"SrcLoc":"src/nproc.c:123","Type":"ASSIGN$V1$@2$!DIV$@2$V1$"},"662":{"EquivalenDuplicateOf":"426","FuncName":"main","IRPosInFunc":[71],"SrcLoc":"src/nproc.c:123","Type":"ASSIGN$V1$@2$!MOD$V1$@2$"},"663":{"EquivalenDuplicateOf":"426","FuncName":"main","IRPosInFunc":[71],"SrcLoc":"src/nproc.c:123","Type":"ASSIGN$V1$@2$!BITSHR$@2$V1$"},"664":{"EquivalenDuplicateOf":"426","FuncName":"main","IRPosInFunc":[71],"SrcLoc":"src/nproc.c:123","Type":"ASSIGN$V1$@2$!DIV$V1$@2$"},"665":{"EquivalenDuplicateOf":"426","FuncName":"main","IRPosInFunc":[71],"SrcLoc":"src/nproc.c:123","Type":"ASSIGN$V1$@2$!BITSHR$V1$@2$"},"666":{"EquivalenDuplicateOf":"426","FuncName":"main","IRPosInFunc":[71],"SrcLoc":"src/nproc.c:123","Type":"ASSIGN$V1$@2$!MOD$@2$V1$"},"667":{"EquivalenDuplicateOf":"426","FuncName":"main","IRPosInFunc":[71],"SrcLoc":"src/nproc.c:123","Type":"ASSIGN$V1$@2$!DIV$@2$V1$"},"668":{"EquivalenDuplicateOf":"427","FuncName":"main","IRPosInFunc":[71],"SrcLoc":"src/nproc.c:123","Type":"ASSIGN$V1$@2$!BITNOT$@2$"},"669":{"EquivalenDuplicateOf":"427","FuncName":"main","IRPosInFunc":[71],"SrcLoc":"src/nproc.c:123","Type":"ASSIGN$V1$@2$!OPERAND$@2$"},"670":{"EquivalenDuplicateOf":"426","FuncName":"main","IRPosInFunc":[71],"SrcLoc":"src/nproc.c:123","Type":"ASSIGN$V1$@2$!MOD$V1$@2$"},"671":{"EquivalenDuplicateOf":"426","FuncName":"main","IRPosInFunc":[71],"SrcLoc":"src/nproc.c:123","Type":"ASSIGN$V1$@2$!BITSHR$@2$V1$"},"672":{"EquivalenDuplicateOf":"426","FuncName":"main","IRPosInFunc":[71],"SrcLoc":"src/nproc.c:123","Type":"ASSIGN$V1$@2$!SUB$V1$@2$"},"673":{"EquivalenDuplicateOf":"426","FuncName":"main","IRPosInFunc":[71],"SrcLoc":"src/nproc.c:123","Type":"ASSIGN$V1$@2$!SUB$@2$V1$"},"674":{"EquivalenDuplicateOf":"426","FuncName":"main","IRPosInFunc":[71],"SrcLoc":"src/nproc.c:123","Type":"ASSIGN$V1$@2$!DIV$V1$@2$"},"675":{"EquivalenDuplicateOf":"426","FuncName":"main","IRPosInFunc":[71],"SrcLoc":"src/nproc.c:123","Type":"ASSIGN$V1$@2$!MUL$V1$@2$"},"676":{"EquivalenDuplicateOf":"426","FuncName":"main","IRPosInFunc":[71],"SrcLoc":"src/nproc.c:123","Type":"ASSIGN$V1$@2$!BITSHR$V1$@2$"},"677":{"EquivalenDuplicateOf":"427","FuncName":"main","IRPosInFunc":[71],"SrcLoc":"src/nproc.c:123","Type":"ASSIGN$V1$@2$!CONSTVAL$0$"},"678":{"EquivalenDuplicateOf":"426","FuncName":"main","IRPosInFunc":[71],"SrcLoc":"src/nproc.c:123","Type":"ASSIGN$V1$@2$!NEG$V1$"},"679":{"EquivalenDuplicateOf":"426","FuncName":"main","IRPosInFunc":[71],"SrcLoc":"src/nproc.c:123","Type":"ASSIGN$V1$@2$!BITXOR$V1$@2$"},"680":{"EquivalenDuplicateOf":"427","FuncName":"main","IRPosInFunc":[71],"SrcLoc":"src/nproc.c:123","Type":"ASSIGN$V1$@2$!CONSTVAL$1$"},"681":{"EquivalenDuplicateOf":"426","FuncName":"main","IRPosInFunc":[71],"SrcLoc":"src/nproc.c:123","Type":"ASSIGN$V1$@2$!BITSHL$V1$@2$"},"682":{"EquivalenDuplicateOf":"426","FuncName":"main","IRPosInFunc":[71],"SrcLoc":"src/nproc.c:123","Type":"ASSIGN$V1$@2$!BITSHL$@2$V1$"},"683":{"EquivalenDuplicateOf":"426","FuncName":"main","IRPosInFunc":[71],"SrcLoc":"src/nproc.c:123","Type":"ASSIGN$V1$@2$!BITAND$V1$@2$"},"684":{"EquivalenDuplicateOf":"427","FuncName":"main","IRPosInFunc":[71],"SrcLoc":"src/nproc.c:123","Type":"ASSIGN$V1$@2$!NEG$@2$"},"685":{"EquivalenDuplicateOf":"426","FuncName":"main","IRPosInFunc":[71],"SrcLoc":"src/nproc.c:123","Type":"ASSIGN$V1$@2$!BITNOT$V1$"},"686":{"EquivalenDuplicateOf":"426","FuncName":"main","IRPosInFunc":[71],"SrcLoc":"src/nproc.c:123","Type":"ASSIGN$V1$@2$!ADD$V1$@2$"},"687":{"EquivalenDuplicateOf":"426","FuncName":"main","IRPosInFunc":[71],"SrcLoc":"src/nproc.c:123","Type":"ASSIGN$V1$@2$!MOD$@2$V1$"},"688":{"EquivalenDuplicateOf":"0","FuncName":"main","IRPosInFunc":[68],"SrcLoc":"src/nproc.c:120","Type":"STMT!TRAPSTMT"},"689":{"EquivalenDuplicateOf":"0","FuncName":"main","IRPosInFunc":[66],"SrcLoc":"src/nproc.c:119","Type":"CALL!SHUFFLEARGS$2$"},"690":{"EquivalenDuplicateOf":"252","FuncName":"main","IRPosInFunc":[56,57,58,59],"SrcLoc":"src/nproc.c:117","Type":"STMT!TRAPSTMT"},"691":{"EquivalenDuplicateOf":"344","FuncName":"main","IRPosInFunc":[55],"SrcLoc":"src/nproc.c:115","Type":"RETURN_BREAK_CONTINUE!DELSTMT"},"692":{"EquivalenDuplicateOf":"0","FuncName":"main","IRPosInFunc":[54],"SrcLoc":"src/nproc.c:113","Type":"STMT!TRAPSTMT"},"693":{"EquivalenDuplicateOf":"340","FuncName":"main","IRPosInFunc":[52],"SrcLoc":"src/nproc.c:110","Type":"RETURN_BREAK_CONTINUE!DELSTMT"},"694":{"EquivalenDuplicateOf":"0","FuncName":"main","IRPosInFunc":[51],"SrcLoc":"src/nproc.c:108","Type":"STMT!TRAPSTMT"},"695":{"EquivalenDuplicateOf":"0","FuncName":"main","IRPosInFunc":[49],"SrcLoc":"src/nproc.c:107","Type":"CALL!SHUFFLEARGS$2$"},"696":{"EquivalenDuplicateOf":"309","FuncName":"main","IRPosInFunc":[45],"SrcLoc":"src/nproc.c:105","Type":"@!ABS$@$"},"697":{"EquivalenDuplicateOf":"311","FuncName":"main","IRPosInFunc":[46],"SrcLoc":"src/nproc.c:105","Type":"NEQ$@1$@2$!BITSHR$@2$@1$"},"698":{"EquivalenDuplicateOf":"311","FuncName":"main","IRPosInFunc":[46],"SrcLoc":"src/nproc.c:105","Type":"NEQ$@1$@2$!LT$@1$@2$"},"699":{"EquivalenDuplicateOf":"0","FuncName":"main","IRPosInFunc":[46],"SrcLoc":"src/nproc.c:105","Type":"NEQ$@1$@2$!BITSHR$@1$@2$"},"700":{"EquivalenDuplicateOf":"310","FuncName":"main","IRPosInFunc":[46],"SrcLoc":"src/nproc.c:105","Type":"NEQ$@1$@2$!GE$@1$@2$"},"701":{"EquivalenDuplicateOf":"311","FuncName":"main","IRPosInFunc":[46],"SrcLoc":"src/nproc.c:105","Type":"NEQ$@1$@2$!GT$@2$@1$"},"702":{"EquivalenDuplicateOf":"317","FuncName":"main","IRPosInFunc":[46],"SrcLoc":"src/nproc.c:105","Type":"NEQ$@1$@2$!MOD$@1$@2$"},"703":{"EquivalenDuplicateOf":"311","FuncName":"main","IRPosInFunc":[46],"SrcLoc":"src/nproc.c:105","Type":"NEQ$@1$@2$!MOD$@2$@1$"},"704":{"EquivalenDuplicateOf":"311","FuncName":"main","IRPosInFunc":[46],"SrcLoc":"src/nproc.c:105","Type":"NEQ$@1$@2$!DIV$@2$@1$"},"705":{"EquivalenDuplicateOf":"310","FuncName":"main","IRPosInFunc":[46],"SrcLoc":"src/nproc.c:105","Type":"NEQ$@1$@2$!LE$@2$@1$"},"706":{"EquivalenDuplicateOf":"311","FuncName":"main","IRPosInFunc":[46],"SrcLoc":"src/nproc.c:105","Type":"NEQ$@1$@2$!BITSHR$@2$@1$"},"707":{"EquivalenDuplicateOf":"311","FuncName":"main","IRPosInFunc":[46],"SrcLoc":"src/nproc.c:105","Type":"NEQ$@1$@2$!NEG$@2$"},"708":{"EquivalenDuplicateOf":"311","FuncName":"main","IRPosInFunc":[46],"SrcLoc":"src/nproc.c:105","Type":"NEQ$@1$@2$!MUL$@1$@2$"},"709":{"EquivalenDuplicateOf":"0","FuncName":"main","IRPosInFunc":[46],"SrcLoc":"src/nproc.c:105","Type":"NEQ$@1$@2$!SUB$@1$@2$"},"710":{"EquivalenDuplicateOf":"0","FuncName":"main","IRPosInFunc":[46],"SrcLoc":"src/nproc.c:105","Type":"NEQ$@1$@2$!BITSHR$@1$@2$"},"711":{"EquivalenDuplicateOf":"311","FuncName":"main","IRPosInFunc":[46],"SrcLoc":"src/nproc.c:105","Type":"NEQ$@1$@2$!BITSHL$@2$@1$"},"712":{"EquivalenDuplicateOf":"0","FuncName":"main","IRPosInFunc":[46],"SrcLoc":"src/nproc.c:105","Type":"NEQ$@1$@2$!BITOR$@1$@2$"},"713":{"EquivalenDuplicateOf":"310","FuncName":"main","IRPosInFunc":[46],"SrcLoc":"src/nproc.c:105","Type":"NEQ$@1$@2$!CONSTVAL$1$"},"714":{"EquivalenDuplicateOf":"311","FuncName":"main","IRPosInFunc":[46],"SrcLoc":"src/nproc.c:105","Type":"NEQ$@1$@2$!ABS$@2$"},"715":{"EquivalenDuplicateOf":"0","FuncName":"main","IRPosInFunc":[46],"SrcLoc":"src/nproc.c:105","Type":"NEQ$@1$@2$!OPERAND$@1$"},"716":{"EquivalenDuplicateOf":"315","FuncName":"main","IRPosInFunc":[46],"SrcLoc":"src/nproc.c:105","Type":"NEQ$@1$@2$!NEG$@1$"},"717":{"EquivalenDuplicateOf":"311","FuncName":"main","IRPosInFunc":[46],"SrcLoc":"src/nproc.c:105","Type":"NEQ$@1$@2$!MOD$@2$@1$"},"718":{"EquivalenDuplicateOf":"311","FuncName":"main","IRPosInFunc":[46],"SrcLoc":"src/nproc.c:105","Type":"NEQ$@1$@2$!OPERAND$@2$"},"719":{"EquivalenDuplicateOf":"0","FuncName":"main","IRPosInFunc":[46],"SrcLoc":"src/nproc.c:105","Type":"NEQ$@1$@2$!BITSHL$@1$@2$"},"720":{"EquivalenDuplicateOf":"311","FuncName":"main","IRPosInFunc":[46],"SrcLoc":"src/nproc.c:105","Type":"NEQ$@1$@2$!DIV$@2$@1$"},"721":{"EquivalenDuplicateOf":"0","FuncName":"main","IRPosInFunc":[46],"SrcLoc":"src/nproc.c:105","Type":"NEQ$@1$@2$!ADD$@1$@2$"},"722":{"EquivalenDuplicateOf":"311","FuncName":"main","IRPosInFunc":[46],"SrcLoc":"src/nproc.c:105","Type":"NEQ$@1$@2$!BITAND$@1$@2$"},"723":{"EquivalenDuplicateOf":"0","FuncName":"main","IRPosInFunc":[46],"SrcLoc":"src/nproc.c:105","Type":"NEQ$@1$@2$!BITXOR$@1$@2$"},"724":{"EquivalenDuplicateOf":"307","FuncName":"main","IRPosInFunc":[43],"SrcLoc":"src/nproc.c:102","Type":"RETURN_BREAK_CONTINUE!DELSTMT"},"725":{"EquivalenDuplicateOf":"288","FuncName":"main","IRPosInFunc":[42],"SrcLoc":"src/nproc.c:101","Type":"ASSIGN$V1$@2$!DIV$@2$V1$"},"726":{"EquivalenDuplicateOf":"288","FuncName":"main","IRPosInFunc":[42],"SrcLoc":"src/nproc.c:101","Type":"ASSIGN$V1$@2$!GT$@2$V1$"},"727":{"EquivalenDuplicateOf":"288","FuncName":"main","IRPosInFunc":[42],"SrcLoc":"src/nproc.c:101","Type":"ASSIGN$V1$@2$!MOD$V1$@2$"},"728":{"EquivalenDuplicateOf":"288","FuncName":"main","IRPosInFunc":[42],"SrcLoc":"src/nproc.c:101","Type":"ASSIGN$V1$@2$!BITSHR$@2$V1$"},"729":{"EquivalenDuplicateOf":"288","FuncName":"main","IRPosInFunc":[42],"SrcLoc":"src/nproc.c:101","Type":"ASSIGN$V1$@2$!GE$V1$@2$"},"730":{"EquivalenDuplicateOf":"288","FuncName":"main","IRPosInFunc":[42],"SrcLoc":"src/nproc.c:101","Type":"ASSIGN$V1$@2$!DIV$V1$@2$"},"731":{"EquivalenDuplicateOf":"288","FuncName":"main","IRPosInFunc":[42],"SrcLoc":"src/nproc.c:101","Type":"ASSIGN$V1$@2$!BITSHR$V1$@2$"},"732":{"EquivalenDuplicateOf":"288","FuncName":"main","IRPosInFunc":[42],"SrcLoc":"src/nproc.c:101","Type":"ASSIGN$V1$@2$!LT$V1$@2$"},"733":{"EquivalenDuplicateOf":"288","FuncName":"main","IRPosInFunc":[42],"SrcLoc":"src/nproc.c:101","Type":"ASSIGN$V1$@2$!LE$@2$V1$"},"734":{"EquivalenDuplicateOf":"288","FuncName":"main","IRPosInFunc":[42],"SrcLoc":"src/nproc.c:101","Type":"ASSIGN$V1$@2$!MOD$@2$V1$"},"735":{"EquivalenDuplicateOf":"288","FuncName":"main","IRPosInFunc":[42],"SrcLoc":"src/nproc.c:101","Type":"ASSIGN$V1$@2$!DIV$@2$V1$"},"736":{"EquivalenDuplicateOf":"286","FuncName":"main","IRPosInFunc":[42],"SrcLoc":"src/nproc.c:101","Type":"ASSIGN$V1$@2$!BITNOT$@2$"},"737":{"EquivalenDuplicateOf":"286","FuncName":"main","IRPosInFunc":[42],"SrcLoc":"src/nproc.c:101","Type":"ASSIGN$V1$@2$!OPERAND$@2$"},"738":{"EquivalenDuplicateOf":"288","FuncName":"main","IRPosInFunc":[42],"SrcLoc":"src/nproc.c:101","Type":"ASSIGN$V1$@2$!MOD$V1$@2$"},"739":{"EquivalenDuplicateOf":"288","FuncName":"main","IRPosInFunc":[42],"SrcLoc":"src/nproc.c:101","Type":"ASSIGN$V1$@2$!BITSHR$@2$V1$"},"740":{"EquivalenDuplicateOf":"288","FuncName":"main","IRPosInFunc":[42],"SrcLoc":"src/nproc.c:101","Type":"ASSIGN$V1$@2$!SUB$V1$@2$"},"741":{"EquivalenDuplicateOf":"288","FuncName":"main","IRPosInFunc":[42],"SrcLoc":"src/nproc.c:101","Type":"ASSIGN$V1$@2$!SUB$@2$V1$"},"742":{"EquivalenDuplicateOf":"286","FuncName":"main","IRPosInFunc":[42],"SrcLoc":"src/nproc.c:101","Type":"ASSIGN$V1$@2$!ABS$@2$"},"743":{"EquivalenDuplicateOf":"288","FuncName":"main","IRPosInFunc":[42],"SrcLoc":"src/nproc.c:101","Type":"ASSIGN$V1$@2$!DIV$V1$@2$"},"744":{"EquivalenDuplicateOf":"288","FuncName":"main","IRPosInFunc":[42],"SrcLoc":"src/nproc.c:101","Type":"ASSIGN$V1$@2$!MUL$V1$@2$"},"745":{"EquivalenDuplicateOf":"288","FuncName":"main","IRPosInFunc":[42],"SrcLoc":"src/nproc.c:101","Type":"ASSIGN$V1$@2$!BITSHR$V1$@2$"},"746":{"EquivalenDuplicateOf":"286","FuncName":"main","IRPosInFunc":[42],"SrcLoc":"src/nproc.c:101","Type":"ASSIGN$V1$@2$!CONSTVAL$0$"},"747":{"EquivalenDuplicateOf":"288","FuncName":"main","IRPosInFunc":[42],"SrcLoc":"src/nproc.c:101","Type":"ASSIGN$V1$@2$!NEG$V1$"},"748":{"EquivalenDuplicateOf":"288","FuncName":"main","IRPosInFunc":[42],"SrcLoc":"src/nproc.c:101","Type":"ASSIGN$V1$@2$!BITXOR$V1$@2$"},"749":{"EquivalenDuplicateOf":"286","FuncName":"main","IRPosInFunc":[42],"SrcLoc":"src/nproc.c:101","Type":"ASSIGN$V1$@2$!CONSTVAL$1$"},"750":{"EquivalenDuplicateOf":"288","FuncName":"main","IRPosInFunc":[42],"SrcLoc":"src/nproc.c:101","Type":"ASSIGN$V1$@2$!BITSHL$V1$@2$"},"751":{"EquivalenDuplicateOf":"288","FuncName":"main","IRPosInFunc":[42],"SrcLoc":"src/nproc.c:101","Type":"ASSIGN$V1$@2$!BITSHL$@2$V1$"},"752":{"EquivalenDuplicateOf":"288","FuncName":"main","IRPosInFunc":[42],"SrcLoc":"src/nproc.c:101","Type":"ASSIGN$V1$@2$!BITAND$V1$@2$"},"753":{"EquivalenDuplicateOf":"286","FuncName":"main","IRPosInFunc":[42],"SrcLoc":"src/nproc.c:101","Type":"ASSIGN$V1$@2$!NEG$@2$"},"754":{"EquivalenDuplicateOf":"288","FuncName":"main","IRPosInFunc":[42],"SrcLoc":"src/nproc.c:101","Type":"ASSIGN$V1$@2$!BITNOT$V1$"},"755":{"EquivalenDuplicateOf":"288","FuncName":"main","IRPosInFunc":[42],"SrcLoc":"src/nproc.c:101","Type":"ASSIGN$V1$@2$!ADD$V1$@2$"},"756":{"EquivalenDuplicateOf":"287","FuncName":"main","IRPosInFunc":[42],"SrcLoc":"src/nproc.c:101","Type":"ASSIGN$V1$@2$!OPERAND$V1$"},"757":{"EquivalenDuplicateOf":"0","FuncName":"main","IRPosInFunc":[41],"SrcLoc":"src/nproc.c:98","Type":"STMT!TRAPSTMT"},"758":{"EquivalenDuplicateOf":"273","FuncName":"main","IRPosInFunc":[39],"SrcLoc":"src/nproc.c:98","Type":"CALL!SHUFFLEARGS$2$"},"759":{"EquivalenDuplicateOf":"274","FuncName":"main","IRPosInFunc":[39],"SrcLoc":"src/nproc.c:98","Type":"CALL!SHUFFLEARGS$2$"},"760":{"EquivalenDuplicateOf":"275","FuncName":"main","IRPosInFunc":[39],"SrcLoc":"src/nproc.c:98","Type":"CALL!SHUFFLEARGS$2$"},"761":{"EquivalenDuplicateOf":"274","FuncName":"main","IRPosInFunc":[39],"SrcLoc":"src/nproc.c:98","Type":"CALL!SHUFFLEARGS$2$"},"762":{"EquivalenDuplicateOf":"276","FuncName":"main","IRPosInFunc":[39],"SrcLoc":"src/nproc.c:98","Type":"CALL!SHUFFLEARGS$2$"},"763":{"EquivalenDuplicateOf":"277","FuncName":"main","IRPosInFunc":[39],"SrcLoc":"src/nproc.c:98","Type":"CALL!SHUFFLEARGS$2$"},"764":{"EquivalenDuplicateOf":"278","FuncName":"main","IRPosInFunc":[39],"SrcLoc":"src/nproc.c:98","Type":"CALL!SHUFFLEARGS$2$"},"765":{"EquivalenDuplicateOf":"276","FuncName":"main","IRPosInFunc":[39],"SrcLoc":"src/nproc.c:98","Type":"CALL!SHUFFLEARGS$2$"},"766":{"EquivalenDuplicateOf":"277","FuncName":"main","IRPosInFunc":[39],"SrcLoc":"src/nproc.c:98","Type":"CALL!SHUFFLEARGS$2$"},"767":{"EquivalenDuplicateOf":"276","FuncName":"main","IRPosInFunc":[39],"SrcLoc":"src/nproc.c:98","Type":"CALL!SHUFFLEARGS$2$"},"768":{"EquivalenDuplicateOf":"279","FuncName":"main","IRPosInFunc":[39],"SrcLoc":"src/nproc.c:98","Type":"CALL!SHUFFLEARGS$2$"},"769":{"EquivalenDuplicateOf":"280","FuncName":"main","IRPosInFunc":[39],"SrcLoc":"src/nproc.c:98","Type":"CALL!SHUFFLEARGS$2$"},"770":{"EquivalenDuplicateOf":"281","FuncName":"main","IRPosInFunc":[39],"SrcLoc":"src/nproc.c:98","Type":"CALL!SHUFFLEARGS$2$"},"771":{"EquivalenDuplicateOf":"279","FuncName":"main","IRPosInFunc":[39],"SrcLoc":"src/nproc.c:98","Type":"CALL!SHUFFLEARGS$2$"},"772":{"EquivalenDuplicateOf":"280","FuncName":"main","IRPosInFunc":[39],"SrcLoc":"src/nproc.c:98","Type":"CALL!SHUFFLEARGS$2$"},"773":{"EquivalenDuplicateOf":"279","FuncName":"main","IRPosInFunc":[39],"SrcLoc":"src/nproc.c:98","Type":"CALL!SHUFFLEARGS$2$"},"774":{"EquivalenDuplicateOf":"273","FuncName":"main","IRPosInFunc":[39],"SrcLoc":"src/nproc.c:98","Type":"CALL!SHUFFLEARGS$2$"},"775":{"EquivalenDuplicateOf":"274","FuncName":"main","IRPosInFunc":[39],"SrcLoc":"src/nproc.c:98","Type":"CALL!SHUFFLEARGS$2$"},"776":{"EquivalenDuplicateOf":"275","FuncName":"main","IRPosInFunc":[39],"SrcLoc":"src/nproc.c:98","Type":"CALL!SHUFFLEARGS$2$"},"777":{"EquivalenDuplicateOf":"274","FuncName":"main","IRPosInFunc":[39],"SrcLoc":"src/nproc.c:98","Type":"CALL!SHUFFLEARGS$2$"},"778":{"EquivalenDuplicateOf":"276","FuncName":"main","IRPosInFunc":[39],"SrcLoc":"src/nproc.c:98","Type":"CALL!SHUFFLEARGS$2$"},"779":{"EquivalenDuplicateOf":"277","FuncName":"main","IRPosInFunc":[39],"SrcLoc":"src/nproc.c:98","Type":"CALL!SHUFFLEARGS$2$"},"780":{"EquivalenDuplicateOf":"276","FuncName":"main","IRPosInFunc":[39],"SrcLoc":"src/nproc.c:98","Type":"CALL!SHUFFLEARGS$2$"},"781":{"EquivalenDuplicateOf":"273","FuncName":"main","IRPosInFunc":[39],"SrcLoc":"src/nproc.c:98","Type":"CALL!SHUFFLEARGS$2$"},"782":{"EquivalenDuplicateOf":"274","FuncName":"main","IRPosInFunc":[39],"SrcLoc":"src/nproc.c:98","Type":"CALL!SHUFFLEARGS$2$"},"783":{"EquivalenDuplicateOf":"0","FuncName":"main","IRPosInFunc":[36],"SrcLoc":"src/nproc.c:96","Type":"STMT!TRAPSTMT"},"784":{"EquivalenDuplicateOf":"265","FuncName":"main","IRPosInFunc":[35],"SrcLoc":"src/nproc.c:96","Type":"STMT!DELSTMT"},"785":{"EquivalenDuplicateOf":"253","FuncName":"main","IRPosInFunc":[32],"SrcLoc":"src/nproc.c:93","Type":"RETURN_BREAK_CONTINUE!DELSTMT"},"786":{"EquivalenDuplicateOf":"222","FuncName":"main","IRPosInFunc":[30],"SrcLoc":"src/nproc.c:92","Type":"EQ$@1$@2$!BITSHR$@1$@2$"},"787":{"EquivalenDuplicateOf":"234","FuncName":"main","IRPosInFunc":[30],"SrcLoc":"src/nproc.c:92","Type":"EQ$@1$@2$!LT$@2$@1$"},"788":{"EquivalenDuplicateOf":"217","FuncName":"main","IRPosInFunc":[30],"SrcLoc":"src/nproc.c:92","Type":"EQ$@1$@2$!GE$@2$@1$"},"789":{"EquivalenDuplicateOf":"234","FuncName":"main","IRPosInFunc":[30],"SrcLoc":"src/nproc.c:92","Type":"EQ$@1$@2$!GT$@1$@2$"},"790":{"EquivalenDuplicateOf":"217","FuncName":"main","IRPosInFunc":[30],"SrcLoc":"src/nproc.c:92","Type":"EQ$@1$@2$!LE$@1$@2$"},"791":{"EquivalenDuplicateOf":"222","FuncName":"main","IRPosInFunc":[30],"SrcLoc":"src/nproc.c:92","Type":"EQ$@1$@2$!BITSHR$@1$@2$"},"792":{"EquivalenDuplicateOf":"234","FuncName":"main","IRPosInFunc":[30],"SrcLoc":"src/nproc.c:92","Type":"EQ$@1$@2$!CONSTVAL$0$"},"793":{"EquivalenDuplicateOf":"218","FuncName":"main","IRPosInFunc":[30],"SrcLoc":"src/nproc.c:92","Type":"EQ$@1$@2$!BITXOR$@1$@2$"},"794":{"EquivalenDuplicateOf":"217","FuncName":"main","IRPosInFunc":[30],"SrcLoc":"src/nproc.c:92","Type":"EQ$@1$@2$!OPERAND$@2$"},"795":{"EquivalenDuplicateOf":"217","FuncName":"main","IRPosInFunc":[30],"SrcLoc":"src/nproc.c:92","Type":"EQ$@1$@2$!NEG$@2$"},"796":{"EquivalenDuplicateOf":"220","FuncName":"main","IRPosInFunc":[30],"SrcLoc":"src/nproc.c:92","Type":"EQ$@1$@2$!OPERAND$@1$"},"797":{"EquivalenDuplicateOf":"217","FuncName":"main","IRPosInFunc":[30],"SrcLoc":"src/nproc.c:92","Type":"EQ$@1$@2$!ABS$@2$"},"798":{"EquivalenDuplicateOf":"217","FuncName":"main","IRPosInFunc":[30],"SrcLoc":"src/nproc.c:92","Type":"EQ$@1$@2$!BITSHR$@2$@1$"},"799":{"EquivalenDuplicateOf":"217","FuncName":"main","IRPosInFunc":[30],"SrcLoc":"src/nproc.c:92","Type":"EQ$@1$@2$!CONSTVAL$1$"},"800":{"EquivalenDuplicateOf":"215","FuncName":"main","IRPosInFunc":[30],"SrcLoc":"src/nproc.c:92","Type":"C!ADD$C$1$"},"801":{"EquivalenDuplicateOf":"183","FuncName":"main","IRPosInFunc":[28],"SrcLoc":"src/nproc.c:91","Type":"ASSIGN$V1$@2$!DIV$@2$V1$"},"802":{"EquivalenDuplicateOf":"183","FuncName":"main","IRPosInFunc":[28],"SrcLoc":"src/nproc.c:91","Type":"ASSIGN$V1$@2$!MOD$V1$@2$"},"803":{"EquivalenDuplicateOf":"183","FuncName":"main","IRPosInFunc":[28],"SrcLoc":"src/nproc.c:91","Type":"ASSIGN$V1$@2$!BITSHR$@2$V1$"},"804":{"EquivalenDuplicateOf":"183","FuncName":"main","IRPosInFunc":[28],"SrcLoc":"src/nproc.c:91","Type":"ASSIGN$V1$@2$!DIV$V1$@2$"},"805":{"EquivalenDuplicateOf":"183","FuncName":"main","IRPosInFunc":[28],"SrcLoc":"src/nproc.c:91","Type":"ASSIGN$V1$@2$!BITSHR$V1$@2$"},"806":{"EquivalenDuplicateOf":"183","FuncName":"main","IRPosInFunc":[28],"SrcLoc":"src/nproc.c:91","Type":"ASSIGN$V1$@2$!MOD$@2$V1$"},"807":{"EquivalenDuplicateOf":"183","FuncName":"main","IRPosInFunc":[28],"SrcLoc":"src/nproc.c:91","Type":"ASSIGN$V1$@2$!DIV$@2$V1$"},"808":{"EquivalenDuplicateOf":"183","FuncName":"main","IRPosInFunc":[28],"SrcLoc":"src/nproc.c:91","Type":"ASSIGN$V1$@2$!BITNOT$@2$"},"809":{"EquivalenDuplicateOf":"183","FuncName":"main","IRPosInFunc":[28],"SrcLoc":"src/nproc.c:91","Type":"ASSIGN$V1$@2$!OPERAND$@2$"},"810":{"EquivalenDuplicateOf":"183","FuncName":"main","IRPosInFunc":[28],"SrcLoc":"src/nproc.c:91","Type":"ASSIGN$V1$@2$!MOD$V1$@2$"},"811":{"EquivalenDuplicateOf":"183","FuncName":"main","IRPosInFunc":[28],"SrcLoc":"src/nproc.c:91","Type":"ASSIGN$V1$@2$!BITSHR$@2$V1$"},"812":{"EquivalenDuplicateOf":"183","FuncName":"main","IRPosInFunc":[28],"SrcLoc":"src/nproc.c:91","Type":"ASSIGN$V1$@2$!SUB$V1$@2$"},"813":{"EquivalenDuplicateOf":"183","FuncName":"main","IRPosInFunc":[28],"SrcLoc":"src/nproc.c:91","Type":"ASSIGN$V1$@2$!SUB$@2$V1$"},"814":{"EquivalenDuplicateOf":"183","FuncName":"main","IRPosInFunc":[28],"SrcLoc":"src/nproc.c:91","Type":"ASSIGN$V1$@2$!DIV$V1$@2$"},"815":{"EquivalenDuplicateOf":"183","FuncName":"main","IRPosInFunc":[28],"SrcLoc":"src/nproc.c:91","Type":"ASSIGN$V1$@2$!MUL$V1$@2$"},"816":{"EquivalenDuplicateOf":"183","FuncName":"main","IRPosInFunc":[28],"SrcLoc":"src/nproc.c:91","Type":"ASSIGN$V1$@2$!BITSHR$V1$@2$"},"817":{"EquivalenDuplicateOf":"183","FuncName":"main","IRPosInFunc":[28],"SrcLoc":"src/nproc.c:91","Type":"ASSIGN$V1$@2$!CONSTVAL$0$"},"818":{"EquivalenDuplicateOf":"183","FuncName":"main","IRPosInFunc":[28],"SrcLoc":"src/nproc.c:91","Type":"ASSIGN$V1$@2$!NEG$V1$"},"819":{"EquivalenDuplicateOf":"183","FuncName":"main","IRPosInFunc":[28],"SrcLoc":"src/nproc.c:91","Type":"ASSIGN$V1$@2$!BITXOR$V1$@2$"},"820":{"EquivalenDuplicateOf":"183","FuncName":"main","IRPosInFunc":[28],"SrcLoc":"src/nproc.c:91","Type":"ASSIGN$V1$@2$!CONSTVAL$1$"},"821":{"EquivalenDuplicateOf":"183","FuncName":"main","IRPosInFunc":[28],"SrcLoc":"src/nproc.c:91","Type":"ASSIGN$V1$@2$!BITSHL$V1$@2$"},"822":{"EquivalenDuplicateOf":"183","FuncName":"main","IRPosInFunc":[28],"SrcLoc":"src/nproc.c:91","Type":"ASSIGN$V1$@2$!BITSHL$@2$V1$"},"823":{"EquivalenDuplicateOf":"183","FuncName":"main","IRPosInFunc":[28],"SrcLoc":"src/nproc.c:91","Type":"ASSIGN$V1$@2$!BITAND$V1$@2$"},"824":{"EquivalenDuplicateOf":"183","FuncName":"main","IRPosInFunc":[28],"SrcLoc":"src/nproc.c:91","Type":"ASSIGN$V1$@2$!NEG$@2$"},"825":{"EquivalenDuplicateOf":"183","FuncName":"main","IRPosInFunc":[28],"SrcLoc":"src/nproc.c:91","Type":"ASSIGN$V1$@2$!BITNOT$V1$"},"826":{"EquivalenDuplicateOf":"183","FuncName":"main","IRPosInFunc":[28],"SrcLoc":"src/nproc.c:91","Type":"ASSIGN$V1$@2$!ADD$V1$@2$"},"827":{"EquivalenDuplicateOf":"183","FuncName":"main","IRPosInFunc":[28],"SrcLoc":"src/nproc.c:91","Type":"ASSIGN$V1$@2$!OPERAND$V1$"},"828":{"EquivalenDuplicateOf":"183","FuncName":"main","IRPosInFunc":[28],"SrcLoc":"src/nproc.c:91","Type":"ASSIGN$V1$@2$!MOD$@2$V1$"},"829":{"EquivalenDuplicateOf":"181","FuncName":"main","IRPosInFunc":[25,26,27,28],"SrcLoc":"src/nproc.c:91","Type":"STMT!TRAPSTMT"},"830":{"EquivalenDuplicateOf":"158","FuncName":"main","IRPosInFunc":[22],"SrcLoc":"src/nproc.c:87","Type":"ASSIGN$V1$@2$!DIV$@2$V1$"},"831":{"EquivalenDuplicateOf":"158","FuncName":"main","IRPosInFunc":[22],"SrcLoc":"src/nproc.c:87","Type":"ASSIGN$V1$@2$!MOD$V1$@2$"},"832":{"EquivalenDuplicateOf":"158","FuncName":"main","IRPosInFunc":[22],"SrcLoc":"src/nproc.c:87","Type":"ASSIGN$V1$@2$!BITSHR$@2$V1$"},"833":{"EquivalenDuplicateOf":"158","FuncName":"main","IRPosInFunc":[22],"SrcLoc":"src/nproc.c:87","Type":"ASSIGN$V1$@2$!DIV$V1$@2$"},"834":{"EquivalenDuplicateOf":"158","FuncName":"main","IRPosInFunc":[22],"SrcLoc":"src/nproc.c:87","Type":"ASSIGN$V1$@2$!BITSHR$V1$@2$"},"835":{"EquivalenDuplicateOf":"158","FuncName":"main","IRPosInFunc":[22],"SrcLoc":"src/nproc.c:87","Type":"ASSIGN$V1$@2$!MOD$@2$V1$"},"836":{"EquivalenDuplicateOf":"158","FuncName":"main","IRPosInFunc":[22],"SrcLoc":"src/nproc.c:87","Type":"ASSIGN$V1$@2$!DIV$@2$V1$"},"837":{"EquivalenDuplicateOf":"157","FuncName":"main","IRPosInFunc":[22],"SrcLoc":"src/nproc.c:87","Type":"ASSIGN$V1$@2$!BITNOT$@2$"},"838":{"EquivalenDuplicateOf":"157","FuncName":"main","IRPosInFunc":[22],"SrcLoc":"src/nproc.c:87","Type":"ASSIGN$V1$@2$!OPERAND$@2$"},"839":{"EquivalenDuplicateOf":"158","FuncName":"main","IRPosInFunc":[22],"SrcLoc":"src/nproc.c:87","Type":"ASSIGN$V1$@2$!MOD$V1$@2$"},"840":{"EquivalenDuplicateOf":"158","FuncName":"main","IRPosInFunc":[22],"SrcLoc":"src/nproc.c:87","Type":"ASSIGN$V1$@2$!BITSHR$@2$V1$"},"841":{"EquivalenDuplicateOf":"158","FuncName":"main","IRPosInFunc":[22],"SrcLoc":"src/nproc.c:87","Type":"ASSIGN$V1$@2$!SUB$V1$@2$"},"842":{"EquivalenDuplicateOf":"158","FuncName":"main","IRPosInFunc":[22],"SrcLoc":"src/nproc.c:87","Type":"ASSIGN$V1$@2$!SUB$@2$V1$"},"843":{"EquivalenDuplicateOf":"157","FuncName":"main","IRPosInFunc":[22],"SrcLoc":"src/nproc.c:87","Type":"ASSIGN$V1$@2$!ABS$@2$"},"844":{"EquivalenDuplicateOf":"158","FuncName":"main","IRPosInFunc":[22],"SrcLoc":"src/nproc.c:87","Type":"ASSIGN$V1$@2$!DIV$V1$@2$"},"845":{"EquivalenDuplicateOf":"158","FuncName":"main","IRPosInFunc":[22],"SrcLoc":"src/nproc.c:87","Type":"ASSIGN$V1$@2$!MUL$V1$@2$"},"846":{"EquivalenDuplicateOf":"158","FuncName":"main","IRPosInFunc":[22],"SrcLoc":"src/nproc.c:87","Type":"ASSIGN$V1$@2$!BITSHR$V1$@2$"},"847":{"EquivalenDuplicateOf":"157","FuncName":"main","IRPosInFunc":[22],"SrcLoc":"src/nproc.c:87","Type":"ASSIGN$V1$@2$!CONSTVAL$0$"},"848":{"EquivalenDuplicateOf":"158","FuncName":"main","IRPosInFunc":[22],"SrcLoc":"src/nproc.c:87","Type":"ASSIGN$V1$@2$!NEG$V1$"},"849":{"EquivalenDuplicateOf":"158","FuncName":"main","IRPosInFunc":[22],"SrcLoc":"src/nproc.c:87","Type":"ASSIGN$V1$@2$!BITXOR$V1$@2$"},"850":{"EquivalenDuplicateOf":"157","FuncName":"main","IRPosInFunc":[22],"SrcLoc":"src/nproc.c:87","Type":"ASSIGN$V1$@2$!CONSTVAL$1$"},"851":{"EquivalenDuplicateOf":"158","FuncName":"main","IRPosInFunc":[22],"SrcLoc":"src/nproc.c:87","Type":"ASSIGN$V1$@2$!BITSHL$V1$@2$"},"852":{"EquivalenDuplicateOf":"158","FuncName":"main","IRPosInFunc":[22],"SrcLoc":"src/nproc.c:87","Type":"ASSIGN$V1$@2$!BITSHL$@2$V1$"},"853":{"EquivalenDuplicateOf":"158","FuncName":"main","IRPosInFunc":[22],"SrcLoc":"src/nproc.c:87","Type":"ASSIGN$V1$@2$!BITAND$V1$@2$"},"854":{"EquivalenDuplicateOf":"157","FuncName":"main","IRPosInFunc":[22],"SrcLoc":"src/nproc.c:87","Type":"ASSIGN$V1$@2$!NEG$@2$"},"855":{"EquivalenDuplicateOf":"158","FuncName":"main","IRPosInFunc":[22],"SrcLoc":"src/nproc.c:87","Type":"ASSIGN$V1$@2$!BITNOT$V1$"},"856":{"EquivalenDuplicateOf":"158","FuncName":"main","IRPosInFunc":[22],"SrcLoc":"src/nproc.c:87","Type":"ASSIGN$V1$@2$!ADD$V1$@2$"},"857":{"EquivalenDuplicateOf":"157","FuncName":"main","IRPosInFunc":[22],"SrcLoc":"src/nproc.c:87","Type":"ASSIGN$V1$@2$!OPERAND$V1$"},"858":{"EquivalenDuplicateOf":"158","FuncName":"main","IRPosInFunc":[22],"SrcLoc":"src/nproc.c:87","Type":"ASSIGN$V1$@2$!MOD$@2$V1$"},"859":{"EquivalenDuplicateOf":"123","FuncName":"main","IRPosInFunc":[14],"SrcLoc":"src/nproc.c:78","Type":"ASSIGN$V1$@2$!DIV$@2$V1$"},"860":{"EquivalenDuplicateOf":"123","FuncName":"main","IRPosInFunc":[14],"SrcLoc":"src/nproc.c:78","Type":"ASSIGN$V1$@2$!GT$@2$V1$"},"861":{"EquivalenDuplicateOf":"123","FuncName":"main","IRPosInFunc":[14],"SrcLoc":"src/nproc.c:78","Type":"ASSIGN$V1$@2$!MOD$V1$@2$"},"862":{"EquivalenDuplicateOf":"123","FuncName":"main","IRPosInFunc":[14],"SrcLoc":"src/nproc.c:78","Type":"ASSIGN$V1$@2$!BITSHR$@2$V1$"},"863":{"EquivalenDuplicateOf":"123","FuncName":"main","IRPosInFunc":[14],"SrcLoc":"src/nproc.c:78","Type":"ASSIGN$V1$@2$!GE$V1$@2$"},"864":{"EquivalenDuplicateOf":"123","FuncName":"main","IRPosInFunc":[14],"SrcLoc":"src/nproc.c:78","Type":"ASSIGN$V1$@2$!DIV$V1$@2$"},"865":{"EquivalenDuplicateOf":"123","FuncName":"main","IRPosInFunc":[14],"SrcLoc":"src/nproc.c:78","Type":"ASSIGN$V1$@2$!BITSHR$V1$@2$"},"866":{"EquivalenDuplicateOf":"123","FuncName":"main","IRPosInFunc":[14],"SrcLoc":"src/nproc.c:78","Type":"ASSIGN$V1$@2$!LT$V1$@2$"},"867":{"EquivalenDuplicateOf":"123","FuncName":"main","IRPosInFunc":[14],"SrcLoc":"src/nproc.c:78","Type":"ASSIGN$V1$@2$!LE$@2$V1$"},"868":{"EquivalenDuplicateOf":"123","FuncName":"main","IRPosInFunc":[14],"SrcLoc":"src/nproc.c:78","Type":"ASSIGN$V1$@2$!MOD$@2$V1$"},"869":{"EquivalenDuplicateOf":"123","FuncName":"main","IRPosInFunc":[14],"SrcLoc":"src/nproc.c:78","Type":"ASSIGN$V1$@2$!DIV$@2$V1$"},"870":{"EquivalenDuplicateOf":"122","FuncName":"main","IRPosInFunc":[14],"SrcLoc":"src/nproc.c:78","Type":"ASSIGN$V1$@2$!BITNOT$@2$"},"871":{"EquivalenDuplicateOf":"122","FuncName":"main","IRPosInFunc":[14],"SrcLoc":"src/nproc.c:78","Type":"ASSIGN$V1$@2$!OPERAND$@2$"},"872":{"EquivalenDuplicateOf":"123","FuncName":"main","IRPosInFunc":[14],"SrcLoc":"src/nproc.c:78","Type":"ASSIGN$V1$@2$!MOD$V1$@2$"},"873":{"EquivalenDuplicateOf":"123","FuncName":"main","IRPosInFunc":[14],"SrcLoc":"src/nproc.c:78","Type":"ASSIGN$V1$@2$!BITSHR$@2$V1$"},"874":{"EquivalenDuplicateOf":"123","FuncName":"main","IRPosInFunc":[14],"SrcLoc":"src/nproc.c:78","Type":"ASSIGN$V1$@2$!SUB$V1$@2$"},"875":{"EquivalenDuplicateOf":"123","FuncName":"main","IRPosInFunc":[14],"SrcLoc":"src/nproc.c:78","Type":"ASSIGN$V1$@2$!SUB$@2$V1$"},"876":{"EquivalenDuplicateOf":"122","FuncName":"main","IRPosInFunc":[14],"SrcLoc":"src/nproc.c:78","Type":"ASSIGN$V1$@2$!ABS$@2$"},"877":{"EquivalenDuplicateOf":"123","FuncName":"main","IRPosInFunc":[14],"SrcLoc":"src/nproc.c:78","Type":"ASSIGN$V1$@2$!DIV$V1$@2$"},"878":{"EquivalenDuplicateOf":"123","FuncName":"main","IRPosInFunc":[14],"SrcLoc":"src/nproc.c:78","Type":"ASSIGN$V1$@2$!MUL$V1$@2$"},"879":{"EquivalenDuplicateOf":"123","FuncName":"main","IRPosInFunc":[14],"SrcLoc":"src/nproc.c:78","Type":"ASSIGN$V1$@2$!BITSHR$V1$@2$"},"880":{"EquivalenDuplicateOf":"122","FuncName":"main","IRPosInFunc":[14],"SrcLoc":"src/nproc.c:78","Type":"ASSIGN$V1$@2$!CONSTVAL$0$"},"881":{"EquivalenDuplicateOf":"123","FuncName":"main","IRPosInFunc":[14],"SrcLoc":"src/nproc.c:78","Type":"ASSIGN$V1$@2$!NEG$V1$"},"882":{"EquivalenDuplicateOf":"123","FuncName":"main","IRPosInFunc":[14],"SrcLoc":"src/nproc.c:78","Type":"ASSIGN$V1$@2$!BITXOR$V1$@2$"},"883":{"EquivalenDuplicateOf":"122","FuncName":"main","IRPosInFunc":[14],"SrcLoc":"src/nproc.c:78","Type":"ASSIGN$V1$@2$!CONSTVAL$1$"},"884":{"EquivalenDuplicateOf":"123","FuncName":"main","IRPosInFunc":[14],"SrcLoc":"src/nproc.c:78","Type":"ASSIGN$V1$@2$!BITSHL$V1$@2$"},"885":{"EquivalenDuplicateOf":"123","FuncName":"main","IRPosInFunc":[14],"SrcLoc":"src/nproc.c:78","Type":"ASSIGN$V1$@2$!BITSHL$@2$V1$"},"886":{"EquivalenDuplicateOf":"123","FuncName":"main","IRPosInFunc":[14],"SrcLoc":"src/nproc.c:78","Type":"ASSIGN$V1$@2$!BITAND$V1$@2$"},"887":{"EquivalenDuplicateOf":"122","FuncName":"main","IRPosInFunc":[14],"SrcLoc":"src/nproc.c:78","Type":"ASSIGN$V1$@2$!NEG$@2$"},"888":{"EquivalenDuplicateOf":"123","FuncName":"main","IRPosInFunc":[14],"SrcLoc":"src/nproc.c:78","Type":"ASSIGN$V1$@2$!BITNOT$V1$"},"889":{"EquivalenDuplicateOf":"123","FuncName":"main","IRPosInFunc":[14],"SrcLoc":"src/nproc.c:78","Type":"ASSIGN$V1$@2$!ADD$V1$@2$"},"890":{"EquivalenDuplicateOf":"122","FuncName":"main","IRPosInFunc":[14],"SrcLoc":"src/nproc.c:78","Type":"ASSIGN$V1$@2$!OPERAND$V1$"},"891":{"EquivalenDuplicateOf":"122","FuncName":"main","IRPosInFunc":[14],"SrcLoc":"src/nproc.c:78","Type":"ASSIGN$V1$@2$!BITOR$V1$@2$"},"892":{"EquivalenDuplicateOf":"98","FuncName":"main","IRPosInFunc":[8],"SrcLoc":"","Type":"ASSIGN$V1$@2$!DIV$@2$V1$"},"893":{"EquivalenDuplicateOf":"98","FuncName":"main","IRPosInFunc":[8],"SrcLoc":"","Type":"ASSIGN$V1$@2$!MOD$V1$@2$"},"894":{"EquivalenDuplicateOf":"98","FuncName":"main","IRPosInFunc":[8],"SrcLoc":"","Type":"ASSIGN$V1$@2$!BITSHR$@2$V1$"},"895":{"EquivalenDuplicateOf":"98","FuncName":"main","IRPosInFunc":[8],"SrcLoc":"","Type":"ASSIGN$V1$@2$!DIV$V1$@2$"},"896":{"EquivalenDuplicateOf":"98","FuncName":"main","IRPosInFunc":[8],"SrcLoc":"","Type":"ASSIGN$V1$@2$!BITSHR$V1$@2$"},"897":{"EquivalenDuplicateOf":"98","FuncName":"main","IRPosInFunc":[8],"SrcLoc":"","Type":"ASSIGN$V1$@2$!MOD$@2$V1$"},"898":{"EquivalenDuplicateOf":"98","FuncName":"main","IRPosInFunc":[8],"SrcLoc":"","Type":"ASSIGN$V1$@2$!DIV$@2$V1$"},"899":{"EquivalenDuplicateOf":"97","FuncName":"main","IRPosInFunc":[8],"SrcLoc":"","Type":"ASSIGN$V1$@2$!BITNOT$@2$"},"900":{"EquivalenDuplicateOf":"97","FuncName":"main","IRPosInFunc":[8],"SrcLoc":"","Type":"ASSIGN$V1$@2$!OPERAND$@2$"},"901":{"EquivalenDuplicateOf":"98","FuncName":"main","IRPosInFunc":[8],"SrcLoc":"","Type":"ASSIGN$V1$@2$!MOD$V1$@2$"},"902":{"EquivalenDuplicateOf":"98","FuncName":"main","IRPosInFunc":[8],"SrcLoc":"","Type":"ASSIGN$V1$@2$!BITSHR$@2$V1$"},"903":{"EquivalenDuplicateOf":"98","FuncName":"main","IRPosInFunc":[8],"SrcLoc":"","Type":"ASSIGN$V1$@2$!SUB$V1$@2$"},"904":{"EquivalenDuplicateOf":"98","FuncName":"main","IRPosInFunc":[8],"SrcLoc":"","Type":"ASSIGN$V1$@2$!SUB$@2$V1$"},"905":{"EquivalenDuplicateOf":"98","FuncName":"main","IRPosInFunc":[8],"SrcLoc":"","Type":"ASSIGN$V1$@2$!DIV$V1$@2$"},"906":{"EquivalenDuplicateOf":"98","FuncName":"main","IRPosInFunc":[8],"SrcLoc":"","Type":"ASSIGN$V1$@2$!MUL$V1$@2$"},"907":{"EquivalenDuplicateOf":"98","FuncName":"main","IRPosInFunc":[8],"SrcLoc":"","Type":"ASSIGN$V1$@2$!BITSHR$V1$@2$"},"908":{"EquivalenDuplicateOf":"97","FuncName":"main","IRPosInFunc":[8],"SrcLoc":"","Type":"ASSIGN$V1$@2$!CONSTVAL$0$"},"909":{"EquivalenDuplicateOf":"98","FuncName":"main","IRPosInFunc":[8],"SrcLoc":"","Type":"ASSIGN$V1$@2$!NEG$V1$"},"910":{"EquivalenDuplicateOf":"98","FuncName":"main","IRPosInFunc":[8],"SrcLoc":"","Type":"ASSIGN$V1$@2$!BITXOR$V1$@2$"},"911":{"EquivalenDuplicateOf":"97","FuncName":"main","IRPosInFunc":[8],"SrcLoc":"","Type":"ASSIGN$V1$@2$!CONSTVAL$1$"},"912":{"EquivalenDuplicateOf":"98","FuncName":"main","IRPosInFunc":[8],"SrcLoc":"","Type":"ASSIGN$V1$@2$!BITSHL$V1$@2$"},"913":{"EquivalenDuplicateOf":"98","FuncName":"main","IRPosInFunc":[8],"SrcLoc":"","Type":"ASSIGN$V1$@2$!BITSHL$@2$V1$"},"914":{"EquivalenDuplicateOf":"98","FuncName":"main","IRPosInFunc":[8],"SrcLoc":"","Type":"ASSIGN$V1$@2$!BITAND$V1$@2$"},"915":{"EquivalenDuplicateOf":"97","FuncName":"main","IRPosInFunc":[8],"SrcLoc":"","Type":"ASSIGN$V1$@2$!NEG$@2$"},"916":{"EquivalenDuplicateOf":"98","FuncName":"main","IRPosInFunc":[8],"SrcLoc":"","Type":"ASSIGN$V1$@2$!BITNOT$V1$"},"917":{"EquivalenDuplicateOf":"98","FuncName":"main","IRPosInFunc":[8],"SrcLoc":"","Type":"ASSIGN$V1$@2$!ADD$V1$@2$"},"918":{"EquivalenDuplicateOf":"97","FuncName":"main","IRPosInFunc":[8],"SrcLoc":"","Type":"ASSIGN$V1$@2$!OPERAND$V1$"},"919":{"EquivalenDuplicateOf":"98","FuncName":"main","IRPosInFunc":[8],"SrcLoc":"","Type":"ASSIGN$V1$@2$!MOD$@2$V1$"},"920":{"EquivalenDuplicateOf":"78","FuncName":"main","IRPosInFunc":[7],"SrcLoc":"","Type":"ASSIGN$V1$@2$!DIV$@2$V1$"},"921":{"EquivalenDuplicateOf":"78","FuncName":"main","IRPosInFunc":[7],"SrcLoc":"","Type":"ASSIGN$V1$@2$!GT$@2$V1$"},"922":{"EquivalenDuplicateOf":"78","FuncName":"main","IRPosInFunc":[7],"SrcLoc":"","Type":"ASSIGN$V1$@2$!MOD$V1$@2$"},"923":{"EquivalenDuplicateOf":"78","FuncName":"main","IRPosInFunc":[7],"SrcLoc":"","Type":"ASSIGN$V1$@2$!BITSHR$@2$V1$"},"924":{"EquivalenDuplicateOf":"78","FuncName":"main","IRPosInFunc":[7],"SrcLoc":"","Type":"ASSIGN$V1$@2$!GE$V1$@2$"},"925":{"EquivalenDuplicateOf":"78","FuncName":"main","IRPosInFunc":[7],"SrcLoc":"","Type":"ASSIGN$V1$@2$!DIV$V1$@2$"},"926":{"EquivalenDuplicateOf":"78","FuncName":"main","IRPosInFunc":[7],"SrcLoc":"","Type":"ASSIGN$V1$@2$!BITSHR$V1$@2$"},"927":{"EquivalenDuplicateOf":"78","FuncName":"main","IRPosInFunc":[7],"SrcLoc":"","Type":"ASSIGN$V1$@2$!LT$V1$@2$"},"928":{"EquivalenDuplicateOf":"78","FuncName":"main","IRPosInFunc":[7],"SrcLoc":"","Type":"ASSIGN$V1$@2$!LE$@2$V1$"},"929":{"EquivalenDuplicateOf":"78","FuncName":"main","IRPosInFunc":[7],"SrcLoc":"","Type":"ASSIGN$V1$@2$!MOD$@2$V1$"},"930":{"EquivalenDuplicateOf":"78","FuncName":"main","IRPosInFunc":[7],"SrcLoc":"","Type":"ASSIGN$V1$@2$!DIV$@2$V1$"},"931":{"EquivalenDuplicateOf":"76","FuncName":"main","IRPosInFunc":[7],"SrcLoc":"","Type":"ASSIGN$V1$@2$!BITNOT$@2$"},"932":{"EquivalenDuplicateOf":"76","FuncName":"main","IRPosInFunc":[7],"SrcLoc":"","Type":"ASSIGN$V1$@2$!OPERAND$@2$"},"933":{"EquivalenDuplicateOf":"78","FuncName":"main","IRPosInFunc":[7],"SrcLoc":"","Type":"ASSIGN$V1$@2$!MOD$V1$@2$"},"934":{"EquivalenDuplicateOf":"78","FuncName":"main","IRPosInFunc":[7],"SrcLoc":"","Type":"ASSIGN$V1$@2$!BITSHR$@2$V1$"},"935":{"EquivalenDuplicateOf":"78","FuncName":"main","IRPosInFunc":[7],"SrcLoc":"","Type":"ASSIGN$V1$@2$!SUB$V1$@2$"},"936":{"EquivalenDuplicateOf":"78","FuncName":"main","IRPosInFunc":[7],"SrcLoc":"","Type":"ASSIGN$V1$@2$!SUB$@2$V1$"},"937":{"EquivalenDuplicateOf":"76","FuncName":"main","IRPosInFunc":[7],"SrcLoc":"","Type":"ASSIGN$V1$@2$!ABS$@2$"},"938":{"EquivalenDuplicateOf":"78","FuncName":"main","IRPosInFunc":[7],"SrcLoc":"","Type":"ASSIGN$V1$@2$!DIV$V1$@2$"},"939":{"EquivalenDuplicateOf":"78","FuncName":"main","IRPosInFunc":[7],"SrcLoc":"","Type":"ASSIGN$V1$@2$!MUL$V1$@2$"},"940":{"EquivalenDuplicateOf":"78","FuncName":"main","IRPosInFunc":[7],"SrcLoc":"","Type":"ASSIGN$V1$@2$!BITSHR$V1$@2$"},"941":{"EquivalenDuplicateOf":"76","FuncName":"main","IRPosInFunc":[7],"SrcLoc":"","Type":"ASSIGN$V1$@2$!CONSTVAL$0$"},"942":{"EquivalenDuplicateOf":"78","FuncName":"main","IRPosInFunc":[7],"SrcLoc":"","Type":"ASSIGN$V1$@2$!NEG$V1$"},"943":{"EquivalenDuplicateOf":"78","FuncName":"main","IRPosInFunc":[7],"SrcLoc":"","Type":"ASSIGN$V1$@2$!BITXOR$V1$@2$"},"944":{"EquivalenDuplicateOf":"76","FuncName":"main","IRPosInFunc":[7],"SrcLoc":"","Type":"ASSIGN$V1$@2$!CONSTVAL$1$"},"945":{"EquivalenDuplicateOf":"78","FuncName":"main","IRPosInFunc":[7],"SrcLoc":"","Type":"ASSIGN$V1$@2$!BITSHL$V1$@2$"},"946":{"EquivalenDuplicateOf":"78","FuncName":"main","IRPosInFunc":[7],"SrcLoc":"","Type":"ASSIGN$V1$@2$!BITSHL$@2$V1$"},"947":{"EquivalenDuplicateOf":"78","FuncName":"main","IRPosInFunc":[7],"SrcLoc":"","Type":"ASSIGN$V1$@2$!BITAND$V1$@2$"},"948":{"EquivalenDuplicateOf":"76","FuncName":"main","IRPosInFunc":[7],"SrcLoc":"","Type":"ASSIGN$V1$@2$!NEG$@2$"},"949":{"EquivalenDuplicateOf":"78","FuncName":"main","IRPosInFunc":[7],"SrcLoc":"","Type":"ASSIGN$V1$@2$!BITNOT$V1$"},"950":{"EquivalenDuplicateOf":"78","FuncName":"main","IRPosInFunc":[7],"SrcLoc":"","Type":"ASSIGN$V1$@2$!ADD$V1$@2$"},"951":{"EquivalenDuplicateOf":"77","FuncName":"main","IRPosInFunc":[7],"SrcLoc":"","Type":"ASSIGN$V1$@2$!OPERAND$V1$"},"952":{"EquivalenDuplicateOf":"0","FuncName":"usage","IRPosInFunc":[23],"SrcLoc":"src/nproc.c:73","Type":"STMT!TRAPSTMT"},"953":{"EquivalenDuplicateOf":"0","FuncName":"usage","IRPosInFunc":[22],"SrcLoc":"src/nproc.c:72","Type":"STMT!TRAPSTMT"},"954":{"EquivalenDuplicateOf":"52","FuncName":"usage","IRPosInFunc":[7],"SrcLoc":"src/nproc.c:54","Type":"RETURN_BREAK_CONTINUE!DELSTMT"},"955":{"EquivalenDuplicateOf":"25","FuncName":"usage","IRPosInFunc":[3],"SrcLoc":"src/nproc.c:53","Type":"@!ABS$@$"},"956":{"EquivalenDuplicateOf":"27","FuncName":"usage","IRPosInFunc":[4],"SrcLoc":"src/nproc.c:53","Type":"NEQ$@1$@2$!BITSHR$@2$@1$"},"957":{"EquivalenDuplicateOf":"27","FuncName":"usage","IRPosInFunc":[4],"SrcLoc":"src/nproc.c:53","Type":"NEQ$@1$@2$!LT$@1$@2$"},"958":{"EquivalenDuplicateOf":"0","FuncName":"usage","IRPosInFunc":[4],"SrcLoc":"src/nproc.c:53","Type":"NEQ$@1$@2$!BITSHR$@1$@2$"},"959":{"EquivalenDuplicateOf":"26","FuncName":"usage","IRPosInFunc":[4],"SrcLoc":"src/nproc.c:53","Type":"NEQ$@1$@2$!GE$@1$@2$"},"960":{"EquivalenDuplicateOf":"27","FuncName":"usage","IRPosInFunc":[4],"SrcLoc":"src/nproc.c:53","Type":"NEQ$@1$@2$!GT$@2$@1$"},"961":{"EquivalenDuplicateOf":"33","FuncName":"usage","IRPosInFunc":[4],"SrcLoc":"src/nproc.c:53","Type":"NEQ$@1$@2$!MOD$@1$@2$"},"962":{"EquivalenDuplicateOf":"27","FuncName":"usage","IRPosInFunc":[4],"SrcLoc":"src/nproc.c:53","Type":"NEQ$@1$@2$!MOD$@2$@1$"},"963":{"EquivalenDuplicateOf":"27","FuncName":"usage","IRPosInFunc":[4],"SrcLoc":"src/nproc.c:53","Type":"NEQ$@1$@2$!DIV$@2$@1$"},"964":{"EquivalenDuplicateOf":"26","FuncName":"usage","IRPosInFunc":[4],"SrcLoc":"src/nproc.c:53","Type":"NEQ$@1$@2$!LE$@2$@1$"},"965":{"EquivalenDuplicateOf":"27","FuncName":"usage","IRPosInFunc":[4],"SrcLoc":"src/nproc.c:53","Type":"NEQ$@1$@2$!BITSHR$@2$@1$"},"966":{"EquivalenDuplicateOf":"27","FuncName":"usage","IRPosInFunc":[4],"SrcLoc":"src/nproc.c:53","Type":"NEQ$@1$@2$!NEG$@2$"},"967":{"EquivalenDuplicateOf":"27","FuncName":"usage","IRPosInFunc":[4],"SrcLoc":"src/nproc.c:53","Type":"NEQ$@1$@2$!MUL$@1$@2$"},"968":{"EquivalenDuplicateOf":"0","FuncName":"usage","IRPosInFunc":[4],"SrcLoc":"src/nproc.c:53","Type":"NEQ$@1$@2$!SUB$@1$@2$"},"969":{"EquivalenDuplicateOf":"0","FuncName":"usage","IRPosInFunc":[4],"SrcLoc":"src/nproc.c:53","Type":"NEQ$@1$@2$!BITSHR$@1$@2$"},"970":{"EquivalenDuplicateOf":"27","FuncName":"usage","IRPosInFunc":[4],"SrcLoc":"src/nproc.c:53","Type":"NEQ$@1$@2$!BITSHL$@2$@1$"},"971":{"EquivalenDuplicateOf":"0","FuncName":"usage","IRPosInFunc":[4],"SrcLoc":"src/nproc.c:53","Type":"NEQ$@1$@2$!BITOR$@1$@2$"},"972":{"EquivalenDuplicateOf":"26","FuncName":"usage","IRPosInFunc":[4],"SrcLoc":"src/nproc.c:53","Type":"NEQ$@1$@2$!CONSTVAL$1$"},"973":{"EquivalenDuplicateOf":"27","FuncName":"usage","IRPosInFunc":[4],"SrcLoc":"src/nproc.c:53","Type":"NEQ$@1$@2$!ABS$@2$"},"974":{"EquivalenDuplicateOf":"0","FuncName":"usage","IRPosInFunc":[4],"SrcLoc":"src/nproc.c:53","Type":"NEQ$@1$@2$!OPERAND$@1$"},"975":{"EquivalenDuplicateOf":"31","FuncName":"usage","IRPosInFunc":[4],"SrcLoc":"src/nproc.c:53","Type":"NEQ$@1$@2$!NEG$@1$"},"976":{"EquivalenDuplicateOf":"27","FuncName":"usage","IRPosInFunc":[4],"SrcLoc":"src/nproc.c:53","Type":"NEQ$@1$@2$!MOD$@2$@1$"},"977":{"EquivalenDuplicateOf":"27","FuncName":"usage","IRPosInFunc":[4],"SrcLoc":"src/nproc.c:53","Type":"NEQ$@1$@2$!OPERAND$@2$"},"978":{"EquivalenDuplicateOf":"0","FuncName":"usage","IRPosInFunc":[4],"SrcLoc":"src/nproc.c:53","Type":"NEQ$@1$@2$!BITSHL$@1$@2$"},"979":{"EquivalenDuplicateOf":"27","FuncName":"usage","IRPosInFunc":[4],"SrcLoc":"src/nproc.c:53","Type":"NEQ$@1$@2$!DIV$@2$@1$"},"980":{"EquivalenDuplicateOf":"0","FuncName":"usage","IRPosInFunc":[4],"SrcLoc":"src/nproc.c:53","Type":"NEQ$@1$@2$!ADD$@1$@2$"},"981":{"EquivalenDuplicateOf":"27","FuncName":"usage","IRPosInFunc":[4],"SrcLoc":"src/nproc.c:53","Type":"NEQ$@1$@2$!BITAND$@1$@2$"},"982":{"EquivalenDuplicateOf":"0","FuncName":"usage","IRPosInFunc":[4],"SrcLoc":"src/nproc.c:53","Type":"NEQ$@1$@2$!BITXOR$@1$@2$"},"983":{"EquivalenDuplicateOf":"2","FuncName":"usage","IRPosInFunc":[1],"SrcLoc":"","Type":"ASSIGN$V1$@2$!DIV$@2$V1$"},"984":{"EquivalenDuplicateOf":"2","FuncName":"usage","IRPosInFunc":[1],"SrcLoc":"","Type":"ASSIGN$V1$@2$!MOD$V1$@2$"},"985":{"EquivalenDuplicateOf":"2","FuncName":"usage","IRPosInFunc":[1],"SrcLoc":"","Type":"ASSIGN$V1$@2$!BITSHR$@2$V1$"},"986":{"EquivalenDuplicateOf":"2","FuncName":"usage","IRPosInFunc":[1],"SrcLoc":"","Type":"ASSIGN$V1$@2$!DIV$V1$@2$"},"987":{"EquivalenDuplicateOf":"2","FuncName":"usage","IRPosInFunc":[1],"SrcLoc":"","Type":"ASSIGN$V1$@2$!BITSHR$V1$@2$"},"988":{"EquivalenDuplicateOf":"2","FuncName":"usage","IRPosInFunc":[1],"SrcLoc":"","Type":"ASSIGN$V1$@2$!MOD$@2$V1$"},"989":{"EquivalenDuplicateOf":"2","FuncName":"usage","IRPosInFunc":[1],"SrcLoc":"","Type":"ASSIGN$V1$@2$!DIV$@2$V1$"},"990":{"EquivalenDuplicateOf":"2","FuncName":"usage","IRPosInFunc":[1],"SrcLoc":"","Type":"ASSIGN$V1$@2$!BITNOT$@2$"},"991":{"EquivalenDuplicateOf":"2","FuncName":"usage","IRPosInFunc":[1],"SrcLoc":"","Type":"ASSIGN$V1$@2$!OPERAND$@2$"},"992":{"EquivalenDuplicateOf":"2","FuncName":"usage","IRPosInFunc":[1],"SrcLoc":"","Type":"ASSIGN$V1$@2$!MOD$V1$@2$"},"993":{"EquivalenDuplicateOf":"2","FuncName":"usage","IRPosInFunc":[1],"SrcLoc":"","Type":"ASSIGN$V1$@2$!BITSHR$@2$V1$"},"994":{"EquivalenDuplicateOf":"2","FuncName":"usage","IRPosInFunc":[1],"SrcLoc":"","Type":"ASSIGN$V1$@2$!SUB$V1$@2$"},"995":{"EquivalenDuplicateOf":"2","FuncName":"usage","IRPosInFunc":[1],"SrcLoc":"","Type":"ASSIGN$V1$@2$!SUB$@2$V1$"},"996":{"EquivalenDuplicateOf":"2","FuncName":"usage","IRPosInFunc":[1],"SrcLoc":"","Type":"ASSIGN$V1$@2$!DIV$V1$@2$"},"997":{"EquivalenDuplicateOf":"2","FuncName":"usage","IRPosInFunc":[1],"SrcLoc":"","Type":"ASSIGN$V1$@2$!MUL$V1$@2$"},"998":{"EquivalenDuplicateOf":"2","FuncName":"usage","IRPosInFunc":[1],"SrcLoc":"","Type":"ASSIGN$V1$@2$!BITSHR$V1$@2$"},"999":{"EquivalenDuplicateOf":"2","FuncName":"usage","IRPosInFunc":[1],"SrcLoc":"","Type":"ASSIGN$V1$@2$!CONSTVAL$0$"}}