{"1025":{"EquivalenDuplicateOf":"1004","FuncName":"process_dir","IRPosInFunc":[116],"SrcLoc":"src/mkdir.c:191","Type":"RETURN_BREAK_CONTINUE!DELSTMT"},"1026":{"EquivalenDuplicateOf":"0","FuncName":"process_dir","IRPosInFunc":[102],"SrcLoc":"src/mkdir.c:185:13","Type":"CALL!SHUFFLEARGS$2$"},"1027":{"EquivalenDuplicateOf":"964","FuncName":"process_dir","IRPosInFunc":[90],"SrcLoc":"src/mkdir.c:183","Type":"EQ$@1$@2$!GE$@1$@2$"},"1028":{"EquivalenDuplicateOf":"962","FuncName":"process_dir","IRPosInFunc":[90],"SrcLoc":"src/mkdir.c:183","Type":"EQ$@1$@2$!BITSHR$@1$@2$"},"1029":{"EquivalenDuplicateOf":"960","FuncName":"process_dir","IRPosInFunc":[90],"SrcLoc":"src/mkdir.c:183","Type":"EQ$@1$@2$!LT$@1$@2$"},"1030":{"EquivalenDuplicateOf":"0","FuncName":"process_dir","IRPosInFunc":[90],"SrcLoc":"src/mkdir.c:183","Type":"EQ$@1$@2$!GE$@2$@1$"},"1031":{"EquivalenDuplicateOf":"965","FuncName":"process_dir","IRPosInFunc":[90],"SrcLoc":"src/mkdir.c:183","Type":"EQ$@1$@2$!DIV$@1$@2$"},"1032":{"EquivalenDuplicateOf":"964","FuncName":"process_dir","IRPosInFunc":[90],"SrcLoc":"src/mkdir.c:183","Type":"EQ$@1$@2$!LE$@2$@1$"},"1033":{"EquivalenDuplicateOf":"960","FuncName":"process_dir","IRPosInFunc":[90],"SrcLoc":"src/mkdir.c:183","Type":"EQ$@1$@2$!DIV$@2$@1$"},"1034":{"EquivalenDuplicateOf":"965","FuncName":"process_dir","IRPosInFunc":[90],"SrcLoc":"src/mkdir.c:183","Type":"EQ$@1$@2$!MOD$@1$@2$"},"1035":{"EquivalenDuplicateOf":"0","FuncName":"process_dir","IRPosInFunc":[90],"SrcLoc":"src/mkdir.c:183","Type":"EQ$@1$@2$!LE$@1$@2$"},"1036":{"EquivalenDuplicateOf":"960","FuncName":"process_dir","IRPosInFunc":[90],"SrcLoc":"src/mkdir.c:183","Type":"EQ$@1$@2$!BITSHR$@2$@1$"},"1037":{"EquivalenDuplicateOf":"960","FuncName":"process_dir","IRPosInFunc":[90],"SrcLoc":"src/mkdir.c:183","Type":"EQ$@1$@2$!GT$@2$@1$"},"1038":{"EquivalenDuplicateOf":"960","FuncName":"process_dir","IRPosInFunc":[90],"SrcLoc":"src/mkdir.c:183","Type":"EQ$@1$@2$!MOD$@2$@1$"},"1039":{"EquivalenDuplicateOf":"964","FuncName":"process_dir","IRPosInFunc":[90],"SrcLoc":"src/mkdir.c:183","Type":"EQ$@1$@2$!GE$@1$@2$"},"1040":{"EquivalenDuplicateOf":"962","FuncName":"process_dir","IRPosInFunc":[90],"SrcLoc":"src/mkdir.c:183","Type":"EQ$@1$@2$!BITSHR$@1$@2$"},"1041":{"EquivalenDuplicateOf":"960","FuncName":"process_dir","IRPosInFunc":[90],"SrcLoc":"src/mkdir.c:183","Type":"EQ$@1$@2$!LT$@1$@2$"},"1042":{"EquivalenDuplicateOf":"960","FuncName":"process_dir","IRPosInFunc":[90],"SrcLoc":"src/mkdir.c:183","Type":"EQ$@1$@2$!CONSTVAL$0$"},"1043":{"EquivalenDuplicateOf":"967","FuncName":"process_dir","IRPosInFunc":[90],"SrcLoc":"src/mkdir.c:183","Type":"EQ$@1$@2$!SUB$@2$@1$"},"1044":{"EquivalenDuplicateOf":"960","FuncName":"process_dir","IRPosInFunc":[90],"SrcLoc":"src/mkdir.c:183","Type":"EQ$@1$@2$!BITSHL$@2$@1$"},"1045":{"EquivalenDuplicateOf":"962","FuncName":"process_dir","IRPosInFunc":[90],"SrcLoc":"src/mkdir.c:183","Type":"EQ$@1$@2$!BITXOR$@1$@2$"},"1046":{"EquivalenDuplicateOf":"964","FuncName":"process_dir","IRPosInFunc":[90],"SrcLoc":"src/mkdir.c:183","Type":"EQ$@1$@2$!BITNOT$@2$"},"1047":{"EquivalenDuplicateOf":"0","FuncName":"process_dir","IRPosInFunc":[90],"SrcLoc":"src/mkdir.c:183","Type":"EQ$@1$@2$!GE$@2$@1$"},"1048":{"EquivalenDuplicateOf":"960","FuncName":"process_dir","IRPosInFunc":[90],"SrcLoc":"src/mkdir.c:183","Type":"EQ$@1$@2$!OPERAND$@2$"},"1049":{"EquivalenDuplicateOf":"960","FuncName":"process_dir","IRPosInFunc":[90],"SrcLoc":"src/mkdir.c:183","Type":"EQ$@1$@2$!NEG$@2$"},"1050":{"EquivalenDuplicateOf":"965","FuncName":"process_dir","IRPosInFunc":[90],"SrcLoc":"src/mkdir.c:183","Type":"EQ$@1$@2$!DIV$@1$@2$"},"1051":{"EquivalenDuplicateOf":"962","FuncName":"process_dir","IRPosInFunc":[90],"SrcLoc":"src/mkdir.c:183","Type":"EQ$@1$@2$!OPERAND$@1$"},"1052":{"EquivalenDuplicateOf":"964","FuncName":"process_dir","IRPosInFunc":[90],"SrcLoc":"src/mkdir.c:183","Type":"EQ$@1$@2$!LE$@2$@1$"},"1053":{"EquivalenDuplicateOf":"960","FuncName":"process_dir","IRPosInFunc":[90],"SrcLoc":"src/mkdir.c:183","Type":"EQ$@1$@2$!ABS$@2$"},"1054":{"EquivalenDuplicateOf":"962","FuncName":"process_dir","IRPosInFunc":[90],"SrcLoc":"src/mkdir.c:183","Type":"EQ$@1$@2$!SUB$@1$@2$"},"1055":{"EquivalenDuplicateOf":"962","FuncName":"process_dir","IRPosInFunc":[90],"SrcLoc":"src/mkdir.c:183","Type":"EQ$@1$@2$!ADD$@1$@2$"},"1056":{"EquivalenDuplicateOf":"960","FuncName":"process_dir","IRPosInFunc":[90],"SrcLoc":"src/mkdir.c:183","Type":"EQ$@1$@2$!DIV$@2$@1$"},"1057":{"EquivalenDuplicateOf":"0","FuncName":"process_dir","IRPosInFunc":[90],"SrcLoc":"src/mkdir.c:183","Type":"EQ$@1$@2$!LE$@1$@2$"},"1058":{"EquivalenDuplicateOf":"962","FuncName":"process_dir","IRPosInFunc":[90],"SrcLoc":"src/mkdir.c:183","Type":"EQ$@1$@2$!NEQ$@1$@2$"},"1059":{"EquivalenDuplicateOf":"960","FuncName":"process_dir","IRPosInFunc":[90],"SrcLoc":"src/mkdir.c:183","Type":"EQ$@1$@2$!BITSHR$@2$@1$"},"1060":{"EquivalenDuplicateOf":"960","FuncName":"process_dir","IRPosInFunc":[90],"SrcLoc":"src/mkdir.c:183","Type":"EQ$@1$@2$!GT$@2$@1$"},"1061":{"EquivalenDuplicateOf":"962","FuncName":"process_dir","IRPosInFunc":[90],"SrcLoc":"src/mkdir.c:183","Type":"EQ$@1$@2$!BITSHL$@1$@2$"},"1062":{"EquivalenDuplicateOf":"960","FuncName":"process_dir","IRPosInFunc":[90],"SrcLoc":"src/mkdir.c:183","Type":"EQ$@1$@2$!MOD$@2$@1$"},"1063":{"EquivalenDuplicateOf":"960","FuncName":"process_dir","IRPosInFunc":[90],"SrcLoc":"src/mkdir.c:183","Type":"EQ$@1$@2$!BITAND$@1$@2$"},"1064":{"EquivalenDuplicateOf":"960","FuncName":"process_dir","IRPosInFunc":[90],"SrcLoc":"src/mkdir.c:183","Type":"EQ$@1$@2$!MUL$@1$@2$"},"1065":{"EquivalenDuplicateOf":"0","FuncName":"process_dir","IRPosInFunc":[86],"SrcLoc":"src/mkdir.c:172","Type":"CALL!SHUFFLEARGS$2$"},"1066":{"EquivalenDuplicateOf":"952","FuncName":"process_dir","IRPosInFunc":[86],"SrcLoc":"src/mkdir.c:172","Type":"CALL!SHUFFLEARGS$2$"},"1067":{"EquivalenDuplicateOf":"953","FuncName":"process_dir","IRPosInFunc":[86],"SrcLoc":"src/mkdir.c:172","Type":"CALL!SHUFFLEARGS$2$"},"1068":{"EquivalenDuplicateOf":"952","FuncName":"process_dir","IRPosInFunc":[86],"SrcLoc":"src/mkdir.c:172","Type":"CALL!SHUFFLEARGS$2$"},"1069":{"EquivalenDuplicateOf":"954","FuncName":"process_dir","IRPosInFunc":[86],"SrcLoc":"src/mkdir.c:172","Type":"CALL!SHUFFLEARGS$2$"},"1070":{"EquivalenDuplicateOf":"955","FuncName":"process_dir","IRPosInFunc":[86],"SrcLoc":"src/mkdir.c:172","Type":"CALL!SHUFFLEARGS$2$"},"1071":{"EquivalenDuplicateOf":"954","FuncName":"process_dir","IRPosInFunc":[86],"SrcLoc":"src/mkdir.c:172","Type":"CALL!SHUFFLEARGS$2$"},"1072":{"EquivalenDuplicateOf":"0","FuncName":"process_dir","IRPosInFunc":[86],"SrcLoc":"src/mkdir.c:172","Type":"CALL!SHUFFLEARGS$2$"},"1073":{"EquivalenDuplicateOf":"952","FuncName":"process_dir","IRPosInFunc":[86],"SrcLoc":"src/mkdir.c:172","Type":"CALL!SHUFFLEARGS$2$"},"1074":{"EquivalenDuplicateOf":"0","FuncName":"process_dir","IRPosInFunc":[86],"SrcLoc":"src/mkdir.c:172","Type":"CALL!SHUFFLEARGS$2$"},"1075":{"EquivalenDuplicateOf":"947","FuncName":"process_dir","IRPosInFunc":[87],"SrcLoc":"src/mkdir.c:172","Type":"C!ADD$C$-1$"},"1076":{"EquivalenDuplicateOf":"915","FuncName":"process_dir","IRPosInFunc":[88],"SrcLoc":"src/mkdir.c:172","Type":"ASSIGN$V1$@2$!DIV$@2$V1$"},"1077":{"EquivalenDuplicateOf":"915","FuncName":"process_dir","IRPosInFunc":[88],"SrcLoc":"src/mkdir.c:172","Type":"ASSIGN$V1$@2$!MOD$V1$@2$"},"1078":{"EquivalenDuplicateOf":"915","FuncName":"process_dir","IRPosInFunc":[88],"SrcLoc":"src/mkdir.c:172","Type":"ASSIGN$V1$@2$!BITSHR$@2$V1$"},"1079":{"EquivalenDuplicateOf":"915","FuncName":"process_dir","IRPosInFunc":[88],"SrcLoc":"src/mkdir.c:172","Type":"ASSIGN$V1$@2$!DIV$V1$@2$"},"1080":{"EquivalenDuplicateOf":"915","FuncName":"process_dir","IRPosInFunc":[88],"SrcLoc":"src/mkdir.c:172","Type":"ASSIGN$V1$@2$!BITSHR$V1$@2$"},"1081":{"EquivalenDuplicateOf":"915","FuncName":"process_dir","IRPosInFunc":[88],"SrcLoc":"src/mkdir.c:172","Type":"ASSIGN$V1$@2$!MOD$@2$V1$"},"1082":{"EquivalenDuplicateOf":"915","FuncName":"process_dir","IRPosInFunc":[88],"SrcLoc":"src/mkdir.c:172","Type":"ASSIGN$V1$@2$!DIV$@2$V1$"},"1083":{"EquivalenDuplicateOf":"915","FuncName":"process_dir","IRPosInFunc":[88],"SrcLoc":"src/mkdir.c:172","Type":"ASSIGN$V1$@2$!BITNOT$@2$"},"1084":{"EquivalenDuplicateOf":"916","FuncName":"process_dir","IRPosInFunc":[88],"SrcLoc":"src/mkdir.c:172","Type":"ASSIGN$V1$@2$!OPERAND$@2$"},"1085":{"EquivalenDuplicateOf":"915","FuncName":"process_dir","IRPosInFunc":[88],"SrcLoc":"src/mkdir.c:172","Type":"ASSIGN$V1$@2$!MOD$V1$@2$"},"1086":{"EquivalenDuplicateOf":"915","FuncName":"process_dir","IRPosInFunc":[88],"SrcLoc":"src/mkdir.c:172","Type":"ASSIGN$V1$@2$!BITSHR$@2$V1$"},"1087":{"EquivalenDuplicateOf":"915","FuncName":"process_dir","IRPosInFunc":[88],"SrcLoc":"src/mkdir.c:172","Type":"ASSIGN$V1$@2$!SUB$V1$@2$"},"1088":{"EquivalenDuplicateOf":"915","FuncName":"process_dir","IRPosInFunc":[88],"SrcLoc":"src/mkdir.c:172","Type":"ASSIGN$V1$@2$!SUB$@2$V1$"},"1089":{"EquivalenDuplicateOf":"915","FuncName":"process_dir","IRPosInFunc":[88],"SrcLoc":"src/mkdir.c:172","Type":"ASSIGN$V1$@2$!DIV$V1$@2$"},"1090":{"EquivalenDuplicateOf":"915","FuncName":"process_dir","IRPosInFunc":[88],"SrcLoc":"src/mkdir.c:172","Type":"ASSIGN$V1$@2$!MUL$V1$@2$"},"1091":{"EquivalenDuplicateOf":"915","FuncName":"process_dir","IRPosInFunc":[88],"SrcLoc":"src/mkdir.c:172","Type":"ASSIGN$V1$@2$!BITSHR$V1$@2$"},"1092":{"EquivalenDuplicateOf":"916","FuncName":"process_dir","IRPosInFunc":[88],"SrcLoc":"src/mkdir.c:172","Type":"ASSIGN$V1$@2$!CONSTVAL$0$"},"1093":{"EquivalenDuplicateOf":"916","FuncName":"process_dir","IRPosInFunc":[88],"SrcLoc":"src/mkdir.c:172","Type":"ASSIGN$V1$@2$!NEG$V1$"},"1094":{"EquivalenDuplicateOf":"915","FuncName":"process_dir","IRPosInFunc":[88],"SrcLoc":"src/mkdir.c:172","Type":"ASSIGN$V1$@2$!BITXOR$V1$@2$"},"1095":{"EquivalenDuplicateOf":"916","FuncName":"process_dir","IRPosInFunc":[88],"SrcLoc":"src/mkdir.c:172","Type":"ASSIGN$V1$@2$!CONSTVAL$1$"},"1096":{"EquivalenDuplicateOf":"915","FuncName":"process_dir","IRPosInFunc":[88],"SrcLoc":"src/mkdir.c:172","Type":"ASSIGN$V1$@2$!BITSHL$V1$@2$"},"1097":{"EquivalenDuplicateOf":"915","FuncName":"process_dir","IRPosInFunc":[88],"SrcLoc":"src/mkdir.c:172","Type":"ASSIGN$V1$@2$!BITSHL$@2$V1$"},"1098":{"EquivalenDuplicateOf":"915","FuncName":"process_dir","IRPosInFunc":[88],"SrcLoc":"src/mkdir.c:172","Type":"ASSIGN$V1$@2$!BITAND$V1$@2$"},"1099":{"EquivalenDuplicateOf":"915","FuncName":"process_dir","IRPosInFunc":[88],"SrcLoc":"src/mkdir.c:172","Type":"ASSIGN$V1$@2$!NEG$@2$"},"1100":{"EquivalenDuplicateOf":"916","FuncName":"process_dir","IRPosInFunc":[88],"SrcLoc":"src/mkdir.c:172","Type":"ASSIGN$V1$@2$!BITNOT$V1$"},"1101":{"EquivalenDuplicateOf":"915","FuncName":"process_dir","IRPosInFunc":[88],"SrcLoc":"src/mkdir.c:172","Type":"ASSIGN$V1$@2$!ADD$V1$@2$"},"1102":{"EquivalenDuplicateOf":"915","FuncName":"process_dir","IRPosInFunc":[88],"SrcLoc":"src/mkdir.c:172","Type":"ASSIGN$V1$@2$!MOD$@2$V1$"},"1103":{"EquivalenDuplicateOf":"888","FuncName":"process_dir","IRPosInFunc":[60],"SrcLoc":"src/mkdir.c:166:29","Type":"LT$@1$@2$!BITSHR$@2$@1$"},"1104":{"EquivalenDuplicateOf":"889","FuncName":"process_dir","IRPosInFunc":[60],"SrcLoc":"src/mkdir.c:166:29","Type":"LT$@1$@2$!SUB$@1$@2$"},"1105":{"EquivalenDuplicateOf":"888","FuncName":"process_dir","IRPosInFunc":[60],"SrcLoc":"src/mkdir.c:166:29","Type":"LT$@1$@2$!CONSTVAL$0$"},"1106":{"EquivalenDuplicateOf":"888","FuncName":"process_dir","IRPosInFunc":[60],"SrcLoc":"src/mkdir.c:166:29","Type":"LT$@1$@2$!OPERAND$@2$"},"1107":{"EquivalenDuplicateOf":"888","FuncName":"process_dir","IRPosInFunc":[60],"SrcLoc":"src/mkdir.c:166:29","Type":"LT$@1$@2$!ABS$@2$"},"1108":{"EquivalenDuplicateOf":"888","FuncName":"process_dir","IRPosInFunc":[60],"SrcLoc":"src/mkdir.c:166:29","Type":"LT$@1$@2$!BITAND$@1$@2$"},"1109":{"EquivalenDuplicateOf":"888","FuncName":"process_dir","IRPosInFunc":[60],"SrcLoc":"src/mkdir.c:166:29","Type":"LT$@1$@2$!MUL$@1$@2$"},"1110":{"EquivalenDuplicateOf":"889","FuncName":"process_dir","IRPosInFunc":[60],"SrcLoc":"src/mkdir.c:166:29","Type":"LT$@1$@2$!OPERAND$@1$"},"1111":{"EquivalenDuplicateOf":"889","FuncName":"process_dir","IRPosInFunc":[60],"SrcLoc":"src/mkdir.c:166:29","Type":"LT$@1$@2$!ADD$@1$@2$"},"1112":{"EquivalenDuplicateOf":"891","FuncName":"process_dir","IRPosInFunc":[60],"SrcLoc":"src/mkdir.c:166:29","Type":"LT$@1$@2$!CONSTVAL$1$"},"1113":{"EquivalenDuplicateOf":"889","FuncName":"process_dir","IRPosInFunc":[60],"SrcLoc":"src/mkdir.c:166:29","Type":"LT$@1$@2$!BITSHL$@1$@2$"},"1114":{"EquivalenDuplicateOf":"888","FuncName":"process_dir","IRPosInFunc":[60],"SrcLoc":"src/mkdir.c:166:29","Type":"LT$@1$@2$!BITSHL$@2$@1$"},"1115":{"EquivalenDuplicateOf":"889","FuncName":"process_dir","IRPosInFunc":[60],"SrcLoc":"src/mkdir.c:166:29","Type":"LT$@1$@2$!NEQ$@1$@2$"},"1116":{"EquivalenDuplicateOf":"890","FuncName":"process_dir","IRPosInFunc":[60],"SrcLoc":"src/mkdir.c:166:29","Type":"LT$@1$@2$!NEG$@1$"},"1117":{"EquivalenDuplicateOf":"889","FuncName":"process_dir","IRPosInFunc":[60],"SrcLoc":"src/mkdir.c:166:29","Type":"LT$@1$@2$!BITOR$@1$@2$"},"1118":{"EquivalenDuplicateOf":"889","FuncName":"process_dir","IRPosInFunc":[60],"SrcLoc":"src/mkdir.c:166:29","Type":"LT$@1$@2$!BITSHR$@1$@2$"},"1119":{"EquivalenDuplicateOf":"888","FuncName":"process_dir","IRPosInFunc":[60],"SrcLoc":"src/mkdir.c:166:29","Type":"LT$@1$@2$!DIV$@2$@1$"},"1120":{"EquivalenDuplicateOf":"888","FuncName":"process_dir","IRPosInFunc":[60],"SrcLoc":"src/mkdir.c:166:29","Type":"LT$@1$@2$!NEG$@2$"},"1121":{"EquivalenDuplicateOf":"869","FuncName":"process_dir","IRPosInFunc":[50],"SrcLoc":"src/mkdir.c:163","Type":"C!ADD$C$-1$"},"1122":{"EquivalenDuplicateOf":"848","FuncName":"process_dir","IRPosInFunc":[50],"SrcLoc":"src/mkdir.c:163","Type":"ASSIGN$V1$@2$!DIV$@2$V1$"},"1123":{"EquivalenDuplicateOf":"848","FuncName":"process_dir","IRPosInFunc":[50],"SrcLoc":"src/mkdir.c:163","Type":"ASSIGN$V1$@2$!MOD$V1$@2$"},"1124":{"EquivalenDuplicateOf":"848","FuncName":"process_dir","IRPosInFunc":[50],"SrcLoc":"src/mkdir.c:163","Type":"ASSIGN$V1$@2$!BITSHR$@2$V1$"},"1125":{"EquivalenDuplicateOf":"848","FuncName":"process_dir","IRPosInFunc":[50],"SrcLoc":"src/mkdir.c:163","Type":"ASSIGN$V1$@2$!DIV$V1$@2$"},"1126":{"EquivalenDuplicateOf":"848","FuncName":"process_dir","IRPosInFunc":[50],"SrcLoc":"src/mkdir.c:163","Type":"ASSIGN$V1$@2$!BITSHR$V1$@2$"},"1127":{"EquivalenDuplicateOf":"848","FuncName":"process_dir","IRPosInFunc":[50],"SrcLoc":"src/mkdir.c:163","Type":"ASSIGN$V1$@2$!MOD$@2$V1$"},"1128":{"EquivalenDuplicateOf":"848","FuncName":"process_dir","IRPosInFunc":[50],"SrcLoc":"src/mkdir.c:163","Type":"ASSIGN$V1$@2$!DIV$@2$V1$"},"1129":{"EquivalenDuplicateOf":"847","FuncName":"process_dir","IRPosInFunc":[50],"SrcLoc":"src/mkdir.c:163","Type":"ASSIGN$V1$@2$!BITNOT$@2$"},"1130":{"EquivalenDuplicateOf":"847","FuncName":"process_dir","IRPosInFunc":[50],"SrcLoc":"src/mkdir.c:163","Type":"ASSIGN$V1$@2$!OPERAND$@2$"},"1131":{"EquivalenDuplicateOf":"848","FuncName":"process_dir","IRPosInFunc":[50],"SrcLoc":"src/mkdir.c:163","Type":"ASSIGN$V1$@2$!MOD$V1$@2$"},"1132":{"EquivalenDuplicateOf":"848","FuncName":"process_dir","IRPosInFunc":[50],"SrcLoc":"src/mkdir.c:163","Type":"ASSIGN$V1$@2$!BITSHR$@2$V1$"},"1133":{"EquivalenDuplicateOf":"848","FuncName":"process_dir","IRPosInFunc":[50],"SrcLoc":"src/mkdir.c:163","Type":"ASSIGN$V1$@2$!SUB$V1$@2$"},"1134":{"EquivalenDuplicateOf":"848","FuncName":"process_dir","IRPosInFunc":[50],"SrcLoc":"src/mkdir.c:163","Type":"ASSIGN$V1$@2$!SUB$@2$V1$"},"1135":{"EquivalenDuplicateOf":"847","FuncName":"process_dir","IRPosInFunc":[50],"SrcLoc":"src/mkdir.c:163","Type":"ASSIGN$V1$@2$!ABS$@2$"},"1136":{"EquivalenDuplicateOf":"848","FuncName":"process_dir","IRPosInFunc":[50],"SrcLoc":"src/mkdir.c:163","Type":"ASSIGN$V1$@2$!DIV$V1$@2$"},"1137":{"EquivalenDuplicateOf":"848","FuncName":"process_dir","IRPosInFunc":[50],"SrcLoc":"src/mkdir.c:163","Type":"ASSIGN$V1$@2$!MUL$V1$@2$"},"1138":{"EquivalenDuplicateOf":"848","FuncName":"process_dir","IRPosInFunc":[50],"SrcLoc":"src/mkdir.c:163","Type":"ASSIGN$V1$@2$!BITSHR$V1$@2$"},"1139":{"EquivalenDuplicateOf":"847","FuncName":"process_dir","IRPosInFunc":[50],"SrcLoc":"src/mkdir.c:163","Type":"ASSIGN$V1$@2$!CONSTVAL$0$"},"1140":{"EquivalenDuplicateOf":"848","FuncName":"process_dir","IRPosInFunc":[50],"SrcLoc":"src/mkdir.c:163","Type":"ASSIGN$V1$@2$!NEG$V1$"},"1141":{"EquivalenDuplicateOf":"848","FuncName":"process_dir","IRPosInFunc":[50],"SrcLoc":"src/mkdir.c:163","Type":"ASSIGN$V1$@2$!BITXOR$V1$@2$"},"1142":{"EquivalenDuplicateOf":"847","FuncName":"process_dir","IRPosInFunc":[50],"SrcLoc":"src/mkdir.c:163","Type":"ASSIGN$V1$@2$!CONSTVAL$1$"},"1143":{"EquivalenDuplicateOf":"848","FuncName":"process_dir","IRPosInFunc":[50],"SrcLoc":"src/mkdir.c:163","Type":"ASSIGN$V1$@2$!BITSHL$V1$@2$"},"1144":{"EquivalenDuplicateOf":"848","FuncName":"process_dir","IRPosInFunc":[50],"SrcLoc":"src/mkdir.c:163","Type":"ASSIGN$V1$@2$!BITSHL$@2$V1$"},"1145":{"EquivalenDuplicateOf":"848","FuncName":"process_dir","IRPosInFunc":[50],"SrcLoc":"src/mkdir.c:163","Type":"ASSIGN$V1$@2$!BITAND$V1$@2$"},"1146":{"EquivalenDuplicateOf":"847","FuncName":"process_dir","IRPosInFunc":[50],"SrcLoc":"src/mkdir.c:163","Type":"ASSIGN$V1$@2$!NEG$@2$"},"1147":{"EquivalenDuplicateOf":"848","FuncName":"process_dir","IRPosInFunc":[50],"SrcLoc":"src/mkdir.c:163","Type":"ASSIGN$V1$@2$!BITNOT$V1$"},"1148":{"EquivalenDuplicateOf":"848","FuncName":"process_dir","IRPosInFunc":[50],"SrcLoc":"src/mkdir.c:163","Type":"ASSIGN$V1$@2$!ADD$V1$@2$"},"1149":{"EquivalenDuplicateOf":"848","FuncName":"process_dir","IRPosInFunc":[50],"SrcLoc":"src/mkdir.c:163","Type":"ASSIGN$V1$@2$!MOD$@2$V1$"},"1150":{"EquivalenDuplicateOf":"811","FuncName":"process_dir","IRPosInFunc":[48],"SrcLoc":"src/mkdir.c:162","Type":"EQ$@1$@2$!BITSHR$@1$@2$"},"1151":{"EquivalenDuplicateOf":"811","FuncName":"process_dir","IRPosInFunc":[48],"SrcLoc":"src/mkdir.c:162","Type":"EQ$@1$@2$!BITSHR$@1$@2$"},"1152":{"EquivalenDuplicateOf":"799","FuncName":"process_dir","IRPosInFunc":[48],"SrcLoc":"src/mkdir.c:162","Type":"EQ$@1$@2$!CONSTVAL$0$"},"1153":{"EquivalenDuplicateOf":"809","FuncName":"process_dir","IRPosInFunc":[48],"SrcLoc":"src/mkdir.c:162","Type":"EQ$@1$@2$!BITNOT$@2$"},"1154":{"EquivalenDuplicateOf":"809","FuncName":"process_dir","IRPosInFunc":[48],"SrcLoc":"src/mkdir.c:162","Type":"EQ$@1$@2$!OPERAND$@2$"},"1155":{"EquivalenDuplicateOf":"809","FuncName":"process_dir","IRPosInFunc":[48],"SrcLoc":"src/mkdir.c:162","Type":"EQ$@1$@2$!NEG$@2$"},"1156":{"EquivalenDuplicateOf":"809","FuncName":"process_dir","IRPosInFunc":[48],"SrcLoc":"src/mkdir.c:162","Type":"EQ$@1$@2$!ABS$@2$"},"1157":{"EquivalenDuplicateOf":"764","FuncName":"process_dir","IRPosInFunc":[47],"SrcLoc":"src/mkdir.c:162","Type":"BITAND$@1$@2$!BITSHR$@1$@2$"},"1158":{"EquivalenDuplicateOf":"758","FuncName":"process_dir","IRPosInFunc":[47],"SrcLoc":"src/mkdir.c:162","Type":"BITAND$@1$@2$!BITNOT$@2$"},"1159":{"EquivalenDuplicateOf":"758","FuncName":"process_dir","IRPosInFunc":[47],"SrcLoc":"src/mkdir.c:162","Type":"BITAND$@1$@2$!CONSTVAL$1$"},"1160":{"EquivalenDuplicateOf":"758","FuncName":"process_dir","IRPosInFunc":[47],"SrcLoc":"src/mkdir.c:162","Type":"BITAND$@1$@2$!OPERAND$@2$"},"1161":{"EquivalenDuplicateOf":"764","FuncName":"process_dir","IRPosInFunc":[47],"SrcLoc":"src/mkdir.c:162","Type":"BITAND$@1$@2$!BITSHL$@1$@2$"},"1162":{"EquivalenDuplicateOf":"758","FuncName":"process_dir","IRPosInFunc":[47],"SrcLoc":"src/mkdir.c:162","Type":"BITAND$@1$@2$!ABS$@2$"},"1163":{"EquivalenDuplicateOf":"758","FuncName":"process_dir","IRPosInFunc":[47],"SrcLoc":"src/mkdir.c:162","Type":"BITAND$@1$@2$!NEG$@2$"},"1164":{"EquivalenDuplicateOf":"730","FuncName":"process_dir","IRPosInFunc":[43],"SrcLoc":"src/mkdir.c:162","Type":"EQ$@1$@2$!GE$@1$@2$"},"1165":{"EquivalenDuplicateOf":"727","FuncName":"process_dir","IRPosInFunc":[43],"SrcLoc":"src/mkdir.c:162","Type":"EQ$@1$@2$!BITSHR$@1$@2$"},"1166":{"EquivalenDuplicateOf":"729","FuncName":"process_dir","IRPosInFunc":[43],"SrcLoc":"src/mkdir.c:162","Type":"EQ$@1$@2$!LT$@1$@2$"},"1167":{"EquivalenDuplicateOf":"730","FuncName":"process_dir","IRPosInFunc":[43],"SrcLoc":"src/mkdir.c:162","Type":"EQ$@1$@2$!LE$@2$@1$"},"1168":{"EquivalenDuplicateOf":"729","FuncName":"process_dir","IRPosInFunc":[43],"SrcLoc":"src/mkdir.c:162","Type":"EQ$@1$@2$!DIV$@2$@1$"},"1169":{"EquivalenDuplicateOf":"733","FuncName":"process_dir","IRPosInFunc":[43],"SrcLoc":"src/mkdir.c:162","Type":"EQ$@1$@2$!MOD$@1$@2$"},"1170":{"EquivalenDuplicateOf":"729","FuncName":"process_dir","IRPosInFunc":[43],"SrcLoc":"src/mkdir.c:162","Type":"EQ$@1$@2$!BITSHR$@2$@1$"},"1171":{"EquivalenDuplicateOf":"729","FuncName":"process_dir","IRPosInFunc":[43],"SrcLoc":"src/mkdir.c:162","Type":"EQ$@1$@2$!GT$@2$@1$"},"1172":{"EquivalenDuplicateOf":"729","FuncName":"process_dir","IRPosInFunc":[43],"SrcLoc":"src/mkdir.c:162","Type":"EQ$@1$@2$!MOD$@2$@1$"},"1173":{"EquivalenDuplicateOf":"727","FuncName":"process_dir","IRPosInFunc":[43],"SrcLoc":"src/mkdir.c:162","Type":"EQ$@1$@2$!BITSHR$@1$@2$"},"1174":{"EquivalenDuplicateOf":"729","FuncName":"process_dir","IRPosInFunc":[43],"SrcLoc":"src/mkdir.c:162","Type":"EQ$@1$@2$!CONSTVAL$0$"},"1175":{"EquivalenDuplicateOf":"738","FuncName":"process_dir","IRPosInFunc":[43],"SrcLoc":"src/mkdir.c:162","Type":"EQ$@1$@2$!SUB$@2$@1$"},"1176":{"EquivalenDuplicateOf":"729","FuncName":"process_dir","IRPosInFunc":[43],"SrcLoc":"src/mkdir.c:162","Type":"EQ$@1$@2$!BITSHL$@2$@1$"},"1177":{"EquivalenDuplicateOf":"727","FuncName":"process_dir","IRPosInFunc":[43],"SrcLoc":"src/mkdir.c:162","Type":"EQ$@1$@2$!BITXOR$@1$@2$"},"1178":{"EquivalenDuplicateOf":"730","FuncName":"process_dir","IRPosInFunc":[43],"SrcLoc":"src/mkdir.c:162","Type":"EQ$@1$@2$!BITNOT$@2$"},"1179":{"EquivalenDuplicateOf":"729","FuncName":"process_dir","IRPosInFunc":[43],"SrcLoc":"src/mkdir.c:162","Type":"EQ$@1$@2$!OPERAND$@2$"},"1180":{"EquivalenDuplicateOf":"729","FuncName":"process_dir","IRPosInFunc":[43],"SrcLoc":"src/mkdir.c:162","Type":"EQ$@1$@2$!NEG$@2$"},"1181":{"EquivalenDuplicateOf":"727","FuncName":"process_dir","IRPosInFunc":[43],"SrcLoc":"src/mkdir.c:162","Type":"EQ$@1$@2$!OPERAND$@1$"},"1182":{"EquivalenDuplicateOf":"729","FuncName":"process_dir","IRPosInFunc":[43],"SrcLoc":"src/mkdir.c:162","Type":"EQ$@1$@2$!ABS$@2$"},"1183":{"EquivalenDuplicateOf":"727","FuncName":"process_dir","IRPosInFunc":[43],"SrcLoc":"src/mkdir.c:162","Type":"EQ$@1$@2$!SUB$@1$@2$"},"1184":{"EquivalenDuplicateOf":"727","FuncName":"process_dir","IRPosInFunc":[43],"SrcLoc":"src/mkdir.c:162","Type":"EQ$@1$@2$!ADD$@1$@2$"},"1185":{"EquivalenDuplicateOf":"729","FuncName":"process_dir","IRPosInFunc":[43],"SrcLoc":"src/mkdir.c:162","Type":"EQ$@1$@2$!DIV$@2$@1$"},"1186":{"EquivalenDuplicateOf":"727","FuncName":"process_dir","IRPosInFunc":[43],"SrcLoc":"src/mkdir.c:162","Type":"EQ$@1$@2$!NEQ$@1$@2$"},"1187":{"EquivalenDuplicateOf":"729","FuncName":"process_dir","IRPosInFunc":[43],"SrcLoc":"src/mkdir.c:162","Type":"EQ$@1$@2$!BITSHR$@2$@1$"},"1188":{"EquivalenDuplicateOf":"727","FuncName":"process_dir","IRPosInFunc":[43],"SrcLoc":"src/mkdir.c:162","Type":"EQ$@1$@2$!BITSHL$@1$@2$"},"1189":{"EquivalenDuplicateOf":"729","FuncName":"process_dir","IRPosInFunc":[43],"SrcLoc":"src/mkdir.c:162","Type":"EQ$@1$@2$!MOD$@2$@1$"},"1190":{"EquivalenDuplicateOf":"729","FuncName":"process_dir","IRPosInFunc":[43],"SrcLoc":"src/mkdir.c:162","Type":"EQ$@1$@2$!BITAND$@1$@2$"},"1191":{"EquivalenDuplicateOf":"717","FuncName":"process_dir","IRPosInFunc":[39],"SrcLoc":"src/mkdir.c:161","Type":"EQ$@1$@2$!GE$@1$@2$"},"1192":{"EquivalenDuplicateOf":"698","FuncName":"process_dir","IRPosInFunc":[39],"SrcLoc":"src/mkdir.c:161","Type":"EQ$@1$@2$!BITSHR$@1$@2$"},"1193":{"EquivalenDuplicateOf":"700","FuncName":"process_dir","IRPosInFunc":[39],"SrcLoc":"src/mkdir.c:161","Type":"EQ$@1$@2$!LT$@1$@2$"},"1194":{"EquivalenDuplicateOf":"700","FuncName":"process_dir","IRPosInFunc":[39],"SrcLoc":"src/mkdir.c:161","Type":"EQ$@1$@2$!DIV$@2$@1$"},"1195":{"EquivalenDuplicateOf":"704","FuncName":"process_dir","IRPosInFunc":[39],"SrcLoc":"src/mkdir.c:161","Type":"EQ$@1$@2$!MOD$@1$@2$"},"1196":{"EquivalenDuplicateOf":"700","FuncName":"process_dir","IRPosInFunc":[39],"SrcLoc":"src/mkdir.c:161","Type":"EQ$@1$@2$!BITSHR$@2$@1$"},"1197":{"EquivalenDuplicateOf":"700","FuncName":"process_dir","IRPosInFunc":[39],"SrcLoc":"src/mkdir.c:161","Type":"EQ$@1$@2$!GT$@2$@1$"},"1198":{"EquivalenDuplicateOf":"700","FuncName":"process_dir","IRPosInFunc":[39],"SrcLoc":"src/mkdir.c:161","Type":"EQ$@1$@2$!MOD$@2$@1$"},"1199":{"EquivalenDuplicateOf":"698","FuncName":"process_dir","IRPosInFunc":[39],"SrcLoc":"src/mkdir.c:161","Type":"EQ$@1$@2$!BITSHR$@1$@2$"},"1200":{"EquivalenDuplicateOf":"706","FuncName":"process_dir","IRPosInFunc":[39],"SrcLoc":"src/mkdir.c:161","Type":"EQ$@1$@2$!CONSTVAL$0$"},"1201":{"EquivalenDuplicateOf":"710","FuncName":"process_dir","IRPosInFunc":[39],"SrcLoc":"src/mkdir.c:161","Type":"EQ$@1$@2$!SUB$@2$@1$"},"1202":{"EquivalenDuplicateOf":"700","FuncName":"process_dir","IRPosInFunc":[39],"SrcLoc":"src/mkdir.c:161","Type":"EQ$@1$@2$!BITSHL$@2$@1$"},"1203":{"EquivalenDuplicateOf":"698","FuncName":"process_dir","IRPosInFunc":[39],"SrcLoc":"src/mkdir.c:161","Type":"EQ$@1$@2$!BITXOR$@1$@2$"},"1204":{"EquivalenDuplicateOf":"701","FuncName":"process_dir","IRPosInFunc":[39],"SrcLoc":"src/mkdir.c:161","Type":"EQ$@1$@2$!BITNOT$@2$"},"1205":{"EquivalenDuplicateOf":"706","FuncName":"process_dir","IRPosInFunc":[39],"SrcLoc":"src/mkdir.c:161","Type":"EQ$@1$@2$!OPERAND$@2$"},"1206":{"EquivalenDuplicateOf":"706","FuncName":"process_dir","IRPosInFunc":[39],"SrcLoc":"src/mkdir.c:161","Type":"EQ$@1$@2$!NEG$@2$"},"1207":{"EquivalenDuplicateOf":"698","FuncName":"process_dir","IRPosInFunc":[39],"SrcLoc":"src/mkdir.c:161","Type":"EQ$@1$@2$!OPERAND$@1$"},"1208":{"EquivalenDuplicateOf":"698","FuncName":"process_dir","IRPosInFunc":[39],"SrcLoc":"src/mkdir.c:161","Type":"EQ$@1$@2$!SUB$@1$@2$"},"1209":{"EquivalenDuplicateOf":"698","FuncName":"process_dir","IRPosInFunc":[39],"SrcLoc":"src/mkdir.c:161","Type":"EQ$@1$@2$!ADD$@1$@2$"},"1210":{"EquivalenDuplicateOf":"700","FuncName":"process_dir","IRPosInFunc":[39],"SrcLoc":"src/mkdir.c:161","Type":"EQ$@1$@2$!DIV$@2$@1$"},"1211":{"EquivalenDuplicateOf":"698","FuncName":"process_dir","IRPosInFunc":[39],"SrcLoc":"src/mkdir.c:161","Type":"EQ$@1$@2$!NEQ$@1$@2$"},"1212":{"EquivalenDuplicateOf":"700","FuncName":"process_dir","IRPosInFunc":[39],"SrcLoc":"src/mkdir.c:161","Type":"EQ$@1$@2$!BITSHR$@2$@1$"},"1213":{"EquivalenDuplicateOf":"698","FuncName":"process_dir","IRPosInFunc":[39],"SrcLoc":"src/mkdir.c:161","Type":"EQ$@1$@2$!BITSHL$@1$@2$"},"1214":{"EquivalenDuplicateOf":"700","FuncName":"process_dir","IRPosInFunc":[39],"SrcLoc":"src/mkdir.c:161","Type":"EQ$@1$@2$!MOD$@2$@1$"},"1215":{"EquivalenDuplicateOf":"700","FuncName":"process_dir","IRPosInFunc":[39],"SrcLoc":"src/mkdir.c:161","Type":"EQ$@1$@2$!BITAND$@1$@2$"},"1216":{"EquivalenDuplicateOf":"690","FuncName":"process_dir","IRPosInFunc":[31],"SrcLoc":"src/mkdir.c:156","Type":"RETURN_BREAK_CONTINUE!DELSTMT"},"1217":{"EquivalenDuplicateOf":"687","FuncName":"process_dir","IRPosInFunc":[30],"SrcLoc":"src/mkdir.c:156","Type":"C!ADD$C$-1$"},"1218":{"EquivalenDuplicateOf":"686","FuncName":"process_dir","IRPosInFunc":[30],"SrcLoc":"src/mkdir.c:156","Type":"ASSIGN$V1$@2$!DIV$@2$V1$"},"1219":{"EquivalenDuplicateOf":"686","FuncName":"process_dir","IRPosInFunc":[30],"SrcLoc":"src/mkdir.c:156","Type":"ASSIGN$V1$@2$!GT$V1$@2$"},"1220":{"EquivalenDuplicateOf":"686","FuncName":"process_dir","IRPosInFunc":[30],"SrcLoc":"src/mkdir.c:156","Type":"ASSIGN$V1$@2$!GT$@2$V1$"},"1221":{"EquivalenDuplicateOf":"686","FuncName":"process_dir","IRPosInFunc":[30],"SrcLoc":"src/mkdir.c:156","Type":"ASSIGN$V1$@2$!MOD$V1$@2$"},"1222":{"EquivalenDuplicateOf":"686","FuncName":"process_dir","IRPosInFunc":[30],"SrcLoc":"src/mkdir.c:156","Type":"ASSIGN$V1$@2$!LE$V1$@2$"},"1223":{"EquivalenDuplicateOf":"686","FuncName":"process_dir","IRPosInFunc":[30],"SrcLoc":"src/mkdir.c:156","Type":"ASSIGN$V1$@2$!BITSHR$@2$V1$"},"1224":{"EquivalenDuplicateOf":"686","FuncName":"process_dir","IRPosInFunc":[30],"SrcLoc":"src/mkdir.c:156","Type":"ASSIGN$V1$@2$!GE$V1$@2$"},"1225":{"EquivalenDuplicateOf":"686","FuncName":"process_dir","IRPosInFunc":[30],"SrcLoc":"src/mkdir.c:156","Type":"ASSIGN$V1$@2$!GE$@2$V1$"},"1226":{"EquivalenDuplicateOf":"686","FuncName":"process_dir","IRPosInFunc":[30],"SrcLoc":"src/mkdir.c:156","Type":"ASSIGN$V1$@2$!DIV$V1$@2$"},"1227":{"EquivalenDuplicateOf":"686","FuncName":"process_dir","IRPosInFunc":[30],"SrcLoc":"src/mkdir.c:156","Type":"ASSIGN$V1$@2$!BITSHR$V1$@2$"},"1228":{"EquivalenDuplicateOf":"686","FuncName":"process_dir","IRPosInFunc":[30],"SrcLoc":"src/mkdir.c:156","Type":"ASSIGN$V1$@2$!LT$V1$@2$"},"1229":{"EquivalenDuplicateOf":"686","FuncName":"process_dir","IRPosInFunc":[30],"SrcLoc":"src/mkdir.c:156","Type":"ASSIGN$V1$@2$!LT$@2$V1$"},"1230":{"EquivalenDuplicateOf":"686","FuncName":"process_dir","IRPosInFunc":[30],"SrcLoc":"src/mkdir.c:156","Type":"ASSIGN$V1$@2$!LE$@2$V1$"},"1231":{"EquivalenDuplicateOf":"686","FuncName":"process_dir","IRPosInFunc":[30],"SrcLoc":"src/mkdir.c:156","Type":"ASSIGN$V1$@2$!MOD$@2$V1$"},"1232":{"EquivalenDuplicateOf":"686","FuncName":"process_dir","IRPosInFunc":[30],"SrcLoc":"src/mkdir.c:156","Type":"ASSIGN$V1$@2$!DIV$@2$V1$"},"1233":{"EquivalenDuplicateOf":"685","FuncName":"process_dir","IRPosInFunc":[30],"SrcLoc":"src/mkdir.c:156","Type":"ASSIGN$V1$@2$!BITNOT$@2$"},"1234":{"EquivalenDuplicateOf":"686","FuncName":"process_dir","IRPosInFunc":[30],"SrcLoc":"src/mkdir.c:156","Type":"ASSIGN$V1$@2$!GT$V1$@2$"},"1235":{"EquivalenDuplicateOf":"686","FuncName":"process_dir","IRPosInFunc":[30],"SrcLoc":"src/mkdir.c:156","Type":"ASSIGN$V1$@2$!GT$@2$V1$"},"1236":{"EquivalenDuplicateOf":"685","FuncName":"process_dir","IRPosInFunc":[30],"SrcLoc":"src/mkdir.c:156","Type":"ASSIGN$V1$@2$!OPERAND$@2$"},"1237":{"EquivalenDuplicateOf":"686","FuncName":"process_dir","IRPosInFunc":[30],"SrcLoc":"src/mkdir.c:156","Type":"ASSIGN$V1$@2$!MOD$V1$@2$"},"1238":{"EquivalenDuplicateOf":"686","FuncName":"process_dir","IRPosInFunc":[30],"SrcLoc":"src/mkdir.c:156","Type":"ASSIGN$V1$@2$!LE$V1$@2$"},"1239":{"EquivalenDuplicateOf":"686","FuncName":"process_dir","IRPosInFunc":[30],"SrcLoc":"src/mkdir.c:156","Type":"ASSIGN$V1$@2$!BITSHR$@2$V1$"},"1240":{"EquivalenDuplicateOf":"686","FuncName":"process_dir","IRPosInFunc":[30],"SrcLoc":"src/mkdir.c:156","Type":"ASSIGN$V1$@2$!SUB$V1$@2$"},"1241":{"EquivalenDuplicateOf":"686","FuncName":"process_dir","IRPosInFunc":[30],"SrcLoc":"src/mkdir.c:156","Type":"ASSIGN$V1$@2$!SUB$@2$V1$"},"1242":{"EquivalenDuplicateOf":"686","FuncName":"process_dir","IRPosInFunc":[30],"SrcLoc":"src/mkdir.c:156","Type":"ASSIGN$V1$@2$!GE$V1$@2$"},"1243":{"EquivalenDuplicateOf":"685","FuncName":"process_dir","IRPosInFunc":[30],"SrcLoc":"src/mkdir.c:156","Type":"ASSIGN$V1$@2$!ABS$@2$"},"1244":{"EquivalenDuplicateOf":"686","FuncName":"process_dir","IRPosInFunc":[30],"SrcLoc":"src/mkdir.c:156","Type":"ASSIGN$V1$@2$!GE$@2$V1$"},"1245":{"EquivalenDuplicateOf":"686","FuncName":"process_dir","IRPosInFunc":[30],"SrcLoc":"src/mkdir.c:156","Type":"ASSIGN$V1$@2$!DIV$V1$@2$"},"1246":{"EquivalenDuplicateOf":"686","FuncName":"process_dir","IRPosInFunc":[30],"SrcLoc":"src/mkdir.c:156","Type":"ASSIGN$V1$@2$!MUL$V1$@2$"},"1247":{"EquivalenDuplicateOf":"686","FuncName":"process_dir","IRPosInFunc":[30],"SrcLoc":"src/mkdir.c:156","Type":"ASSIGN$V1$@2$!BITSHR$V1$@2$"},"1248":{"EquivalenDuplicateOf":"686","FuncName":"process_dir","IRPosInFunc":[30],"SrcLoc":"src/mkdir.c:156","Type":"ASSIGN$V1$@2$!EQ$V1$@2$"},"1249":{"EquivalenDuplicateOf":"685","FuncName":"process_dir","IRPosInFunc":[30],"SrcLoc":"src/mkdir.c:156","Type":"ASSIGN$V1$@2$!CONSTVAL$0$"},"1250":{"EquivalenDuplicateOf":"686","FuncName":"process_dir","IRPosInFunc":[30],"SrcLoc":"src/mkdir.c:156","Type":"ASSIGN$V1$@2$!NEG$V1$"},"1251":{"EquivalenDuplicateOf":"686","FuncName":"process_dir","IRPosInFunc":[30],"SrcLoc":"src/mkdir.c:156","Type":"ASSIGN$V1$@2$!BITXOR$V1$@2$"},"1252":{"EquivalenDuplicateOf":"685","FuncName":"process_dir","IRPosInFunc":[30],"SrcLoc":"src/mkdir.c:156","Type":"ASSIGN$V1$@2$!CONSTVAL$1$"},"1253":{"EquivalenDuplicateOf":"686","FuncName":"process_dir","IRPosInFunc":[30],"SrcLoc":"src/mkdir.c:156","Type":"ASSIGN$V1$@2$!LT$V1$@2$"},"1254":{"EquivalenDuplicateOf":"686","FuncName":"process_dir","IRPosInFunc":[30],"SrcLoc":"src/mkdir.c:156","Type":"ASSIGN$V1$@2$!NEQ$V1$@2$"},"1255":{"EquivalenDuplicateOf":"686","FuncName":"process_dir","IRPosInFunc":[30],"SrcLoc":"src/mkdir.c:156","Type":"ASSIGN$V1$@2$!LT$@2$V1$"},"1256":{"EquivalenDuplicateOf":"686","FuncName":"process_dir","IRPosInFunc":[30],"SrcLoc":"src/mkdir.c:156","Type":"ASSIGN$V1$@2$!BITSHL$V1$@2$"},"1257":{"EquivalenDuplicateOf":"686","FuncName":"process_dir","IRPosInFunc":[30],"SrcLoc":"src/mkdir.c:156","Type":"ASSIGN$V1$@2$!BITSHL$@2$V1$"},"1258":{"EquivalenDuplicateOf":"686","FuncName":"process_dir","IRPosInFunc":[30],"SrcLoc":"src/mkdir.c:156","Type":"ASSIGN$V1$@2$!ABS$V1$"},"1259":{"EquivalenDuplicateOf":"686","FuncName":"process_dir","IRPosInFunc":[30],"SrcLoc":"src/mkdir.c:156","Type":"ASSIGN$V1$@2$!BITAND$V1$@2$"},"1260":{"EquivalenDuplicateOf":"686","FuncName":"process_dir","IRPosInFunc":[30],"SrcLoc":"src/mkdir.c:156","Type":"ASSIGN$V1$@2$!LE$@2$V1$"},"1261":{"EquivalenDuplicateOf":"685","FuncName":"process_dir","IRPosInFunc":[30],"SrcLoc":"src/mkdir.c:156","Type":"ASSIGN$V1$@2$!NEG$@2$"},"1262":{"EquivalenDuplicateOf":"686","FuncName":"process_dir","IRPosInFunc":[30],"SrcLoc":"src/mkdir.c:156","Type":"ASSIGN$V1$@2$!BITNOT$V1$"},"1263":{"EquivalenDuplicateOf":"686","FuncName":"process_dir","IRPosInFunc":[30],"SrcLoc":"src/mkdir.c:156","Type":"ASSIGN$V1$@2$!ADD$V1$@2$"},"1264":{"EquivalenDuplicateOf":"686","FuncName":"process_dir","IRPosInFunc":[30],"SrcLoc":"src/mkdir.c:156","Type":"ASSIGN$V1$@2$!OPERAND$V1$"},"1265":{"EquivalenDuplicateOf":"686","FuncName":"process_dir","IRPosInFunc":[30],"SrcLoc":"src/mkdir.c:156","Type":"ASSIGN$V1$@2$!MOD$@2$V1$"},"1266":{"EquivalenDuplicateOf":"657","FuncName":"process_dir","IRPosInFunc":[19],"SrcLoc":"src/mkdir.c:150","Type":"ASSIGN$V1$@2$!DIV$@2$V1$"},"1267":{"EquivalenDuplicateOf":"657","FuncName":"process_dir","IRPosInFunc":[19],"SrcLoc":"src/mkdir.c:150","Type":"ASSIGN$V1$@2$!GT$@2$V1$"},"1268":{"EquivalenDuplicateOf":"657","FuncName":"process_dir","IRPosInFunc":[19],"SrcLoc":"src/mkdir.c:150","Type":"ASSIGN$V1$@2$!MOD$V1$@2$"},"1269":{"EquivalenDuplicateOf":"657","FuncName":"process_dir","IRPosInFunc":[19],"SrcLoc":"src/mkdir.c:150","Type":"ASSIGN$V1$@2$!BITSHR$@2$V1$"},"1270":{"EquivalenDuplicateOf":"657","FuncName":"process_dir","IRPosInFunc":[19],"SrcLoc":"src/mkdir.c:150","Type":"ASSIGN$V1$@2$!GE$V1$@2$"},"1271":{"EquivalenDuplicateOf":"657","FuncName":"process_dir","IRPosInFunc":[19],"SrcLoc":"src/mkdir.c:150","Type":"ASSIGN$V1$@2$!DIV$V1$@2$"},"1272":{"EquivalenDuplicateOf":"657","FuncName":"process_dir","IRPosInFunc":[19],"SrcLoc":"src/mkdir.c:150","Type":"ASSIGN$V1$@2$!BITSHR$V1$@2$"},"1273":{"EquivalenDuplicateOf":"657","FuncName":"process_dir","IRPosInFunc":[19],"SrcLoc":"src/mkdir.c:150","Type":"ASSIGN$V1$@2$!LT$V1$@2$"},"1274":{"EquivalenDuplicateOf":"657","FuncName":"process_dir","IRPosInFunc":[19],"SrcLoc":"src/mkdir.c:150","Type":"ASSIGN$V1$@2$!LE$@2$V1$"},"1275":{"EquivalenDuplicateOf":"657","FuncName":"process_dir","IRPosInFunc":[19],"SrcLoc":"src/mkdir.c:150","Type":"ASSIGN$V1$@2$!MOD$@2$V1$"},"1276":{"EquivalenDuplicateOf":"657","FuncName":"process_dir","IRPosInFunc":[19],"SrcLoc":"src/mkdir.c:150","Type":"ASSIGN$V1$@2$!DIV$@2$V1$"},"1277":{"EquivalenDuplicateOf":"656","FuncName":"process_dir","IRPosInFunc":[19],"SrcLoc":"src/mkdir.c:150","Type":"ASSIGN$V1$@2$!BITNOT$@2$"},"1278":{"EquivalenDuplicateOf":"656","FuncName":"process_dir","IRPosInFunc":[19],"SrcLoc":"src/mkdir.c:150","Type":"ASSIGN$V1$@2$!OPERAND$@2$"},"1279":{"EquivalenDuplicateOf":"657","FuncName":"process_dir","IRPosInFunc":[19],"SrcLoc":"src/mkdir.c:150","Type":"ASSIGN$V1$@2$!MOD$V1$@2$"},"1280":{"EquivalenDuplicateOf":"657","FuncName":"process_dir","IRPosInFunc":[19],"SrcLoc":"src/mkdir.c:150","Type":"ASSIGN$V1$@2$!BITSHR$@2$V1$"},"1281":{"EquivalenDuplicateOf":"657","FuncName":"process_dir","IRPosInFunc":[19],"SrcLoc":"src/mkdir.c:150","Type":"ASSIGN$V1$@2$!SUB$V1$@2$"},"1282":{"EquivalenDuplicateOf":"657","FuncName":"process_dir","IRPosInFunc":[19],"SrcLoc":"src/mkdir.c:150","Type":"ASSIGN$V1$@2$!SUB$@2$V1$"},"1283":{"EquivalenDuplicateOf":"656","FuncName":"process_dir","IRPosInFunc":[19],"SrcLoc":"src/mkdir.c:150","Type":"ASSIGN$V1$@2$!ABS$@2$"},"1284":{"EquivalenDuplicateOf":"657","FuncName":"process_dir","IRPosInFunc":[19],"SrcLoc":"src/mkdir.c:150","Type":"ASSIGN$V1$@2$!DIV$V1$@2$"},"1285":{"EquivalenDuplicateOf":"657","FuncName":"process_dir","IRPosInFunc":[19],"SrcLoc":"src/mkdir.c:150","Type":"ASSIGN$V1$@2$!MUL$V1$@2$"},"1286":{"EquivalenDuplicateOf":"657","FuncName":"process_dir","IRPosInFunc":[19],"SrcLoc":"src/mkdir.c:150","Type":"ASSIGN$V1$@2$!BITSHR$V1$@2$"},"1287":{"EquivalenDuplicateOf":"656","FuncName":"process_dir","IRPosInFunc":[19],"SrcLoc":"src/mkdir.c:150","Type":"ASSIGN$V1$@2$!CONSTVAL$0$"},"1288":{"EquivalenDuplicateOf":"657","FuncName":"process_dir","IRPosInFunc":[19],"SrcLoc":"src/mkdir.c:150","Type":"ASSIGN$V1$@2$!NEG$V1$"},"1289":{"EquivalenDuplicateOf":"657","FuncName":"process_dir","IRPosInFunc":[19],"SrcLoc":"src/mkdir.c:150","Type":"ASSIGN$V1$@2$!BITXOR$V1$@2$"},"1290":{"EquivalenDuplicateOf":"656","FuncName":"process_dir","IRPosInFunc":[19],"SrcLoc":"src/mkdir.c:150","Type":"ASSIGN$V1$@2$!CONSTVAL$1$"},"1291":{"EquivalenDuplicateOf":"657","FuncName":"process_dir","IRPosInFunc":[19],"SrcLoc":"src/mkdir.c:150","Type":"ASSIGN$V1$@2$!BITSHL$V1$@2$"},"1292":{"EquivalenDuplicateOf":"657","FuncName":"process_dir","IRPosInFunc":[19],"SrcLoc":"src/mkdir.c:150","Type":"ASSIGN$V1$@2$!BITSHL$@2$V1$"},"1293":{"EquivalenDuplicateOf":"657","FuncName":"process_dir","IRPosInFunc":[19],"SrcLoc":"src/mkdir.c:150","Type":"ASSIGN$V1$@2$!BITAND$V1$@2$"},"1294":{"EquivalenDuplicateOf":"656","FuncName":"process_dir","IRPosInFunc":[19],"SrcLoc":"src/mkdir.c:150","Type":"ASSIGN$V1$@2$!NEG$@2$"},"1295":{"EquivalenDuplicateOf":"657","FuncName":"process_dir","IRPosInFunc":[19],"SrcLoc":"src/mkdir.c:150","Type":"ASSIGN$V1$@2$!BITNOT$V1$"},"1296":{"EquivalenDuplicateOf":"657","FuncName":"process_dir","IRPosInFunc":[19],"SrcLoc":"src/mkdir.c:150","Type":"ASSIGN$V1$@2$!ADD$V1$@2$"},"1297":{"EquivalenDuplicateOf":"656","FuncName":"process_dir","IRPosInFunc":[19],"SrcLoc":"src/mkdir.c:150","Type":"ASSIGN$V1$@2$!OPERAND$V1$"},"1298":{"EquivalenDuplicateOf":"656","FuncName":"process_dir","IRPosInFunc":[19],"SrcLoc":"src/mkdir.c:150","Type":"ASSIGN$V1$@2$!BITOR$V1$@2$"},"1299":{"EquivalenDuplicateOf":"0","FuncName":"main","IRPosInFunc":[163],"SrcLoc":"src/mkdir.c:302","Type":"@!ABS$@$"},"1300":{"EquivalenDuplicateOf":"0","FuncName":"main","IRPosInFunc":[164],"SrcLoc":"src/mkdir.c:302","Type":"RETURN_BREAK_CONTINUE!DELSTMT"},"1301":{"EquivalenDuplicateOf":"0","FuncName":"main","IRPosInFunc":[164],"SrcLoc":"src/mkdir.c:302","Type":"STMT!DELSTMT"},"1302":{"EquivalenDuplicateOf":"0","FuncName":"main","IRPosInFunc":[163,164],"SrcLoc":"src/mkdir.c:302","Type":"STMT!TRAPSTMT"},"1303":{"EquivalenDuplicateOf":"0","FuncName":"main","IRPosInFunc":[162],"SrcLoc":"src/mkdir.c:300","Type":"STMT!TRAPSTMT"},"1304":{"EquivalenDuplicateOf":"551","FuncName":"main","IRPosInFunc":[149],"SrcLoc":"src/mkdir.c:297","Type":"ASSIGN$V1$@2$!DIV$@2$V1$"},"1305":{"EquivalenDuplicateOf":"551","FuncName":"main","IRPosInFunc":[149],"SrcLoc":"src/mkdir.c:297","Type":"ASSIGN$V1$@2$!MOD$V1$@2$"},"1306":{"EquivalenDuplicateOf":"551","FuncName":"main","IRPosInFunc":[149],"SrcLoc":"src/mkdir.c:297","Type":"ASSIGN$V1$@2$!BITSHR$@2$V1$"},"1307":{"EquivalenDuplicateOf":"551","FuncName":"main","IRPosInFunc":[149],"SrcLoc":"src/mkdir.c:297","Type":"ASSIGN$V1$@2$!DIV$V1$@2$"},"1308":{"EquivalenDuplicateOf":"551","FuncName":"main","IRPosInFunc":[149],"SrcLoc":"src/mkdir.c:297","Type":"ASSIGN$V1$@2$!BITSHR$V1$@2$"},"1309":{"EquivalenDuplicateOf":"551","FuncName":"main","IRPosInFunc":[149],"SrcLoc":"src/mkdir.c:297","Type":"ASSIGN$V1$@2$!MOD$@2$V1$"},"1310":{"EquivalenDuplicateOf":"551","FuncName":"main","IRPosInFunc":[149],"SrcLoc":"src/mkdir.c:297","Type":"ASSIGN$V1$@2$!DIV$@2$V1$"},"1311":{"EquivalenDuplicateOf":"552","FuncName":"main","IRPosInFunc":[149],"SrcLoc":"src/mkdir.c:297","Type":"ASSIGN$V1$@2$!BITNOT$@2$"},"1312":{"EquivalenDuplicateOf":"552","FuncName":"main","IRPosInFunc":[149],"SrcLoc":"src/mkdir.c:297","Type":"ASSIGN$V1$@2$!OPERAND$@2$"},"1313":{"EquivalenDuplicateOf":"551","FuncName":"main","IRPosInFunc":[149],"SrcLoc":"src/mkdir.c:297","Type":"ASSIGN$V1$@2$!MOD$V1$@2$"},"1314":{"EquivalenDuplicateOf":"551","FuncName":"main","IRPosInFunc":[149],"SrcLoc":"src/mkdir.c:297","Type":"ASSIGN$V1$@2$!BITSHR$@2$V1$"},"1315":{"EquivalenDuplicateOf":"551","FuncName":"main","IRPosInFunc":[149],"SrcLoc":"src/mkdir.c:297","Type":"ASSIGN$V1$@2$!SUB$V1$@2$"},"1316":{"EquivalenDuplicateOf":"551","FuncName":"main","IRPosInFunc":[149],"SrcLoc":"src/mkdir.c:297","Type":"ASSIGN$V1$@2$!SUB$@2$V1$"},"1317":{"EquivalenDuplicateOf":"552","FuncName":"main","IRPosInFunc":[149],"SrcLoc":"src/mkdir.c:297","Type":"ASSIGN$V1$@2$!ABS$@2$"},"1318":{"EquivalenDuplicateOf":"551","FuncName":"main","IRPosInFunc":[149],"SrcLoc":"src/mkdir.c:297","Type":"ASSIGN$V1$@2$!DIV$V1$@2$"},"1319":{"EquivalenDuplicateOf":"551","FuncName":"main","IRPosInFunc":[149],"SrcLoc":"src/mkdir.c:297","Type":"ASSIGN$V1$@2$!MUL$V1$@2$"},"1320":{"EquivalenDuplicateOf":"551","FuncName":"main","IRPosInFunc":[149],"SrcLoc":"src/mkdir.c:297","Type":"ASSIGN$V1$@2$!BITSHR$V1$@2$"},"1321":{"EquivalenDuplicateOf":"552","FuncName":"main","IRPosInFunc":[149],"SrcLoc":"src/mkdir.c:297","Type":"ASSIGN$V1$@2$!CONSTVAL$0$"},"1322":{"EquivalenDuplicateOf":"551","FuncName":"main","IRPosInFunc":[149],"SrcLoc":"src/mkdir.c:297","Type":"ASSIGN$V1$@2$!NEG$V1$"},"1323":{"EquivalenDuplicateOf":"551","FuncName":"main","IRPosInFunc":[149],"SrcLoc":"src/mkdir.c:297","Type":"ASSIGN$V1$@2$!BITXOR$V1$@2$"},"1324":{"EquivalenDuplicateOf":"552","FuncName":"main","IRPosInFunc":[149],"SrcLoc":"src/mkdir.c:297","Type":"ASSIGN$V1$@2$!CONSTVAL$1$"},"1325":{"EquivalenDuplicateOf":"551","FuncName":"main","IRPosInFunc":[149],"SrcLoc":"src/mkdir.c:297","Type":"ASSIGN$V1$@2$!BITSHL$V1$@2$"},"1326":{"EquivalenDuplicateOf":"551","FuncName":"main","IRPosInFunc":[149],"SrcLoc":"src/mkdir.c:297","Type":"ASSIGN$V1$@2$!BITSHL$@2$V1$"},"1327":{"EquivalenDuplicateOf":"551","FuncName":"main","IRPosInFunc":[149],"SrcLoc":"src/mkdir.c:297","Type":"ASSIGN$V1$@2$!BITAND$V1$@2$"},"1328":{"EquivalenDuplicateOf":"552","FuncName":"main","IRPosInFunc":[149],"SrcLoc":"src/mkdir.c:297","Type":"ASSIGN$V1$@2$!NEG$@2$"},"1329":{"EquivalenDuplicateOf":"551","FuncName":"main","IRPosInFunc":[149],"SrcLoc":"src/mkdir.c:297","Type":"ASSIGN$V1$@2$!BITNOT$V1$"},"1330":{"EquivalenDuplicateOf":"551","FuncName":"main","IRPosInFunc":[149],"SrcLoc":"src/mkdir.c:297","Type":"ASSIGN$V1$@2$!ADD$V1$@2$"},"1331":{"EquivalenDuplicateOf":"551","FuncName":"main","IRPosInFunc":[149],"SrcLoc":"src/mkdir.c:297","Type":"ASSIGN$V1$@2$!MOD$@2$V1$"},"1332":{"EquivalenDuplicateOf":"548","FuncName":"main","IRPosInFunc":[147],"SrcLoc":"src/mkdir.c:295","Type":"RETURN_BREAK_CONTINUE!DELSTMT"},"1333":{"EquivalenDuplicateOf":"520","FuncName":"main","IRPosInFunc":[143],"SrcLoc":"src/mkdir.c:292","Type":"ASSIGN$V1$@2$!DIV$@2$V1$"},"1334":{"EquivalenDuplicateOf":"520","FuncName":"main","IRPosInFunc":[143],"SrcLoc":"src/mkdir.c:292","Type":"ASSIGN$V1$@2$!MOD$V1$@2$"},"1335":{"EquivalenDuplicateOf":"520","FuncName":"main","IRPosInFunc":[143],"SrcLoc":"src/mkdir.c:292","Type":"ASSIGN$V1$@2$!BITSHR$@2$V1$"},"1336":{"EquivalenDuplicateOf":"520","FuncName":"main","IRPosInFunc":[143],"SrcLoc":"src/mkdir.c:292","Type":"ASSIGN$V1$@2$!DIV$V1$@2$"},"1337":{"EquivalenDuplicateOf":"520","FuncName":"main","IRPosInFunc":[143],"SrcLoc":"src/mkdir.c:292","Type":"ASSIGN$V1$@2$!BITSHR$V1$@2$"},"1338":{"EquivalenDuplicateOf":"520","FuncName":"main","IRPosInFunc":[143],"SrcLoc":"src/mkdir.c:292","Type":"ASSIGN$V1$@2$!MOD$@2$V1$"},"1339":{"EquivalenDuplicateOf":"520","FuncName":"main","IRPosInFunc":[143],"SrcLoc":"src/mkdir.c:292","Type":"ASSIGN$V1$@2$!DIV$@2$V1$"},"1340":{"EquivalenDuplicateOf":"521","FuncName":"main","IRPosInFunc":[143],"SrcLoc":"src/mkdir.c:292","Type":"ASSIGN$V1$@2$!BITNOT$@2$"},"1341":{"EquivalenDuplicateOf":"521","FuncName":"main","IRPosInFunc":[143],"SrcLoc":"src/mkdir.c:292","Type":"ASSIGN$V1$@2$!OPERAND$@2$"},"1342":{"EquivalenDuplicateOf":"520","FuncName":"main","IRPosInFunc":[143],"SrcLoc":"src/mkdir.c:292","Type":"ASSIGN$V1$@2$!MOD$V1$@2$"},"1343":{"EquivalenDuplicateOf":"520","FuncName":"main","IRPosInFunc":[143],"SrcLoc":"src/mkdir.c:292","Type":"ASSIGN$V1$@2$!BITSHR$@2$V1$"},"1344":{"EquivalenDuplicateOf":"520","FuncName":"main","IRPosInFunc":[143],"SrcLoc":"src/mkdir.c:292","Type":"ASSIGN$V1$@2$!SUB$V1$@2$"},"1345":{"EquivalenDuplicateOf":"520","FuncName":"main","IRPosInFunc":[143],"SrcLoc":"src/mkdir.c:292","Type":"ASSIGN$V1$@2$!SUB$@2$V1$"},"1346":{"EquivalenDuplicateOf":"520","FuncName":"main","IRPosInFunc":[143],"SrcLoc":"src/mkdir.c:292","Type":"ASSIGN$V1$@2$!DIV$V1$@2$"},"1347":{"EquivalenDuplicateOf":"520","FuncName":"main","IRPosInFunc":[143],"SrcLoc":"src/mkdir.c:292","Type":"ASSIGN$V1$@2$!MUL$V1$@2$"},"1348":{"EquivalenDuplicateOf":"520","FuncName":"main","IRPosInFunc":[143],"SrcLoc":"src/mkdir.c:292","Type":"ASSIGN$V1$@2$!BITSHR$V1$@2$"},"1349":{"EquivalenDuplicateOf":"521","FuncName":"main","IRPosInFunc":[143],"SrcLoc":"src/mkdir.c:292","Type":"ASSIGN$V1$@2$!CONSTVAL$0$"},"1350":{"EquivalenDuplicateOf":"520","FuncName":"main","IRPosInFunc":[143],"SrcLoc":"src/mkdir.c:292","Type":"ASSIGN$V1$@2$!NEG$V1$"},"1351":{"EquivalenDuplicateOf":"520","FuncName":"main","IRPosInFunc":[143],"SrcLoc":"src/mkdir.c:292","Type":"ASSIGN$V1$@2$!BITXOR$V1$@2$"},"1352":{"EquivalenDuplicateOf":"521","FuncName":"main","IRPosInFunc":[143],"SrcLoc":"src/mkdir.c:292","Type":"ASSIGN$V1$@2$!CONSTVAL$1$"},"1353":{"EquivalenDuplicateOf":"520","FuncName":"main","IRPosInFunc":[143],"SrcLoc":"src/mkdir.c:292","Type":"ASSIGN$V1$@2$!BITSHL$V1$@2$"},"1354":{"EquivalenDuplicateOf":"520","FuncName":"main","IRPosInFunc":[143],"SrcLoc":"src/mkdir.c:292","Type":"ASSIGN$V1$@2$!BITSHL$@2$V1$"},"1355":{"EquivalenDuplicateOf":"520","FuncName":"main","IRPosInFunc":[143],"SrcLoc":"src/mkdir.c:292","Type":"ASSIGN$V1$@2$!BITAND$V1$@2$"},"1356":{"EquivalenDuplicateOf":"521","FuncName":"main","IRPosInFunc":[143],"SrcLoc":"src/mkdir.c:292","Type":"ASSIGN$V1$@2$!NEG$@2$"},"1357":{"EquivalenDuplicateOf":"520","FuncName":"main","IRPosInFunc":[143],"SrcLoc":"src/mkdir.c:292","Type":"ASSIGN$V1$@2$!BITNOT$V1$"},"1358":{"EquivalenDuplicateOf":"520","FuncName":"main","IRPosInFunc":[143],"SrcLoc":"src/mkdir.c:292","Type":"ASSIGN$V1$@2$!ADD$V1$@2$"},"1359":{"EquivalenDuplicateOf":"520","FuncName":"main","IRPosInFunc":[143],"SrcLoc":"src/mkdir.c:292","Type":"ASSIGN$V1$@2$!MOD$@2$V1$"},"1360":{"EquivalenDuplicateOf":"482","FuncName":"main","IRPosInFunc":[123],"SrcLoc":"src/mkdir.c:284","Type":"ASSIGN$V1$@2$!DIV$@2$V1$"},"1361":{"EquivalenDuplicateOf":"482","FuncName":"main","IRPosInFunc":[123],"SrcLoc":"src/mkdir.c:284","Type":"ASSIGN$V1$@2$!MOD$V1$@2$"},"1362":{"EquivalenDuplicateOf":"482","FuncName":"main","IRPosInFunc":[123],"SrcLoc":"src/mkdir.c:284","Type":"ASSIGN$V1$@2$!BITSHR$@2$V1$"},"1363":{"EquivalenDuplicateOf":"482","FuncName":"main","IRPosInFunc":[123],"SrcLoc":"src/mkdir.c:284","Type":"ASSIGN$V1$@2$!DIV$V1$@2$"},"1364":{"EquivalenDuplicateOf":"482","FuncName":"main","IRPosInFunc":[123],"SrcLoc":"src/mkdir.c:284","Type":"ASSIGN$V1$@2$!BITSHR$V1$@2$"},"1365":{"EquivalenDuplicateOf":"482","FuncName":"main","IRPosInFunc":[123],"SrcLoc":"src/mkdir.c:284","Type":"ASSIGN$V1$@2$!MOD$@2$V1$"},"1366":{"EquivalenDuplicateOf":"482","FuncName":"main","IRPosInFunc":[123],"SrcLoc":"src/mkdir.c:284","Type":"ASSIGN$V1$@2$!DIV$@2$V1$"},"1367":{"EquivalenDuplicateOf":"485","FuncName":"main","IRPosInFunc":[123],"SrcLoc":"src/mkdir.c:284","Type":"ASSIGN$V1$@2$!BITNOT$@2$"},"1368":{"EquivalenDuplicateOf":"481","FuncName":"main","IRPosInFunc":[123],"SrcLoc":"src/mkdir.c:284","Type":"ASSIGN$V1$@2$!OPERAND$@2$"},"1369":{"EquivalenDuplicateOf":"482","FuncName":"main","IRPosInFunc":[123],"SrcLoc":"src/mkdir.c:284","Type":"ASSIGN$V1$@2$!MOD$V1$@2$"},"1370":{"EquivalenDuplicateOf":"482","FuncName":"main","IRPosInFunc":[123],"SrcLoc":"src/mkdir.c:284","Type":"ASSIGN$V1$@2$!BITSHR$@2$V1$"},"1371":{"EquivalenDuplicateOf":"482","FuncName":"main","IRPosInFunc":[123],"SrcLoc":"src/mkdir.c:284","Type":"ASSIGN$V1$@2$!SUB$V1$@2$"},"1372":{"EquivalenDuplicateOf":"482","FuncName":"main","IRPosInFunc":[123],"SrcLoc":"src/mkdir.c:284","Type":"ASSIGN$V1$@2$!SUB$@2$V1$"},"1373":{"EquivalenDuplicateOf":"482","FuncName":"main","IRPosInFunc":[123],"SrcLoc":"src/mkdir.c:284","Type":"ASSIGN$V1$@2$!DIV$V1$@2$"},"1374":{"EquivalenDuplicateOf":"482","FuncName":"main","IRPosInFunc":[123],"SrcLoc":"src/mkdir.c:284","Type":"ASSIGN$V1$@2$!MUL$V1$@2$"},"1375":{"EquivalenDuplicateOf":"482","FuncName":"main","IRPosInFunc":[123],"SrcLoc":"src/mkdir.c:284","Type":"ASSIGN$V1$@2$!BITSHR$V1$@2$"},"1376":{"EquivalenDuplicateOf":"481","FuncName":"main","IRPosInFunc":[123],"SrcLoc":"src/mkdir.c:284","Type":"ASSIGN$V1$@2$!CONSTVAL$0$"},"1377":{"EquivalenDuplicateOf":"484","FuncName":"main","IRPosInFunc":[123],"SrcLoc":"src/mkdir.c:284","Type":"ASSIGN$V1$@2$!NEG$V1$"},"1378":{"EquivalenDuplicateOf":"482","FuncName":"main","IRPosInFunc":[123],"SrcLoc":"src/mkdir.c:284","Type":"ASSIGN$V1$@2$!BITXOR$V1$@2$"},"1379":{"EquivalenDuplicateOf":"481","FuncName":"main","IRPosInFunc":[123],"SrcLoc":"src/mkdir.c:284","Type":"ASSIGN$V1$@2$!CONSTVAL$1$"},"1380":{"EquivalenDuplicateOf":"482","FuncName":"main","IRPosInFunc":[123],"SrcLoc":"src/mkdir.c:284","Type":"ASSIGN$V1$@2$!BITSHL$V1$@2$"},"1381":{"EquivalenDuplicateOf":"482","FuncName":"main","IRPosInFunc":[123],"SrcLoc":"src/mkdir.c:284","Type":"ASSIGN$V1$@2$!BITSHL$@2$V1$"},"1382":{"EquivalenDuplicateOf":"482","FuncName":"main","IRPosInFunc":[123],"SrcLoc":"src/mkdir.c:284","Type":"ASSIGN$V1$@2$!BITAND$V1$@2$"},"1383":{"EquivalenDuplicateOf":"482","FuncName":"main","IRPosInFunc":[123],"SrcLoc":"src/mkdir.c:284","Type":"ASSIGN$V1$@2$!ADD$V1$@2$"},"1384":{"EquivalenDuplicateOf":"482","FuncName":"main","IRPosInFunc":[123],"SrcLoc":"src/mkdir.c:284","Type":"ASSIGN$V1$@2$!MOD$@2$V1$"},"1385":{"EquivalenDuplicateOf":"454","FuncName":"main","IRPosInFunc":[118],"SrcLoc":"src/mkdir.c:282","Type":"ASSIGN$V1$@2$!DIV$@2$V1$"},"1386":{"EquivalenDuplicateOf":"454","FuncName":"main","IRPosInFunc":[118],"SrcLoc":"src/mkdir.c:282","Type":"ASSIGN$V1$@2$!MOD$V1$@2$"},"1387":{"EquivalenDuplicateOf":"454","FuncName":"main","IRPosInFunc":[118],"SrcLoc":"src/mkdir.c:282","Type":"ASSIGN$V1$@2$!BITSHR$@2$V1$"},"1388":{"EquivalenDuplicateOf":"454","FuncName":"main","IRPosInFunc":[118],"SrcLoc":"src/mkdir.c:282","Type":"ASSIGN$V1$@2$!DIV$V1$@2$"},"1389":{"EquivalenDuplicateOf":"454","FuncName":"main","IRPosInFunc":[118],"SrcLoc":"src/mkdir.c:282","Type":"ASSIGN$V1$@2$!BITSHR$V1$@2$"},"1390":{"EquivalenDuplicateOf":"454","FuncName":"main","IRPosInFunc":[118],"SrcLoc":"src/mkdir.c:282","Type":"ASSIGN$V1$@2$!MOD$@2$V1$"},"1391":{"EquivalenDuplicateOf":"454","FuncName":"main","IRPosInFunc":[118],"SrcLoc":"src/mkdir.c:282","Type":"ASSIGN$V1$@2$!DIV$@2$V1$"},"1392":{"EquivalenDuplicateOf":"454","FuncName":"main","IRPosInFunc":[118],"SrcLoc":"src/mkdir.c:282","Type":"ASSIGN$V1$@2$!BITNOT$@2$"},"1393":{"EquivalenDuplicateOf":"454","FuncName":"main","IRPosInFunc":[118],"SrcLoc":"src/mkdir.c:282","Type":"ASSIGN$V1$@2$!OPERAND$@2$"},"1394":{"EquivalenDuplicateOf":"454","FuncName":"main","IRPosInFunc":[118],"SrcLoc":"src/mkdir.c:282","Type":"ASSIGN$V1$@2$!MOD$V1$@2$"},"1395":{"EquivalenDuplicateOf":"454","FuncName":"main","IRPosInFunc":[118],"SrcLoc":"src/mkdir.c:282","Type":"ASSIGN$V1$@2$!BITSHR$@2$V1$"},"1396":{"EquivalenDuplicateOf":"454","FuncName":"main","IRPosInFunc":[118],"SrcLoc":"src/mkdir.c:282","Type":"ASSIGN$V1$@2$!SUB$V1$@2$"},"1397":{"EquivalenDuplicateOf":"454","FuncName":"main","IRPosInFunc":[118],"SrcLoc":"src/mkdir.c:282","Type":"ASSIGN$V1$@2$!SUB$@2$V1$"},"1398":{"EquivalenDuplicateOf":"454","FuncName":"main","IRPosInFunc":[118],"SrcLoc":"src/mkdir.c:282","Type":"ASSIGN$V1$@2$!DIV$V1$@2$"},"1399":{"EquivalenDuplicateOf":"454","FuncName":"main","IRPosInFunc":[118],"SrcLoc":"src/mkdir.c:282","Type":"ASSIGN$V1$@2$!MUL$V1$@2$"},"1400":{"EquivalenDuplicateOf":"454","FuncName":"main","IRPosInFunc":[118],"SrcLoc":"src/mkdir.c:282","Type":"ASSIGN$V1$@2$!BITSHR$V1$@2$"},"1401":{"EquivalenDuplicateOf":"454","FuncName":"main","IRPosInFunc":[118],"SrcLoc":"src/mkdir.c:282","Type":"ASSIGN$V1$@2$!CONSTVAL$0$"},"1402":{"EquivalenDuplicateOf":"454","FuncName":"main","IRPosInFunc":[118],"SrcLoc":"src/mkdir.c:282","Type":"ASSIGN$V1$@2$!NEG$V1$"},"1403":{"EquivalenDuplicateOf":"454","FuncName":"main","IRPosInFunc":[118],"SrcLoc":"src/mkdir.c:282","Type":"ASSIGN$V1$@2$!BITXOR$V1$@2$"},"1404":{"EquivalenDuplicateOf":"454","FuncName":"main","IRPosInFunc":[118],"SrcLoc":"src/mkdir.c:282","Type":"ASSIGN$V1$@2$!CONSTVAL$1$"},"1405":{"EquivalenDuplicateOf":"454","FuncName":"main","IRPosInFunc":[118],"SrcLoc":"src/mkdir.c:282","Type":"ASSIGN$V1$@2$!BITSHL$V1$@2$"},"1406":{"EquivalenDuplicateOf":"454","FuncName":"main","IRPosInFunc":[118],"SrcLoc":"src/mkdir.c:282","Type":"ASSIGN$V1$@2$!BITSHL$@2$V1$"},"1407":{"EquivalenDuplicateOf":"454","FuncName":"main","IRPosInFunc":[118],"SrcLoc":"src/mkdir.c:282","Type":"ASSIGN$V1$@2$!BITAND$V1$@2$"},"1408":{"EquivalenDuplicateOf":"454","FuncName":"main","IRPosInFunc":[118],"SrcLoc":"src/mkdir.c:282","Type":"ASSIGN$V1$@2$!NEG$@2$"},"1409":{"EquivalenDuplicateOf":"454","FuncName":"main","IRPosInFunc":[118],"SrcLoc":"src/mkdir.c:282","Type":"ASSIGN$V1$@2$!BITNOT$V1$"},"1410":{"EquivalenDuplicateOf":"454","FuncName":"main","IRPosInFunc":[118],"SrcLoc":"src/mkdir.c:282","Type":"ASSIGN$V1$@2$!ADD$V1$@2$"},"1411":{"EquivalenDuplicateOf":"454","FuncName":"main","IRPosInFunc":[118],"SrcLoc":"src/mkdir.c:282","Type":"ASSIGN$V1$@2$!OPERAND$V1$"},"1412":{"EquivalenDuplicateOf":"454","FuncName":"main","IRPosInFunc":[118],"SrcLoc":"src/mkdir.c:282","Type":"ASSIGN$V1$@2$!MOD$@2$V1$"},"1413":{"EquivalenDuplicateOf":"420","FuncName":"main","IRPosInFunc":[100],"SrcLoc":"src/mkdir.c:273","Type":"LT$@1$@2$!BITSHR$@2$@1$"},"1414":{"EquivalenDuplicateOf":"422","FuncName":"main","IRPosInFunc":[100],"SrcLoc":"src/mkdir.c:273","Type":"LT$@1$@2$!SUB$@1$@2$"},"1415":{"EquivalenDuplicateOf":"421","FuncName":"main","IRPosInFunc":[100],"SrcLoc":"src/mkdir.c:273","Type":"LT$@1$@2$!CONSTVAL$0$"},"1416":{"EquivalenDuplicateOf":"421","FuncName":"main","IRPosInFunc":[100],"SrcLoc":"src/mkdir.c:273","Type":"LT$@1$@2$!OPERAND$@2$"},"1417":{"EquivalenDuplicateOf":"421","FuncName":"main","IRPosInFunc":[100],"SrcLoc":"src/mkdir.c:273","Type":"LT$@1$@2$!ABS$@2$"},"1418":{"EquivalenDuplicateOf":"420","FuncName":"main","IRPosInFunc":[100],"SrcLoc":"src/mkdir.c:273","Type":"LT$@1$@2$!BITAND$@1$@2$"},"1419":{"EquivalenDuplicateOf":"420","FuncName":"main","IRPosInFunc":[100],"SrcLoc":"src/mkdir.c:273","Type":"LT$@1$@2$!MUL$@1$@2$"},"1420":{"EquivalenDuplicateOf":"422","FuncName":"main","IRPosInFunc":[100],"SrcLoc":"src/mkdir.c:273","Type":"LT$@1$@2$!OPERAND$@1$"},"1421":{"EquivalenDuplicateOf":"422","FuncName":"main","IRPosInFunc":[100],"SrcLoc":"src/mkdir.c:273","Type":"LT$@1$@2$!ADD$@1$@2$"},"1422":{"EquivalenDuplicateOf":"424","FuncName":"main","IRPosInFunc":[100],"SrcLoc":"src/mkdir.c:273","Type":"LT$@1$@2$!CONSTVAL$1$"},"1423":{"EquivalenDuplicateOf":"422","FuncName":"main","IRPosInFunc":[100],"SrcLoc":"src/mkdir.c:273","Type":"LT$@1$@2$!BITSHL$@1$@2$"},"1424":{"EquivalenDuplicateOf":"420","FuncName":"main","IRPosInFunc":[100],"SrcLoc":"src/mkdir.c:273","Type":"LT$@1$@2$!BITSHL$@2$@1$"},"1425":{"EquivalenDuplicateOf":"422","FuncName":"main","IRPosInFunc":[100],"SrcLoc":"src/mkdir.c:273","Type":"LT$@1$@2$!NEQ$@1$@2$"},"1426":{"EquivalenDuplicateOf":"423","FuncName":"main","IRPosInFunc":[100],"SrcLoc":"src/mkdir.c:273","Type":"LT$@1$@2$!NEG$@1$"},"1427":{"EquivalenDuplicateOf":"422","FuncName":"main","IRPosInFunc":[100],"SrcLoc":"src/mkdir.c:273","Type":"LT$@1$@2$!BITOR$@1$@2$"},"1428":{"EquivalenDuplicateOf":"422","FuncName":"main","IRPosInFunc":[100],"SrcLoc":"src/mkdir.c:273","Type":"LT$@1$@2$!BITSHR$@1$@2$"},"1429":{"EquivalenDuplicateOf":"420","FuncName":"main","IRPosInFunc":[100],"SrcLoc":"src/mkdir.c:273","Type":"LT$@1$@2$!DIV$@2$@1$"},"1430":{"EquivalenDuplicateOf":"390","FuncName":"main","IRPosInFunc":[97],"SrcLoc":"src/mkdir.c:271","Type":"ASSIGN$V1$@2$!DIV$@2$V1$"},"1431":{"EquivalenDuplicateOf":"390","FuncName":"main","IRPosInFunc":[97],"SrcLoc":"src/mkdir.c:271","Type":"ASSIGN$V1$@2$!MOD$V1$@2$"},"1432":{"EquivalenDuplicateOf":"390","FuncName":"main","IRPosInFunc":[97],"SrcLoc":"src/mkdir.c:271","Type":"ASSIGN$V1$@2$!BITSHR$@2$V1$"},"1433":{"EquivalenDuplicateOf":"390","FuncName":"main","IRPosInFunc":[97],"SrcLoc":"src/mkdir.c:271","Type":"ASSIGN$V1$@2$!DIV$V1$@2$"},"1434":{"EquivalenDuplicateOf":"390","FuncName":"main","IRPosInFunc":[97],"SrcLoc":"src/mkdir.c:271","Type":"ASSIGN$V1$@2$!BITSHR$V1$@2$"},"1435":{"EquivalenDuplicateOf":"390","FuncName":"main","IRPosInFunc":[97],"SrcLoc":"src/mkdir.c:271","Type":"ASSIGN$V1$@2$!MOD$@2$V1$"},"1436":{"EquivalenDuplicateOf":"390","FuncName":"main","IRPosInFunc":[97],"SrcLoc":"src/mkdir.c:271","Type":"ASSIGN$V1$@2$!DIV$@2$V1$"},"1437":{"EquivalenDuplicateOf":"391","FuncName":"main","IRPosInFunc":[97],"SrcLoc":"src/mkdir.c:271","Type":"ASSIGN$V1$@2$!BITNOT$@2$"},"1438":{"EquivalenDuplicateOf":"391","FuncName":"main","IRPosInFunc":[97],"SrcLoc":"src/mkdir.c:271","Type":"ASSIGN$V1$@2$!OPERAND$@2$"},"1439":{"EquivalenDuplicateOf":"390","FuncName":"main","IRPosInFunc":[97],"SrcLoc":"src/mkdir.c:271","Type":"ASSIGN$V1$@2$!MOD$V1$@2$"},"1440":{"EquivalenDuplicateOf":"390","FuncName":"main","IRPosInFunc":[97],"SrcLoc":"src/mkdir.c:271","Type":"ASSIGN$V1$@2$!BITSHR$@2$V1$"},"1441":{"EquivalenDuplicateOf":"390","FuncName":"main","IRPosInFunc":[97],"SrcLoc":"src/mkdir.c:271","Type":"ASSIGN$V1$@2$!SUB$V1$@2$"},"1442":{"EquivalenDuplicateOf":"390","FuncName":"main","IRPosInFunc":[97],"SrcLoc":"src/mkdir.c:271","Type":"ASSIGN$V1$@2$!SUB$@2$V1$"},"1443":{"EquivalenDuplicateOf":"390","FuncName":"main","IRPosInFunc":[97],"SrcLoc":"src/mkdir.c:271","Type":"ASSIGN$V1$@2$!DIV$V1$@2$"},"1444":{"EquivalenDuplicateOf":"390","FuncName":"main","IRPosInFunc":[97],"SrcLoc":"src/mkdir.c:271","Type":"ASSIGN$V1$@2$!MUL$V1$@2$"},"1445":{"EquivalenDuplicateOf":"390","FuncName":"main","IRPosInFunc":[97],"SrcLoc":"src/mkdir.c:271","Type":"ASSIGN$V1$@2$!BITSHR$V1$@2$"},"1446":{"EquivalenDuplicateOf":"391","FuncName":"main","IRPosInFunc":[97],"SrcLoc":"src/mkdir.c:271","Type":"ASSIGN$V1$@2$!CONSTVAL$0$"},"1447":{"EquivalenDuplicateOf":"390","FuncName":"main","IRPosInFunc":[97],"SrcLoc":"src/mkdir.c:271","Type":"ASSIGN$V1$@2$!NEG$V1$"},"1448":{"EquivalenDuplicateOf":"390","FuncName":"main","IRPosInFunc":[97],"SrcLoc":"src/mkdir.c:271","Type":"ASSIGN$V1$@2$!BITXOR$V1$@2$"},"1449":{"EquivalenDuplicateOf":"391","FuncName":"main","IRPosInFunc":[97],"SrcLoc":"src/mkdir.c:271","Type":"ASSIGN$V1$@2$!CONSTVAL$1$"},"1450":{"EquivalenDuplicateOf":"390","FuncName":"main","IRPosInFunc":[97],"SrcLoc":"src/mkdir.c:271","Type":"ASSIGN$V1$@2$!BITSHL$V1$@2$"},"1451":{"EquivalenDuplicateOf":"390","FuncName":"main","IRPosInFunc":[97],"SrcLoc":"src/mkdir.c:271","Type":"ASSIGN$V1$@2$!BITSHL$@2$V1$"},"1452":{"EquivalenDuplicateOf":"390","FuncName":"main","IRPosInFunc":[97],"SrcLoc":"src/mkdir.c:271","Type":"ASSIGN$V1$@2$!BITAND$V1$@2$"},"1453":{"EquivalenDuplicateOf":"391","FuncName":"main","IRPosInFunc":[97],"SrcLoc":"src/mkdir.c:271","Type":"ASSIGN$V1$@2$!NEG$@2$"},"1454":{"EquivalenDuplicateOf":"390","FuncName":"main","IRPosInFunc":[97],"SrcLoc":"src/mkdir.c:271","Type":"ASSIGN$V1$@2$!BITNOT$V1$"},"1455":{"EquivalenDuplicateOf":"390","FuncName":"main","IRPosInFunc":[97],"SrcLoc":"src/mkdir.c:271","Type":"ASSIGN$V1$@2$!ADD$V1$@2$"},"1456":{"EquivalenDuplicateOf":"390","FuncName":"main","IRPosInFunc":[97],"SrcLoc":"src/mkdir.c:271","Type":"ASSIGN$V1$@2$!MOD$@2$V1$"},"1457":{"EquivalenDuplicateOf":"387","FuncName":"main","IRPosInFunc":[94],"SrcLoc":"src/mkdir.c:269:15","Type":"RETURN_BREAK_CONTINUE!DELSTMT"},"1458":{"EquivalenDuplicateOf":"363","FuncName":"main","IRPosInFunc":[93],"SrcLoc":"src/mkdir.c:269:15","Type":"ASSIGN$V1$@2$!DIV$@2$V1$"},"1459":{"EquivalenDuplicateOf":"363","FuncName":"main","IRPosInFunc":[93],"SrcLoc":"src/mkdir.c:269:15","Type":"ASSIGN$V1$@2$!MOD$V1$@2$"},"1460":{"EquivalenDuplicateOf":"363","FuncName":"main","IRPosInFunc":[93],"SrcLoc":"src/mkdir.c:269:15","Type":"ASSIGN$V1$@2$!BITSHR$@2$V1$"},"1461":{"EquivalenDuplicateOf":"363","FuncName":"main","IRPosInFunc":[93],"SrcLoc":"src/mkdir.c:269:15","Type":"ASSIGN$V1$@2$!DIV$V1$@2$"},"1462":{"EquivalenDuplicateOf":"363","FuncName":"main","IRPosInFunc":[93],"SrcLoc":"src/mkdir.c:269:15","Type":"ASSIGN$V1$@2$!BITSHR$V1$@2$"},"1463":{"EquivalenDuplicateOf":"363","FuncName":"main","IRPosInFunc":[93],"SrcLoc":"src/mkdir.c:269:15","Type":"ASSIGN$V1$@2$!MOD$@2$V1$"},"1464":{"EquivalenDuplicateOf":"363","FuncName":"main","IRPosInFunc":[93],"SrcLoc":"src/mkdir.c:269:15","Type":"ASSIGN$V1$@2$!DIV$@2$V1$"},"1465":{"EquivalenDuplicateOf":"364","FuncName":"main","IRPosInFunc":[93],"SrcLoc":"src/mkdir.c:269:15","Type":"ASSIGN$V1$@2$!BITNOT$@2$"},"1466":{"EquivalenDuplicateOf":"364","FuncName":"main","IRPosInFunc":[93],"SrcLoc":"src/mkdir.c:269:15","Type":"ASSIGN$V1$@2$!OPERAND$@2$"},"1467":{"EquivalenDuplicateOf":"363","FuncName":"main","IRPosInFunc":[93],"SrcLoc":"src/mkdir.c:269:15","Type":"ASSIGN$V1$@2$!MOD$V1$@2$"},"1468":{"EquivalenDuplicateOf":"363","FuncName":"main","IRPosInFunc":[93],"SrcLoc":"src/mkdir.c:269:15","Type":"ASSIGN$V1$@2$!BITSHR$@2$V1$"},"1469":{"EquivalenDuplicateOf":"363","FuncName":"main","IRPosInFunc":[93],"SrcLoc":"src/mkdir.c:269:15","Type":"ASSIGN$V1$@2$!SUB$V1$@2$"},"1470":{"EquivalenDuplicateOf":"363","FuncName":"main","IRPosInFunc":[93],"SrcLoc":"src/mkdir.c:269:15","Type":"ASSIGN$V1$@2$!SUB$@2$V1$"},"1471":{"EquivalenDuplicateOf":"363","FuncName":"main","IRPosInFunc":[93],"SrcLoc":"src/mkdir.c:269:15","Type":"ASSIGN$V1$@2$!DIV$V1$@2$"},"1472":{"EquivalenDuplicateOf":"363","FuncName":"main","IRPosInFunc":[93],"SrcLoc":"src/mkdir.c:269:15","Type":"ASSIGN$V1$@2$!MUL$V1$@2$"},"1473":{"EquivalenDuplicateOf":"363","FuncName":"main","IRPosInFunc":[93],"SrcLoc":"src/mkdir.c:269:15","Type":"ASSIGN$V1$@2$!BITSHR$V1$@2$"},"1474":{"EquivalenDuplicateOf":"364","FuncName":"main","IRPosInFunc":[93],"SrcLoc":"src/mkdir.c:269:15","Type":"ASSIGN$V1$@2$!CONSTVAL$0$"},"1475":{"EquivalenDuplicateOf":"363","FuncName":"main","IRPosInFunc":[93],"SrcLoc":"src/mkdir.c:269:15","Type":"ASSIGN$V1$@2$!NEG$V1$"},"1476":{"EquivalenDuplicateOf":"363","FuncName":"main","IRPosInFunc":[93],"SrcLoc":"src/mkdir.c:269:15","Type":"ASSIGN$V1$@2$!BITXOR$V1$@2$"},"1477":{"EquivalenDuplicateOf":"364","FuncName":"main","IRPosInFunc":[93],"SrcLoc":"src/mkdir.c:269:15","Type":"ASSIGN$V1$@2$!CONSTVAL$1$"},"1478":{"EquivalenDuplicateOf":"363","FuncName":"main","IRPosInFunc":[93],"SrcLoc":"src/mkdir.c:269:15","Type":"ASSIGN$V1$@2$!BITSHL$V1$@2$"},"1479":{"EquivalenDuplicateOf":"363","FuncName":"main","IRPosInFunc":[93],"SrcLoc":"src/mkdir.c:269:15","Type":"ASSIGN$V1$@2$!BITSHL$@2$V1$"},"1480":{"EquivalenDuplicateOf":"363","FuncName":"main","IRPosInFunc":[93],"SrcLoc":"src/mkdir.c:269:15","Type":"ASSIGN$V1$@2$!BITAND$V1$@2$"},"1481":{"EquivalenDuplicateOf":"364","FuncName":"main","IRPosInFunc":[93],"SrcLoc":"src/mkdir.c:269:15","Type":"ASSIGN$V1$@2$!NEG$@2$"},"1482":{"EquivalenDuplicateOf":"363","FuncName":"main","IRPosInFunc":[93],"SrcLoc":"src/mkdir.c:269:15","Type":"ASSIGN$V1$@2$!BITNOT$V1$"},"1483":{"EquivalenDuplicateOf":"363","FuncName":"main","IRPosInFunc":[93],"SrcLoc":"src/mkdir.c:269:15","Type":"ASSIGN$V1$@2$!ADD$V1$@2$"},"1484":{"EquivalenDuplicateOf":"363","FuncName":"main","IRPosInFunc":[93],"SrcLoc":"src/mkdir.c:269:15","Type":"ASSIGN$V1$@2$!MOD$@2$V1$"},"1485":{"EquivalenDuplicateOf":"341","FuncName":"main","IRPosInFunc":[88],"SrcLoc":"src/mkdir.c:267","Type":"ASSIGN$V1$@2$!DIV$@2$V1$"},"1486":{"EquivalenDuplicateOf":"341","FuncName":"main","IRPosInFunc":[88],"SrcLoc":"src/mkdir.c:267","Type":"ASSIGN$V1$@2$!GT$@2$V1$"},"1487":{"EquivalenDuplicateOf":"341","FuncName":"main","IRPosInFunc":[88],"SrcLoc":"src/mkdir.c:267","Type":"ASSIGN$V1$@2$!MOD$V1$@2$"},"1488":{"EquivalenDuplicateOf":"341","FuncName":"main","IRPosInFunc":[88],"SrcLoc":"src/mkdir.c:267","Type":"ASSIGN$V1$@2$!BITSHR$@2$V1$"},"1489":{"EquivalenDuplicateOf":"341","FuncName":"main","IRPosInFunc":[88],"SrcLoc":"src/mkdir.c:267","Type":"ASSIGN$V1$@2$!GE$V1$@2$"},"1490":{"EquivalenDuplicateOf":"341","FuncName":"main","IRPosInFunc":[88],"SrcLoc":"src/mkdir.c:267","Type":"ASSIGN$V1$@2$!DIV$V1$@2$"},"1491":{"EquivalenDuplicateOf":"341","FuncName":"main","IRPosInFunc":[88],"SrcLoc":"src/mkdir.c:267","Type":"ASSIGN$V1$@2$!BITSHR$V1$@2$"},"1492":{"EquivalenDuplicateOf":"341","FuncName":"main","IRPosInFunc":[88],"SrcLoc":"src/mkdir.c:267","Type":"ASSIGN$V1$@2$!LT$V1$@2$"},"1493":{"EquivalenDuplicateOf":"341","FuncName":"main","IRPosInFunc":[88],"SrcLoc":"src/mkdir.c:267","Type":"ASSIGN$V1$@2$!LE$@2$V1$"},"1494":{"EquivalenDuplicateOf":"341","FuncName":"main","IRPosInFunc":[88],"SrcLoc":"src/mkdir.c:267","Type":"ASSIGN$V1$@2$!MOD$@2$V1$"},"1495":{"EquivalenDuplicateOf":"341","FuncName":"main","IRPosInFunc":[88],"SrcLoc":"src/mkdir.c:267","Type":"ASSIGN$V1$@2$!DIV$@2$V1$"},"1496":{"EquivalenDuplicateOf":"340","FuncName":"main","IRPosInFunc":[88],"SrcLoc":"src/mkdir.c:267","Type":"ASSIGN$V1$@2$!BITNOT$@2$"},"1497":{"EquivalenDuplicateOf":"340","FuncName":"main","IRPosInFunc":[88],"SrcLoc":"src/mkdir.c:267","Type":"ASSIGN$V1$@2$!OPERAND$@2$"},"1498":{"EquivalenDuplicateOf":"341","FuncName":"main","IRPosInFunc":[88],"SrcLoc":"src/mkdir.c:267","Type":"ASSIGN$V1$@2$!MOD$V1$@2$"},"1499":{"EquivalenDuplicateOf":"341","FuncName":"main","IRPosInFunc":[88],"SrcLoc":"src/mkdir.c:267","Type":"ASSIGN$V1$@2$!BITSHR$@2$V1$"},"1500":{"EquivalenDuplicateOf":"341","FuncName":"main","IRPosInFunc":[88],"SrcLoc":"src/mkdir.c:267","Type":"ASSIGN$V1$@2$!SUB$V1$@2$"},"1501":{"EquivalenDuplicateOf":"341","FuncName":"main","IRPosInFunc":[88],"SrcLoc":"src/mkdir.c:267","Type":"ASSIGN$V1$@2$!SUB$@2$V1$"},"1502":{"EquivalenDuplicateOf":"340","FuncName":"main","IRPosInFunc":[88],"SrcLoc":"src/mkdir.c:267","Type":"ASSIGN$V1$@2$!ABS$@2$"},"1503":{"EquivalenDuplicateOf":"341","FuncName":"main","IRPosInFunc":[88],"SrcLoc":"src/mkdir.c:267","Type":"ASSIGN$V1$@2$!DIV$V1$@2$"},"1504":{"EquivalenDuplicateOf":"341","FuncName":"main","IRPosInFunc":[88],"SrcLoc":"src/mkdir.c:267","Type":"ASSIGN$V1$@2$!MUL$V1$@2$"},"1505":{"EquivalenDuplicateOf":"341","FuncName":"main","IRPosInFunc":[88],"SrcLoc":"src/mkdir.c:267","Type":"ASSIGN$V1$@2$!BITSHR$V1$@2$"},"1506":{"EquivalenDuplicateOf":"340","FuncName":"main","IRPosInFunc":[88],"SrcLoc":"src/mkdir.c:267","Type":"ASSIGN$V1$@2$!CONSTVAL$0$"},"1507":{"EquivalenDuplicateOf":"341","FuncName":"main","IRPosInFunc":[88],"SrcLoc":"src/mkdir.c:267","Type":"ASSIGN$V1$@2$!NEG$V1$"},"1508":{"EquivalenDuplicateOf":"341","FuncName":"main","IRPosInFunc":[88],"SrcLoc":"src/mkdir.c:267","Type":"ASSIGN$V1$@2$!BITXOR$V1$@2$"},"1509":{"EquivalenDuplicateOf":"340","FuncName":"main","IRPosInFunc":[88],"SrcLoc":"src/mkdir.c:267","Type":"ASSIGN$V1$@2$!CONSTVAL$1$"},"1510":{"EquivalenDuplicateOf":"341","FuncName":"main","IRPosInFunc":[88],"SrcLoc":"src/mkdir.c:267","Type":"ASSIGN$V1$@2$!BITSHL$V1$@2$"},"1511":{"EquivalenDuplicateOf":"341","FuncName":"main","IRPosInFunc":[88],"SrcLoc":"src/mkdir.c:267","Type":"ASSIGN$V1$@2$!BITSHL$@2$V1$"},"1512":{"EquivalenDuplicateOf":"341","FuncName":"main","IRPosInFunc":[88],"SrcLoc":"src/mkdir.c:267","Type":"ASSIGN$V1$@2$!BITAND$V1$@2$"},"1513":{"EquivalenDuplicateOf":"340","FuncName":"main","IRPosInFunc":[88],"SrcLoc":"src/mkdir.c:267","Type":"ASSIGN$V1$@2$!NEG$@2$"},"1514":{"EquivalenDuplicateOf":"341","FuncName":"main","IRPosInFunc":[88],"SrcLoc":"src/mkdir.c:267","Type":"ASSIGN$V1$@2$!BITNOT$V1$"},"1515":{"EquivalenDuplicateOf":"341","FuncName":"main","IRPosInFunc":[88],"SrcLoc":"src/mkdir.c:267","Type":"ASSIGN$V1$@2$!ADD$V1$@2$"},"1516":{"EquivalenDuplicateOf":"340","FuncName":"main","IRPosInFunc":[88],"SrcLoc":"src/mkdir.c:267","Type":"ASSIGN$V1$@2$!OPERAND$V1$"},"1517":{"EquivalenDuplicateOf":"340","FuncName":"main","IRPosInFunc":[88],"SrcLoc":"src/mkdir.c:267","Type":"ASSIGN$V1$@2$!BITOR$V1$@2$"},"1518":{"EquivalenDuplicateOf":"0","FuncName":"main","IRPosInFunc":[83],"SrcLoc":"src/mkdir.c:259","Type":"STMT!TRAPSTMT"},"1519":{"EquivalenDuplicateOf":"0","FuncName":"main","IRPosInFunc":[81],"SrcLoc":"src/mkdir.c:258","Type":"CALL!SHUFFLEARGS$2$"},"1520":{"EquivalenDuplicateOf":"278","FuncName":"main","IRPosInFunc":[76],"SrcLoc":"src/mkdir.c:254","Type":"RETURN_BREAK_CONTINUE!DELSTMT"},"1521":{"EquivalenDuplicateOf":"0","FuncName":"main","IRPosInFunc":[75],"SrcLoc":"src/mkdir.c:252","Type":"STMT!TRAPSTMT"},"1522":{"EquivalenDuplicateOf":"0","FuncName":"main","IRPosInFunc":[73],"SrcLoc":"src/mkdir.c:250","Type":"STMT!TRAPSTMT"},"1523":{"EquivalenDuplicateOf":"263","FuncName":"main","IRPosInFunc":[71],"SrcLoc":"src/mkdir.c:250","Type":"CALL!SHUFFLEARGS$2$"},"1524":{"EquivalenDuplicateOf":"264","FuncName":"main","IRPosInFunc":[71],"SrcLoc":"src/mkdir.c:250","Type":"CALL!SHUFFLEARGS$2$"},"1525":{"EquivalenDuplicateOf":"265","FuncName":"main","IRPosInFunc":[71],"SrcLoc":"src/mkdir.c:250","Type":"CALL!SHUFFLEARGS$2$"},"1526":{"EquivalenDuplicateOf":"264","FuncName":"main","IRPosInFunc":[71],"SrcLoc":"src/mkdir.c:250","Type":"CALL!SHUFFLEARGS$2$"},"1527":{"EquivalenDuplicateOf":"266","FuncName":"main","IRPosInFunc":[71],"SrcLoc":"src/mkdir.c:250","Type":"CALL!SHUFFLEARGS$2$"},"1528":{"EquivalenDuplicateOf":"267","FuncName":"main","IRPosInFunc":[71],"SrcLoc":"src/mkdir.c:250","Type":"CALL!SHUFFLEARGS$2$"},"1529":{"EquivalenDuplicateOf":"268","FuncName":"main","IRPosInFunc":[71],"SrcLoc":"src/mkdir.c:250","Type":"CALL!SHUFFLEARGS$2$"},"1530":{"EquivalenDuplicateOf":"266","FuncName":"main","IRPosInFunc":[71],"SrcLoc":"src/mkdir.c:250","Type":"CALL!SHUFFLEARGS$2$"},"1531":{"EquivalenDuplicateOf":"267","FuncName":"main","IRPosInFunc":[71],"SrcLoc":"src/mkdir.c:250","Type":"CALL!SHUFFLEARGS$2$"},"1532":{"EquivalenDuplicateOf":"266","FuncName":"main","IRPosInFunc":[71],"SrcLoc":"src/mkdir.c:250","Type":"CALL!SHUFFLEARGS$2$"},"1533":{"EquivalenDuplicateOf":"269","FuncName":"main","IRPosInFunc":[71],"SrcLoc":"src/mkdir.c:250","Type":"CALL!SHUFFLEARGS$2$"},"1534":{"EquivalenDuplicateOf":"270","FuncName":"main","IRPosInFunc":[71],"SrcLoc":"src/mkdir.c:250","Type":"CALL!SHUFFLEARGS$2$"},"1535":{"EquivalenDuplicateOf":"271","FuncName":"main","IRPosInFunc":[71],"SrcLoc":"src/mkdir.c:250","Type":"CALL!SHUFFLEARGS$2$"},"1536":{"EquivalenDuplicateOf":"269","FuncName":"main","IRPosInFunc":[71],"SrcLoc":"src/mkdir.c:250","Type":"CALL!SHUFFLEARGS$2$"},"1537":{"EquivalenDuplicateOf":"270","FuncName":"main","IRPosInFunc":[71],"SrcLoc":"src/mkdir.c:250","Type":"CALL!SHUFFLEARGS$2$"},"1538":{"EquivalenDuplicateOf":"269","FuncName":"main","IRPosInFunc":[71],"SrcLoc":"src/mkdir.c:250","Type":"CALL!SHUFFLEARGS$2$"},"1539":{"EquivalenDuplicateOf":"263","FuncName":"main","IRPosInFunc":[71],"SrcLoc":"src/mkdir.c:250","Type":"CALL!SHUFFLEARGS$2$"},"1540":{"EquivalenDuplicateOf":"264","FuncName":"main","IRPosInFunc":[71],"SrcLoc":"src/mkdir.c:250","Type":"CALL!SHUFFLEARGS$2$"},"1541":{"EquivalenDuplicateOf":"265","FuncName":"main","IRPosInFunc":[71],"SrcLoc":"src/mkdir.c:250","Type":"CALL!SHUFFLEARGS$2$"},"1542":{"EquivalenDuplicateOf":"264","FuncName":"main","IRPosInFunc":[71],"SrcLoc":"src/mkdir.c:250","Type":"CALL!SHUFFLEARGS$2$"},"1543":{"EquivalenDuplicateOf":"266","FuncName":"main","IRPosInFunc":[71],"SrcLoc":"src/mkdir.c:250","Type":"CALL!SHUFFLEARGS$2$"},"1544":{"EquivalenDuplicateOf":"267","FuncName":"main","IRPosInFunc":[71],"SrcLoc":"src/mkdir.c:250","Type":"CALL!SHUFFLEARGS$2$"},"1545":{"EquivalenDuplicateOf":"266","FuncName":"main","IRPosInFunc":[71],"SrcLoc":"src/mkdir.c:250","Type":"CALL!SHUFFLEARGS$2$"},"1546":{"EquivalenDuplicateOf":"263","FuncName":"main","IRPosInFunc":[71],"SrcLoc":"src/mkdir.c:250","Type":"CALL!SHUFFLEARGS$2$"},"1547":{"EquivalenDuplicateOf":"264","FuncName":"main","IRPosInFunc":[71],"SrcLoc":"src/mkdir.c:250","Type":"CALL!SHUFFLEARGS$2$"},"1548":{"EquivalenDuplicateOf":"0","FuncName":"main","IRPosInFunc":[68],"SrcLoc":"src/mkdir.c:249","Type":"STMT!TRAPSTMT"},"1549":{"EquivalenDuplicateOf":"231","FuncName":"main","IRPosInFunc":[67],"SrcLoc":"src/mkdir.c:249","Type":"STMT!DELSTMT"},"1550":{"EquivalenDuplicateOf":"259","FuncName":"main","IRPosInFunc":[66],"SrcLoc":"src/mkdir.c:248","Type":"RETURN_BREAK_CONTINUE!DELSTMT"},"1551":{"EquivalenDuplicateOf":"0","FuncName":"main","IRPosInFunc":[63],"SrcLoc":"src/mkdir.c:244","Type":"CALL!SHUFFLEARGS$2$"},"1552":{"EquivalenDuplicateOf":"251","FuncName":"main","IRPosInFunc":[59],"SrcLoc":"src/mkdir.c:234","Type":"RETURN_BREAK_CONTINUE!DELSTMT"},"1553":{"EquivalenDuplicateOf":"245","FuncName":"main","IRPosInFunc":[54],"SrcLoc":"src/mkdir.c:228","Type":"RETURN_BREAK_CONTINUE!DELSTMT"},"1554":{"EquivalenDuplicateOf":"242","FuncName":"main","IRPosInFunc":[52],"SrcLoc":"src/mkdir.c:227","Type":"A!CONSTVAL$0$"},"1555":{"EquivalenDuplicateOf":"241","FuncName":"main","IRPosInFunc":[51],"SrcLoc":"src/mkdir.c:225","Type":"RETURN_BREAK_CONTINUE!DELSTMT"},"1556":{"EquivalenDuplicateOf":"237","FuncName":"main","IRPosInFunc":[48],"SrcLoc":"src/mkdir.c:222","Type":"RETURN_BREAK_CONTINUE!DELSTMT"},"1557":{"EquivalenDuplicateOf":"143","FuncName":"main","IRPosInFunc":[42],"SrcLoc":"src/mkdir.c:216","Type":"C!ADD$C$1$"},"1558":{"EquivalenDuplicateOf":"143","FuncName":"main","IRPosInFunc":[42],"SrcLoc":"src/mkdir.c:216","Type":"C!CONSTVAL$0$"},"1559":{"EquivalenDuplicateOf":"173","FuncName":"main","IRPosInFunc":[41],"SrcLoc":"src/mkdir.c:216","Type":"ASSIGN$V1$@2$!DIV$@2$V1$"},"1560":{"EquivalenDuplicateOf":"173","FuncName":"main","IRPosInFunc":[41],"SrcLoc":"src/mkdir.c:216","Type":"ASSIGN$V1$@2$!MOD$V1$@2$"},"1561":{"EquivalenDuplicateOf":"173","FuncName":"main","IRPosInFunc":[41],"SrcLoc":"src/mkdir.c:216","Type":"ASSIGN$V1$@2$!BITSHR$@2$V1$"},"1562":{"EquivalenDuplicateOf":"173","FuncName":"main","IRPosInFunc":[41],"SrcLoc":"src/mkdir.c:216","Type":"ASSIGN$V1$@2$!DIV$V1$@2$"},"1563":{"EquivalenDuplicateOf":"173","FuncName":"main","IRPosInFunc":[41],"SrcLoc":"src/mkdir.c:216","Type":"ASSIGN$V1$@2$!BITSHR$V1$@2$"},"1564":{"EquivalenDuplicateOf":"173","FuncName":"main","IRPosInFunc":[41],"SrcLoc":"src/mkdir.c:216","Type":"ASSIGN$V1$@2$!MOD$@2$V1$"},"1565":{"EquivalenDuplicateOf":"173","FuncName":"main","IRPosInFunc":[41],"SrcLoc":"src/mkdir.c:216","Type":"ASSIGN$V1$@2$!DIV$@2$V1$"},"1566":{"EquivalenDuplicateOf":"174","FuncName":"main","IRPosInFunc":[41],"SrcLoc":"src/mkdir.c:216","Type":"ASSIGN$V1$@2$!BITNOT$@2$"},"1567":{"EquivalenDuplicateOf":"174","FuncName":"main","IRPosInFunc":[41],"SrcLoc":"src/mkdir.c:216","Type":"ASSIGN$V1$@2$!OPERAND$@2$"},"1568":{"EquivalenDuplicateOf":"173","FuncName":"main","IRPosInFunc":[41],"SrcLoc":"src/mkdir.c:216","Type":"ASSIGN$V1$@2$!MOD$V1$@2$"},"1569":{"EquivalenDuplicateOf":"173","FuncName":"main","IRPosInFunc":[41],"SrcLoc":"src/mkdir.c:216","Type":"ASSIGN$V1$@2$!BITSHR$@2$V1$"},"1570":{"EquivalenDuplicateOf":"173","FuncName":"main","IRPosInFunc":[41],"SrcLoc":"src/mkdir.c:216","Type":"ASSIGN$V1$@2$!SUB$V1$@2$"},"1571":{"EquivalenDuplicateOf":"173","FuncName":"main","IRPosInFunc":[41],"SrcLoc":"src/mkdir.c:216","Type":"ASSIGN$V1$@2$!SUB$@2$V1$"},"1572":{"EquivalenDuplicateOf":"173","FuncName":"main","IRPosInFunc":[41],"SrcLoc":"src/mkdir.c:216","Type":"ASSIGN$V1$@2$!DIV$V1$@2$"},"1573":{"EquivalenDuplicateOf":"173","FuncName":"main","IRPosInFunc":[41],"SrcLoc":"src/mkdir.c:216","Type":"ASSIGN$V1$@2$!MUL$V1$@2$"},"1574":{"EquivalenDuplicateOf":"173","FuncName":"main","IRPosInFunc":[41],"SrcLoc":"src/mkdir.c:216","Type":"ASSIGN$V1$@2$!BITSHR$V1$@2$"},"1575":{"EquivalenDuplicateOf":"174","FuncName":"main","IRPosInFunc":[41],"SrcLoc":"src/mkdir.c:216","Type":"ASSIGN$V1$@2$!CONSTVAL$0$"},"1576":{"EquivalenDuplicateOf":"173","FuncName":"main","IRPosInFunc":[41],"SrcLoc":"src/mkdir.c:216","Type":"ASSIGN$V1$@2$!NEG$V1$"},"1577":{"EquivalenDuplicateOf":"173","FuncName":"main","IRPosInFunc":[41],"SrcLoc":"src/mkdir.c:216","Type":"ASSIGN$V1$@2$!BITXOR$V1$@2$"},"1578":{"EquivalenDuplicateOf":"174","FuncName":"main","IRPosInFunc":[41],"SrcLoc":"src/mkdir.c:216","Type":"ASSIGN$V1$@2$!CONSTVAL$1$"},"1579":{"EquivalenDuplicateOf":"173","FuncName":"main","IRPosInFunc":[41],"SrcLoc":"src/mkdir.c:216","Type":"ASSIGN$V1$@2$!BITSHL$V1$@2$"},"1580":{"EquivalenDuplicateOf":"173","FuncName":"main","IRPosInFunc":[41],"SrcLoc":"src/mkdir.c:216","Type":"ASSIGN$V1$@2$!BITSHL$@2$V1$"},"1581":{"EquivalenDuplicateOf":"173","FuncName":"main","IRPosInFunc":[41],"SrcLoc":"src/mkdir.c:216","Type":"ASSIGN$V1$@2$!BITAND$V1$@2$"},"1582":{"EquivalenDuplicateOf":"174","FuncName":"main","IRPosInFunc":[41],"SrcLoc":"src/mkdir.c:216","Type":"ASSIGN$V1$@2$!NEG$@2$"},"1583":{"EquivalenDuplicateOf":"173","FuncName":"main","IRPosInFunc":[41],"SrcLoc":"src/mkdir.c:216","Type":"ASSIGN$V1$@2$!BITNOT$V1$"},"1584":{"EquivalenDuplicateOf":"173","FuncName":"main","IRPosInFunc":[41],"SrcLoc":"src/mkdir.c:216","Type":"ASSIGN$V1$@2$!ADD$V1$@2$"},"1585":{"EquivalenDuplicateOf":"173","FuncName":"main","IRPosInFunc":[41],"SrcLoc":"src/mkdir.c:216","Type":"ASSIGN$V1$@2$!MOD$@2$V1$"},"1586":{"EquivalenDuplicateOf":"147","FuncName":"main","IRPosInFunc":[42],"SrcLoc":"src/mkdir.c:216","Type":"NEQ$@1$@2$!GE$@2$@1$"},"1587":{"EquivalenDuplicateOf":"147","FuncName":"main","IRPosInFunc":[42],"SrcLoc":"src/mkdir.c:216","Type":"NEQ$@1$@2$!LE$@1$@2$"},"1588":{"EquivalenDuplicateOf":"140","FuncName":"main","IRPosInFunc":[42],"SrcLoc":"src/mkdir.c:216","Type":"NEQ$@1$@2$!LT$@2$@1$"},"1589":{"EquivalenDuplicateOf":"140","FuncName":"main","IRPosInFunc":[42],"SrcLoc":"src/mkdir.c:216","Type":"NEQ$@1$@2$!GT$@1$@2$"},"1590":{"EquivalenDuplicateOf":"146","FuncName":"main","IRPosInFunc":[42],"SrcLoc":"src/mkdir.c:216","Type":"NEQ$@1$@2$!BITSHR$@1$@2$"},"1591":{"EquivalenDuplicateOf":"147","FuncName":"main","IRPosInFunc":[42],"SrcLoc":"src/mkdir.c:216","Type":"NEQ$@1$@2$!BITSHR$@2$@1$"},"1592":{"EquivalenDuplicateOf":"147","FuncName":"main","IRPosInFunc":[42],"SrcLoc":"src/mkdir.c:216","Type":"NEQ$@1$@2$!NEG$@2$"},"1593":{"EquivalenDuplicateOf":"146","FuncName":"main","IRPosInFunc":[42],"SrcLoc":"src/mkdir.c:216","Type":"NEQ$@1$@2$!BITSHR$@1$@2$"},"1594":{"EquivalenDuplicateOf":"147","FuncName":"main","IRPosInFunc":[42],"SrcLoc":"src/mkdir.c:216","Type":"NEQ$@1$@2$!BITOR$@1$@2$"},"1595":{"EquivalenDuplicateOf":"147","FuncName":"main","IRPosInFunc":[42],"SrcLoc":"src/mkdir.c:216","Type":"NEQ$@1$@2$!CONSTVAL$1$"},"1596":{"EquivalenDuplicateOf":"147","FuncName":"main","IRPosInFunc":[42],"SrcLoc":"src/mkdir.c:216","Type":"NEQ$@1$@2$!ABS$@2$"},"1597":{"EquivalenDuplicateOf":"143","FuncName":"main","IRPosInFunc":[42],"SrcLoc":"src/mkdir.c:216","Type":"NEQ$@1$@2$!OPERAND$@1$"},"1598":{"EquivalenDuplicateOf":"141","FuncName":"main","IRPosInFunc":[42],"SrcLoc":"src/mkdir.c:216","Type":"NEQ$@1$@2$!BITNOT$@1$"},"1599":{"EquivalenDuplicateOf":"140","FuncName":"main","IRPosInFunc":[42],"SrcLoc":"src/mkdir.c:216","Type":"NEQ$@1$@2$!CONSTVAL$0$"},"1600":{"EquivalenDuplicateOf":"138","FuncName":"main","IRPosInFunc":[38,39,40,41,42,43],"SrcLoc":"src/mkdir.c:216","Type":"STMT!TRAPSTMT"},"1601":{"EquivalenDuplicateOf":"105","FuncName":"main","IRPosInFunc":[30],"SrcLoc":"src/mkdir.c:206","Type":"ASSIGN$V1$@2$!DIV$@2$V1$"},"1602":{"EquivalenDuplicateOf":"105","FuncName":"main","IRPosInFunc":[30],"SrcLoc":"src/mkdir.c:206","Type":"ASSIGN$V1$@2$!GT$@2$V1$"},"1603":{"EquivalenDuplicateOf":"105","FuncName":"main","IRPosInFunc":[30],"SrcLoc":"src/mkdir.c:206","Type":"ASSIGN$V1$@2$!MOD$V1$@2$"},"1604":{"EquivalenDuplicateOf":"105","FuncName":"main","IRPosInFunc":[30],"SrcLoc":"src/mkdir.c:206","Type":"ASSIGN$V1$@2$!BITSHR$@2$V1$"},"1605":{"EquivalenDuplicateOf":"105","FuncName":"main","IRPosInFunc":[30],"SrcLoc":"src/mkdir.c:206","Type":"ASSIGN$V1$@2$!GE$V1$@2$"},"1606":{"EquivalenDuplicateOf":"105","FuncName":"main","IRPosInFunc":[30],"SrcLoc":"src/mkdir.c:206","Type":"ASSIGN$V1$@2$!DIV$V1$@2$"},"1607":{"EquivalenDuplicateOf":"105","FuncName":"main","IRPosInFunc":[30],"SrcLoc":"src/mkdir.c:206","Type":"ASSIGN$V1$@2$!BITSHR$V1$@2$"},"1608":{"EquivalenDuplicateOf":"105","FuncName":"main","IRPosInFunc":[30],"SrcLoc":"src/mkdir.c:206","Type":"ASSIGN$V1$@2$!LT$V1$@2$"},"1609":{"EquivalenDuplicateOf":"105","FuncName":"main","IRPosInFunc":[30],"SrcLoc":"src/mkdir.c:206","Type":"ASSIGN$V1$@2$!LE$@2$V1$"},"1610":{"EquivalenDuplicateOf":"105","FuncName":"main","IRPosInFunc":[30],"SrcLoc":"src/mkdir.c:206","Type":"ASSIGN$V1$@2$!MOD$@2$V1$"},"1611":{"EquivalenDuplicateOf":"105","FuncName":"main","IRPosInFunc":[30],"SrcLoc":"src/mkdir.c:206","Type":"ASSIGN$V1$@2$!DIV$@2$V1$"},"1612":{"EquivalenDuplicateOf":"103","FuncName":"main","IRPosInFunc":[30],"SrcLoc":"src/mkdir.c:206","Type":"ASSIGN$V1$@2$!BITNOT$@2$"},"1613":{"EquivalenDuplicateOf":"103","FuncName":"main","IRPosInFunc":[30],"SrcLoc":"src/mkdir.c:206","Type":"ASSIGN$V1$@2$!OPERAND$@2$"},"1614":{"EquivalenDuplicateOf":"105","FuncName":"main","IRPosInFunc":[30],"SrcLoc":"src/mkdir.c:206","Type":"ASSIGN$V1$@2$!MOD$V1$@2$"},"1615":{"EquivalenDuplicateOf":"105","FuncName":"main","IRPosInFunc":[30],"SrcLoc":"src/mkdir.c:206","Type":"ASSIGN$V1$@2$!BITSHR$@2$V1$"},"1616":{"EquivalenDuplicateOf":"105","FuncName":"main","IRPosInFunc":[30],"SrcLoc":"src/mkdir.c:206","Type":"ASSIGN$V1$@2$!SUB$V1$@2$"},"1617":{"EquivalenDuplicateOf":"105","FuncName":"main","IRPosInFunc":[30],"SrcLoc":"src/mkdir.c:206","Type":"ASSIGN$V1$@2$!SUB$@2$V1$"},"1618":{"EquivalenDuplicateOf":"103","FuncName":"main","IRPosInFunc":[30],"SrcLoc":"src/mkdir.c:206","Type":"ASSIGN$V1$@2$!ABS$@2$"},"1619":{"EquivalenDuplicateOf":"105","FuncName":"main","IRPosInFunc":[30],"SrcLoc":"src/mkdir.c:206","Type":"ASSIGN$V1$@2$!DIV$V1$@2$"},"1620":{"EquivalenDuplicateOf":"105","FuncName":"main","IRPosInFunc":[30],"SrcLoc":"src/mkdir.c:206","Type":"ASSIGN$V1$@2$!MUL$V1$@2$"},"1621":{"EquivalenDuplicateOf":"105","FuncName":"main","IRPosInFunc":[30],"SrcLoc":"src/mkdir.c:206","Type":"ASSIGN$V1$@2$!BITSHR$V1$@2$"},"1622":{"EquivalenDuplicateOf":"103","FuncName":"main","IRPosInFunc":[30],"SrcLoc":"src/mkdir.c:206","Type":"ASSIGN$V1$@2$!CONSTVAL$0$"},"1623":{"EquivalenDuplicateOf":"105","FuncName":"main","IRPosInFunc":[30],"SrcLoc":"src/mkdir.c:206","Type":"ASSIGN$V1$@2$!NEG$V1$"},"1624":{"EquivalenDuplicateOf":"105","FuncName":"main","IRPosInFunc":[30],"SrcLoc":"src/mkdir.c:206","Type":"ASSIGN$V1$@2$!BITXOR$V1$@2$"},"1625":{"EquivalenDuplicateOf":"103","FuncName":"main","IRPosInFunc":[30],"SrcLoc":"src/mkdir.c:206","Type":"ASSIGN$V1$@2$!CONSTVAL$1$"},"1626":{"EquivalenDuplicateOf":"105","FuncName":"main","IRPosInFunc":[30],"SrcLoc":"src/mkdir.c:206","Type":"ASSIGN$V1$@2$!BITSHL$V1$@2$"},"1627":{"EquivalenDuplicateOf":"105","FuncName":"main","IRPosInFunc":[30],"SrcLoc":"src/mkdir.c:206","Type":"ASSIGN$V1$@2$!BITSHL$@2$V1$"},"1628":{"EquivalenDuplicateOf":"105","FuncName":"main","IRPosInFunc":[30],"SrcLoc":"src/mkdir.c:206","Type":"ASSIGN$V1$@2$!BITAND$V1$@2$"},"1629":{"EquivalenDuplicateOf":"103","FuncName":"main","IRPosInFunc":[30],"SrcLoc":"src/mkdir.c:206","Type":"ASSIGN$V1$@2$!NEG$@2$"},"1630":{"EquivalenDuplicateOf":"105","FuncName":"main","IRPosInFunc":[30],"SrcLoc":"src/mkdir.c:206","Type":"ASSIGN$V1$@2$!BITNOT$V1$"},"1631":{"EquivalenDuplicateOf":"105","FuncName":"main","IRPosInFunc":[30],"SrcLoc":"src/mkdir.c:206","Type":"ASSIGN$V1$@2$!ADD$V1$@2$"},"1632":{"EquivalenDuplicateOf":"104","FuncName":"main","IRPosInFunc":[30],"SrcLoc":"src/mkdir.c:206","Type":"ASSIGN$V1$@2$!OPERAND$V1$"},"1633":{"EquivalenDuplicateOf":"100","FuncName":"main","IRPosInFunc":[27],"SrcLoc":"src/mkdir.c:205","Type":"A!CONSTVAL$0$"},"1634":{"EquivalenDuplicateOf":"82","FuncName":"main","IRPosInFunc":[26],"SrcLoc":"src/mkdir.c:204","Type":"ASSIGN$V1$@2$!DIV$@2$V1$"},"1635":{"EquivalenDuplicateOf":"82","FuncName":"main","IRPosInFunc":[26],"SrcLoc":"src/mkdir.c:204","Type":"ASSIGN$V1$@2$!GT$@2$V1$"},"1636":{"EquivalenDuplicateOf":"82","FuncName":"main","IRPosInFunc":[26],"SrcLoc":"src/mkdir.c:204","Type":"ASSIGN$V1$@2$!MOD$V1$@2$"},"1637":{"EquivalenDuplicateOf":"82","FuncName":"main","IRPosInFunc":[26],"SrcLoc":"src/mkdir.c:204","Type":"ASSIGN$V1$@2$!BITSHR$@2$V1$"},"1638":{"EquivalenDuplicateOf":"82","FuncName":"main","IRPosInFunc":[26],"SrcLoc":"src/mkdir.c:204","Type":"ASSIGN$V1$@2$!GE$V1$@2$"},"1639":{"EquivalenDuplicateOf":"82","FuncName":"main","IRPosInFunc":[26],"SrcLoc":"src/mkdir.c:204","Type":"ASSIGN$V1$@2$!DIV$V1$@2$"},"1640":{"EquivalenDuplicateOf":"82","FuncName":"main","IRPosInFunc":[26],"SrcLoc":"src/mkdir.c:204","Type":"ASSIGN$V1$@2$!BITSHR$V1$@2$"},"1641":{"EquivalenDuplicateOf":"82","FuncName":"main","IRPosInFunc":[26],"SrcLoc":"src/mkdir.c:204","Type":"ASSIGN$V1$@2$!LT$V1$@2$"},"1642":{"EquivalenDuplicateOf":"82","FuncName":"main","IRPosInFunc":[26],"SrcLoc":"src/mkdir.c:204","Type":"ASSIGN$V1$@2$!LE$@2$V1$"},"1643":{"EquivalenDuplicateOf":"82","FuncName":"main","IRPosInFunc":[26],"SrcLoc":"src/mkdir.c:204","Type":"ASSIGN$V1$@2$!MOD$@2$V1$"},"1644":{"EquivalenDuplicateOf":"82","FuncName":"main","IRPosInFunc":[26],"SrcLoc":"src/mkdir.c:204","Type":"ASSIGN$V1$@2$!DIV$@2$V1$"},"1645":{"EquivalenDuplicateOf":"80","FuncName":"main","IRPosInFunc":[26],"SrcLoc":"src/mkdir.c:204","Type":"ASSIGN$V1$@2$!BITNOT$@2$"},"1646":{"EquivalenDuplicateOf":"80","FuncName":"main","IRPosInFunc":[26],"SrcLoc":"src/mkdir.c:204","Type":"ASSIGN$V1$@2$!OPERAND$@2$"},"1647":{"EquivalenDuplicateOf":"82","FuncName":"main","IRPosInFunc":[26],"SrcLoc":"src/mkdir.c:204","Type":"ASSIGN$V1$@2$!MOD$V1$@2$"},"1648":{"EquivalenDuplicateOf":"82","FuncName":"main","IRPosInFunc":[26],"SrcLoc":"src/mkdir.c:204","Type":"ASSIGN$V1$@2$!BITSHR$@2$V1$"},"1649":{"EquivalenDuplicateOf":"82","FuncName":"main","IRPosInFunc":[26],"SrcLoc":"src/mkdir.c:204","Type":"ASSIGN$V1$@2$!SUB$V1$@2$"},"1650":{"EquivalenDuplicateOf":"82","FuncName":"main","IRPosInFunc":[26],"SrcLoc":"src/mkdir.c:204","Type":"ASSIGN$V1$@2$!SUB$@2$V1$"},"1651":{"EquivalenDuplicateOf":"80","FuncName":"main","IRPosInFunc":[26],"SrcLoc":"src/mkdir.c:204","Type":"ASSIGN$V1$@2$!ABS$@2$"},"1652":{"EquivalenDuplicateOf":"82","FuncName":"main","IRPosInFunc":[26],"SrcLoc":"src/mkdir.c:204","Type":"ASSIGN$V1$@2$!DIV$V1$@2$"},"1653":{"EquivalenDuplicateOf":"82","FuncName":"main","IRPosInFunc":[26],"SrcLoc":"src/mkdir.c:204","Type":"ASSIGN$V1$@2$!MUL$V1$@2$"},"1654":{"EquivalenDuplicateOf":"82","FuncName":"main","IRPosInFunc":[26],"SrcLoc":"src/mkdir.c:204","Type":"ASSIGN$V1$@2$!BITSHR$V1$@2$"},"1655":{"EquivalenDuplicateOf":"80","FuncName":"main","IRPosInFunc":[26],"SrcLoc":"src/mkdir.c:204","Type":"ASSIGN$V1$@2$!CONSTVAL$0$"},"1656":{"EquivalenDuplicateOf":"82","FuncName":"main","IRPosInFunc":[26],"SrcLoc":"src/mkdir.c:204","Type":"ASSIGN$V1$@2$!NEG$V1$"},"1657":{"EquivalenDuplicateOf":"82","FuncName":"main","IRPosInFunc":[26],"SrcLoc":"src/mkdir.c:204","Type":"ASSIGN$V1$@2$!BITXOR$V1$@2$"},"1658":{"EquivalenDuplicateOf":"80","FuncName":"main","IRPosInFunc":[26],"SrcLoc":"src/mkdir.c:204","Type":"ASSIGN$V1$@2$!CONSTVAL$1$"},"1659":{"EquivalenDuplicateOf":"82","FuncName":"main","IRPosInFunc":[26],"SrcLoc":"src/mkdir.c:204","Type":"ASSIGN$V1$@2$!BITSHL$V1$@2$"},"1660":{"EquivalenDuplicateOf":"82","FuncName":"main","IRPosInFunc":[26],"SrcLoc":"src/mkdir.c:204","Type":"ASSIGN$V1$@2$!BITSHL$@2$V1$"},"1661":{"EquivalenDuplicateOf":"82","FuncName":"main","IRPosInFunc":[26],"SrcLoc":"src/mkdir.c:204","Type":"ASSIGN$V1$@2$!BITAND$V1$@2$"},"1662":{"EquivalenDuplicateOf":"80","FuncName":"main","IRPosInFunc":[26],"SrcLoc":"src/mkdir.c:204","Type":"ASSIGN$V1$@2$!NEG$@2$"},"1663":{"EquivalenDuplicateOf":"82","FuncName":"main","IRPosInFunc":[26],"SrcLoc":"src/mkdir.c:204","Type":"ASSIGN$V1$@2$!BITNOT$V1$"},"1664":{"EquivalenDuplicateOf":"82","FuncName":"main","IRPosInFunc":[26],"SrcLoc":"src/mkdir.c:204","Type":"ASSIGN$V1$@2$!ADD$V1$@2$"},"1665":{"EquivalenDuplicateOf":"81","FuncName":"main","IRPosInFunc":[26],"SrcLoc":"src/mkdir.c:204","Type":"ASSIGN$V1$@2$!OPERAND$V1$"},"1666":{"EquivalenDuplicateOf":"55","FuncName":"main","IRPosInFunc":[24],"SrcLoc":"src/mkdir.c:203","Type":"ASSIGN$V1$@2$!DIV$@2$V1$"},"1667":{"EquivalenDuplicateOf":"55","FuncName":"main","IRPosInFunc":[24],"SrcLoc":"src/mkdir.c:203","Type":"ASSIGN$V1$@2$!MOD$V1$@2$"},"1668":{"EquivalenDuplicateOf":"55","FuncName":"main","IRPosInFunc":[24],"SrcLoc":"src/mkdir.c:203","Type":"ASSIGN$V1$@2$!BITSHR$@2$V1$"},"1669":{"EquivalenDuplicateOf":"55","FuncName":"main","IRPosInFunc":[24],"SrcLoc":"src/mkdir.c:203","Type":"ASSIGN$V1$@2$!DIV$V1$@2$"},"1670":{"EquivalenDuplicateOf":"55","FuncName":"main","IRPosInFunc":[24],"SrcLoc":"src/mkdir.c:203","Type":"ASSIGN$V1$@2$!BITSHR$V1$@2$"},"1671":{"EquivalenDuplicateOf":"55","FuncName":"main","IRPosInFunc":[24],"SrcLoc":"src/mkdir.c:203","Type":"ASSIGN$V1$@2$!MOD$@2$V1$"},"1672":{"EquivalenDuplicateOf":"55","FuncName":"main","IRPosInFunc":[24],"SrcLoc":"src/mkdir.c:203","Type":"ASSIGN$V1$@2$!DIV$@2$V1$"},"1673":{"EquivalenDuplicateOf":"54","FuncName":"main","IRPosInFunc":[24],"SrcLoc":"src/mkdir.c:203","Type":"ASSIGN$V1$@2$!BITNOT$@2$"},"1674":{"EquivalenDuplicateOf":"54","FuncName":"main","IRPosInFunc":[24],"SrcLoc":"src/mkdir.c:203","Type":"ASSIGN$V1$@2$!OPERAND$@2$"},"1675":{"EquivalenDuplicateOf":"55","FuncName":"main","IRPosInFunc":[24],"SrcLoc":"src/mkdir.c:203","Type":"ASSIGN$V1$@2$!MOD$V1$@2$"},"1676":{"EquivalenDuplicateOf":"55","FuncName":"main","IRPosInFunc":[24],"SrcLoc":"src/mkdir.c:203","Type":"ASSIGN$V1$@2$!BITSHR$@2$V1$"},"1677":{"EquivalenDuplicateOf":"55","FuncName":"main","IRPosInFunc":[24],"SrcLoc":"src/mkdir.c:203","Type":"ASSIGN$V1$@2$!SUB$V1$@2$"},"1678":{"EquivalenDuplicateOf":"55","FuncName":"main","IRPosInFunc":[24],"SrcLoc":"src/mkdir.c:203","Type":"ASSIGN$V1$@2$!SUB$@2$V1$"},"1679":{"EquivalenDuplicateOf":"54","FuncName":"main","IRPosInFunc":[24],"SrcLoc":"src/mkdir.c:203","Type":"ASSIGN$V1$@2$!ABS$@2$"},"1680":{"EquivalenDuplicateOf":"55","FuncName":"main","IRPosInFunc":[24],"SrcLoc":"src/mkdir.c:203","Type":"ASSIGN$V1$@2$!DIV$V1$@2$"},"1681":{"EquivalenDuplicateOf":"55","FuncName":"main","IRPosInFunc":[24],"SrcLoc":"src/mkdir.c:203","Type":"ASSIGN$V1$@2$!MUL$V1$@2$"},"1682":{"EquivalenDuplicateOf":"55","FuncName":"main","IRPosInFunc":[24],"SrcLoc":"src/mkdir.c:203","Type":"ASSIGN$V1$@2$!BITSHR$V1$@2$"},"1683":{"EquivalenDuplicateOf":"54","FuncName":"main","IRPosInFunc":[24],"SrcLoc":"src/mkdir.c:203","Type":"ASSIGN$V1$@2$!CONSTVAL$0$"},"1684":{"EquivalenDuplicateOf":"55","FuncName":"main","IRPosInFunc":[24],"SrcLoc":"src/mkdir.c:203","Type":"ASSIGN$V1$@2$!NEG$V1$"},"1685":{"EquivalenDuplicateOf":"55","FuncName":"main","IRPosInFunc":[24],"SrcLoc":"src/mkdir.c:203","Type":"ASSIGN$V1$@2$!BITXOR$V1$@2$"},"1686":{"EquivalenDuplicateOf":"54","FuncName":"main","IRPosInFunc":[24],"SrcLoc":"src/mkdir.c:203","Type":"ASSIGN$V1$@2$!CONSTVAL$1$"},"1687":{"EquivalenDuplicateOf":"55","FuncName":"main","IRPosInFunc":[24],"SrcLoc":"src/mkdir.c:203","Type":"ASSIGN$V1$@2$!BITSHL$V1$@2$"},"1688":{"EquivalenDuplicateOf":"55","FuncName":"main","IRPosInFunc":[24],"SrcLoc":"src/mkdir.c:203","Type":"ASSIGN$V1$@2$!BITSHL$@2$V1$"},"1689":{"EquivalenDuplicateOf":"55","FuncName":"main","IRPosInFunc":[24],"SrcLoc":"src/mkdir.c:203","Type":"ASSIGN$V1$@2$!BITAND$V1$@2$"},"1690":{"EquivalenDuplicateOf":"54","FuncName":"main","IRPosInFunc":[24],"SrcLoc":"src/mkdir.c:203","Type":"ASSIGN$V1$@2$!NEG$@2$"},"1691":{"EquivalenDuplicateOf":"55","FuncName":"main","IRPosInFunc":[24],"SrcLoc":"src/mkdir.c:203","Type":"ASSIGN$V1$@2$!BITNOT$V1$"},"1692":{"EquivalenDuplicateOf":"55","FuncName":"main","IRPosInFunc":[24],"SrcLoc":"src/mkdir.c:203","Type":"ASSIGN$V1$@2$!ADD$V1$@2$"},"1693":{"EquivalenDuplicateOf":"55","FuncName":"main","IRPosInFunc":[24],"SrcLoc":"src/mkdir.c:203","Type":"ASSIGN$V1$@2$!MOD$@2$V1$"},"1694":{"EquivalenDuplicateOf":"24","FuncName":"main","IRPosInFunc":[11],"SrcLoc":"","Type":"ASSIGN$V1$@2$!DIV$@2$V1$"},"1695":{"EquivalenDuplicateOf":"24","FuncName":"main","IRPosInFunc":[11],"SrcLoc":"","Type":"ASSIGN$V1$@2$!MOD$V1$@2$"},"1696":{"EquivalenDuplicateOf":"24","FuncName":"main","IRPosInFunc":[11],"SrcLoc":"","Type":"ASSIGN$V1$@2$!BITSHR$@2$V1$"},"1697":{"EquivalenDuplicateOf":"24","FuncName":"main","IRPosInFunc":[11],"SrcLoc":"","Type":"ASSIGN$V1$@2$!DIV$V1$@2$"},"1698":{"EquivalenDuplicateOf":"24","FuncName":"main","IRPosInFunc":[11],"SrcLoc":"","Type":"ASSIGN$V1$@2$!BITSHR$V1$@2$"},"1699":{"EquivalenDuplicateOf":"24","FuncName":"main","IRPosInFunc":[11],"SrcLoc":"","Type":"ASSIGN$V1$@2$!MOD$@2$V1$"},"1700":{"EquivalenDuplicateOf":"24","FuncName":"main","IRPosInFunc":[11],"SrcLoc":"","Type":"ASSIGN$V1$@2$!DIV$@2$V1$"},"1701":{"EquivalenDuplicateOf":"23","FuncName":"main","IRPosInFunc":[11],"SrcLoc":"","Type":"ASSIGN$V1$@2$!BITNOT$@2$"},"1702":{"EquivalenDuplicateOf":"23","FuncName":"main","IRPosInFunc":[11],"SrcLoc":"","Type":"ASSIGN$V1$@2$!OPERAND$@2$"},"1703":{"EquivalenDuplicateOf":"24","FuncName":"main","IRPosInFunc":[11],"SrcLoc":"","Type":"ASSIGN$V1$@2$!MOD$V1$@2$"},"1704":{"EquivalenDuplicateOf":"24","FuncName":"main","IRPosInFunc":[11],"SrcLoc":"","Type":"ASSIGN$V1$@2$!BITSHR$@2$V1$"},"1705":{"EquivalenDuplicateOf":"24","FuncName":"main","IRPosInFunc":[11],"SrcLoc":"","Type":"ASSIGN$V1$@2$!SUB$V1$@2$"},"1706":{"EquivalenDuplicateOf":"24","FuncName":"main","IRPosInFunc":[11],"SrcLoc":"","Type":"ASSIGN$V1$@2$!SUB$@2$V1$"},"1707":{"EquivalenDuplicateOf":"24","FuncName":"main","IRPosInFunc":[11],"SrcLoc":"","Type":"ASSIGN$V1$@2$!DIV$V1$@2$"},"1708":{"EquivalenDuplicateOf":"24","FuncName":"main","IRPosInFunc":[11],"SrcLoc":"","Type":"ASSIGN$V1$@2$!MUL$V1$@2$"},"1709":{"EquivalenDuplicateOf":"24","FuncName":"main","IRPosInFunc":[11],"SrcLoc":"","Type":"ASSIGN$V1$@2$!BITSHR$V1$@2$"},"1710":{"EquivalenDuplicateOf":"23","FuncName":"main","IRPosInFunc":[11],"SrcLoc":"","Type":"ASSIGN$V1$@2$!CONSTVAL$0$"},"1711":{"EquivalenDuplicateOf":"24","FuncName":"main","IRPosInFunc":[11],"SrcLoc":"","Type":"ASSIGN$V1$@2$!NEG$V1$"},"1712":{"EquivalenDuplicateOf":"24","FuncName":"main","IRPosInFunc":[11],"SrcLoc":"","Type":"ASSIGN$V1$@2$!BITXOR$V1$@2$"},"1713":{"EquivalenDuplicateOf":"23","FuncName":"main","IRPosInFunc":[11],"SrcLoc":"","Type":"ASSIGN$V1$@2$!CONSTVAL$1$"},"1714":{"EquivalenDuplicateOf":"24","FuncName":"main","IRPosInFunc":[11],"SrcLoc":"","Type":"ASSIGN$V1$@2$!BITSHL$V1$@2$"},"1715":{"EquivalenDuplicateOf":"24","FuncName":"main","IRPosInFunc":[11],"SrcLoc":"","Type":"ASSIGN$V1$@2$!BITSHL$@2$V1$"},"1716":{"EquivalenDuplicateOf":"24","FuncName":"main","IRPosInFunc":[11],"SrcLoc":"","Type":"ASSIGN$V1$@2$!BITAND$V1$@2$"},"1717":{"EquivalenDuplicateOf":"23","FuncName":"main","IRPosInFunc":[11],"SrcLoc":"","Type":"ASSIGN$V1$@2$!NEG$@2$"},"1718":{"EquivalenDuplicateOf":"24","FuncName":"main","IRPosInFunc":[11],"SrcLoc":"","Type":"ASSIGN$V1$@2$!BITNOT$V1$"},"1719":{"EquivalenDuplicateOf":"24","FuncName":"main","IRPosInFunc":[11],"SrcLoc":"","Type":"ASSIGN$V1$@2$!ADD$V1$@2$"},"1720":{"EquivalenDuplicateOf":"23","FuncName":"main","IRPosInFunc":[11],"SrcLoc":"","Type":"ASSIGN$V1$@2$!OPERAND$V1$"},"1721":{"EquivalenDuplicateOf":"24","FuncName":"main","IRPosInFunc":[11],"SrcLoc":"","Type":"ASSIGN$V1$@2$!MOD$@2$V1$"},"1722":{"EquivalenDuplicateOf":"4","FuncName":"main","IRPosInFunc":[10],"SrcLoc":"","Type":"ASSIGN$V1$@2$!DIV$@2$V1$"},"1723":{"EquivalenDuplicateOf":"4","FuncName":"main","IRPosInFunc":[10],"SrcLoc":"","Type":"ASSIGN$V1$@2$!GT$@2$V1$"},"1724":{"EquivalenDuplicateOf":"4","FuncName":"main","IRPosInFunc":[10],"SrcLoc":"","Type":"ASSIGN$V1$@2$!MOD$V1$@2$"},"1725":{"EquivalenDuplicateOf":"4","FuncName":"main","IRPosInFunc":[10],"SrcLoc":"","Type":"ASSIGN$V1$@2$!BITSHR$@2$V1$"},"1726":{"EquivalenDuplicateOf":"4","FuncName":"main","IRPosInFunc":[10],"SrcLoc":"","Type":"ASSIGN$V1$@2$!GE$V1$@2$"},"1727":{"EquivalenDuplicateOf":"4","FuncName":"main","IRPosInFunc":[10],"SrcLoc":"","Type":"ASSIGN$V1$@2$!DIV$V1$@2$"},"1728":{"EquivalenDuplicateOf":"4","FuncName":"main","IRPosInFunc":[10],"SrcLoc":"","Type":"ASSIGN$V1$@2$!BITSHR$V1$@2$"},"1729":{"EquivalenDuplicateOf":"4","FuncName":"main","IRPosInFunc":[10],"SrcLoc":"","Type":"ASSIGN$V1$@2$!LT$V1$@2$"},"1730":{"EquivalenDuplicateOf":"4","FuncName":"main","IRPosInFunc":[10],"SrcLoc":"","Type":"ASSIGN$V1$@2$!LE$@2$V1$"},"1731":{"EquivalenDuplicateOf":"4","FuncName":"main","IRPosInFunc":[10],"SrcLoc":"","Type":"ASSIGN$V1$@2$!MOD$@2$V1$"},"1732":{"EquivalenDuplicateOf":"4","FuncName":"main","IRPosInFunc":[10],"SrcLoc":"","Type":"ASSIGN$V1$@2$!DIV$@2$V1$"},"1733":{"EquivalenDuplicateOf":"2","FuncName":"main","IRPosInFunc":[10],"SrcLoc":"","Type":"ASSIGN$V1$@2$!BITNOT$@2$"},"1734":{"EquivalenDuplicateOf":"2","FuncName":"main","IRPosInFunc":[10],"SrcLoc":"","Type":"ASSIGN$V1$@2$!OPERAND$@2$"},"1735":{"EquivalenDuplicateOf":"4","FuncName":"main","IRPosInFunc":[10],"SrcLoc":"","Type":"ASSIGN$V1$@2$!MOD$V1$@2$"},"1736":{"EquivalenDuplicateOf":"4","FuncName":"main","IRPosInFunc":[10],"SrcLoc":"","Type":"ASSIGN$V1$@2$!BITSHR$@2$V1$"},"1737":{"EquivalenDuplicateOf":"4","FuncName":"main","IRPosInFunc":[10],"SrcLoc":"","Type":"ASSIGN$V1$@2$!SUB$V1$@2$"},"1738":{"EquivalenDuplicateOf":"4","FuncName":"main","IRPosInFunc":[10],"SrcLoc":"","Type":"ASSIGN$V1$@2$!SUB$@2$V1$"},"1739":{"EquivalenDuplicateOf":"2","FuncName":"main","IRPosInFunc":[10],"SrcLoc":"","Type":"ASSIGN$V1$@2$!ABS$@2$"},"1740":{"EquivalenDuplicateOf":"4","FuncName":"main","IRPosInFunc":[10],"SrcLoc":"","Type":"ASSIGN$V1$@2$!DIV$V1$@2$"},"1741":{"EquivalenDuplicateOf":"4","FuncName":"main","IRPosInFunc":[10],"SrcLoc":"","Type":"ASSIGN$V1$@2$!MUL$V1$@2$"},"1742":{"EquivalenDuplicateOf":"4","FuncName":"main","IRPosInFunc":[10],"SrcLoc":"","Type":"ASSIGN$V1$@2$!BITSHR$V1$@2$"},"1743":{"EquivalenDuplicateOf":"2","FuncName":"main","IRPosInFunc":[10],"SrcLoc":"","Type":"ASSIGN$V1$@2$!CONSTVAL$0$"},"1744":{"EquivalenDuplicateOf":"4","FuncName":"main","IRPosInFunc":[10],"SrcLoc":"","Type":"ASSIGN$V1$@2$!NEG$V1$"},"1745":{"EquivalenDuplicateOf":"4","FuncName":"main","IRPosInFunc":[10],"SrcLoc":"","Type":"ASSIGN$V1$@2$!BITXOR$V1$@2$"},"1746":{"EquivalenDuplicateOf":"2","FuncName":"main","IRPosInFunc":[10],"SrcLoc":"","Type":"ASSIGN$V1$@2$!CONSTVAL$1$"},"1747":{"EquivalenDuplicateOf":"4","FuncName":"main","IRPosInFunc":[10],"SrcLoc":"","Type":"ASSIGN$V1$@2$!BITSHL$V1$@2$"},"1748":{"EquivalenDuplicateOf":"4","FuncName":"main","IRPosInFunc":[10],"SrcLoc":"","Type":"ASSIGN$V1$@2$!BITSHL$@2$V1$"},"1749":{"EquivalenDuplicateOf":"4","FuncName":"main","IRPosInFunc":[10],"SrcLoc":"","Type":"ASSIGN$V1$@2$!BITAND$V1$@2$"},"1750":{"EquivalenDuplicateOf":"2","FuncName":"main","IRPosInFunc":[10],"SrcLoc":"","Type":"ASSIGN$V1$@2$!NEG$@2$"},"1751":{"EquivalenDuplicateOf":"4","FuncName":"main","IRPosInFunc":[10],"SrcLoc":"","Type":"ASSIGN$V1$@2$!BITNOT$V1$"},"1752":{"EquivalenDuplicateOf":"4","FuncName":"main","IRPosInFunc":[10],"SrcLoc":"","Type":"ASSIGN$V1$@2$!ADD$V1$@2$"},"1753":{"EquivalenDuplicateOf":"3","FuncName":"main","IRPosInFunc":[10],"SrcLoc":"","Type":"ASSIGN$V1$@2$!OPERAND$V1$"}}